pay_id,direct_labour_or_contractor,training_result,proficiency,multi_skill_or_single_skill,primary_skill,secondary_skill
ENG00001,Direct Labour,Pass,Beginner,Multi Skill,Repair,Service
ENG00002,Contractor,Distinction,Expert,Single Skill,Repair,Service
ENG00003,Direct Labour,Pass,Beginner,Single Skill,Installation,Repair
ENG00004,Contractor,Merit,Intermediate,Multi Skill,Service,Service
ENG00005,Direct Labour,Pass,Expert,Single Skill,Service,Installation
ENG00006,Direct Labour,Pass,Intermediate,Multi Skill,Service,Service
ENG00007,Direct Labour,Distinction,Intermediate,Single Skill,Service,None
ENG00008,Direct Labour,Distinction,Intermediate,Multi Skill,Service,Installation
ENG00009,Direct Labour,Merit,Beginner,Multi Skill,Repair,None
ENG00010,Direct Labour,Pass,Expert,Multi Skill,Repair,Service
ENG00011,Direct Labour,Distinction,Expert,Single Skill,Repair,Repair
ENG00012,Direct Labour,Pass,Beginner,Single Skill,Installation,Installation
ENG00013,Direct Labour,Pass,Expert,Multi Skill,Repair,None
ENG00014,Direct Labour,Distinction,Expert,Single Skill,Service,Service
ENG00015,Direct Labour,Pass,Expert,Single Skill,Service,Service
ENG00016,Contractor,Distinction,Beginner,Single Skill,Repair,Service
ENG00017,Contractor,Pass,Beginner,Single Skill,Installation,Repair
ENG00018,Direct Labour,Distinction,Expert,Single Skill,Repair,None
ENG00019,Direct Labour,Merit,Expert,Single Skill,Service,Installation
ENG00020,Direct Labour,Pass,Intermediate,Multi Skill,Service,Repair
ENG00021,Contractor,Distinction,Beginner,Single Skill,Repair,Installation
ENG00022,Direct Labour,Distinction,Expert,Single Skill,Installation,None
ENG00023,Direct Labour,Pass,Beginner,Multi Skill,Installation,Repair
ENG00024,Contractor,Pass,Beginner,Multi Skill,Installation,None
ENG00025,Contractor,Pass,Expert,Multi Skill,Repair,Installation
ENG00026,Contractor,Merit,Beginner,Single Skill,Service,None
ENG00027,Contractor,Distinction,Intermediate,Multi Skill,Repair,Repair
ENG00028,Direct Labour,Distinction,Beginner,Single Skill,Installation,Repair
ENG00029,Direct Labour,Merit,Beginner,Single Skill,Service,Service
ENG00030,Direct Labour,Distinction,Intermediate,Single Skill,Installation,Installation
ENG00031,Contractor,Distinction,Beginner,Multi Skill,Installation,Installation
ENG00032,Direct Labour,Pass,Expert,Multi Skill,Service,Installation
ENG00033,Contractor,Pass,Expert,Single Skill,Service,None
ENG00034,Contractor,Merit,Beginner,Single Skill,Installation,Repair
ENG00035,Direct Labour,Merit,Beginner,Single Skill,Repair,None
ENG00036,Direct Labour,Distinction,Intermediate,Single Skill,Installation,Service
ENG00037,Contractor,Pass,Beginner,Multi Skill,Service,Installation
ENG00038,Contractor,Distinction,Expert,Multi Skill,Repair,Installation
ENG00039,Direct Labour,Distinction,Intermediate,Multi Skill,Repair,Installation
ENG00040,Contractor,Distinction,Intermediate,Single Skill,Repair,None
ENG00041,Contractor,Pass,Expert,Single Skill,Service,Installation
ENG00042,Direct Labour,Pass,Intermediate,Multi Skill,Service,Repair
ENG00043,Contractor,Distinction,Intermediate,Single Skill,Installation,None
ENG00044,Direct Labour,Pass,Intermediate,Single Skill,Repair,Service
ENG00045,Contractor,Pass,Beginner,Multi Skill,Service,Service
ENG00046,Direct Labour,Distinction,Intermediate,Multi Skill,Repair,Repair
ENG00047,Direct Labour,Pass,Beginner,Single Skill,Repair,Repair
ENG00048,Direct Labour,Distinction,Beginner,Multi Skill,Installation,Installation
ENG00049,Contractor,Merit,Beginner,Multi Skill,Service,Repair
ENG00050,Direct Labour,Pass,Beginner,Single Skill,Service,Installation
ENG00051,Contractor,Merit,Beginner,Single Skill,Repair,Installation
ENG00052,Contractor,Distinction,Beginner,Single Skill,Repair,Repair
ENG00053,Contractor,Pass,Expert,Multi Skill,Repair,Repair
ENG00054,Direct Labour,Distinction,Beginner,Single Skill,Installation,Repair
ENG00055,Direct Labour,Distinction,Expert,Multi Skill,Service,Service
ENG00056,Direct Labour,Distinction,Expert,Single Skill,Service,Service
ENG00057,Contractor,Merit,Expert,Single Skill,Service,Installation
ENG00058,Contractor,Pass,Intermediate,Single Skill,Repair,Service
ENG00059,Direct Labour,Pass,Intermediate,Single Skill,Service,Installation
ENG00060,Direct Labour,Pass,Beginner,Multi Skill,Repair,Repair
ENG00061,Direct Labour,Distinction,Expert,Single Skill,Installation,None
ENG00062,Direct Labour,Merit,Expert,Multi Skill,Repair,None
ENG00063,Direct Labour,Pass,Expert,Single Skill,Service,Installation
ENG00064,Direct Labour,Pass,Expert,Multi Skill,Service,Installation
ENG00065,Contractor,Pass,Beginner,Multi Skill,Installation,Service
ENG00066,Contractor,Merit,Beginner,Single Skill,Repair,Service
ENG00067,Contractor,Pass,Expert,Single Skill,Service,None
ENG00068,Contractor,Distinction,Intermediate,Multi Skill,Installation,None
ENG00069,Contractor,Pass,Expert,Single Skill,Repair,Service
ENG00070,Contractor,Merit,Beginner,Multi Skill,Service,Repair
ENG00071,Contractor,Distinction,Expert,Single Skill,Service,Repair
ENG00072,Contractor,Distinction,Beginner,Multi Skill,Repair,None
ENG00073,Direct Labour,Merit,Intermediate,Single Skill,Installation,Installation
ENG00074,Contractor,Merit,Intermediate,Multi Skill,Installation,Installation
ENG00075,Contractor,Distinction,Expert,Single Skill,Repair,Service
ENG00076,Contractor,Distinction,Beginner,Single Skill,Installation,Installation
ENG00077,Contractor,Distinction,Expert,Single Skill,Service,None
ENG00078,Contractor,Distinction,Beginner,Single Skill,Installation,Installation
ENG00079,Contractor,Distinction,Beginner,Single Skill,Repair,Installation
ENG00080,Direct Labour,Pass,Expert,Multi Skill,Service,Service
ENG00081,Contractor,Merit,Expert,Multi Skill,Installation,Repair
ENG00082,Contractor,Distinction,Expert,Single Skill,Repair,Installation
ENG00083,Contractor,Merit,Intermediate,Single Skill,Installation,None
ENG00084,Direct Labour,Distinction,Expert,Single Skill,Repair,Installation
ENG00085,Contractor,Distinction,Intermediate,Single Skill,Service,Service
ENG00086,Direct Labour,Distinction,Intermediate,Multi Skill,Service,Repair
ENG00087,Contractor,Pass,Intermediate,Single Skill,Service,Service
ENG00088,Contractor,Distinction,Expert,Multi Skill,Service,Repair
ENG00089,Direct Labour,Merit,Expert,Single Skill,Installation,Repair
ENG00090,Direct Labour,Merit,Intermediate,Single Skill,Installation,Installation
ENG00091,Direct Labour,Pass,Intermediate,Multi Skill,Repair,Installation
ENG00092,Direct Labour,Merit,Intermediate,Single Skill,Installation,Installation
ENG00093,Contractor,Merit,Intermediate,Multi Skill,Service,Repair
ENG00094,Direct Labour,Distinction,Beginner,Single Skill,Service,Repair
ENG00095,Contractor,Merit,Intermediate,Single Skill,Repair,Repair
ENG00096,Direct Labour,Distinction,Beginner,Single Skill,Installation,None
ENG00097,Direct Labour,Distinction,Intermediate,Single Skill,Repair,Repair
ENG00098,Direct Labour,Distinction,Expert,Multi Skill,Installation,Repair
ENG00099,Direct Labour,Merit,Intermediate,Multi Skill,Service,None
ENG00100,Contractor,Distinction,Beginner,Multi Skill,Repair,None
ENG00101,Direct Labour,Merit,Expert,Single Skill,Repair,Service
ENG00102,Direct Labour,Merit,Intermediate,Single Skill,Service,Service
ENG00103,Contractor,Merit,Beginner,Multi Skill,Installation,Installation
ENG00104,Direct Labour,Merit,Expert,Multi Skill,Service,None
ENG00105,Contractor,Merit,Expert,Multi Skill,Service,Installation
ENG00106,Contractor,Pass,Intermediate,Single Skill,Service,Repair
ENG00107,Direct Labour,Merit,Expert,Single Skill,Repair,Installation
ENG00108,Contractor,Distinction,Beginner,Single Skill,Service,Service
ENG00109,Direct Labour,Merit,Intermediate,Multi Skill,Repair,None
ENG00110,Direct Labour,Pass,Expert,Single Skill,Installation,None
ENG00111,Contractor,Distinction,Intermediate,Multi Skill,Repair,Repair
ENG00112,Direct Labour,Pass,Beginner,Single Skill,Service,None
ENG00113,Contractor,Merit,Expert,Multi Skill,Installation,None
ENG00114,Direct Labour,Merit,Beginner,Multi Skill,Service,None
ENG00115,Contractor,Pass,Expert,Multi Skill,Service,Repair
ENG00116,Direct Labour,Merit,Intermediate,Multi Skill,Repair,Repair
ENG00117,Direct Labour,Merit,Intermediate,Single Skill,Installation,None
ENG00118,Direct Labour,Distinction,Expert,Multi Skill,Service,None
ENG00119,Contractor,Distinction,Expert,Multi Skill,Service,Repair
ENG00120,Contractor,Merit,Beginner,Multi Skill,Repair,Installation
ENG00121,Direct Labour,Distinction,Expert,Multi Skill,Repair,Installation
ENG00122,Direct Labour,Merit,Beginner,Single Skill,Installation,Installation
ENG00123,Contractor,Merit,Intermediate,Single Skill,Repair,None
ENG00124,Contractor,Pass,Intermediate,Single Skill,Installation,Installation
ENG00125,Contractor,Pass,Intermediate,Multi Skill,Repair,Repair
ENG00126,Contractor,Distinction,Intermediate,Single Skill,Installation,Installation
ENG00127,Direct Labour,Merit,Expert,Multi Skill,Installation,Installation
ENG00128,Contractor,Pass,Expert,Multi Skill,Repair,None
ENG00129,Contractor,Pass,Beginner,Multi Skill,Repair,None
ENG00130,Direct Labour,Distinction,Intermediate,Single Skill,Installation,Repair
ENG00131,Contractor,Distinction,Intermediate,Single Skill,Installation,Installation
ENG00132,Contractor,Pass,Expert,Multi Skill,Installation,None
ENG00133,Contractor,Distinction,Expert,Single Skill,Service,Repair
ENG00134,Direct Labour,Distinction,Expert,Multi Skill,Service,Service
ENG00135,Direct Labour,Pass,Beginner,Single Skill,Installation,Installation
ENG00136,Direct Labour,Distinction,Intermediate,Multi Skill,Repair,Installation
ENG00137,Contractor,Distinction,Expert,Multi Skill,Repair,Service
ENG00138,Direct Labour,Merit,Expert,Single Skill,Installation,Service
ENG00139,Direct Labour,Pass,Beginner,Single Skill,Service,Installation
ENG00140,Contractor,Merit,Beginner,Multi Skill,Repair,Installation
ENG00141,Contractor,Merit,Expert,Multi Skill,Installation,Service
ENG00142,Direct Labour,Distinction,Beginner,Single Skill,Installation,Service
ENG00143,Direct Labour,Merit,Intermediate,Single Skill,Installation,None
ENG00144,Direct Labour,Pass,Beginner,Single Skill,Repair,None
ENG00145,Contractor,Pass,Intermediate,Single Skill,Installation,Installation
ENG00146,Direct Labour,Distinction,Intermediate,Single Skill,Repair,Repair
ENG00147,Contractor,Distinction,Beginner,Multi Skill,Service,None
ENG00148,Direct Labour,Pass,Expert,Multi Skill,Repair,Installation
ENG00149,Direct Labour,Pass,Intermediate,Single Skill,Installation,Service
ENG00150,Contractor,Pass,Expert,Multi Skill,Service,Service
ENG00151,Direct Labour,Merit,Intermediate,Single Skill,Service,Installation
ENG00152,Direct Labour,Merit,Beginner,Single Skill,Repair,None
ENG00153,Direct Labour,Distinction,Beginner,Multi Skill,Repair,Service
ENG00154,Contractor,Pass,Intermediate,Single Skill,Service,Service
ENG00155,Direct Labour,Merit,Expert,Single Skill,Service,None
ENG00156,Direct Labour,Pass,Intermediate,Multi Skill,Service,None
ENG00157,Contractor,Pass,Intermediate,Single Skill,Installation,None
ENG00158,Contractor,Distinction,Expert,Multi Skill,Service,Repair
ENG00159,Contractor,Distinction,Beginner,Multi Skill,Repair,Repair
ENG00160,Direct Labour,Pass,Expert,Multi Skill,Service,Service
ENG00161,Contractor,Distinction,Beginner,Single Skill,Repair,Service
ENG00162,Direct Labour,Pass,Expert,Multi Skill,Installation,Service
ENG00163,Contractor,Distinction,Intermediate,Single Skill,Installation,None
ENG00164,Contractor,Pass,Expert,Multi Skill,Service,Installation
ENG00165,Contractor,Pass,Expert,Single Skill,Installation,Repair
ENG00166,Direct Labour,Merit,Expert,Multi Skill,Service,Service
ENG00167,Direct Labour,Merit,Beginner,Multi Skill,Installation,Repair
ENG00168,Direct Labour,Merit,Beginner,Single Skill,Repair,Repair
ENG00169,Direct Labour,Distinction,Expert,Multi Skill,Service,Service
ENG00170,Contractor,Merit,Beginner,Single Skill,Service,Installation
ENG00171,Direct Labour,Merit,Beginner,Multi Skill,Repair,Service
ENG00172,Direct Labour,Merit,Expert,Multi Skill,Service,Installation
ENG00173,Contractor,Distinction,Beginner,Multi Skill,Service,Installation
ENG00174,Contractor,Pass,Expert,Single Skill,Repair,Service
ENG00175,Contractor,Distinction,Expert,Multi Skill,Installation,Installation
ENG00176,Contractor,Distinction,Beginner,Single Skill,Installation,Service
ENG00177,Contractor,Merit,Beginner,Multi Skill,Service,Repair
ENG00178,Direct Labour,Distinction,Intermediate,Single Skill,Repair,None
ENG00179,Direct Labour,Pass,Intermediate,Multi Skill,Service,Repair
ENG00180,Direct Labour,Distinction,Intermediate,Single Skill,Service,Service
ENG00181,Contractor,Merit,Beginner,Multi Skill,Repair,Service
ENG00182,Contractor,Merit,Intermediate,Multi Skill,Repair,Installation
ENG00183,Contractor,Distinction,Expert,Single Skill,Installation,None
ENG00184,Direct Labour,Distinction,Expert,Single Skill,Service,Repair
ENG00185,Direct Labour,Pass,Expert,Multi Skill,Installation,Repair
ENG00186,Direct Labour,Merit,Expert,Multi Skill,Service,Installation
ENG00187,Direct Labour,Merit,Beginner,Single Skill,Installation,None
ENG00188,Direct Labour,Distinction,Intermediate,Single Skill,Service,Installation
ENG00189,Contractor,Pass,Beginner,Multi Skill,Installation,Service
ENG00190,Direct Labour,Pass,Expert,Single Skill,Installation,None
ENG00191,Contractor,Merit,Intermediate,Multi Skill,Installation,Service
ENG00192,Direct Labour,Distinction,Intermediate,Multi Skill,Repair,Repair
ENG00193,Contractor,Pass,Intermediate,Multi Skill,Installation,Service
ENG00194,Contractor,Merit,Beginner,Single Skill,Installation,Service
ENG00195,Contractor,Distinction,Beginner,Single Skill,Service,None
ENG00196,Contractor,Pass,Expert,Single Skill,Installation,Service
ENG00197,Contractor,Distinction,Intermediate,Single Skill,Installation,Installation
ENG00198,Contractor,Distinction,Intermediate,Multi Skill,Installation,Repair
ENG00199,Contractor,Merit,Expert,Single Skill,Installation,Repair
ENG00200,Contractor,Pass,Intermediate,Single Skill,Repair,None
ENG00201,Contractor,Pass,Expert,Single Skill,Installation,None
ENG00202,Contractor,Merit,Beginner,Single Skill,Repair,Installation
ENG00203,Direct Labour,Pass,Intermediate,Multi Skill,Installation,Service
ENG00204,Direct Labour,Merit,Beginner,Single Skill,Repair,Repair
ENG00205,Direct Labour,Merit,Expert,Multi Skill,Repair,Service
ENG00206,Direct Labour,Pass,Beginner,Multi Skill,Installation,Service
ENG00207,Contractor,Distinction,Intermediate,Multi Skill,Installation,Installation
ENG00208,Contractor,Merit,Intermediate,Single Skill,Installation,Service
ENG00209,Contractor,Distinction,Beginner,Multi Skill,Installation,None
ENG00210,Direct Labour,Merit,Intermediate,Multi Skill,Installation,Installation
ENG00211,Direct Labour,Merit,Intermediate,Single Skill,Service,Service
ENG00212,Contractor,Merit,Expert,Single Skill,Repair,Repair
ENG00213,Direct Labour,Merit,Intermediate,Single Skill,Repair,Repair
ENG00214,Contractor,Distinction,Intermediate,Multi Skill,Installation,Installation
ENG00215,Direct Labour,Merit,Beginner,Multi Skill,Repair,None
ENG00216,Contractor,Pass,Expert,Single Skill,Service,Repair
ENG00217,Direct Labour,Distinction,Beginner,Single Skill,Service,Service
ENG00218,Contractor,Pass,Intermediate,Multi Skill,Service,Service
ENG00219,Direct Labour,Merit,Beginner,Single Skill,Service,Service
ENG00220,Direct Labour,Pass,Intermediate,Multi Skill,Service,None
ENG00221,Direct Labour,Merit,Intermediate,Single Skill,Service,Installation
ENG00222,Contractor,Merit,Intermediate,Multi Skill,Service,Service
ENG00223,Contractor,Pass,Expert,Single Skill,Installation,Installation
ENG00224,Direct Labour,Pass,Expert,Multi Skill,Service,Repair
ENG00225,Contractor,Distinction,Beginner,Single Skill,Repair,Installation
ENG00226,Contractor,Pass,Expert,Multi Skill,Repair,Repair
ENG00227,Contractor,Distinction,Intermediate,Multi Skill,Repair,Installation
ENG00228,Contractor,Pass,Beginner,Multi Skill,Service,None
ENG00229,Direct Labour,Pass,Beginner,Multi Skill,Repair,None
ENG00230,Direct Labour,Merit,Intermediate,Single Skill,Installation,Installation
ENG00231,Contractor,Merit,Beginner,Single Skill,Installation,Service
ENG00232,Direct Labour,Distinction,Beginner,Single Skill,Service,Service
ENG00233,Contractor,Pass,Intermediate,Multi Skill,Service,Installation
ENG00234,Direct Labour,Distinction,Expert,Multi Skill,Installation,Repair
ENG00235,Contractor,Merit,Expert,Single Skill,Repair,Repair
ENG00236,Contractor,Distinction,Beginner,Multi Skill,Installation,Installation
ENG00237,Direct Labour,Distinction,Expert,Single Skill,Repair,Repair
ENG00238,Contractor,Pass,Intermediate,Single Skill,Repair,None
ENG00239,Direct Labour,Distinction,Beginner,Multi Skill,Installation,Service
ENG00240,Contractor,Distinction,Beginner,Single Skill,Service,Service
ENG00241,Contractor,Merit,Expert,Single Skill,Repair,Repair
ENG00242,Direct Labour,Pass,Intermediate,Multi Skill,Service,Repair
ENG00243,Contractor,Merit,Beginner,Multi Skill,Installation,None
ENG00244,Contractor,Merit,Expert,Multi Skill,Service,Repair
ENG00245,Direct Labour,Pass,Intermediate,Single Skill,Installation,Repair
ENG00246,Contractor,Pass,Intermediate,Single Skill,Service,None
ENG00247,Contractor,Merit,Beginner,Multi Skill,Installation,Service
ENG00248,Direct Labour,Distinction,Beginner,Single Skill,Installation,Service
ENG00249,Direct Labour,Pass,Expert,Multi Skill,Installation,None
ENG00250,Direct Labour,Pass,Expert,Single Skill,Service,Repair
ENG00251,Contractor,Distinction,Beginner,Single Skill,Service,None
ENG00252,Direct Labour,Distinction,Expert,Multi Skill,Installation,Service
ENG00253,Direct Labour,Distinction,Intermediate,Multi Skill,Service,Installation
ENG00254,Direct Labour,Pass,Beginner,Multi Skill,Service,Installation
ENG00255,Direct Labour,Distinction,Intermediate,Single Skill,Service,Installation
ENG00256,Contractor,Distinction,Beginner,Single Skill,Repair,Service
ENG00257,Contractor,Pass,Expert,Single Skill,Installation,None
ENG00258,Direct Labour,Pass,Expert,Multi Skill,Repair,Repair
ENG00259,Contractor,Merit,Intermediate,Single Skill,Service,None
ENG00260,Direct Labour,Merit,Intermediate,Single Skill,Repair,None
ENG00261,Direct Labour,Merit,Expert,Multi Skill,Repair,Installation
ENG00262,Contractor,Merit,Expert,Single Skill,Installation,Installation
ENG00263,Direct Labour,Merit,Intermediate,Multi Skill,Repair,Service
ENG00264,Contractor,Merit,Expert,Single Skill,Service,Installation
ENG00265,Contractor,Merit,Beginner,Single Skill,Service,Repair
ENG00266,Contractor,Distinction,Expert,Single Skill,Service,Installation
ENG00267,Direct Labour,Distinction,Expert,Single Skill,Service,Service
ENG00268,Contractor,Pass,Beginner,Multi Skill,Service,Service
ENG00269,Contractor,Pass,Expert,Single Skill,Repair,Installation
ENG00270,Contractor,Distinction,Intermediate,Multi Skill,Installation,Installation
ENG00271,Direct Labour,Merit,Expert,Multi Skill,Service,None
ENG00272,Direct Labour,Pass,Beginner,Multi Skill,Repair,Service
ENG00273,Contractor,Merit,Intermediate,Single Skill,Repair,Service
ENG00274,Direct Labour,Distinction,Intermediate,Single Skill,Installation,Repair
ENG00275,Direct Labour,Merit,Beginner,Single Skill,Service,Repair
ENG00276,Contractor,Pass,Expert,Single Skill,Repair,Repair
ENG00277,Contractor,Pass,Expert,Multi Skill,Service,None
ENG00278,Direct Labour,Merit,Expert,Single Skill,Installation,None
ENG00279,Direct Labour,Merit,Intermediate,Single Skill,Installation,None
ENG00280,Direct Labour,Merit,Beginner,Multi Skill,Service,Service
ENG00281,Direct Labour,Distinction,Intermediate,Single Skill,Repair,Service
ENG00282,Direct Labour,Distinction,Intermediate,Multi Skill,Installation,None
ENG00283,Direct Labour,Merit,Beginner,Multi Skill,Service,Service
ENG00284,Contractor,Distinction,Intermediate,Single Skill,Service,Service
ENG00285,Contractor,Distinction,Beginner,Multi Skill,Installation,None
ENG00286,Direct Labour,Distinction,Expert,Single Skill,Installation,None
ENG00287,Contractor,Pass,Expert,Multi Skill,Installation,Installation
ENG00288,Contractor,Distinction,Beginner,Single Skill,Installation,Repair
ENG00289,Direct Labour,Pass,Beginner,Multi Skill,Service,None
ENG00290,Direct Labour,Pass,Beginner,Single Skill,Installation,Service
ENG00291,Contractor,Merit,Beginner,Single Skill,Installation,Installation
ENG00292,Contractor,Pass,Intermediate,Multi Skill,Service,Installation
ENG00293,Contractor,Distinction,Beginner,Multi Skill,Installation,Service
ENG00294,Contractor,Pass,Expert,Multi Skill,Repair,Service
ENG00295,Contractor,Pass,Expert,Multi Skill,Installation,Service
ENG00296,Direct Labour,Pass,Beginner,Single Skill,Service,Service
ENG00297,Direct Labour,Pass,Intermediate,Multi Skill,Installation,None
ENG00298,Direct Labour,Distinction,Expert,Multi Skill,Service,Repair
ENG00299,Direct Labour,Merit,Expert,Multi Skill,Service,Repair
ENG00300,Contractor,Pass,Beginner,Multi Skill,Repair,Repair
ENG00301,Direct Labour,Merit,Expert,Single Skill,Repair,Repair
ENG00302,Direct Labour,Pass,Expert,Single Skill,Installation,None
ENG00303,Contractor,Distinction,Beginner,Multi Skill,Installation,None
ENG00304,Direct Labour,Pass,Beginner,Multi Skill,Repair,None
ENG00305,Direct Labour,Merit,Intermediate,Multi Skill,Repair,Installation
ENG00306,Direct Labour,Merit,Intermediate,Multi Skill,Installation,Installation
ENG00307,Direct Labour,Pass,Intermediate,Single Skill,Service,Repair
ENG00308,Direct Labour,Merit,Intermediate,Single Skill,Repair,Repair
ENG00309,Direct Labour,Pass,Intermediate,Single Skill,Installation,None
ENG00310,Contractor,Merit,Expert,Multi Skill,Repair,Installation
ENG00311,Direct Labour,Distinction,Expert,Multi Skill,Repair,Installation
ENG00312,Contractor,Pass,Expert,Multi Skill,Service,Repair
ENG00313,Contractor,Pass,Intermediate,Multi Skill,Service,None
ENG00314,Contractor,Merit,Beginner,Multi Skill,Service,Repair
ENG00315,Direct Labour,Merit,Beginner,Multi Skill,Service,None
ENG00316,Contractor,Pass,Beginner,Multi Skill,Service,Service
ENG00317,Contractor,Pass,Expert,Single Skill,Service,Installation
ENG00318,Direct Labour,Merit,Beginner,Multi Skill,Installation,Repair
ENG00319,Contractor,Merit,Expert,Multi Skill,Repair,Service
ENG00320,Contractor,Pass,Intermediate,Multi Skill,Repair,Service
ENG00321,Contractor,Distinction,Expert,Multi Skill,Installation,Service
ENG00322,Direct Labour,Pass,Expert,Single Skill,Installation,None
ENG00323,Direct Labour,Distinction,Beginner,Multi Skill,Service,Service
ENG00324,Direct Labour,Merit,Intermediate,Single Skill,Service,Service
ENG00325,Direct Labour,Pass,Intermediate,Single Skill,Repair,Service
ENG00326,Direct Labour,Merit,Intermediate,Single Skill,Service,None
ENG00327,Contractor,Distinction,Expert,Single Skill,Service,None
ENG00328,Contractor,Pass,Intermediate,Multi Skill,Installation,Repair
ENG00329,Contractor,Distinction,Beginner,Single Skill,Installation,Installation
ENG00330,Direct Labour,Pass,Expert,Single Skill,Installation,Service
ENG00331,Direct Labour,Merit,Expert,Multi Skill,Repair,Repair
ENG00332,Direct Labour,Pass,Expert,Multi Skill,Repair,Installation
ENG00333,Direct Labour,Distinction,Beginner,Multi Skill,Service,Service
ENG00334,Contractor,Pass,Intermediate,Single Skill,Service,None
ENG00335,Contractor,Pass,Intermediate,Multi Skill,Service,Installation
ENG00336,Contractor,Distinction,Intermediate,Multi Skill,Service,Repair
ENG00337,Contractor,Pass,Expert,Multi Skill,Service,Installation
ENG00338,Direct Labour,Merit,Intermediate,Single Skill,Service,Repair
ENG00339,Direct Labour,Distinction,Beginner,Multi Skill,Service,Service
ENG00340,Direct Labour,Pass,Expert,Multi Skill,Service,Installation
ENG00341,Direct Labour,Merit,Beginner,Multi Skill,Repair,Repair
ENG00342,Direct Labour,Pass,Beginner,Multi Skill,Service,None
ENG00343,Contractor,Distinction,Intermediate,Multi Skill,Repair,Installation
ENG00344,Direct Labour,Pass,Intermediate,Single Skill,Repair,Service
ENG00345,Direct Labour,Merit,Beginner,Multi Skill,Service,Service
ENG00346,Contractor,Merit,Beginner,Single Skill,Installation,Service
ENG00347,Direct Labour,Pass,Expert,Multi Skill,Service,Repair
ENG00348,Direct Labour,Distinction,Expert,Multi Skill,Installation,Installation
ENG00349,Direct Labour,Merit,Beginner,Multi Skill,Repair,None
ENG00350,Contractor,Distinction,Expert,Multi Skill,Repair,Repair
ENG00351,Contractor,Pass,Intermediate,Multi Skill,Service,Installation
ENG00352,Direct Labour,Distinction,Expert,Multi Skill,Service,Service
ENG00353,Contractor,Merit,Beginner,Single Skill,Repair,Installation
ENG00354,Contractor,Distinction,Expert,Single Skill,Installation,Service
ENG00355,Contractor,Pass,Expert,Single Skill,Service,Service
ENG00356,Contractor,Distinction,Beginner,Multi Skill,Repair,Service
ENG00357,Direct Labour,Pass,Intermediate,Multi Skill,Service,None
ENG00358,Contractor,Pass,Expert,Single Skill,Service,None
ENG00359,Direct Labour,Pass,Beginner,Multi Skill,Service,None
ENG00360,Direct Labour,Pass,Intermediate,Single Skill,Installation,Service
ENG00361,Direct Labour,Pass,Beginner,Single Skill,Installation,Repair
ENG00362,Direct Labour,Merit,Beginner,Single Skill,Repair,None
ENG00363,Direct Labour,Pass,Intermediate,Single Skill,Service,Installation
ENG00364,Direct Labour,Pass,Beginner,Single Skill,Service,Repair
ENG00365,Direct Labour,Pass,Beginner,Single Skill,Installation,Service
ENG00366,Direct Labour,Distinction,Intermediate,Single Skill,Repair,Service
ENG00367,Direct Labour,Pass,Intermediate,Multi Skill,Repair,Installation
ENG00368,Contractor,Distinction,Beginner,Multi Skill,Installation,Service
ENG00369,Contractor,Merit,Intermediate,Multi Skill,Repair,Service
ENG00370,Direct Labour,Pass,Intermediate,Single Skill,Installation,Installation
ENG00371,Direct Labour,Merit,Expert,Multi Skill,Repair,None
ENG00372,Contractor,Distinction,Intermediate,Multi Skill,Repair,None
ENG00373,Direct Labour,Merit,Beginner,Multi Skill,Installation,Installation
ENG00374,Contractor,Distinction,Intermediate,Multi Skill,Repair,Repair
ENG00375,Contractor,Pass,Intermediate,Single Skill,Service,None
ENG00376,Contractor,Pass,Beginner,Multi Skill,Service,Repair
ENG00377,Direct Labour,Pass,Beginner,Multi Skill,Service,Service
ENG00378,Direct Labour,Merit,Expert,Single Skill,Service,None
ENG00379,Contractor,Distinction,Expert,Single Skill,Repair,None
ENG00380,Direct Labour,Pass,Expert,Multi Skill,Installation,Service
ENG00381,Direct Labour,Merit,Intermediate,Multi Skill,Service,Service
ENG00382,Contractor,Pass,Beginner,Multi Skill,Service,Installation
ENG00383,Direct Labour,Distinction,Expert,Single Skill,Installation,Service
ENG00384,Contractor,Pass,Intermediate,Multi Skill,Installation,Repair
ENG00385,Direct Labour,Pass,Beginner,Single Skill,Installation,Installation
ENG00386,Direct Labour,Pass,Expert,Multi Skill,Service,Installation
ENG00387,Contractor,Distinction,Expert,Multi Skill,Service,None
ENG00388,Direct Labour,Distinction,Expert,Multi Skill,Repair,Service
ENG00389,Direct Labour,Pass,Expert,Multi Skill,Repair,Installation
ENG00390,Contractor,Distinction,Intermediate,Multi Skill,Installation,None
ENG00391,Direct Labour,Distinction,Intermediate,Multi Skill,Service,Repair
ENG00392,Contractor,Merit,Beginner,Single Skill,Service,Repair
ENG00393,Contractor,Distinction,Beginner,Multi Skill,Service,Installation
ENG00394,Direct Labour,Merit,Expert,Multi Skill,Service,None
ENG00395,Contractor,Merit,Expert,Multi Skill,Service,Service
ENG00396,Contractor,Pass,Expert,Single Skill,Service,Repair
ENG00397,Contractor,Merit,Beginner,Multi Skill,Installation,Service
ENG00398,Direct Labour,Pass,Expert,Single Skill,Service,Installation
ENG00399,Direct Labour,Distinction,Intermediate,Multi Skill,Installation,Installation
ENG00400,Direct Labour,Pass,Beginner,Single Skill,Service,None
ENG00401,Direct Labour,Merit,Expert,Single Skill,Repair,None
ENG00402,Direct Labour,Merit,Expert,Single Skill,Repair,Installation
ENG00403,Direct Labour,Merit,Beginner,Single Skill,Repair,Service
ENG00404,Contractor,Distinction,Beginner,Single Skill,Repair,Repair
ENG00405,Direct Labour,Distinction,Intermediate,Multi Skill,Installation,Service
ENG00406,Direct Labour,Distinction,Intermediate,Single Skill,Service,Installation
ENG00407,Contractor,Pass,Expert,Multi Skill,Installation,Service
ENG00408,Contractor,Merit,Expert,Single Skill,Repair,None
ENG00409,Contractor,Pass,Intermediate,Single Skill,Installation,Repair
ENG00410,Direct Labour,Distinction,Expert,Multi Skill,Installation,Service
ENG00411,Direct Labour,Merit,Intermediate,Multi Skill,Service,Service
ENG00412,Contractor,Pass,Intermediate,Single Skill,Service,Repair
ENG00413,Contractor,Distinction,Expert,Multi Skill,Installation,Service
ENG00414,Contractor,Pass,Intermediate,Single Skill,Repair,None
ENG00415,Direct Labour,Pass,Expert,Multi Skill,Repair,Service
ENG00416,Contractor,Merit,Expert,Single Skill,Installation,None
ENG00417,Contractor,Distinction,Expert,Single Skill,Installation,Installation
ENG00418,Contractor,Pass,Intermediate,Single Skill,Installation,None
ENG00419,Contractor,Merit,Beginner,Single Skill,Service,Service
ENG00420,Direct Labour,Distinction,Intermediate,Single Skill,Installation,None
ENG00421,Contractor,Merit,Intermediate,Multi Skill,Service,Installation
ENG00422,Contractor,Distinction,Intermediate,Single Skill,Installation,Service
ENG00423,Contractor,Distinction,Beginner,Single Skill,Installation,Installation
ENG00424,Direct Labour,Merit,Beginner,Multi Skill,Service,Installation
ENG00425,Contractor,Merit,Beginner,Single Skill,Installation,None
ENG00426,Direct Labour,Merit,Expert,Single Skill,Installation,None
ENG00427,Direct Labour,Distinction,Beginner,Multi Skill,Service,Service
ENG00428,Contractor,Distinction,Expert,Single Skill,Repair,Service
ENG00429,Contractor,Pass,Beginner,Multi Skill,Installation,Service
ENG00430,Direct Labour,Distinction,Expert,Single Skill,Service,Service
ENG00431,Contractor,Merit,Intermediate,Multi Skill,Installation,Installation
ENG00432,Contractor,Pass,Intermediate,Single Skill,Service,Service
ENG00433,Contractor,Pass,Intermediate,Single Skill,Repair,Installation
ENG00434,Direct Labour,Distinction,Beginner,Multi Skill,Installation,None
ENG00435,Contractor,Merit,Beginner,Single Skill,Repair,Installation
ENG00436,Contractor,Pass,Beginner,Single Skill,Installation,None
ENG00437,Direct Labour,Distinction,Beginner,Single Skill,Installation,Repair
ENG00438,Contractor,Pass,Beginner,Single Skill,Service,Installation
ENG00439,Direct Labour,Distinction,Beginner,Multi Skill,Repair,Repair
ENG00440,Contractor,Pass,Expert,Single Skill,Repair,Repair
ENG00441,Direct Labour,Merit,Expert,Multi Skill,Repair,Installation
ENG00442,Contractor,Pass,Expert,Single Skill,Installation,None
ENG00443,Contractor,Pass,Expert,Single Skill,Repair,Repair
ENG00444,Direct Labour,Pass,Beginner,Single Skill,Service,Repair
ENG00445,Direct Labour,Pass,Beginner,Single Skill,Installation,Service
ENG00446,Contractor,Pass,Expert,Single Skill,Repair,Installation
ENG00447,Contractor,Distinction,Beginner,Multi Skill,Repair,Installation
ENG00448,Direct Labour,Distinction,Beginner,Single Skill,Repair,Service
ENG00449,Direct Labour,Distinction,Expert,Single Skill,Service,None
ENG00450,Contractor,Distinction,Beginner,Single Skill,Repair,Repair
ENG00451,Direct Labour,Merit,Expert,Single Skill,Service,Installation
ENG00452,Direct Labour,Distinction,Intermediate,Single Skill,Repair,Service
ENG00453,Contractor,Pass,Beginner,Single Skill,Installation,Service
ENG00454,Contractor,Distinction,Expert,Single Skill,Service,Installation
ENG00455,Direct Labour,Distinction,Intermediate,Multi Skill,Installation,Repair
ENG00456,Contractor,Distinction,Beginner,Single Skill,Installation,None
ENG00457,Contractor,Pass,Expert,Single Skill,Service,Repair
ENG00458,Direct Labour,Distinction,Intermediate,Multi Skill,Repair,Installation
ENG00459,Direct Labour,Distinction,Beginner,Multi Skill,Repair,Installation
ENG00460,Direct Labour,Merit,Expert,Multi Skill,Repair,Service
ENG00461,Direct Labour,Pass,Beginner,Multi Skill,Service,Repair
ENG00462,Direct Labour,Distinction,Intermediate,Single Skill,Repair,None
ENG00463,Direct Labour,Merit,Expert,Single Skill,Repair,Service
ENG00464,Contractor,Pass,Expert,Single Skill,Service,Installation
ENG00465,Direct Labour,Pass,Intermediate,Multi Skill,Service,None
ENG00466,Contractor,Pass,Expert,Single Skill,Installation,Installation
ENG00467,Direct Labour,Pass,Beginner,Multi Skill,Repair,None
ENG00468,Contractor,Distinction,Beginner,Multi Skill,Repair,Installation
ENG00469,Direct Labour,Distinction,Intermediate,Single Skill,Service,None
ENG00470,Direct Labour,Pass,Beginner,Single Skill,Installation,Installation
ENG00471,Direct Labour,Distinction,Beginner,Multi Skill,Service,Repair
ENG00472,Direct Labour,Pass,Expert,Multi Skill,Repair,Installation
ENG00473,Contractor,Pass,Expert,Multi Skill,Installation,Service
ENG00474,Contractor,Pass,Beginner,Single Skill,Repair,Service
ENG00475,Contractor,Distinction,Expert,Single Skill,Repair,Repair
ENG00476,Direct Labour,Pass,Beginner,Single Skill,Service,Service
ENG00477,Direct Labour,Pass,Intermediate,Single Skill,Service,Service
ENG00478,Direct Labour,Pass,Expert,Multi Skill,Installation,Installation
ENG00479,Direct Labour,Merit,Intermediate,Multi Skill,Service,None
ENG00480,Direct Labour,Pass,Expert,Multi Skill,Repair,None
ENG00481,Direct Labour,Pass,Intermediate,Multi Skill,Installation,Service
ENG00482,Direct Labour,Pass,Expert,Single Skill,Installation,Repair
ENG00483,Contractor,Pass,Beginner,Single Skill,Service,Service
ENG00484,Direct Labour,Merit,Intermediate,Multi Skill,Installation,Repair
ENG00485,Contractor,Merit,Expert,Single Skill,Service,Installation
ENG00486,Direct Labour,Merit,Intermediate,Single Skill,Service,Installation
ENG00487,Direct Labour,Pass,Expert,Single Skill,Service,None
ENG00488,Direct Labour,Pass,Intermediate,Multi Skill,Repair,Service
ENG00489,Direct Labour,Distinction,Beginner,Multi Skill,Installation,Service
ENG00490,Direct Labour,Pass,Expert,Multi Skill,Repair,None
ENG00491,Contractor,Pass,Expert,Multi Skill,Service,Repair
ENG00492,Contractor,Pass,Expert,Multi Skill,Repair,None
ENG00493,Direct Labour,Merit,Beginner,Multi Skill,Installation,Service
ENG00494,Contractor,Merit,Beginner,Single Skill,Repair,Service
ENG00495,Contractor,Distinction,Expert,Multi Skill,Service,None
ENG00496,Direct Labour,Merit,Beginner,Single Skill,Installation,None
ENG00497,Contractor,Distinction,Expert,Single Skill,Service,Repair
ENG00498,Direct Labour,Distinction,Beginner,Single Skill,Installation,Repair
ENG00499,Direct Labour,Distinction,Expert,Multi Skill,Installation,None
ENG00500,Direct Labour,Distinction,Expert,Multi Skill,Service,Installation
ENG00501,Direct Labour,Distinction,Intermediate,Single Skill,Service,Installation
ENG00502,Direct Labour,Merit,Intermediate,Multi Skill,Installation,Installation
ENG00503,Direct Labour,Distinction,Intermediate,Single Skill,Service,None
ENG00504,Contractor,Pass,Intermediate,Single Skill,Installation,Repair
ENG00505,Contractor,Distinction,Beginner,Multi Skill,Installation,Repair
ENG00506,Contractor,Distinction,Beginner,Single Skill,Service,Installation
ENG00507,Contractor,Merit,Intermediate,Single Skill,Installation,Service
ENG00508,Contractor,Distinction,Expert,Multi Skill,Service,Installation
ENG00509,Direct Labour,Merit,Expert,Single Skill,Installation,Repair
ENG00510,Contractor,Distinction,Intermediate,Multi Skill,Installation,Repair
ENG00511,Direct Labour,Merit,Intermediate,Multi Skill,Service,Service
ENG00512,Direct Labour,Distinction,Intermediate,Single Skill,Repair,Service
ENG00513,Direct Labour,Merit,Beginner,Single Skill,Installation,Service
ENG00514,Contractor,Merit,Expert,Single Skill,Repair,Service
ENG00515,Direct Labour,Distinction,Intermediate,Multi Skill,Service,Installation
ENG00516,Contractor,Distinction,Expert,Single Skill,Service,Repair
ENG00517,Contractor,Merit,Intermediate,Multi Skill,Installation,Installation
ENG00518,Contractor,Merit,Expert,Multi Skill,Service,Installation
ENG00519,Direct Labour,Merit,Intermediate,Multi Skill,Service,Repair
ENG00520,Direct Labour,Pass,Beginner,Single Skill,Service,Service
ENG00521,Contractor,Distinction,Beginner,Multi Skill,Repair,Installation
ENG00522,Contractor,Merit,Expert,Multi Skill,Repair,Repair
ENG00523,Contractor,Pass,Intermediate,Multi Skill,Service,Service
ENG00524,Contractor,Pass,Beginner,Multi Skill,Service,Service
ENG00525,Contractor,Distinction,Beginner,Single Skill,Installation,Installation
ENG00526,Contractor,Merit,Expert,Multi Skill,Installation,None
ENG00527,Direct Labour,Distinction,Intermediate,Single Skill,Installation,None
ENG00528,Direct Labour,Distinction,Beginner,Multi Skill,Repair,Service
ENG00529,Direct Labour,Pass,Beginner,Single Skill,Repair,Service
ENG00530,Direct Labour,Pass,Intermediate,Single Skill,Repair,Installation
ENG00531,Contractor,Distinction,Intermediate,Multi Skill,Service,Service
ENG00532,Contractor,Pass,Intermediate,Single Skill,Repair,Repair
ENG00533,Direct Labour,Distinction,Intermediate,Multi Skill,Repair,None
ENG00534,Direct Labour,Pass,Intermediate,Single Skill,Service,Repair
ENG00535,Direct Labour,Distinction,Expert,Multi Skill,Installation,Repair
ENG00536,Direct Labour,Pass,Expert,Multi Skill,Repair,None
ENG00537,Direct Labour,Pass,Intermediate,Multi Skill,Installation,Service
ENG00538,Direct Labour,Pass,Beginner,Multi Skill,Service,Installation
ENG00539,Direct Labour,Pass,Expert,Multi Skill,Repair,Service
ENG00540,Direct Labour,Merit,Intermediate,Single Skill,Installation,None
ENG00541,Direct Labour,Merit,Beginner,Single Skill,Service,Service
ENG00542,Contractor,Merit,Intermediate,Multi Skill,Repair,Installation
ENG00543,Direct Labour,Distinction,Expert,Single Skill,Repair,Installation
ENG00544,Direct Labour,Pass,Intermediate,Single Skill,Repair,Repair
ENG00545,Direct Labour,Merit,Intermediate,Multi Skill,Service,Repair
ENG00546,Direct Labour,Pass,Beginner,Multi Skill,Service,Installation
ENG00547,Contractor,Pass,Expert,Multi Skill,Service,Repair
ENG00548,Contractor,Distinction,Beginner,Single Skill,Repair,Installation
ENG00549,Contractor,Distinction,Intermediate,Single Skill,Installation,Service
ENG00550,Direct Labour,Pass,Intermediate,Single Skill,Installation,None
ENG00551,Contractor,Distinction,Expert,Single Skill,Service,Repair
ENG00552,Direct Labour,Merit,Expert,Single Skill,Installation,Service
ENG00553,Direct Labour,Distinction,Intermediate,Multi Skill,Service,Installation
ENG00554,Contractor,Pass,Beginner,Single Skill,Installation,Installation
ENG00555,Direct Labour,Pass,Beginner,Single Skill,Service,Installation
ENG00556,Contractor,Distinction,Intermediate,Multi Skill,Installation,None
ENG00557,Direct Labour,Distinction,Beginner,Single Skill,Repair,Service
ENG00558,Direct Labour,Merit,Expert,Multi Skill,Repair,Repair
ENG00559,Contractor,Pass,Intermediate,Single Skill,Repair,Installation
ENG00560,Contractor,Pass,Expert,Multi Skill,Installation,Service
ENG00561,Contractor,Pass,Intermediate,Single Skill,Service,Installation
ENG00562,Direct Labour,Distinction,Expert,Multi Skill,Repair,Repair
ENG00563,Direct Labour,Merit,Beginner,Single Skill,Installation,Repair
ENG00564,Contractor,Merit,Expert,Single Skill,Service,Installation
ENG00565,Direct Labour,Distinction,Expert,Multi Skill,Installation,Service
ENG00566,Contractor,Pass,Intermediate,Single Skill,Installation,Installation
ENG00567,Direct Labour,Merit,Intermediate,Multi Skill,Repair,Repair
ENG00568,Direct Labour,Distinction,Beginner,Single Skill,Repair,None
ENG00569,Contractor,Merit,Intermediate,Multi Skill,Installation,Repair
ENG00570,Contractor,Distinction,Intermediate,Single Skill,Repair,None
ENG00571,Direct Labour,Distinction,Expert,Single Skill,Repair,Installation
ENG00572,Direct Labour,Merit,Beginner,Single Skill,Service,None
ENG00573,Direct Labour,Distinction,Intermediate,Multi Skill,Repair,None
ENG00574,Direct Labour,Distinction,Beginner,Single Skill,Service,Repair
ENG00575,Direct Labour,Pass,Intermediate,Single Skill,Service,Repair
ENG00576,Direct Labour,Pass,Beginner,Multi Skill,Service,None
ENG00577,Contractor,Distinction,Intermediate,Multi Skill,Repair,Installation
ENG00578,Direct Labour,Distinction,Beginner,Single Skill,Installation,Installation
ENG00579,Contractor,Pass,Beginner,Multi Skill,Service,Installation
ENG00580,Contractor,Distinction,Intermediate,Multi Skill,Installation,Installation
ENG00581,Direct Labour,Distinction,Expert,Multi Skill,Service,Service
ENG00582,Contractor,Pass,Expert,Multi Skill,Installation,Installation
ENG00583,Contractor,Pass,Intermediate,Multi Skill,Service,Service
ENG00584,Contractor,Merit,Expert,Single Skill,Service,None
ENG00585,Contractor,Merit,Intermediate,Single Skill,Service,Service
ENG00586,Contractor,Merit,Intermediate,Single Skill,Repair,Repair
ENG00587,Direct Labour,Pass,Expert,Multi Skill,Service,Service
ENG00588,Contractor,Pass,Expert,Single Skill,Repair,Repair
ENG00589,Direct Labour,Pass,Expert,Multi Skill,Service,None
ENG00590,Contractor,Pass,Expert,Multi Skill,Repair,Installation
ENG00591,Contractor,Distinction,Expert,Single Skill,Installation,Repair
ENG00592,Direct Labour,Pass,Expert,Single Skill,Installation,Installation
ENG00593,Direct Labour,Merit,Expert,Multi Skill,Installation,Service
ENG00594,Direct Labour,Pass,Intermediate,Multi Skill,Repair,Service
ENG00595,Contractor,Merit,Expert,Single Skill,Service,Installation
ENG00596,Direct Labour,Distinction,Expert,Multi Skill,Repair,None
ENG00597,Contractor,Distinction,Beginner,Multi Skill,Repair,Service
ENG00598,Contractor,Merit,Beginner,Single Skill,Installation,None
ENG00599,Contractor,Distinction,Intermediate,Multi Skill,Installation,Service
ENG00600,Contractor,Merit,Expert,Single Skill,Repair,Service
ENG00601,Contractor,Distinction,Beginner,Single Skill,Installation,Repair
ENG00602,Contractor,Pass,Beginner,Multi Skill,Service,Installation
ENG00603,Contractor,Pass,Expert,Single Skill,Repair,Installation
ENG00604,Contractor,Distinction,Expert,Single Skill,Installation,Service
ENG00605,Direct Labour,Merit,Expert,Multi Skill,Repair,Repair
ENG00606,Direct Labour,Merit,Beginner,Multi Skill,Repair,Service
ENG00607,Contractor,Merit,Intermediate,Single Skill,Service,Service
ENG00608,Direct Labour,Merit,Beginner,Multi Skill,Service,None
ENG00609,Contractor,Distinction,Beginner,Multi Skill,Installation,None
ENG00610,Direct Labour,Merit,Intermediate,Multi Skill,Installation,Installation
ENG00611,Contractor,Merit,Intermediate,Single Skill,Repair,None
ENG00612,Contractor,Pass,Beginner,Multi Skill,Repair,Repair
ENG00613,Direct Labour,Distinction,Expert,Single Skill,Service,Service
ENG00614,Contractor,Distinction,Expert,Multi Skill,Service,Installation
ENG00615,Contractor,Pass,Intermediate,Multi Skill,Repair,Service
ENG00616,Contractor,Merit,Beginner,Multi Skill,Installation,Service
ENG00617,Contractor,Pass,Beginner,Multi Skill,Service,Service
ENG00618,Direct Labour,Distinction,Expert,Single Skill,Service,Repair
ENG00619,Direct Labour,Merit,Expert,Single Skill,Repair,Service
ENG00620,Direct Labour,Distinction,Beginner,Multi Skill,Service,Service
ENG00621,Direct Labour,Merit,Intermediate,Single Skill,Service,Service
ENG00622,Contractor,Pass,Expert,Single Skill,Repair,Installation
ENG00623,Contractor,Distinction,Beginner,Single Skill,Installation,Installation
ENG00624,Contractor,Distinction,Intermediate,Multi Skill,Service,Installation
ENG00625,Contractor,Pass,Expert,Single Skill,Installation,Repair
ENG00626,Contractor,Merit,Intermediate,Single Skill,Installation,Installation
ENG00627,Contractor,Pass,Expert,Single Skill,Service,Installation
ENG00628,Contractor,Distinction,Beginner,Multi Skill,Installation,Service
ENG00629,Direct Labour,Pass,Expert,Single Skill,Installation,None
ENG00630,Contractor,Merit,Expert,Single Skill,Installation,Repair
ENG00631,Contractor,Merit,Beginner,Multi Skill,Service,Installation
ENG00632,Direct Labour,Pass,Expert,Single Skill,Installation,Repair
ENG00633,Contractor,Pass,Intermediate,Single Skill,Repair,Installation
ENG00634,Contractor,Pass,Intermediate,Multi Skill,Repair,Service
ENG00635,Contractor,Merit,Intermediate,Multi Skill,Service,Service
ENG00636,Direct Labour,Distinction,Beginner,Multi Skill,Service,Service
ENG00637,Contractor,Pass,Expert,Multi Skill,Installation,Service
ENG00638,Direct Labour,Distinction,Expert,Single Skill,Repair,Repair
ENG00639,Contractor,Distinction,Expert,Single Skill,Repair,Repair
ENG00640,Contractor,Merit,Beginner,Single Skill,Installation,Repair
ENG00641,Direct Labour,Merit,Beginner,Multi Skill,Service,Service
ENG00642,Direct Labour,Distinction,Expert,Single Skill,Repair,Repair
ENG00643,Direct Labour,Pass,Beginner,Multi Skill,Repair,Repair
ENG00644,Direct Labour,Merit,Beginner,Single Skill,Service,None
ENG00645,Contractor,Pass,Intermediate,Single Skill,Repair,Service
ENG00646,Contractor,Merit,Expert,Single Skill,Service,None
ENG00647,Contractor,Merit,Intermediate,Multi Skill,Service,Repair
ENG00648,Contractor,Distinction,Intermediate,Single Skill,Installation,Service
ENG00649,Contractor,Merit,Expert,Single Skill,Installation,Repair
ENG00650,Direct Labour,Pass,Intermediate,Single Skill,Repair,Service
ENG00651,Direct Labour,Distinction,Beginner,Single Skill,Repair,Repair
ENG00652,Contractor,Pass,Beginner,Multi Skill,Installation,Service
ENG00653,Contractor,Merit,Beginner,Single Skill,Repair,Repair
ENG00654,Contractor,Pass,Expert,Single Skill,Repair,None
ENG00655,Direct Labour,Merit,Expert,Single Skill,Service,Installation
ENG00656,Contractor,Merit,Intermediate,Single Skill,Repair,Service
ENG00657,Direct Labour,Distinction,Intermediate,Multi Skill,Service,Repair
ENG00658,Contractor,Pass,Intermediate,Multi Skill,Installation,Service
ENG00659,Direct Labour,Merit,Intermediate,Single Skill,Installation,Service
ENG00660,Direct Labour,Pass,Intermediate,Single Skill,Installation,Repair
ENG00661,Contractor,Merit,Intermediate,Multi Skill,Service,None
ENG00662,Direct Labour,Distinction,Beginner,Multi Skill,Repair,Repair
ENG00663,Direct Labour,Distinction,Intermediate,Multi Skill,Service,Service
ENG00664,Contractor,Pass,Intermediate,Multi Skill,Repair,Service
ENG00665,Contractor,Pass,Beginner,Multi Skill,Repair,None
ENG00666,Direct Labour,Merit,Intermediate,Multi Skill,Repair,Installation
ENG00667,Contractor,Merit,Expert,Single Skill,Repair,Service
ENG00668,Contractor,Merit,Intermediate,Multi Skill,Installation,None
ENG00669,Contractor,Distinction,Beginner,Single Skill,Installation,Repair
ENG00670,Contractor,Distinction,Intermediate,Multi Skill,Service,None
ENG00671,Direct Labour,Pass,Intermediate,Multi Skill,Installation,Repair
ENG00672,Contractor,Merit,Expert,Single Skill,Repair,None
ENG00673,Direct Labour,Pass,Intermediate,Single Skill,Service,None
ENG00674,Contractor,Merit,Intermediate,Multi Skill,Installation,Installation
ENG00675,Direct Labour,Distinction,Expert,Multi Skill,Installation,Service
ENG00676,Contractor,Distinction,Expert,Multi Skill,Repair,Installation
ENG00677,Contractor,Pass,Beginner,Single Skill,Repair,Service
ENG00678,Direct Labour,Merit,Intermediate,Multi Skill,Service,Repair
ENG00679,Direct Labour,Merit,Expert,Single Skill,Repair,None
ENG00680,Direct Labour,Merit,Intermediate,Single Skill,Repair,Repair
ENG00681,Contractor,Distinction,Intermediate,Single Skill,Service,None
ENG00682,Direct Labour,Distinction,Expert,Multi Skill,Installation,Repair
ENG00683,Contractor,Distinction,Beginner,Single Skill,Service,None
ENG00684,Contractor,Distinction,Intermediate,Single Skill,Installation,None
ENG00685,Direct Labour,Pass,Beginner,Multi Skill,Installation,Installation
ENG00686,Direct Labour,Merit,Expert,Multi Skill,Installation,Repair
ENG00687,Contractor,Pass,Expert,Multi Skill,Installation,Repair
ENG00688,Contractor,Distinction,Intermediate,Multi Skill,Installation,Service
ENG00689,Direct Labour,Pass,Expert,Multi Skill,Service,Installation
ENG00690,Contractor,Merit,Expert,Single Skill,Installation,Repair
ENG00691,Contractor,Distinction,Intermediate,Multi Skill,Service,Installation
ENG00692,Direct Labour,Merit,Expert,Single Skill,Installation,None
ENG00693,Direct Labour,Merit,Expert,Single Skill,Installation,Service
ENG00694,Contractor,Pass,Beginner,Multi Skill,Installation,None
ENG00695,Contractor,Merit,Beginner,Single Skill,Installation,None
ENG00696,Direct Labour,Distinction,Expert,Multi Skill,Service,Service
ENG00697,Direct Labour,Merit,Expert,Single Skill,Service,Service
ENG00698,Contractor,Merit,Intermediate,Multi Skill,Repair,Installation
ENG00699,Direct Labour,Pass,Expert,Multi Skill,Service,Service
ENG00700,Contractor,Pass,Beginner,Single Skill,Repair,None
ENG00701,Direct Labour,Pass,Intermediate,Single Skill,Installation,None
ENG00702,Direct Labour,Distinction,Beginner,Single Skill,Repair,Installation
ENG00703,Contractor,Merit,Beginner,Single Skill,Service,Repair
ENG00704,Contractor,Distinction,Beginner,Single Skill,Service,Installation
ENG00705,Contractor,Distinction,Beginner,Single Skill,Installation,Installation
ENG00706,Direct Labour,Merit,Expert,Single Skill,Repair,Installation
ENG00707,Direct Labour,Distinction,Beginner,Single Skill,Installation,Repair
ENG00708,Direct Labour,Distinction,Intermediate,Single Skill,Installation,Repair
ENG00709,Direct Labour,Distinction,Intermediate,Single Skill,Installation,Service
ENG00710,Contractor,Distinction,Intermediate,Single Skill,Service,Service
ENG00711,Contractor,Distinction,Beginner,Multi Skill,Service,Installation
ENG00712,Direct Labour,Pass,Beginner,Single Skill,Installation,Installation
ENG00713,Direct Labour,Merit,Expert,Single Skill,Repair,Installation
ENG00714,Contractor,Pass,Expert,Single Skill,Service,None
ENG00715,Contractor,Distinction,Beginner,Single Skill,Repair,Installation
ENG00716,Direct Labour,Merit,Beginner,Single Skill,Repair,Repair
ENG00717,Contractor,Distinction,Intermediate,Single Skill,Installation,Service
ENG00718,Direct Labour,Distinction,Expert,Multi Skill,Installation,Installation
ENG00719,Contractor,Pass,Expert,Multi Skill,Service,Service
ENG00720,Contractor,Distinction,Intermediate,Single Skill,Service,Service
ENG00721,Direct Labour,Distinction,Expert,Single Skill,Service,Installation
ENG00722,Direct Labour,Pass,Intermediate,Single Skill,Repair,Installation
ENG00723,Direct Labour,Pass,Beginner,Single Skill,Installation,Service
ENG00724,Contractor,Distinction,Beginner,Single Skill,Repair,Installation
ENG00725,Contractor,Distinction,Intermediate,Single Skill,Repair,Repair
ENG00726,Direct Labour,Pass,Intermediate,Single Skill,Repair,None
ENG00727,Direct Labour,Distinction,Beginner,Multi Skill,Service,Installation
ENG00728,Direct Labour,Pass,Expert,Single Skill,Repair,None
ENG00729,Direct Labour,Pass,Intermediate,Single Skill,Service,None
ENG00730,Direct Labour,Distinction,Expert,Single Skill,Installation,Service
ENG00731,Contractor,Merit,Intermediate,Single Skill,Installation,Repair
ENG00732,Contractor,Merit,Expert,Multi Skill,Service,Repair
ENG00733,Direct Labour,Merit,Intermediate,Multi Skill,Installation,Repair
ENG00734,Contractor,Distinction,Expert,Single Skill,Installation,Installation
ENG00735,Direct Labour,Pass,Expert,Single Skill,Repair,None
ENG00736,Contractor,Merit,Intermediate,Multi Skill,Repair,Repair
ENG00737,Direct Labour,Merit,Beginner,Single Skill,Installation,Service
ENG00738,Contractor,Merit,Intermediate,Single Skill,Repair,Installation
ENG00739,Direct Labour,Pass,Expert,Single Skill,Installation,Repair
ENG00740,Direct Labour,Pass,Beginner,Single Skill,Installation,Repair
ENG00741,Direct Labour,Distinction,Beginner,Multi Skill,Service,Repair
ENG00742,Direct Labour,Merit,Intermediate,Multi Skill,Repair,Repair
ENG00743,Direct Labour,Pass,Intermediate,Multi Skill,Installation,None
ENG00744,Contractor,Pass,Beginner,Single Skill,Repair,Installation
ENG00745,Contractor,Pass,Intermediate,Single Skill,Repair,None
ENG00746,Contractor,Merit,Intermediate,Multi Skill,Repair,Installation
ENG00747,Direct Labour,Distinction,Expert,Multi Skill,Service,None
ENG00748,Contractor,Merit,Expert,Multi Skill,Installation,Service
ENG00749,Contractor,Distinction,Expert,Single Skill,Repair,Service
ENG00750,Contractor,Distinction,Beginner,Multi Skill,Installation,Installation
ENG00751,Direct Labour,Pass,Beginner,Multi Skill,Repair,Installation
ENG00752,Direct Labour,Distinction,Expert,Single Skill,Installation,None
ENG00753,Direct Labour,Pass,Intermediate,Multi Skill,Repair,None
ENG00754,Contractor,Pass,Intermediate,Single Skill,Service,Repair
ENG00755,Direct Labour,Distinction,Beginner,Single Skill,Installation,Repair
ENG00756,Contractor,Distinction,Expert,Single Skill,Service,Installation
ENG00757,Direct Labour,Pass,Intermediate,Single Skill,Repair,Installation
ENG00758,Direct Labour,Merit,Intermediate,Multi Skill,Repair,Repair
ENG00759,Contractor,Pass,Beginner,Multi Skill,Repair,Repair
ENG00760,Direct Labour,Distinction,Expert,Multi Skill,Installation,Installation
ENG00761,Direct Labour,Distinction,Intermediate,Single Skill,Repair,Service
ENG00762,Contractor,Pass,Expert,Multi Skill,Service,Installation
ENG00763,Contractor,Merit,Beginner,Single Skill,Repair,Installation
ENG00764,Direct Labour,Pass,Beginner,Multi Skill,Service,Repair
ENG00765,Direct Labour,Merit,Intermediate,Single Skill,Installation,Repair
ENG00766,Direct Labour,Merit,Expert,Multi Skill,Installation,None
ENG00767,Direct Labour,Merit,Intermediate,Single Skill,Service,Service
ENG00768,Contractor,Distinction,Intermediate,Single Skill,Repair,Repair
ENG00769,Contractor,Merit,Beginner,Multi Skill,Repair,None
ENG00770,Direct Labour,Pass,Intermediate,Multi Skill,Repair,Repair
ENG00771,Contractor,Merit,Intermediate,Multi Skill,Service,Repair
ENG00772,Direct Labour,Merit,Intermediate,Multi Skill,Installation,None
ENG00773,Contractor,Merit,Expert,Single Skill,Service,Service
ENG00774,Direct Labour,Distinction,Beginner,Multi Skill,Repair,None
ENG00775,Direct Labour,Merit,Beginner,Single Skill,Installation,Service
ENG00776,Direct Labour,Distinction,Expert,Multi Skill,Installation,Service
ENG00777,Contractor,Pass,Beginner,Single Skill,Service,Repair
ENG00778,Direct Labour,Distinction,Beginner,Single Skill,Installation,Repair
ENG00779,Contractor,Pass,Intermediate,Multi Skill,Installation,Installation
ENG00780,Contractor,Pass,Expert,Single Skill,Installation,Installation
ENG00781,Direct Labour,Merit,Expert,Single Skill,Installation,None
ENG00782,Direct Labour,Pass,Expert,Multi Skill,Service,Service
ENG00783,Direct Labour,Merit,Expert,Multi Skill,Installation,Service
ENG00784,Direct Labour,Merit,Beginner,Multi Skill,Repair,None
ENG00785,Direct Labour,Pass,Intermediate,Multi Skill,Repair,Installation
ENG00786,Direct Labour,Pass,Intermediate,Single Skill,Service,Repair
ENG00787,Contractor,Distinction,Intermediate,Single Skill,Service,Installation
ENG00788,Contractor,Pass,Beginner,Multi Skill,Repair,Repair
ENG00789,Contractor,Distinction,Expert,Single Skill,Installation,None
ENG00790,Direct Labour,Pass,Intermediate,Multi Skill,Service,Installation
ENG00791,Direct Labour,Merit,Beginner,Single Skill,Repair,Installation
ENG00792,Contractor,Distinction,Expert,Multi Skill,Installation,Installation
ENG00793,Direct Labour,Merit,Intermediate,Multi Skill,Installation,Installation
ENG00794,Contractor,Pass,Expert,Multi Skill,Installation,None
ENG00795,Direct Labour,Pass,Expert,Multi Skill,Repair,Repair
ENG00796,Direct Labour,Pass,Intermediate,Single Skill,Service,Service
ENG00797,Direct Labour,Pass,Beginner,Multi Skill,Service,None
ENG00798,Contractor,Distinction,Expert,Multi Skill,Service,Installation
ENG00799,Direct Labour,Pass,Beginner,Single Skill,Installation,Service
ENG00800,Contractor,Distinction,Beginner,Multi Skill,Installation,Installation
ENG00801,Direct Labour,Merit,Beginner,Multi Skill,Repair,Installation
ENG00802,Direct Labour,Distinction,Beginner,Multi Skill,Service,Installation
ENG00803,Contractor,Pass,Beginner,Single Skill,Installation,Repair
ENG00804,Contractor,Pass,Intermediate,Multi Skill,Service,Service
ENG00805,Direct Labour,Distinction,Expert,Single Skill,Service,Repair
ENG00806,Direct Labour,Merit,Expert,Single Skill,Service,Repair
ENG00807,Direct Labour,Pass,Beginner,Multi Skill,Service,Service
ENG00808,Direct Labour,Merit,Expert,Single Skill,Repair,Repair
ENG00809,Direct Labour,Distinction,Beginner,Single Skill,Service,Repair
ENG00810,Direct Labour,Distinction,Expert,Multi Skill,Repair,Service
ENG00811,Contractor,Distinction,Beginner,Single Skill,Repair,Installation
ENG00812,Direct Labour,Distinction,Intermediate,Multi Skill,Repair,Installation
ENG00813,Direct Labour,Pass,Beginner,Multi Skill,Repair,Repair
ENG00814,Contractor,Pass,Expert,Multi Skill,Repair,Repair
ENG00815,Direct Labour,Distinction,Beginner,Single Skill,Repair,Installation
ENG00816,Direct Labour,Distinction,Beginner,Single Skill,Service,Repair
ENG00817,Contractor,Merit,Beginner,Multi Skill,Installation,Service
ENG00818,Direct Labour,Distinction,Intermediate,Multi Skill,Repair,Installation
ENG00819,Direct Labour,Pass,Intermediate,Single Skill,Service,None
ENG00820,Contractor,Pass,Intermediate,Multi Skill,Service,Installation
ENG00821,Direct Labour,Distinction,Expert,Single Skill,Installation,Installation
ENG00822,Contractor,Distinction,Expert,Multi Skill,Installation,Repair
ENG00823,Direct Labour,Distinction,Beginner,Single Skill,Installation,Service
ENG00824,Contractor,Distinction,Beginner,Single Skill,Service,Installation
ENG00825,Direct Labour,Pass,Expert,Multi Skill,Repair,Installation
ENG00826,Direct Labour,Pass,Expert,Multi Skill,Installation,None
ENG00827,Direct Labour,Pass,Beginner,Single Skill,Service,None
ENG00828,Contractor,Distinction,Expert,Single Skill,Installation,None
ENG00829,Direct Labour,Merit,Beginner,Multi Skill,Service,Service
ENG00830,Contractor,Pass,Beginner,Single Skill,Installation,Service
ENG00831,Contractor,Pass,Intermediate,Single Skill,Installation,Repair
ENG00832,Direct Labour,Merit,Intermediate,Multi Skill,Installation,None
ENG00833,Direct Labour,Pass,Beginner,Multi Skill,Repair,None
ENG00834,Direct Labour,Pass,Beginner,Single Skill,Repair,Repair
ENG00835,Contractor,Pass,Beginner,Single Skill,Installation,Installation
ENG00836,Direct Labour,Pass,Intermediate,Single Skill,Repair,None
ENG00837,Contractor,Pass,Beginner,Single Skill,Installation,Service
ENG00838,Contractor,Merit,Beginner,Single Skill,Installation,Service
ENG00839,Direct Labour,Merit,Beginner,Multi Skill,Service,Installation
ENG00840,Contractor,Merit,Beginner,Single Skill,Service,Installation
ENG00841,Direct Labour,Merit,Intermediate,Single Skill,Repair,Service
ENG00842,Direct Labour,Merit,Expert,Single Skill,Installation,Repair
ENG00843,Contractor,Distinction,Beginner,Multi Skill,Repair,Service
ENG00844,Direct Labour,Distinction,Beginner,Multi Skill,Service,Repair
ENG00845,Contractor,Merit,Intermediate,Multi Skill,Installation,None
ENG00846,Contractor,Pass,Expert,Multi Skill,Repair,Installation
ENG00847,Contractor,Distinction,Intermediate,Single Skill,Repair,Repair
ENG00848,Direct Labour,Distinction,Intermediate,Multi Skill,Repair,Repair
ENG00849,Contractor,Pass,Beginner,Multi Skill,Installation,None
ENG00850,Contractor,Merit,Intermediate,Multi Skill,Service,None
ENG00851,Contractor,Distinction,Expert,Single Skill,Repair,Repair
ENG00852,Direct Labour,Pass,Intermediate,Multi Skill,Service,None
ENG00853,Contractor,Merit,Beginner,Multi Skill,Installation,Service
ENG00854,Contractor,Merit,Intermediate,Single Skill,Repair,Service
ENG00855,Contractor,Pass,Intermediate,Single Skill,Installation,Installation
ENG00856,Contractor,Merit,Expert,Multi Skill,Installation,Installation
ENG00857,Direct Labour,Merit,Expert,Single Skill,Installation,Repair
ENG00858,Direct Labour,Pass,Beginner,Multi Skill,Repair,None
ENG00859,Direct Labour,Merit,Intermediate,Single Skill,Service,Service
ENG00860,Contractor,Merit,Intermediate,Multi Skill,Service,Repair
ENG00861,Direct Labour,Distinction,Beginner,Single Skill,Service,Repair
ENG00862,Contractor,Pass,Expert,Multi Skill,Service,None
ENG00863,Contractor,Distinction,Expert,Single Skill,Repair,None
ENG00864,Direct Labour,Merit,Beginner,Single Skill,Installation,Service
ENG00865,Contractor,Pass,Beginner,Single Skill,Repair,Installation
ENG00866,Direct Labour,Distinction,Expert,Multi Skill,Service,Repair
ENG00867,Direct Labour,Merit,Intermediate,Single Skill,Installation,Installation
ENG00868,Direct Labour,Merit,Intermediate,Multi Skill,Installation,Service
ENG00869,Contractor,Merit,Beginner,Multi Skill,Installation,None
ENG00870,Contractor,Merit,Expert,Multi Skill,Installation,Repair
ENG00871,Direct Labour,Pass,Expert,Multi Skill,Service,Service
ENG00872,Contractor,Distinction,Expert,Multi Skill,Repair,Repair
ENG00873,Contractor,Pass,Expert,Multi Skill,Service,None
ENG00874,Direct Labour,Distinction,Beginner,Multi Skill,Repair,None
ENG00875,Direct Labour,Merit,Beginner,Single Skill,Service,Installation
ENG00876,Contractor,Merit,Beginner,Multi Skill,Repair,Service
ENG00877,Direct Labour,Distinction,Beginner,Single Skill,Repair,Service
ENG00878,Direct Labour,Pass,Beginner,Single Skill,Service,Repair
ENG00879,Contractor,Merit,Intermediate,Single Skill,Installation,None
ENG00880,Direct Labour,Distinction,Intermediate,Multi Skill,Repair,Repair
ENG00881,Direct Labour,Distinction,Beginner,Multi Skill,Service,None
ENG00882,Contractor,Distinction,Beginner,Single Skill,Service,Installation
ENG00883,Direct Labour,Pass,Intermediate,Single Skill,Installation,None
ENG00884,Contractor,Pass,Beginner,Multi Skill,Repair,Service
ENG00885,Contractor,Merit,Expert,Single Skill,Service,Repair
ENG00886,Contractor,Merit,Intermediate,Multi Skill,Repair,Service
ENG00887,Contractor,Distinction,Beginner,Single Skill,Service,Repair
ENG00888,Direct Labour,Pass,Intermediate,Multi Skill,Repair,Installation
ENG00889,Direct Labour,Pass,Beginner,Multi Skill,Repair,Installation
ENG00890,Direct Labour,Pass,Beginner,Multi Skill,Installation,None
ENG00891,Direct Labour,Pass,Beginner,Single Skill,Service,Repair
ENG00892,Contractor,Distinction,Beginner,Single Skill,Service,Installation
ENG00893,Direct Labour,Pass,Intermediate,Multi Skill,Repair,Repair
ENG00894,Contractor,Merit,Expert,Multi Skill,Service,Installation
ENG00895,Direct Labour,Merit,Beginner,Single Skill,Service,Repair
ENG00896,Direct Labour,Merit,Intermediate,Single Skill,Service,Installation
ENG00897,Direct Labour,Distinction,Beginner,Single Skill,Service,None
ENG00898,Direct Labour,Pass,Expert,Multi Skill,Service,Installation
ENG00899,Contractor,Pass,Beginner,Single Skill,Repair,Repair
ENG00900,Contractor,Pass,Expert,Multi Skill,Service,None
ENG00901,Direct Labour,Distinction,Intermediate,Multi Skill,Installation,Service
ENG00902,Contractor,Merit,Beginner,Single Skill,Service,Installation
ENG00903,Contractor,Merit,Intermediate,Multi Skill,Repair,Service
ENG00904,Contractor,Merit,Intermediate,Multi Skill,Service,Service
ENG00905,Contractor,Merit,Expert,Multi Skill,Service,Service
ENG00906,Direct Labour,Merit,Intermediate,Single Skill,Repair,Service
ENG00907,Direct Labour,Distinction,Expert,Multi Skill,Repair,Installation
ENG00908,Direct Labour,Merit,Expert,Multi Skill,Service,None
ENG00909,Direct Labour,Distinction,Expert,Single Skill,Installation,Installation
ENG00910,Contractor,Distinction,Intermediate,Multi Skill,Installation,Service
ENG00911,Direct Labour,Distinction,Intermediate,Single Skill,Installation,Installation
ENG00912,Direct Labour,Pass,Beginner,Single Skill,Repair,Service
ENG00913,Contractor,Distinction,Intermediate,Single Skill,Service,Repair
ENG00914,Direct Labour,Pass,Beginner,Single Skill,Repair,Installation
ENG00915,Contractor,Merit,Intermediate,Multi Skill,Repair,Repair
ENG00916,Contractor,Merit,Intermediate,Multi Skill,Service,None
ENG00917,Contractor,Merit,Expert,Single Skill,Repair,Repair
ENG00918,Direct Labour,Merit,Beginner,Single Skill,Installation,Service
ENG00919,Contractor,Pass,Beginner,Multi Skill,Service,Installation
ENG00920,Contractor,Merit,Expert,Single Skill,Service,Repair
ENG00921,Direct Labour,Pass,Expert,Multi Skill,Service,None
ENG00922,Contractor,Merit,Expert,Single Skill,Service,Repair
ENG00923,Contractor,Distinction,Beginner,Single Skill,Service,Repair
ENG00924,Direct Labour,Pass,Expert,Multi Skill,Service,Installation
ENG00925,Direct Labour,Distinction,Beginner,Single Skill,Installation,None
ENG00926,Direct Labour,Merit,Intermediate,Single Skill,Service,Service
ENG00927,Contractor,Pass,Expert,Single Skill,Service,Installation
ENG00928,Contractor,Distinction,Expert,Single Skill,Service,Service
ENG00929,Direct Labour,Merit,Intermediate,Single Skill,Service,Service
ENG00930,Contractor,Merit,Beginner,Multi Skill,Service,Installation
ENG00931,Contractor,Merit,Expert,Single Skill,Service,Installation
ENG00932,Contractor,Pass,Intermediate,Multi Skill,Repair,Repair
ENG00933,Contractor,Distinction,Intermediate,Single Skill,Installation,Repair
ENG00934,Direct Labour,Merit,Expert,Multi Skill,Installation,None
ENG00935,Contractor,Merit,Beginner,Single Skill,Repair,None
ENG00936,Contractor,Pass,Beginner,Single Skill,Installation,Service
ENG00937,Contractor,Merit,Beginner,Single Skill,Service,Service
ENG00938,Contractor,Merit,Intermediate,Single Skill,Installation,None
ENG00939,Contractor,Merit,Beginner,Single Skill,Installation,Service
ENG00940,Contractor,Merit,Expert,Multi Skill,Service,None
ENG00941,Direct Labour,Distinction,Expert,Single Skill,Service,Repair
ENG00942,Contractor,Distinction,Beginner,Single Skill,Repair,Repair
ENG00943,Contractor,Distinction,Expert,Single Skill,Service,Repair
ENG00944,Contractor,Distinction,Intermediate,Single Skill,Installation,Service
ENG00945,Contractor,Merit,Intermediate,Multi Skill,Service,None
ENG00946,Direct Labour,Pass,Intermediate,Multi Skill,Installation,Repair
ENG00947,Contractor,Pass,Expert,Multi Skill,Repair,None
ENG00948,Contractor,Merit,Intermediate,Single Skill,Installation,Service
ENG00949,Direct Labour,Merit,Beginner,Multi Skill,Service,Service
ENG00950,Contractor,Distinction,Intermediate,Multi Skill,Service,None
ENG00951,Direct Labour,Pass,Expert,Single Skill,Service,Service
ENG00952,Direct Labour,Distinction,Beginner,Multi Skill,Installation,None
ENG00953,Direct Labour,Pass,Beginner,Single Skill,Installation,Service
ENG00954,Direct Labour,Merit,Beginner,Multi Skill,Installation,Service
ENG00955,Direct Labour,Distinction,Expert,Multi Skill,Service,Installation
ENG00956,Direct Labour,Distinction,Beginner,Multi Skill,Repair,Repair
ENG00957,Contractor,Distinction,Intermediate,Multi Skill,Installation,None
ENG00958,Contractor,Merit,Beginner,Multi Skill,Installation,Repair
ENG00959,Contractor,Distinction,Intermediate,Single Skill,Repair,Service
ENG00960,Contractor,Distinction,Beginner,Single Skill,Installation,None
ENG00961,Contractor,Distinction,Beginner,Single Skill,Repair,Installation
ENG00962,Contractor,Merit,Intermediate,Multi Skill,Repair,Installation
ENG00963,Contractor,Pass,Expert,Single Skill,Service,Service
ENG00964,Direct Labour,Pass,Beginner,Single Skill,Installation,None
ENG00965,Contractor,Distinction,Beginner,Single Skill,Service,Service
ENG00966,Direct Labour,Distinction,Beginner,Single Skill,Installation,Installation
ENG00967,Contractor,Pass,Expert,Single Skill,Repair,Repair
ENG00968,Direct Labour,Merit,Expert,Multi Skill,Service,None
ENG00969,Direct Labour,Distinction,Expert,Multi Skill,Repair,Service
ENG00970,Contractor,Merit,Intermediate,Multi Skill,Service,Service
ENG00971,Contractor,Pass,Intermediate,Multi Skill,Installation,Installation
ENG00972,Direct Labour,Pass,Expert,Multi Skill,Installation,Installation
ENG00973,Contractor,Distinction,Expert,Single Skill,Installation,Installation
ENG00974,Contractor,Merit,Expert,Single Skill,Installation,Installation
ENG00975,Direct Labour,Distinction,Beginner,Single Skill,Installation,Service
ENG00976,Contractor,Merit,Intermediate,Multi Skill,Repair,None
ENG00977,Direct Labour,Distinction,Beginner,Multi Skill,Service,None
ENG00978,Direct Labour,Distinction,Expert,Multi Skill,Service,None
ENG00979,Direct Labour,Distinction,Beginner,Multi Skill,Service,Installation
ENG00980,Direct Labour,Distinction,Expert,Single Skill,Repair,None
ENG00981,Direct Labour,Distinction,Beginner,Single Skill,Installation,Installation
ENG00982,Contractor,Pass,Beginner,Multi Skill,Repair,Installation
ENG00983,Contractor,Merit,Expert,Single Skill,Installation,None
ENG00984,Contractor,Pass,Intermediate,Single Skill,Installation,Repair
ENG00985,Direct Labour,Merit,Beginner,Single Skill,Installation,None
ENG00986,Contractor,Pass,Intermediate,Single Skill,Installation,Installation
ENG00987,Contractor,Merit,Expert,Single Skill,Installation,Repair
ENG00988,Contractor,Pass,Intermediate,Single Skill,Service,Service
ENG00989,Direct Labour,Distinction,Beginner,Single Skill,Installation,Installation
ENG00990,Contractor,Merit,Beginner,Multi Skill,Installation,Installation
ENG00991,Contractor,Distinction,Beginner,Single Skill,Service,Repair
ENG00992,Contractor,Merit,Expert,Single Skill,Repair,Repair
ENG00993,Contractor,Merit,Beginner,Multi Skill,Installation,None
ENG00994,Contractor,Distinction,Expert,Single Skill,Installation,Installation
ENG00995,Direct Labour,Merit,Beginner,Multi Skill,Installation,Installation
ENG00996,Direct Labour,Pass,Expert,Multi Skill,Service,Repair
ENG00997,Contractor,Distinction,Beginner,Multi Skill,Installation,None
ENG00998,Direct Labour,Pass,Expert,Single Skill,Installation,Installation
ENG00999,Direct Labour,Merit,Intermediate,Multi Skill,Installation,Repair
ENG01000,Direct Labour,Merit,Intermediate,Single Skill,Repair,Installation
ENG01001,Contractor,Pass,Expert,Single Skill,Installation,Installation
ENG01002,Contractor,Pass,Beginner,Multi Skill,Installation,Service
ENG01003,Contractor,Merit,Intermediate,Multi Skill,Repair,Repair
ENG01004,Contractor,Pass,Expert,Multi Skill,Installation,Installation
ENG01005,Direct Labour,Merit,Beginner,Multi Skill,Service,Installation
ENG01006,Direct Labour,Pass,Beginner,Multi Skill,Repair,Installation
ENG01007,Direct Labour,Distinction,Beginner,Single Skill,Repair,Repair
ENG01008,Direct Labour,Pass,Beginner,Single Skill,Installation,Installation
ENG01009,Direct Labour,Merit,Expert,Single Skill,Installation,Service
ENG01010,Contractor,Pass,Expert,Multi Skill,Repair,Installation
ENG01011,Contractor,Pass,Beginner,Single Skill,Installation,Installation
ENG01012,Contractor,Distinction,Expert,Multi Skill,Installation,Service
ENG01013,Direct Labour,Pass,Beginner,Single Skill,Installation,None
ENG01014,Direct Labour,Merit,Expert,Single Skill,Repair,Installation
ENG01015,Direct Labour,Pass,Beginner,Multi Skill,Service,Service
ENG01016,Direct Labour,Merit,Beginner,Multi Skill,Repair,Repair
ENG01017,Direct Labour,Pass,Beginner,Single Skill,Service,Installation
ENG01018,Direct Labour,Pass,Expert,Multi Skill,Service,None
ENG01019,Direct Labour,Pass,Expert,Single Skill,Service,Repair
ENG01020,Direct Labour,Merit,Intermediate,Single Skill,Service,Repair
ENG01021,Contractor,Pass,Intermediate,Single Skill,Repair,Repair
ENG01022,Contractor,Merit,Expert,Single Skill,Repair,None
ENG01023,Contractor,Pass,Intermediate,Multi Skill,Installation,None
ENG01024,Contractor,Distinction,Intermediate,Single Skill,Installation,Service
ENG01025,Contractor,Pass,Beginner,Single Skill,Repair,Service
ENG01026,Contractor,Pass,Intermediate,Multi Skill,Installation,Repair
ENG01027,Direct Labour,Distinction,Beginner,Multi Skill,Service,Repair
ENG01028,Contractor,Merit,Intermediate,Multi Skill,Repair,Installation
ENG01029,Direct Labour,Distinction,Beginner,Single Skill,Repair,Repair
ENG01030,Contractor,Pass,Expert,Multi Skill,Service,None
ENG01031,Direct Labour,Merit,Intermediate,Multi Skill,Service,None
ENG01032,Contractor,Pass,Intermediate,Single Skill,Installation,Installation
ENG01033,Direct Labour,Distinction,Expert,Multi Skill,Installation,None
ENG01034,Contractor,Distinction,Beginner,Single Skill,Repair,Repair
ENG01035,Direct Labour,Pass,Intermediate,Single Skill,Service,Installation
ENG01036,Contractor,Merit,Expert,Single Skill,Repair,Installation
ENG01037,Contractor,Distinction,Expert,Multi Skill,Installation,Service
ENG01038,Contractor,Pass,Beginner,Multi Skill,Service,None
ENG01039,Direct Labour,Merit,Expert,Single Skill,Service,Repair
ENG01040,Direct Labour,Distinction,Intermediate,Single Skill,Repair,Service
ENG01041,Direct Labour,Distinction,Beginner,Single Skill,Service,None
ENG01042,Contractor,Pass,Intermediate,Single Skill,Service,Repair
ENG01043,Contractor,Distinction,Expert,Single Skill,Installation,Service
ENG01044,Contractor,Merit,Beginner,Multi Skill,Repair,None
ENG01045,Direct Labour,Merit,Intermediate,Single Skill,Installation,None
ENG01046,Contractor,Distinction,Intermediate,Single Skill,Service,Service
ENG01047,Direct Labour,Merit,Intermediate,Single Skill,Service,Installation
ENG01048,Contractor,Pass,Intermediate,Single Skill,Service,None
ENG01049,Direct Labour,Pass,Intermediate,Multi Skill,Repair,Service
ENG01050,Direct Labour,Distinction,Beginner,Multi Skill,Repair,Installation
ENG01051,Direct Labour,Distinction,Intermediate,Single Skill,Repair,Installation
ENG01052,Contractor,Pass,Expert,Multi Skill,Installation,Repair
ENG01053,Direct Labour,Pass,Expert,Single Skill,Installation,Installation
ENG01054,Contractor,Merit,Intermediate,Single Skill,Installation,Repair
ENG01055,Contractor,Distinction,Beginner,Multi Skill,Repair,None
ENG01056,Direct Labour,Distinction,Beginner,Single Skill,Installation,Repair
ENG01057,Direct Labour,Pass,Beginner,Multi Skill,Installation,Service
ENG01058,Contractor,Distinction,Expert,Multi Skill,Installation,Service
ENG01059,Contractor,Pass,Intermediate,Multi Skill,Service,Installation
ENG01060,Contractor,Pass,Beginner,Single Skill,Installation,Repair
ENG01061,Contractor,Pass,Beginner,Multi Skill,Installation,Service
ENG01062,Contractor,Pass,Intermediate,Multi Skill,Repair,Installation
ENG01063,Contractor,Merit,Intermediate,Single Skill,Service,None
ENG01064,Direct Labour,Distinction,Beginner,Multi Skill,Installation,Service
ENG01065,Direct Labour,Distinction,Expert,Single Skill,Installation,Installation
ENG01066,Direct Labour,Merit,Beginner,Single Skill,Service,Repair
ENG01067,Direct Labour,Merit,Beginner,Single Skill,Service,Service
ENG01068,Direct Labour,Merit,Beginner,Single Skill,Repair,None
ENG01069,Direct Labour,Pass,Expert,Single Skill,Service,Repair
ENG01070,Direct Labour,Pass,Intermediate,Single Skill,Installation,Repair
ENG01071,Direct Labour,Pass,Expert,Multi Skill,Installation,Installation
ENG01072,Direct Labour,Distinction,Beginner,Single Skill,Repair,None
ENG01073,Contractor,Distinction,Intermediate,Multi Skill,Service,Installation
ENG01074,Contractor,Distinction,Intermediate,Single Skill,Installation,Service
ENG01075,Contractor,Pass,Expert,Multi Skill,Service,Installation
ENG01076,Contractor,Pass,Beginner,Multi Skill,Repair,Installation
ENG01077,Contractor,Merit,Intermediate,Multi Skill,Installation,Repair
ENG01078,Direct Labour,Pass,Intermediate,Single Skill,Installation,None
ENG01079,Contractor,Pass,Beginner,Multi Skill,Repair,Installation
ENG01080,Contractor,Distinction,Intermediate,Multi Skill,Installation,Installation
ENG01081,Direct Labour,Merit,Beginner,Single Skill,Installation,None
ENG01082,Contractor,Pass,Intermediate,Multi Skill,Installation,Service
ENG01083,Contractor,Pass,Expert,Multi Skill,Installation,Repair
ENG01084,Contractor,Merit,Expert,Single Skill,Service,Installation
ENG01085,Direct Labour,Pass,Beginner,Multi Skill,Service,Repair
ENG01086,Direct Labour,Merit,Beginner,Single Skill,Service,Repair
ENG01087,Contractor,Pass,Beginner,Single Skill,Repair,Installation
ENG01088,Direct Labour,Distinction,Expert,Single Skill,Repair,None
ENG01089,Direct Labour,Pass,Expert,Single Skill,Service,None
ENG01090,Direct Labour,Distinction,Beginner,Multi Skill,Installation,None
ENG01091,Contractor,Pass,Expert,Single Skill,Repair,None
ENG01092,Direct Labour,Pass,Intermediate,Single Skill,Repair,Repair
ENG01093,Contractor,Pass,Intermediate,Multi Skill,Installation,Installation
ENG01094,Direct Labour,Distinction,Beginner,Multi Skill,Installation,Installation
ENG01095,Contractor,Pass,Beginner,Single Skill,Installation,Service
ENG01096,Direct Labour,Pass,Intermediate,Multi Skill,Service,Installation
ENG01097,Contractor,Pass,Beginner,Multi Skill,Service,Repair
ENG01098,Contractor,Merit,Expert,Single Skill,Service,None
ENG01099,Contractor,Pass,Expert,Multi Skill,Service,Service
ENG01100,Direct Labour,Pass,Beginner,Single Skill,Repair,Installation
ENG01101,Direct Labour,Pass,Expert,Multi Skill,Service,None
ENG01102,Direct Labour,Distinction,Beginner,Single Skill,Installation,Service
ENG01103,Direct Labour,Pass,Beginner,Multi Skill,Service,None
ENG01104,Direct Labour,Distinction,Expert,Multi Skill,Repair,Installation
ENG01105,Direct Labour,Pass,Beginner,Multi Skill,Repair,Repair
ENG01106,Contractor,Pass,Expert,Single Skill,Installation,None
ENG01107,Direct Labour,Distinction,Intermediate,Single Skill,Installation,Repair
ENG01108,Contractor,Pass,Expert,Multi Skill,Service,Repair
ENG01109,Direct Labour,Distinction,Beginner,Single Skill,Repair,Repair
ENG01110,Direct Labour,Distinction,Expert,Multi Skill,Repair,None
ENG01111,Contractor,Merit,Intermediate,Multi Skill,Service,Repair
ENG01112,Direct Labour,Distinction,Intermediate,Single Skill,Installation,Repair
ENG01113,Contractor,Merit,Beginner,Multi Skill,Installation,Installation
ENG01114,Contractor,Pass,Expert,Multi Skill,Installation,None
ENG01115,Contractor,Pass,Beginner,Multi Skill,Service,None
ENG01116,Contractor,Merit,Intermediate,Single Skill,Installation,Repair
ENG01117,Contractor,Distinction,Beginner,Single Skill,Service,None
ENG01118,Direct Labour,Distinction,Intermediate,Multi Skill,Service,Installation
ENG01119,Direct Labour,Pass,Intermediate,Single Skill,Service,Service
ENG01120,Contractor,Merit,Beginner,Single Skill,Service,Service
ENG01121,Contractor,Distinction,Beginner,Single Skill,Service,Repair
ENG01122,Direct Labour,Distinction,Beginner,Multi Skill,Repair,Service
ENG01123,Direct Labour,Merit,Intermediate,Single Skill,Installation,None
ENG01124,Direct Labour,Distinction,Expert,Multi Skill,Installation,Repair
ENG01125,Direct Labour,Merit,Beginner,Multi Skill,Repair,Service
ENG01126,Direct Labour,Merit,Intermediate,Single Skill,Service,Repair
ENG01127,Contractor,Merit,Beginner,Multi Skill,Installation,Repair
ENG01128,Direct Labour,Distinction,Beginner,Multi Skill,Service,Installation
ENG01129,Contractor,Pass,Beginner,Single Skill,Service,None
ENG01130,Contractor,Distinction,Expert,Multi Skill,Service,Service
ENG01131,Contractor,Distinction,Beginner,Multi Skill,Service,Repair
ENG01132,Direct Labour,Merit,Intermediate,Single Skill,Service,Installation
ENG01133,Direct Labour,Merit,Intermediate,Multi Skill,Installation,Repair
ENG01134,Contractor,Distinction,Expert,Single Skill,Service,None
ENG01135,Direct Labour,Merit,Intermediate,Multi Skill,Service,Repair
ENG01136,Direct Labour,Distinction,Intermediate,Single Skill,Service,None
ENG01137,Direct Labour,Pass,Intermediate,Single Skill,Service,Repair
ENG01138,Contractor,Distinction,Intermediate,Single Skill,Installation,None
ENG01139,Contractor,Pass,Beginner,Multi Skill,Repair,Repair
ENG01140,Contractor,Pass,Beginner,Single Skill,Repair,Installation
ENG01141,Contractor,Pass,Intermediate,Single Skill,Service,Service
ENG01142,Direct Labour,Pass,Beginner,Single Skill,Repair,Installation
ENG01143,Direct Labour,Pass,Expert,Single Skill,Service,Service
ENG01144,Contractor,Merit,Intermediate,Multi Skill,Repair,Repair
ENG01145,Direct Labour,Pass,Expert,Multi Skill,Repair,Repair
ENG01146,Contractor,Pass,Beginner,Multi Skill,Service,Installation
ENG01147,Contractor,Distinction,Expert,Single Skill,Repair,Repair
ENG01148,Direct Labour,Distinction,Intermediate,Single Skill,Repair,Service
ENG01149,Contractor,Distinction,Expert,Multi Skill,Repair,None
ENG01150,Contractor,Distinction,Expert,Multi Skill,Service,None
ENG01151,Direct Labour,Pass,Expert,Single Skill,Installation,Service
ENG01152,Direct Labour,Pass,Expert,Single Skill,Installation,Installation
ENG01153,Contractor,Merit,Intermediate,Single Skill,Service,None
ENG01154,Contractor,Pass,Intermediate,Single Skill,Repair,None
ENG01155,Contractor,Pass,Intermediate,Multi Skill,Repair,Service
ENG01156,Contractor,Merit,Intermediate,Multi Skill,Installation,Repair
ENG01157,Direct Labour,Pass,Expert,Single Skill,Repair,Installation
ENG01158,Direct Labour,Pass,Beginner,Multi Skill,Repair,None
ENG01159,Contractor,Pass,Intermediate,Multi Skill,Service,Repair
ENG01160,Direct Labour,Merit,Beginner,Multi Skill,Installation,None
ENG01161,Direct Labour,Distinction,Intermediate,Multi Skill,Installation,None
ENG01162,Contractor,Pass,Intermediate,Multi Skill,Service,Repair
ENG01163,Direct Labour,Distinction,Beginner,Multi Skill,Repair,None
ENG01164,Contractor,Pass,Intermediate,Multi Skill,Repair,Installation
ENG01165,Contractor,Pass,Expert,Multi Skill,Installation,None
ENG01166,Direct Labour,Merit,Expert,Single Skill,Repair,Service
ENG01167,Direct Labour,Merit,Expert,Single Skill,Service,None
ENG01168,Direct Labour,Distinction,Beginner,Single Skill,Installation,Repair
ENG01169,Direct Labour,Merit,Intermediate,Multi Skill,Service,None
ENG01170,Direct Labour,Merit,Intermediate,Single Skill,Installation,Installation
ENG01171,Direct Labour,Distinction,Intermediate,Multi Skill,Repair,None
ENG01172,Contractor,Distinction,Beginner,Single Skill,Installation,None
ENG01173,Direct Labour,Pass,Intermediate,Multi Skill,Service,Installation
ENG01174,Contractor,Merit,Intermediate,Multi Skill,Installation,Installation
ENG01175,Direct Labour,Pass,Expert,Single Skill,Service,Service
ENG01176,Contractor,Distinction,Beginner,Single Skill,Installation,None
ENG01177,Contractor,Merit,Beginner,Multi Skill,Installation,None
ENG01178,Direct Labour,Distinction,Expert,Multi Skill,Installation,Repair
ENG01179,Contractor,Pass,Beginner,Single Skill,Installation,Service
ENG01180,Direct Labour,Merit,Intermediate,Single Skill,Service,Installation
ENG01181,Contractor,Merit,Beginner,Multi Skill,Repair,Service
ENG01182,Contractor,Merit,Expert,Multi Skill,Installation,Installation
ENG01183,Direct Labour,Distinction,Beginner,Multi Skill,Installation,Repair
ENG01184,Direct Labour,Pass,Expert,Multi Skill,Service,Service
ENG01185,Direct Labour,Merit,Expert,Multi Skill,Installation,Repair
ENG01186,Direct Labour,Pass,Expert,Multi Skill,Service,Installation
ENG01187,Direct Labour,Pass,Intermediate,Single Skill,Installation,None
ENG01188,Contractor,Distinction,Intermediate,Multi Skill,Repair,None
ENG01189,Direct Labour,Merit,Expert,Multi Skill,Service,Installation
ENG01190,Contractor,Merit,Intermediate,Single Skill,Repair,Repair
ENG01191,Direct Labour,Pass,Intermediate,Multi Skill,Repair,Installation
ENG01192,Direct Labour,Pass,Intermediate,Multi Skill,Repair,Repair
ENG01193,Direct Labour,Distinction,Intermediate,Multi Skill,Repair,Service
ENG01194,Direct Labour,Pass,Expert,Multi Skill,Repair,Repair
ENG01195,Contractor,Distinction,Expert,Multi Skill,Installation,Repair
ENG01196,Direct Labour,Distinction,Beginner,Single Skill,Installation,None
ENG01197,Direct Labour,Pass,Beginner,Multi Skill,Service,Installation
ENG01198,Direct Labour,Distinction,Intermediate,Multi Skill,Service,None
ENG01199,Contractor,Merit,Beginner,Multi Skill,Service,Installation
ENG01200,Contractor,Merit,Expert,Single Skill,Service,None
ENG01201,Direct Labour,Merit,Beginner,Single Skill,Installation,Repair
ENG01202,Direct Labour,Pass,Beginner,Multi Skill,Repair,Repair
ENG01203,Contractor,Distinction,Intermediate,Multi Skill,Service,Installation
ENG01204,Direct Labour,Merit,Beginner,Multi Skill,Service,Installation
ENG01205,Contractor,Distinction,Expert,Single Skill,Service,None
ENG01206,Contractor,Pass,Beginner,Multi Skill,Service,Repair
ENG01207,Contractor,Distinction,Intermediate,Single Skill,Installation,Repair
ENG01208,Direct Labour,Pass,Expert,Multi Skill,Service,Service
ENG01209,Direct Labour,Pass,Expert,Multi Skill,Service,Repair
ENG01210,Direct Labour,Pass,Expert,Multi Skill,Installation,Service
ENG01211,Contractor,Pass,Expert,Multi Skill,Installation,Installation
ENG01212,Contractor,Merit,Expert,Multi Skill,Service,None
ENG01213,Contractor,Pass,Expert,Single Skill,Repair,None
ENG01214,Contractor,Merit,Expert,Multi Skill,Repair,Repair
ENG01215,Direct Labour,Merit,Expert,Multi Skill,Repair,Installation
ENG01216,Contractor,Distinction,Beginner,Multi Skill,Installation,Repair
ENG01217,Direct Labour,Pass,Intermediate,Single Skill,Repair,Installation
ENG01218,Direct Labour,Pass,Beginner,Multi Skill,Repair,None
ENG01219,Contractor,Merit,Expert,Multi Skill,Service,Installation
ENG01220,Direct Labour,Pass,Intermediate,Single Skill,Repair,Service
ENG01221,Direct Labour,Merit,Expert,Multi Skill,Service,Installation
ENG01222,Direct Labour,Merit,Expert,Single Skill,Installation,Installation
ENG01223,Contractor,Merit,Expert,Single Skill,Repair,Installation
ENG01224,Contractor,Pass,Beginner,Multi Skill,Service,Repair
ENG01225,Direct Labour,Distinction,Intermediate,Single Skill,Installation,Service
ENG01226,Direct Labour,Merit,Beginner,Single Skill,Service,None
ENG01227,Contractor,Pass,Expert,Single Skill,Installation,None
ENG01228,Contractor,Merit,Expert,Multi Skill,Service,Installation
ENG01229,Direct Labour,Merit,Expert,Single Skill,Installation,Service
ENG01230,Contractor,Merit,Intermediate,Single Skill,Service,None
ENG01231,Direct Labour,Distinction,Expert,Single Skill,Service,Service
ENG01232,Contractor,Merit,Intermediate,Single Skill,Service,Repair
ENG01233,Direct Labour,Distinction,Expert,Multi Skill,Installation,Installation
ENG01234,Contractor,Merit,Intermediate,Multi Skill,Installation,Service
ENG01235,Direct Labour,Pass,Beginner,Single Skill,Service,Service
ENG01236,Direct Labour,Pass,Beginner,Single Skill,Service,Service
ENG01237,Direct Labour,Pass,Beginner,Single Skill,Service,None
ENG01238,Contractor,Merit,Intermediate,Single Skill,Installation,Installation
ENG01239,Direct Labour,Distinction,Intermediate,Single Skill,Repair,Service
ENG01240,Direct Labour,Distinction,Intermediate,Single Skill,Service,None
ENG01241,Direct Labour,Pass,Expert,Multi Skill,Installation,Installation
ENG01242,Direct Labour,Merit,Intermediate,Multi Skill,Service,None
ENG01243,Contractor,Pass,Intermediate,Multi Skill,Installation,Installation
ENG01244,Contractor,Pass,Intermediate,Single Skill,Installation,Service
ENG01245,Contractor,Merit,Beginner,Single Skill,Installation,Repair
ENG01246,Contractor,Distinction,Beginner,Multi Skill,Service,None
ENG01247,Contractor,Merit,Expert,Single Skill,Repair,None
ENG01248,Direct Labour,Merit,Intermediate,Single Skill,Repair,Service
ENG01249,Direct Labour,Pass,Expert,Single Skill,Installation,Installation
ENG01250,Contractor,Pass,Expert,Single Skill,Repair,Service
ENG01251,Direct Labour,Merit,Beginner,Single Skill,Repair,Repair
ENG01252,Direct Labour,Merit,Intermediate,Multi Skill,Repair,Installation
ENG01253,Direct Labour,Distinction,Intermediate,Multi Skill,Repair,Installation
ENG01254,Direct Labour,Distinction,Beginner,Single Skill,Service,Service
ENG01255,Contractor,Distinction,Beginner,Multi Skill,Repair,None
ENG01256,Direct Labour,Pass,Beginner,Single Skill,Service,Service
ENG01257,Direct Labour,Distinction,Beginner,Single Skill,Service,Installation
ENG01258,Contractor,Pass,Beginner,Multi Skill,Installation,Installation
ENG01259,Direct Labour,Pass,Intermediate,Single Skill,Repair,Repair
ENG01260,Contractor,Pass,Intermediate,Single Skill,Repair,None
ENG01261,Direct Labour,Pass,Beginner,Multi Skill,Installation,Service
ENG01262,Contractor,Pass,Expert,Multi Skill,Repair,None
ENG01263,Contractor,Merit,Beginner,Multi Skill,Service,Service
ENG01264,Direct Labour,Distinction,Expert,Multi Skill,Service,Repair
ENG01265,Contractor,Distinction,Beginner,Single Skill,Repair,Installation
ENG01266,Contractor,Merit,Intermediate,Single Skill,Service,None
ENG01267,Direct Labour,Merit,Expert,Multi Skill,Service,Installation
ENG01268,Contractor,Pass,Beginner,Multi Skill,Repair,Service
ENG01269,Contractor,Pass,Beginner,Single Skill,Service,Installation
ENG01270,Contractor,Merit,Expert,Multi Skill,Service,None
ENG01271,Contractor,Pass,Intermediate,Single Skill,Installation,Service
ENG01272,Contractor,Merit,Expert,Single Skill,Installation,Service
ENG01273,Contractor,Pass,Expert,Multi Skill,Installation,None
ENG01274,Contractor,Pass,Expert,Single Skill,Service,Installation
ENG01275,Direct Labour,Merit,Expert,Multi Skill,Repair,Repair
ENG01276,Direct Labour,Pass,Beginner,Single Skill,Repair,None
ENG01277,Contractor,Merit,Beginner,Multi Skill,Service,Service
ENG01278,Contractor,Distinction,Intermediate,Multi Skill,Installation,Service
ENG01279,Contractor,Pass,Intermediate,Multi Skill,Repair,None
ENG01280,Contractor,Pass,Beginner,Single Skill,Repair,Service
ENG01281,Contractor,Merit,Intermediate,Single Skill,Installation,None
ENG01282,Contractor,Distinction,Expert,Multi Skill,Repair,Service
ENG01283,Direct Labour,Distinction,Intermediate,Multi Skill,Service,Service
ENG01284,Direct Labour,Merit,Intermediate,Multi Skill,Service,None
ENG01285,Contractor,Pass,Intermediate,Single Skill,Service,None
ENG01286,Direct Labour,Distinction,Beginner,Single Skill,Repair,Service
ENG01287,Contractor,Pass,Expert,Single Skill,Installation,Repair
ENG01288,Contractor,Distinction,Expert,Multi Skill,Installation,Repair
ENG01289,Direct Labour,Merit,Intermediate,Multi Skill,Repair,None
ENG01290,Direct Labour,Merit,Beginner,Multi Skill,Installation,Service
ENG01291,Contractor,Distinction,Beginner,Single Skill,Service,Installation
ENG01292,Contractor,Distinction,Expert,Multi Skill,Installation,None
ENG01293,Direct Labour,Merit,Beginner,Single Skill,Repair,None
ENG01294,Direct Labour,Distinction,Expert,Multi Skill,Service,Repair
ENG01295,Direct Labour,Pass,Expert,Single Skill,Service,Repair
ENG01296,Contractor,Distinction,Beginner,Single Skill,Repair,Installation
ENG01297,Direct Labour,Merit,Expert,Multi Skill,Repair,Installation
ENG01298,Direct Labour,Pass,Beginner,Multi Skill,Repair,None
ENG01299,Contractor,Pass,Beginner,Single Skill,Installation,None
ENG01300,Direct Labour,Merit,Expert,Multi Skill,Service,Service
ENG01301,Direct Labour,Distinction,Beginner,Single Skill,Repair,Repair
ENG01302,Direct Labour,Pass,Expert,Multi Skill,Service,Installation
ENG01303,Direct Labour,Distinction,Intermediate,Multi Skill,Repair,Service
ENG01304,Direct Labour,Pass,Beginner,Single Skill,Installation,Installation
ENG01305,Contractor,Distinction,Intermediate,Multi Skill,Installation,Installation
ENG01306,Direct Labour,Pass,Intermediate,Single Skill,Service,None
ENG01307,Direct Labour,Pass,Beginner,Multi Skill,Repair,Installation
ENG01308,Direct Labour,Pass,Intermediate,Single Skill,Service,Service
ENG01309,Direct Labour,Distinction,Intermediate,Multi Skill,Repair,Repair
ENG01310,Contractor,Pass,Expert,Single Skill,Service,Service
ENG01311,Contractor,Distinction,Intermediate,Multi Skill,Service,Repair
ENG01312,Direct Labour,Distinction,Expert,Multi Skill,Installation,Service
ENG01313,Contractor,Distinction,Intermediate,Single Skill,Installation,None
ENG01314,Direct Labour,Merit,Beginner,Multi Skill,Repair,Service
ENG01315,Direct Labour,Pass,Beginner,Single Skill,Installation,Service
ENG01316,Direct Labour,Merit,Beginner,Multi Skill,Installation,Installation
ENG01317,Contractor,Merit,Beginner,Single Skill,Service,Repair
ENG01318,Direct Labour,Pass,Expert,Multi Skill,Service,Repair
ENG01319,Contractor,Merit,Intermediate,Single Skill,Service,Service
ENG01320,Contractor,Pass,Intermediate,Single Skill,Repair,Repair
ENG01321,Direct Labour,Distinction,Beginner,Single Skill,Installation,Service
ENG01322,Direct Labour,Pass,Beginner,Multi Skill,Service,Service
ENG01323,Contractor,Pass,Intermediate,Multi Skill,Installation,None
ENG01324,Contractor,Distinction,Intermediate,Multi Skill,Installation,Repair
ENG01325,Contractor,Pass,Intermediate,Multi Skill,Repair,None
ENG01326,Contractor,Pass,Intermediate,Single Skill,Installation,None
ENG01327,Contractor,Merit,Beginner,Single Skill,Installation,None
ENG01328,Contractor,Distinction,Expert,Single Skill,Installation,Repair
ENG01329,Contractor,Distinction,Beginner,Multi Skill,Installation,Installation
ENG01330,Contractor,Distinction,Intermediate,Multi Skill,Repair,Service
ENG01331,Direct Labour,Distinction,Intermediate,Multi Skill,Installation,None
ENG01332,Contractor,Pass,Expert,Single Skill,Installation,None
ENG01333,Contractor,Distinction,Expert,Multi Skill,Repair,None
ENG01334,Contractor,Merit,Beginner,Single Skill,Repair,Service
ENG01335,Contractor,Pass,Beginner,Single Skill,Service,None
ENG01336,Contractor,Merit,Beginner,Single Skill,Service,Repair
ENG01337,Direct Labour,Distinction,Intermediate,Single Skill,Repair,Repair
ENG01338,Contractor,Pass,Beginner,Multi Skill,Installation,Installation
ENG01339,Contractor,Distinction,Beginner,Multi Skill,Installation,Service
ENG01340,Contractor,Merit,Beginner,Single Skill,Service,Installation
ENG01341,Direct Labour,Merit,Expert,Multi Skill,Service,Service
ENG01342,Direct Labour,Distinction,Beginner,Multi Skill,Repair,Repair
ENG01343,Direct Labour,Pass,Intermediate,Single Skill,Repair,Service
ENG01344,Contractor,Distinction,Beginner,Single Skill,Repair,Service
ENG01345,Direct Labour,Merit,Expert,Multi Skill,Repair,Repair
ENG01346,Contractor,Pass,Expert,Single Skill,Installation,None
ENG01347,Direct Labour,Merit,Expert,Single Skill,Repair,Repair
ENG01348,Direct Labour,Merit,Beginner,Multi Skill,Installation,Repair
ENG01349,Contractor,Merit,Intermediate,Single Skill,Repair,Service
ENG01350,Contractor,Pass,Intermediate,Single Skill,Installation,Repair
ENG01351,Contractor,Distinction,Beginner,Single Skill,Installation,Service
ENG01352,Contractor,Merit,Intermediate,Multi Skill,Repair,Installation
ENG01353,Direct Labour,Pass,Expert,Single Skill,Repair,Repair
ENG01354,Contractor,Pass,Beginner,Multi Skill,Repair,None
ENG01355,Contractor,Merit,Expert,Single Skill,Installation,None
ENG01356,Contractor,Pass,Beginner,Multi Skill,Repair,None
ENG01357,Direct Labour,Pass,Beginner,Single Skill,Repair,Repair
ENG01358,Contractor,Merit,Intermediate,Multi Skill,Installation,Installation
ENG01359,Direct Labour,Distinction,Intermediate,Multi Skill,Service,Installation
ENG01360,Direct Labour,Distinction,Intermediate,Multi Skill,Installation,Installation
ENG01361,Contractor,Pass,Intermediate,Multi Skill,Repair,Installation
ENG01362,Contractor,Merit,Beginner,Single Skill,Service,Service
ENG01363,Contractor,Pass,Intermediate,Multi Skill,Service,Service
ENG01364,Contractor,Pass,Beginner,Single Skill,Installation,None
ENG01365,Direct Labour,Pass,Intermediate,Multi Skill,Repair,None
ENG01366,Contractor,Pass,Expert,Multi Skill,Repair,Installation
ENG01367,Direct Labour,Pass,Expert,Single Skill,Installation,Installation
ENG01368,Contractor,Distinction,Expert,Multi Skill,Installation,Service
ENG01369,Contractor,Merit,Beginner,Multi Skill,Repair,Installation
ENG01370,Contractor,Distinction,Beginner,Multi Skill,Installation,Installation
ENG01371,Contractor,Merit,Intermediate,Multi Skill,Repair,Repair
ENG01372,Contractor,Merit,Beginner,Multi Skill,Installation,Service
ENG01373,Direct Labour,Pass,Intermediate,Single Skill,Installation,Repair
ENG01374,Direct Labour,Distinction,Intermediate,Multi Skill,Installation,Repair
ENG01375,Contractor,Distinction,Beginner,Single Skill,Repair,Installation
ENG01376,Direct Labour,Merit,Expert,Single Skill,Service,Repair
ENG01377,Contractor,Distinction,Expert,Multi Skill,Repair,None
ENG01378,Direct Labour,Distinction,Intermediate,Single Skill,Repair,Installation
ENG01379,Direct Labour,Merit,Expert,Multi Skill,Service,None
ENG01380,Contractor,Merit,Expert,Multi Skill,Installation,Repair
ENG01381,Contractor,Pass,Intermediate,Single Skill,Repair,Repair
ENG01382,Contractor,Pass,Beginner,Multi Skill,Service,None
ENG01383,Direct Labour,Distinction,Beginner,Multi Skill,Installation,None
ENG01384,Contractor,Distinction,Intermediate,Multi Skill,Repair,Service
ENG01385,Contractor,Distinction,Expert,Multi Skill,Service,Repair
ENG01386,Direct Labour,Pass,Beginner,Single Skill,Installation,Service
ENG01387,Direct Labour,Pass,Expert,Multi Skill,Installation,None
ENG01388,Direct Labour,Pass,Expert,Single Skill,Service,Service
ENG01389,Contractor,Distinction,Expert,Single Skill,Repair,None
ENG01390,Direct Labour,Distinction,Beginner,Single Skill,Service,None
ENG01391,Direct Labour,Merit,Beginner,Single Skill,Installation,None
ENG01392,Direct Labour,Distinction,Beginner,Multi Skill,Repair,Repair
ENG01393,Contractor,Merit,Expert,Single Skill,Installation,Repair
ENG01394,Contractor,Pass,Expert,Single Skill,Service,Service
ENG01395,Contractor,Merit,Beginner,Single Skill,Service,Service
ENG01396,Direct Labour,Pass,Intermediate,Single Skill,Repair,Repair
ENG01397,Contractor,Distinction,Beginner,Single Skill,Repair,Installation
ENG01398,Direct Labour,Merit,Expert,Single Skill,Service,Repair
ENG01399,Direct Labour,Pass,Expert,Multi Skill,Installation,Installation
ENG01400,Contractor,Merit,Intermediate,Single Skill,Installation,Service
ENG01401,Contractor,Pass,Expert,Single Skill,Repair,None
ENG01402,Direct Labour,Merit,Intermediate,Multi Skill,Service,Service
ENG01403,Direct Labour,Pass,Beginner,Multi Skill,Repair,Repair
ENG01404,Contractor,Distinction,Expert,Multi Skill,Installation,Service
ENG01405,Direct Labour,Distinction,Expert,Multi Skill,Installation,None
ENG01406,Contractor,Merit,Intermediate,Multi Skill,Service,None
ENG01407,Contractor,Pass,Beginner,Multi Skill,Service,Repair
ENG01408,Direct Labour,Distinction,Intermediate,Multi Skill,Installation,Repair
ENG01409,Contractor,Distinction,Beginner,Single Skill,Installation,Installation
ENG01410,Direct Labour,Merit,Beginner,Single Skill,Repair,Installation
ENG01411,Direct Labour,Pass,Beginner,Multi Skill,Installation,Service
ENG01412,Contractor,Merit,Intermediate,Single Skill,Service,None
ENG01413,Direct Labour,Distinction,Beginner,Multi Skill,Repair,Repair
ENG01414,Contractor,Merit,Intermediate,Multi Skill,Service,Repair
ENG01415,Direct Labour,Distinction,Expert,Multi Skill,Service,Installation
ENG01416,Contractor,Merit,Beginner,Single Skill,Installation,None
ENG01417,Contractor,Distinction,Expert,Single Skill,Installation,None
ENG01418,Contractor,Pass,Expert,Multi Skill,Repair,None
ENG01419,Contractor,Distinction,Intermediate,Multi Skill,Installation,Service
ENG01420,Direct Labour,Merit,Expert,Single Skill,Service,Service
ENG01421,Contractor,Pass,Expert,Single Skill,Service,None
ENG01422,Contractor,Pass,Intermediate,Multi Skill,Installation,Installation
ENG01423,Contractor,Merit,Expert,Single Skill,Installation,Service
ENG01424,Contractor,Pass,Expert,Multi Skill,Installation,Repair
ENG01425,Contractor,Merit,Expert,Single Skill,Installation,Installation
ENG01426,Direct Labour,Pass,Beginner,Single Skill,Installation,None
ENG01427,Direct Labour,Pass,Beginner,Multi Skill,Repair,Repair
ENG01428,Direct Labour,Pass,Intermediate,Multi Skill,Repair,Installation
ENG01429,Direct Labour,Merit,Intermediate,Multi Skill,Service,Service
ENG01430,Direct Labour,Distinction,Beginner,Single Skill,Installation,Repair
ENG01431,Contractor,Merit,Beginner,Single Skill,Installation,None
ENG01432,Direct Labour,Merit,Beginner,Single Skill,Installation,Service
ENG01433,Direct Labour,Pass,Beginner,Multi Skill,Service,Installation
ENG01434,Direct Labour,Merit,Intermediate,Single Skill,Repair,Service
ENG01435,Contractor,Merit,Intermediate,Single Skill,Installation,Repair
ENG01436,Direct Labour,Merit,Expert,Multi Skill,Installation,Repair
ENG01437,Contractor,Merit,Intermediate,Single Skill,Repair,None
ENG01438,Direct Labour,Pass,Expert,Multi Skill,Repair,Installation
ENG01439,Direct Labour,Pass,Beginner,Single Skill,Repair,Installation
ENG01440,Direct Labour,Pass,Intermediate,Single Skill,Service,None
ENG01441,Contractor,Merit,Intermediate,Multi Skill,Installation,Service
ENG01442,Contractor,Merit,Intermediate,Multi Skill,Repair,Service
ENG01443,Direct Labour,Merit,Expert,Single Skill,Repair,Service
ENG01444,Direct Labour,Pass,Beginner,Single Skill,Service,None
ENG01445,Direct Labour,Distinction,Beginner,Single Skill,Repair,Installation
ENG01446,Direct Labour,Distinction,Intermediate,Multi Skill,Installation,Service
ENG01447,Direct Labour,Distinction,Intermediate,Multi Skill,Repair,Repair
ENG01448,Direct Labour,Pass,Expert,Multi Skill,Installation,None
ENG01449,Direct Labour,Merit,Intermediate,Single Skill,Repair,Installation
ENG01450,Direct Labour,Pass,Beginner,Multi Skill,Installation,Repair
ENG01451,Direct Labour,Merit,Expert,Multi Skill,Installation,Installation
ENG01452,Direct Labour,Distinction,Intermediate,Single Skill,Service,Service
ENG01453,Direct Labour,Merit,Expert,Multi Skill,Service,Installation
ENG01454,Direct Labour,Distinction,Intermediate,Multi Skill,Service,Installation
ENG01455,Contractor,Pass,Beginner,Multi Skill,Repair,Service
ENG01456,Contractor,Pass,Beginner,Multi Skill,Installation,Installation
ENG01457,Contractor,Merit,Intermediate,Multi Skill,Service,Installation
ENG01458,Contractor,Distinction,Intermediate,Single Skill,Installation,None
ENG01459,Direct Labour,Pass,Beginner,Multi Skill,Service,Repair
ENG01460,Contractor,Distinction,Intermediate,Single Skill,Repair,Installation
ENG01461,Contractor,Pass,Intermediate,Multi Skill,Installation,Installation
ENG01462,Contractor,Distinction,Expert,Multi Skill,Installation,Installation
ENG01463,Contractor,Distinction,Expert,Multi Skill,Repair,None
ENG01464,Direct Labour,Merit,Intermediate,Multi Skill,Repair,None
ENG01465,Contractor,Pass,Intermediate,Single Skill,Repair,None
ENG01466,Contractor,Distinction,Beginner,Single Skill,Repair,Service
ENG01467,Contractor,Pass,Intermediate,Single Skill,Repair,None
ENG01468,Contractor,Pass,Beginner,Multi Skill,Installation,Repair
ENG01469,Contractor,Distinction,Beginner,Single Skill,Service,None
ENG01470,Direct Labour,Merit,Expert,Single Skill,Service,Installation
ENG01471,Contractor,Pass,Intermediate,Multi Skill,Repair,Service
ENG01472,Contractor,Pass,Beginner,Single Skill,Service,None
ENG01473,Contractor,Merit,Beginner,Multi Skill,Repair,Service
ENG01474,Direct Labour,Distinction,Beginner,Multi Skill,Installation,Installation
ENG01475,Direct Labour,Pass,Beginner,Multi Skill,Service,None
ENG01476,Contractor,Distinction,Intermediate,Multi Skill,Repair,Service
ENG01477,Direct Labour,Merit,Intermediate,Single Skill,Service,Installation
ENG01478,Direct Labour,Merit,Expert,Single Skill,Service,Service
ENG01479,Contractor,Pass,Intermediate,Multi Skill,Service,None
ENG01480,Contractor,Distinction,Intermediate,Multi Skill,Repair,Repair
ENG01481,Direct Labour,Merit,Expert,Single Skill,Repair,Installation
ENG01482,Direct Labour,Pass,Expert,Single Skill,Repair,Installation
ENG01483,Direct Labour,Merit,Beginner,Single Skill,Repair,Installation
ENG01484,Direct Labour,Distinction,Intermediate,Single Skill,Repair,Repair
ENG01485,Direct Labour,Pass,Intermediate,Single Skill,Installation,Installation
ENG01486,Contractor,Distinction,Beginner,Single Skill,Installation,Installation
ENG01487,Direct Labour,Merit,Intermediate,Single Skill,Installation,Service
ENG01488,Direct Labour,Pass,Expert,Single Skill,Repair,None
ENG01489,Contractor,Merit,Intermediate,Multi Skill,Installation,None
ENG01490,Direct Labour,Pass,Intermediate,Single Skill,Repair,Service
ENG01491,Direct Labour,Pass,Expert,Multi Skill,Installation,None
ENG01492,Contractor,Merit,Beginner,Multi Skill,Installation,Installation
ENG01493,Direct Labour,Distinction,Intermediate,Multi Skill,Service,None
ENG01494,Contractor,Merit,Expert,Single Skill,Service,Installation
ENG01495,Contractor,Distinction,Intermediate,Single Skill,Service,Service
ENG01496,Direct Labour,Pass,Beginner,Multi Skill,Installation,Installation
ENG01497,Direct Labour,Merit,Beginner,Multi Skill,Repair,Repair
ENG01498,Contractor,Merit,Intermediate,Multi Skill,Installation,Service
ENG01499,Direct Labour,Merit,Expert,Single Skill,Repair,Service
ENG01500,Direct Labour,Merit,Beginner,Multi Skill,Installation,None
ENG01501,Contractor,Distinction,Beginner,Single Skill,Repair,Service
ENG01502,Direct Labour,Distinction,Intermediate,Single Skill,Repair,None
ENG01503,Direct Labour,Pass,Beginner,Multi Skill,Service,Installation
ENG01504,Direct Labour,Merit,Intermediate,Multi Skill,Service,Installation
ENG01505,Contractor,Distinction,Beginner,Single Skill,Repair,None
ENG01506,Direct Labour,Pass,Intermediate,Multi Skill,Service,Installation
ENG01507,Direct Labour,Distinction,Expert,Single Skill,Service,Installation
ENG01508,Direct Labour,Distinction,Beginner,Single Skill,Repair,None
ENG01509,Contractor,Distinction,Beginner,Multi Skill,Installation,Repair
ENG01510,Direct Labour,Pass,Beginner,Multi Skill,Repair,Installation
ENG01511,Contractor,Distinction,Intermediate,Single Skill,Service,Repair
ENG01512,Direct Labour,Distinction,Expert,Multi Skill,Repair,Installation
ENG01513,Direct Labour,Pass,Intermediate,Multi Skill,Service,Installation
ENG01514,Contractor,Distinction,Expert,Single Skill,Installation,None
ENG01515,Direct Labour,Merit,Intermediate,Single Skill,Repair,Service
ENG01516,Direct Labour,Pass,Intermediate,Multi Skill,Service,Installation
ENG01517,Contractor,Merit,Intermediate,Single Skill,Repair,Installation
ENG01518,Contractor,Distinction,Expert,Single Skill,Repair,Installation
ENG01519,Direct Labour,Merit,Expert,Multi Skill,Service,Installation
ENG01520,Direct Labour,Pass,Beginner,Multi Skill,Service,None
ENG01521,Direct Labour,Merit,Intermediate,Single Skill,Repair,Installation
ENG01522,Direct Labour,Distinction,Expert,Multi Skill,Installation,None
ENG01523,Direct Labour,Distinction,Expert,Single Skill,Repair,None
ENG01524,Direct Labour,Pass,Intermediate,Multi Skill,Repair,Service
ENG01525,Contractor,Pass,Beginner,Multi Skill,Service,Service
ENG01526,Contractor,Pass,Intermediate,Single Skill,Repair,Installation
ENG01527,Direct Labour,Distinction,Expert,Multi Skill,Repair,Service
ENG01528,Direct Labour,Distinction,Expert,Multi Skill,Installation,Service
ENG01529,Direct Labour,Pass,Intermediate,Multi Skill,Repair,Repair
ENG01530,Direct Labour,Merit,Intermediate,Single Skill,Service,Repair
ENG01531,Direct Labour,Pass,Intermediate,Single Skill,Installation,Installation
ENG01532,Contractor,Distinction,Beginner,Single Skill,Repair,Service
ENG01533,Direct Labour,Distinction,Intermediate,Single Skill,Repair,None
ENG01534,Direct Labour,Pass,Intermediate,Single Skill,Installation,None
ENG01535,Direct Labour,Distinction,Expert,Single Skill,Repair,Repair
ENG01536,Direct Labour,Distinction,Beginner,Single Skill,Repair,Repair
ENG01537,Contractor,Distinction,Intermediate,Single Skill,Installation,Repair
ENG01538,Contractor,Pass,Intermediate,Single Skill,Installation,Service
ENG01539,Contractor,Pass,Expert,Single Skill,Service,None
ENG01540,Direct Labour,Pass,Expert,Multi Skill,Service,Installation
ENG01541,Direct Labour,Distinction,Beginner,Multi Skill,Installation,Installation
ENG01542,Direct Labour,Pass,Beginner,Single Skill,Service,None
ENG01543,Contractor,Merit,Intermediate,Single Skill,Installation,Service
ENG01544,Direct Labour,Distinction,Beginner,Single Skill,Service,Service
ENG01545,Contractor,Pass,Expert,Multi Skill,Installation,None
ENG01546,Contractor,Merit,Beginner,Multi Skill,Repair,None
ENG01547,Direct Labour,Pass,Expert,Single Skill,Installation,Installation
ENG01548,Direct Labour,Merit,Intermediate,Multi Skill,Repair,Repair
ENG01549,Contractor,Merit,Intermediate,Multi Skill,Repair,Service
ENG01550,Contractor,Distinction,Expert,Multi Skill,Service,Service
ENG01551,Contractor,Distinction,Intermediate,Single Skill,Installation,Repair
ENG01552,Direct Labour,Merit,Intermediate,Multi Skill,Repair,Service
ENG01553,Contractor,Pass,Intermediate,Multi Skill,Service,Installation
ENG01554,Contractor,Merit,Intermediate,Single Skill,Installation,Service
ENG01555,Contractor,Pass,Beginner,Multi Skill,Installation,Installation
ENG01556,Contractor,Distinction,Intermediate,Single Skill,Installation,Installation
ENG01557,Direct Labour,Distinction,Intermediate,Single Skill,Repair,None
ENG01558,Contractor,Merit,Beginner,Multi Skill,Installation,Installation
ENG01559,Direct Labour,Merit,Expert,Single Skill,Service,Installation
ENG01560,Direct Labour,Merit,Expert,Single Skill,Repair,Repair
ENG01561,Direct Labour,Pass,Beginner,Single Skill,Service,Service
ENG01562,Direct Labour,Distinction,Expert,Multi Skill,Installation,Installation
ENG01563,Contractor,Merit,Expert,Multi Skill,Repair,Installation
ENG01564,Direct Labour,Pass,Intermediate,Multi Skill,Repair,Repair
ENG01565,Contractor,Pass,Expert,Single Skill,Service,Repair
ENG01566,Contractor,Distinction,Beginner,Single Skill,Service,Repair
ENG01567,Direct Labour,Pass,Intermediate,Single Skill,Installation,Installation
ENG01568,Direct Labour,Merit,Expert,Multi Skill,Service,None
ENG01569,Contractor,Merit,Intermediate,Multi Skill,Repair,Service
ENG01570,Contractor,Distinction,Intermediate,Single Skill,Repair,None
ENG01571,Direct Labour,Distinction,Beginner,Multi Skill,Repair,Repair
ENG01572,Contractor,Distinction,Beginner,Single Skill,Service,None
ENG01573,Direct Labour,Pass,Expert,Multi Skill,Repair,Service
ENG01574,Direct Labour,Distinction,Intermediate,Multi Skill,Repair,Installation
ENG01575,Contractor,Distinction,Intermediate,Single Skill,Repair,None
ENG01576,Direct Labour,Distinction,Beginner,Single Skill,Repair,None
ENG01577,Contractor,Merit,Expert,Single Skill,Service,Installation
ENG01578,Contractor,Merit,Expert,Multi Skill,Service,Service
ENG01579,Direct Labour,Merit,Beginner,Single Skill,Service,Service
ENG01580,Contractor,Distinction,Beginner,Single Skill,Service,Installation
ENG01581,Contractor,Distinction,Beginner,Single Skill,Installation,Installation
ENG01582,Contractor,Distinction,Expert,Multi Skill,Repair,None
ENG01583,Direct Labour,Merit,Intermediate,Single Skill,Installation,None
ENG01584,Direct Labour,Distinction,Expert,Multi Skill,Service,Repair
ENG01585,Contractor,Distinction,Expert,Multi Skill,Service,Installation
ENG01586,Contractor,Pass,Expert,Single Skill,Repair,None
ENG01587,Contractor,Merit,Intermediate,Single Skill,Installation,Repair
ENG01588,Contractor,Merit,Beginner,Single Skill,Installation,Repair
ENG01589,Contractor,Distinction,Intermediate,Single Skill,Installation,Installation
ENG01590,Direct Labour,Distinction,Beginner,Single Skill,Repair,None
ENG01591,Direct Labour,Distinction,Intermediate,Single Skill,Installation,Installation
ENG01592,Contractor,Distinction,Beginner,Multi Skill,Repair,Installation
ENG01593,Contractor,Distinction,Intermediate,Multi Skill,Installation,Repair
ENG01594,Contractor,Pass,Intermediate,Single Skill,Service,Installation
ENG01595,Direct Labour,Distinction,Beginner,Single Skill,Repair,Installation
ENG01596,Contractor,Pass,Intermediate,Single Skill,Service,Installation
ENG01597,Direct Labour,Merit,Intermediate,Single Skill,Repair,None
ENG01598,Direct Labour,Merit,Beginner,Multi Skill,Repair,None
ENG01599,Contractor,Distinction,Intermediate,Multi Skill,Repair,None
ENG01600,Direct Labour,Pass,Intermediate,Single Skill,Service,Installation
ENG01601,Contractor,Pass,Beginner,Single Skill,Installation,Service
ENG01602,Direct Labour,Merit,Intermediate,Multi Skill,Repair,Repair
ENG01603,Contractor,Pass,Beginner,Multi Skill,Service,Installation
ENG01604,Contractor,Pass,Beginner,Single Skill,Installation,Service
ENG01605,Contractor,Merit,Expert,Single Skill,Repair,Installation
ENG01606,Direct Labour,Merit,Beginner,Single Skill,Repair,Service
ENG01607,Contractor,Distinction,Beginner,Single Skill,Service,Installation
ENG01608,Direct Labour,Pass,Expert,Single Skill,Installation,Repair
ENG01609,Direct Labour,Merit,Intermediate,Multi Skill,Service,Repair
ENG01610,Contractor,Distinction,Intermediate,Multi Skill,Repair,Repair
ENG01611,Contractor,Merit,Expert,Single Skill,Installation,Service
ENG01612,Contractor,Merit,Intermediate,Single Skill,Installation,Service
ENG01613,Contractor,Distinction,Expert,Single Skill,Repair,Service
ENG01614,Direct Labour,Distinction,Expert,Multi Skill,Installation,Repair
ENG01615,Direct Labour,Pass,Expert,Single Skill,Installation,Repair
ENG01616,Direct Labour,Pass,Beginner,Multi Skill,Repair,None
ENG01617,Direct Labour,Merit,Expert,Single Skill,Installation,Service
ENG01618,Contractor,Pass,Expert,Single Skill,Repair,Repair
ENG01619,Contractor,Distinction,Intermediate,Multi Skill,Repair,Service
ENG01620,Contractor,Merit,Expert,Single Skill,Repair,None
ENG01621,Direct Labour,Pass,Expert,Single Skill,Service,Repair
ENG01622,Direct Labour,Distinction,Intermediate,Single Skill,Service,Service
ENG01623,Contractor,Distinction,Expert,Single Skill,Repair,Repair
ENG01624,Direct Labour,Pass,Expert,Single Skill,Installation,None
ENG01625,Contractor,Pass,Intermediate,Multi Skill,Service,None
ENG01626,Direct Labour,Pass,Intermediate,Multi Skill,Installation,Repair
ENG01627,Contractor,Distinction,Expert,Multi Skill,Service,Service
ENG01628,Contractor,Distinction,Intermediate,Multi Skill,Service,None
ENG01629,Direct Labour,Distinction,Expert,Multi Skill,Repair,Repair
ENG01630,Direct Labour,Merit,Expert,Multi Skill,Installation,None
ENG01631,Contractor,Merit,Intermediate,Single Skill,Service,Installation
ENG01632,Direct Labour,Pass,Beginner,Multi Skill,Installation,Installation
ENG01633,Direct Labour,Merit,Expert,Single Skill,Service,None
ENG01634,Contractor,Pass,Beginner,Single Skill,Service,Installation
ENG01635,Contractor,Distinction,Intermediate,Single Skill,Installation,Installation
ENG01636,Contractor,Distinction,Beginner,Multi Skill,Service,Service
ENG01637,Contractor,Distinction,Expert,Single Skill,Installation,Installation
ENG01638,Contractor,Merit,Expert,Single Skill,Service,Service
ENG01639,Contractor,Merit,Expert,Multi Skill,Repair,Service
ENG01640,Contractor,Pass,Beginner,Multi Skill,Repair,None
ENG01641,Contractor,Merit,Intermediate,Single Skill,Repair,Installation
ENG01642,Contractor,Merit,Expert,Multi Skill,Installation,None
ENG01643,Direct Labour,Merit,Beginner,Multi Skill,Installation,Installation
ENG01644,Direct Labour,Merit,Expert,Multi Skill,Installation,None
ENG01645,Contractor,Distinction,Intermediate,Single Skill,Repair,Installation
ENG01646,Contractor,Merit,Expert,Single Skill,Service,Installation
ENG01647,Direct Labour,Distinction,Beginner,Single Skill,Repair,Service
ENG01648,Contractor,Merit,Beginner,Single Skill,Service,Installation
ENG01649,Direct Labour,Distinction,Expert,Single Skill,Service,Service
ENG01650,Direct Labour,Pass,Beginner,Single Skill,Installation,Installation
ENG01651,Contractor,Merit,Beginner,Multi Skill,Repair,None
ENG01652,Direct Labour,Pass,Beginner,Multi Skill,Repair,Service
ENG01653,Contractor,Pass,Expert,Single Skill,Repair,None
ENG01654,Contractor,Distinction,Intermediate,Multi Skill,Repair,Installation
ENG01655,Contractor,Merit,Beginner,Single Skill,Service,None
ENG01656,Direct Labour,Distinction,Beginner,Single Skill,Service,Repair
ENG01657,Contractor,Pass,Expert,Multi Skill,Service,Installation
ENG01658,Direct Labour,Merit,Expert,Multi Skill,Service,Repair
ENG01659,Direct Labour,Distinction,Intermediate,Single Skill,Installation,Service
ENG01660,Contractor,Pass,Intermediate,Multi Skill,Service,Service
ENG01661,Direct Labour,Merit,Expert,Multi Skill,Installation,Repair
ENG01662,Contractor,Merit,Beginner,Multi Skill,Installation,None
ENG01663,Contractor,Distinction,Intermediate,Multi Skill,Installation,Installation
ENG01664,Contractor,Pass,Expert,Multi Skill,Repair,Repair
ENG01665,Contractor,Merit,Intermediate,Multi Skill,Repair,Service
ENG01666,Contractor,Distinction,Expert,Single Skill,Service,Service
ENG01667,Direct Labour,Pass,Intermediate,Single Skill,Service,Repair
ENG01668,Direct Labour,Merit,Expert,Single Skill,Service,Repair
ENG01669,Contractor,Distinction,Expert,Multi Skill,Installation,Service
ENG01670,Contractor,Distinction,Intermediate,Single Skill,Service,Installation
ENG01671,Direct Labour,Pass,Intermediate,Multi Skill,Service,None
ENG01672,Direct Labour,Pass,Beginner,Multi Skill,Service,None
ENG01673,Contractor,Pass,Expert,Multi Skill,Repair,Service
ENG01674,Direct Labour,Pass,Intermediate,Multi Skill,Installation,Installation
ENG01675,Contractor,Merit,Expert,Single Skill,Service,None
ENG01676,Contractor,Pass,Beginner,Single Skill,Repair,Repair
ENG01677,Contractor,Distinction,Intermediate,Multi Skill,Service,Service
ENG01678,Contractor,Distinction,Beginner,Multi Skill,Service,Service
ENG01679,Contractor,Pass,Intermediate,Multi Skill,Repair,Installation
ENG01680,Direct Labour,Distinction,Expert,Multi Skill,Installation,Installation
ENG01681,Direct Labour,Pass,Expert,Single Skill,Installation,Installation
ENG01682,Direct Labour,Pass,Intermediate,Single Skill,Service,Repair
ENG01683,Contractor,Merit,Expert,Multi Skill,Installation,None
ENG01684,Direct Labour,Pass,Intermediate,Single Skill,Installation,None
ENG01685,Contractor,Merit,Expert,Multi Skill,Repair,None
ENG01686,Contractor,Distinction,Beginner,Multi Skill,Installation,None
ENG01687,Contractor,Merit,Beginner,Single Skill,Installation,None
ENG01688,Contractor,Merit,Beginner,Multi Skill,Repair,Service
ENG01689,Direct Labour,Distinction,Expert,Multi Skill,Service,Installation
ENG01690,Contractor,Pass,Beginner,Multi Skill,Repair,Repair
ENG01691,Direct Labour,Distinction,Beginner,Single Skill,Service,Service
ENG01692,Contractor,Distinction,Expert,Single Skill,Service,Repair
ENG01693,Direct Labour,Pass,Intermediate,Multi Skill,Installation,Installation
ENG01694,Direct Labour,Distinction,Expert,Single Skill,Service,Service
ENG01695,Direct Labour,Merit,Beginner,Multi Skill,Installation,Repair
ENG01696,Contractor,Distinction,Expert,Single Skill,Installation,Service
ENG01697,Direct Labour,Merit,Expert,Multi Skill,Installation,Installation
ENG01698,Contractor,Merit,Beginner,Multi Skill,Service,None
ENG01699,Direct Labour,Pass,Expert,Multi Skill,Repair,None
ENG01700,Contractor,Pass,Intermediate,Multi Skill,Service,None
ENG01701,Contractor,Pass,Beginner,Multi Skill,Installation,None
ENG01702,Contractor,Merit,Expert,Multi Skill,Repair,Repair
ENG01703,Direct Labour,Pass,Intermediate,Single Skill,Service,None
ENG01704,Contractor,Merit,Expert,Multi Skill,Service,Installation
ENG01705,Contractor,Distinction,Intermediate,Multi Skill,Installation,Service
ENG01706,Contractor,Pass,Expert,Multi Skill,Installation,None
ENG01707,Contractor,Pass,Expert,Multi Skill,Repair,None
ENG01708,Contractor,Distinction,Expert,Multi Skill,Repair,Repair
ENG01709,Direct Labour,Merit,Beginner,Single Skill,Installation,None
ENG01710,Contractor,Pass,Intermediate,Multi Skill,Service,Service
ENG01711,Contractor,Merit,Intermediate,Single Skill,Repair,Service
ENG01712,Direct Labour,Merit,Intermediate,Single Skill,Service,Installation
ENG01713,Contractor,Pass,Intermediate,Single Skill,Service,None
ENG01714,Direct Labour,Distinction,Intermediate,Single Skill,Service,Repair
ENG01715,Direct Labour,Distinction,Intermediate,Single Skill,Installation,Service
ENG01716,Direct Labour,Pass,Beginner,Multi Skill,Service,Installation
ENG01717,Contractor,Distinction,Expert,Single Skill,Service,Repair
ENG01718,Contractor,Distinction,Expert,Multi Skill,Repair,Service
ENG01719,Direct Labour,Merit,Expert,Single Skill,Service,Installation
ENG01720,Direct Labour,Distinction,Beginner,Multi Skill,Service,Installation
ENG01721,Direct Labour,Merit,Intermediate,Multi Skill,Installation,Service
ENG01722,Contractor,Distinction,Beginner,Single Skill,Installation,Installation
ENG01723,Direct Labour,Pass,Intermediate,Single Skill,Installation,Repair
ENG01724,Direct Labour,Distinction,Intermediate,Multi Skill,Service,None
ENG01725,Direct Labour,Pass,Intermediate,Single Skill,Service,Repair
ENG01726,Contractor,Distinction,Beginner,Single Skill,Installation,Repair
ENG01727,Direct Labour,Distinction,Intermediate,Multi Skill,Service,None
ENG01728,Contractor,Distinction,Expert,Multi Skill,Repair,Service
ENG01729,Direct Labour,Pass,Beginner,Single Skill,Service,Service
ENG01730,Contractor,Pass,Beginner,Multi Skill,Service,Repair
ENG01731,Direct Labour,Pass,Expert,Single Skill,Installation,Service
ENG01732,Direct Labour,Distinction,Beginner,Single Skill,Installation,None
ENG01733,Direct Labour,Distinction,Expert,Single Skill,Repair,None
ENG01734,Direct Labour,Pass,Beginner,Single Skill,Repair,Repair
ENG01735,Contractor,Pass,Expert,Multi Skill,Repair,Repair
ENG01736,Contractor,Distinction,Intermediate,Single Skill,Installation,Service
ENG01737,Contractor,Distinction,Intermediate,Multi Skill,Repair,None
ENG01738,Direct Labour,Distinction,Beginner,Multi Skill,Service,Service
ENG01739,Contractor,Merit,Intermediate,Single Skill,Installation,None
ENG01740,Contractor,Pass,Intermediate,Single Skill,Installation,Service
ENG01741,Contractor,Pass,Intermediate,Single Skill,Installation,Service
ENG01742,Contractor,Distinction,Beginner,Multi Skill,Installation,Installation
ENG01743,Direct Labour,Pass,Beginner,Multi Skill,Repair,Repair
ENG01744,Direct Labour,Distinction,Intermediate,Multi Skill,Repair,None
ENG01745,Contractor,Distinction,Expert,Single Skill,Repair,Installation
ENG01746,Contractor,Pass,Intermediate,Single Skill,Repair,None
ENG01747,Direct Labour,Pass,Beginner,Multi Skill,Service,Repair
ENG01748,Contractor,Merit,Intermediate,Multi Skill,Repair,Installation
ENG01749,Direct Labour,Pass,Expert,Multi Skill,Service,Repair
ENG01750,Direct Labour,Pass,Intermediate,Multi Skill,Installation,None
ENG01751,Direct Labour,Merit,Intermediate,Multi Skill,Installation,None
ENG01752,Direct Labour,Distinction,Intermediate,Single Skill,Installation,None
ENG01753,Direct Labour,Merit,Expert,Single Skill,Installation,Installation
ENG01754,Contractor,Merit,Intermediate,Single Skill,Repair,None
ENG01755,Contractor,Distinction,Expert,Single Skill,Installation,Service
ENG01756,Direct Labour,Distinction,Intermediate,Multi Skill,Installation,Service
ENG01757,Direct Labour,Merit,Intermediate,Single Skill,Service,None
ENG01758,Contractor,Merit,Intermediate,Multi Skill,Repair,None
ENG01759,Direct Labour,Pass,Beginner,Multi Skill,Installation,Service
ENG01760,Direct Labour,Distinction,Expert,Multi Skill,Installation,Installation
ENG01761,Contractor,Distinction,Beginner,Multi Skill,Installation,Installation
ENG01762,Direct Labour,Merit,Expert,Single Skill,Installation,Installation
ENG01763,Direct Labour,Distinction,Beginner,Multi Skill,Installation,Repair
ENG01764,Direct Labour,Distinction,Beginner,Multi Skill,Service,Installation
ENG01765,Contractor,Distinction,Intermediate,Single Skill,Service,Repair
ENG01766,Direct Labour,Pass,Beginner,Single Skill,Installation,Service
ENG01767,Direct Labour,Pass,Intermediate,Multi Skill,Service,Repair
ENG01768,Contractor,Distinction,Intermediate,Multi Skill,Repair,Installation
ENG01769,Direct Labour,Distinction,Expert,Single Skill,Repair,Repair
ENG01770,Contractor,Pass,Expert,Multi Skill,Service,Repair
ENG01771,Contractor,Pass,Intermediate,Single Skill,Service,Repair
ENG01772,Contractor,Pass,Expert,Single Skill,Service,None
ENG01773,Direct Labour,Distinction,Beginner,Multi Skill,Service,Service
ENG01774,Direct Labour,Distinction,Expert,Single Skill,Installation,Service
ENG01775,Contractor,Distinction,Intermediate,Multi Skill,Repair,None
ENG01776,Direct Labour,Distinction,Intermediate,Multi Skill,Service,None
ENG01777,Contractor,Pass,Beginner,Multi Skill,Service,Repair
ENG01778,Direct Labour,Merit,Intermediate,Single Skill,Service,Installation
ENG01779,Contractor,Pass,Intermediate,Single Skill,Service,Repair
ENG01780,Direct Labour,Distinction,Expert,Single Skill,Installation,Installation
ENG01781,Direct Labour,Distinction,Beginner,Single Skill,Installation,Installation
ENG01782,Direct Labour,Merit,Intermediate,Single Skill,Installation,Service
ENG01783,Direct Labour,Distinction,Beginner,Single Skill,Repair,Service
ENG01784,Direct Labour,Distinction,Expert,Multi Skill,Repair,Installation
ENG01785,Contractor,Merit,Intermediate,Single Skill,Service,Repair
ENG01786,Contractor,Pass,Expert,Single Skill,Repair,None
ENG01787,Direct Labour,Merit,Expert,Multi Skill,Service,Repair
ENG01788,Contractor,Merit,Beginner,Multi Skill,Service,Repair
ENG01789,Contractor,Distinction,Intermediate,Multi Skill,Repair,Repair
ENG01790,Direct Labour,Distinction,Beginner,Multi Skill,Installation,Repair
ENG01791,Direct Labour,Pass,Intermediate,Multi Skill,Installation,Repair
ENG01792,Contractor,Merit,Expert,Single Skill,Service,Repair
ENG01793,Direct Labour,Distinction,Intermediate,Multi Skill,Repair,Service
ENG01794,Direct Labour,Distinction,Intermediate,Multi Skill,Installation,Service
ENG01795,Direct Labour,Merit,Intermediate,Single Skill,Installation,Service
ENG01796,Direct Labour,Distinction,Beginner,Multi Skill,Repair,None
ENG01797,Direct Labour,Merit,Expert,Single Skill,Repair,None
ENG01798,Direct Labour,Distinction,Beginner,Single Skill,Installation,None
ENG01799,Direct Labour,Pass,Expert,Multi Skill,Service,Repair
ENG01800,Contractor,Distinction,Expert,Single Skill,Installation,None
ENG01801,Direct Labour,Merit,Intermediate,Single Skill,Installation,None
ENG01802,Direct Labour,Distinction,Expert,Multi Skill,Installation,Service
ENG01803,Contractor,Merit,Expert,Single Skill,Service,Repair
ENG01804,Contractor,Distinction,Intermediate,Single Skill,Repair,None
ENG01805,Direct Labour,Merit,Expert,Single Skill,Service,None
ENG01806,Contractor,Merit,Beginner,Single Skill,Installation,Installation
ENG01807,Direct Labour,Distinction,Intermediate,Single Skill,Installation,None
ENG01808,Contractor,Pass,Intermediate,Single Skill,Repair,None
ENG01809,Contractor,Distinction,Intermediate,Multi Skill,Repair,Installation
ENG01810,Direct Labour,Distinction,Expert,Multi Skill,Service,Installation
ENG01811,Direct Labour,Pass,Expert,Multi Skill,Installation,Service
ENG01812,Contractor,Distinction,Intermediate,Single Skill,Repair,Installation
ENG01813,Direct Labour,Distinction,Intermediate,Single Skill,Service,Repair
ENG01814,Contractor,Pass,Intermediate,Multi Skill,Installation,Service
ENG01815,Direct Labour,Distinction,Beginner,Single Skill,Service,None
ENG01816,Contractor,Pass,Intermediate,Multi Skill,Repair,Installation
ENG01817,Direct Labour,Pass,Beginner,Multi Skill,Service,Repair
ENG01818,Direct Labour,Pass,Beginner,Multi Skill,Service,Installation
ENG01819,Direct Labour,Distinction,Expert,Single Skill,Installation,Service
ENG01820,Direct Labour,Distinction,Intermediate,Single Skill,Repair,Repair
ENG01821,Contractor,Merit,Intermediate,Multi Skill,Repair,Service
ENG01822,Contractor,Merit,Expert,Multi Skill,Installation,Installation
ENG01823,Direct Labour,Pass,Intermediate,Multi Skill,Service,Repair
ENG01824,Contractor,Merit,Beginner,Multi Skill,Repair,Installation
ENG01825,Direct Labour,Distinction,Intermediate,Multi Skill,Service,Installation
ENG01826,Direct Labour,Merit,Expert,Single Skill,Service,Service
ENG01827,Direct Labour,Pass,Beginner,Multi Skill,Service,Service
ENG01828,Contractor,Pass,Beginner,Multi Skill,Service,Repair
ENG01829,Contractor,Pass,Beginner,Multi Skill,Repair,Installation
ENG01830,Direct Labour,Merit,Beginner,Multi Skill,Repair,Service
ENG01831,Contractor,Pass,Intermediate,Multi Skill,Service,Repair
ENG01832,Direct Labour,Merit,Intermediate,Multi Skill,Installation,Service
ENG01833,Contractor,Merit,Beginner,Single Skill,Service,Service
ENG01834,Contractor,Distinction,Intermediate,Multi Skill,Installation,Service
ENG01835,Direct Labour,Distinction,Beginner,Single Skill,Service,Installation
ENG01836,Direct Labour,Distinction,Expert,Single Skill,Repair,Service
ENG01837,Contractor,Distinction,Expert,Multi Skill,Installation,Repair
ENG01838,Contractor,Distinction,Intermediate,Multi Skill,Service,None
ENG01839,Contractor,Distinction,Beginner,Multi Skill,Service,Repair
ENG01840,Direct Labour,Merit,Intermediate,Multi Skill,Service,None
ENG01841,Contractor,Pass,Beginner,Multi Skill,Installation,Repair
ENG01842,Contractor,Merit,Expert,Single Skill,Service,Repair
ENG01843,Direct Labour,Distinction,Beginner,Multi Skill,Repair,Service
ENG01844,Direct Labour,Distinction,Beginner,Single Skill,Service,Service
ENG01845,Contractor,Merit,Intermediate,Single Skill,Installation,Service
ENG01846,Direct Labour,Pass,Intermediate,Single Skill,Service,Installation
ENG01847,Contractor,Distinction,Intermediate,Multi Skill,Repair,Installation
ENG01848,Contractor,Distinction,Expert,Single Skill,Installation,None
ENG01849,Contractor,Pass,Beginner,Single Skill,Service,Repair
ENG01850,Contractor,Pass,Beginner,Single Skill,Service,Repair
ENG01851,Direct Labour,Pass,Beginner,Multi Skill,Repair,Service
ENG01852,Contractor,Merit,Beginner,Single Skill,Repair,None
ENG01853,Direct Labour,Distinction,Beginner,Single Skill,Repair,Installation
ENG01854,Direct Labour,Pass,Intermediate,Multi Skill,Repair,Service
ENG01855,Contractor,Pass,Expert,Multi Skill,Installation,Repair
ENG01856,Contractor,Distinction,Intermediate,Single Skill,Repair,Repair
ENG01857,Contractor,Pass,Intermediate,Single Skill,Installation,None
ENG01858,Contractor,Pass,Intermediate,Single Skill,Installation,Installation
ENG01859,Direct Labour,Distinction,Beginner,Single Skill,Installation,Repair
ENG01860,Contractor,Pass,Intermediate,Multi Skill,Repair,None
ENG01861,Direct Labour,Distinction,Expert,Multi Skill,Service,Service
ENG01862,Direct Labour,Merit,Beginner,Multi Skill,Installation,None
ENG01863,Contractor,Distinction,Intermediate,Multi Skill,Installation,Service
ENG01864,Contractor,Pass,Beginner,Single Skill,Installation,None
ENG01865,Direct Labour,Merit,Intermediate,Multi Skill,Repair,Repair
ENG01866,Contractor,Merit,Expert,Single Skill,Installation,Installation
ENG01867,Direct Labour,Distinction,Intermediate,Multi Skill,Service,None
ENG01868,Direct Labour,Merit,Expert,Multi Skill,Repair,Service
ENG01869,Contractor,Pass,Expert,Multi Skill,Repair,Installation
ENG01870,Contractor,Distinction,Expert,Single Skill,Service,Installation
ENG01871,Contractor,Merit,Expert,Single Skill,Installation,None
ENG01872,Contractor,Distinction,Intermediate,Single Skill,Service,None
ENG01873,Direct Labour,Distinction,Expert,Multi Skill,Installation,None
ENG01874,Direct Labour,Merit,Expert,Single Skill,Installation,None
ENG01875,Contractor,Pass,Expert,Single Skill,Service,None
ENG01876,Direct Labour,Pass,Intermediate,Single Skill,Service,None
ENG01877,Direct Labour,Merit,Expert,Single Skill,Repair,Installation
ENG01878,Direct Labour,Distinction,Intermediate,Multi Skill,Service,Repair
ENG01879,Direct Labour,Merit,Intermediate,Single Skill,Repair,Service
ENG01880,Direct Labour,Pass,Intermediate,Single Skill,Service,Service
ENG01881,Contractor,Merit,Beginner,Single Skill,Repair,Installation
ENG01882,Contractor,Merit,Intermediate,Single Skill,Installation,None
ENG01883,Contractor,Distinction,Beginner,Single Skill,Service,Installation
ENG01884,Direct Labour,Distinction,Intermediate,Single Skill,Service,None
ENG01885,Direct Labour,Distinction,Expert,Single Skill,Repair,Service
ENG01886,Direct Labour,Pass,Beginner,Single Skill,Service,Installation
ENG01887,Contractor,Merit,Intermediate,Single Skill,Service,Repair
ENG01888,Direct Labour,Merit,Beginner,Multi Skill,Installation,Service
ENG01889,Direct Labour,Merit,Expert,Multi Skill,Repair,None
ENG01890,Direct Labour,Distinction,Beginner,Multi Skill,Installation,Installation
ENG01891,Contractor,Distinction,Expert,Multi Skill,Repair,None
ENG01892,Contractor,Distinction,Intermediate,Multi Skill,Installation,Repair
ENG01893,Contractor,Pass,Beginner,Single Skill,Repair,Service
ENG01894,Direct Labour,Merit,Beginner,Single Skill,Installation,Repair
ENG01895,Direct Labour,Merit,Intermediate,Single Skill,Repair,Installation
ENG01896,Contractor,Distinction,Expert,Single Skill,Service,None
ENG01897,Contractor,Distinction,Beginner,Single Skill,Repair,Repair
ENG01898,Contractor,Merit,Beginner,Single Skill,Installation,Service
ENG01899,Contractor,Pass,Beginner,Single Skill,Service,None
ENG01900,Direct Labour,Merit,Expert,Single Skill,Service,None
ENG01901,Contractor,Merit,Beginner,Single Skill,Service,None
ENG01902,Contractor,Merit,Beginner,Multi Skill,Installation,Installation
ENG01903,Direct Labour,Merit,Expert,Multi Skill,Service,Service
ENG01904,Direct Labour,Merit,Beginner,Single Skill,Service,Installation
ENG01905,Contractor,Distinction,Beginner,Single Skill,Installation,Repair
ENG01906,Contractor,Pass,Beginner,Multi Skill,Repair,Repair
ENG01907,Direct Labour,Distinction,Beginner,Multi Skill,Repair,Repair
ENG01908,Contractor,Distinction,Expert,Single Skill,Service,None
ENG01909,Contractor,Pass,Expert,Single Skill,Repair,Repair
ENG01910,Direct Labour,Pass,Beginner,Single Skill,Service,Repair
ENG01911,Direct Labour,Pass,Expert,Single Skill,Service,Service
ENG01912,Contractor,Distinction,Intermediate,Single Skill,Repair,Installation
ENG01913,Direct Labour,Pass,Expert,Single Skill,Installation,Repair
ENG01914,Contractor,Merit,Intermediate,Multi Skill,Repair,Installation
ENG01915,Direct Labour,Pass,Beginner,Multi Skill,Installation,Service
ENG01916,Contractor,Merit,Intermediate,Single Skill,Installation,Service
ENG01917,Direct Labour,Distinction,Expert,Multi Skill,Service,Service
ENG01918,Direct Labour,Merit,Intermediate,Multi Skill,Repair,None
ENG01919,Direct Labour,Merit,Beginner,Multi Skill,Installation,Service
ENG01920,Direct Labour,Merit,Beginner,Single Skill,Installation,None
ENG01921,Direct Labour,Distinction,Beginner,Multi Skill,Installation,None
ENG01922,Direct Labour,Pass,Beginner,Single Skill,Service,Installation
ENG01923,Direct Labour,Pass,Intermediate,Multi Skill,Installation,Service
ENG01924,Direct Labour,Distinction,Intermediate,Single Skill,Service,Repair
ENG01925,Contractor,Merit,Expert,Multi Skill,Installation,Installation
ENG01926,Direct Labour,Pass,Intermediate,Multi Skill,Service,Installation
ENG01927,Contractor,Merit,Expert,Multi Skill,Installation,Service
ENG01928,Direct Labour,Merit,Intermediate,Single Skill,Repair,None
ENG01929,Contractor,Merit,Intermediate,Multi Skill,Installation,Installation
ENG01930,Contractor,Pass,Beginner,Multi Skill,Installation,None
ENG01931,Direct Labour,Distinction,Expert,Single Skill,Installation,None
ENG01932,Contractor,Merit,Beginner,Multi Skill,Installation,None
ENG01933,Direct Labour,Distinction,Expert,Multi Skill,Repair,None
ENG01934,Direct Labour,Pass,Intermediate,Single Skill,Installation,Service
ENG01935,Contractor,Merit,Intermediate,Single Skill,Installation,None
ENG01936,Direct Labour,Merit,Intermediate,Multi Skill,Service,Repair
ENG01937,Contractor,Distinction,Expert,Single Skill,Installation,None
ENG01938,Direct Labour,Distinction,Intermediate,Single Skill,Installation,Service
ENG01939,Contractor,Merit,Expert,Single Skill,Service,Repair
ENG01940,Contractor,Merit,Intermediate,Single Skill,Installation,None
ENG01941,Direct Labour,Distinction,Intermediate,Single Skill,Repair,Repair
ENG01942,Direct Labour,Pass,Intermediate,Multi Skill,Repair,Repair
ENG01943,Contractor,Pass,Intermediate,Single Skill,Repair,Service
ENG01944,Direct Labour,Merit,Expert,Multi Skill,Repair,Installation
ENG01945,Direct Labour,Distinction,Expert,Multi Skill,Service,Service
ENG01946,Contractor,Pass,Expert,Multi Skill,Service,Installation
ENG01947,Contractor,Pass,Beginner,Multi Skill,Service,Service
ENG01948,Contractor,Distinction,Expert,Multi Skill,Installation,Installation
ENG01949,Direct Labour,Distinction,Expert,Single Skill,Service,Service
ENG01950,Direct Labour,Merit,Beginner,Single Skill,Service,None
ENG01951,Contractor,Pass,Intermediate,Single Skill,Installation,Repair
ENG01952,Direct Labour,Merit,Expert,Single Skill,Installation,Service
ENG01953,Direct Labour,Merit,Beginner,Multi Skill,Installation,None
ENG01954,Direct Labour,Merit,Expert,Single Skill,Installation,Service
ENG01955,Contractor,Merit,Intermediate,Single Skill,Service,None
ENG01956,Direct Labour,Pass,Intermediate,Single Skill,Service,Installation
ENG01957,Contractor,Merit,Expert,Multi Skill,Repair,Service
ENG01958,Contractor,Distinction,Expert,Multi Skill,Repair,Service
ENG01959,Direct Labour,Distinction,Expert,Multi Skill,Service,Service
ENG01960,Contractor,Distinction,Beginner,Multi Skill,Service,Service
ENG01961,Contractor,Distinction,Beginner,Single Skill,Service,Installation
ENG01962,Contractor,Pass,Intermediate,Single Skill,Repair,Installation
ENG01963,Direct Labour,Distinction,Beginner,Multi Skill,Service,Repair
ENG01964,Direct Labour,Pass,Expert,Single Skill,Service,Installation
ENG01965,Direct Labour,Pass,Beginner,Multi Skill,Repair,Service
ENG01966,Contractor,Pass,Expert,Single Skill,Installation,Repair
ENG01967,Contractor,Distinction,Beginner,Single Skill,Service,Installation
ENG01968,Contractor,Merit,Beginner,Multi Skill,Service,Installation
ENG01969,Direct Labour,Distinction,Expert,Single Skill,Installation,None
ENG01970,Direct Labour,Pass,Expert,Multi Skill,Installation,Service
ENG01971,Contractor,Pass,Expert,Single Skill,Installation,Repair
ENG01972,Contractor,Distinction,Intermediate,Single Skill,Service,None
ENG01973,Direct Labour,Pass,Beginner,Single Skill,Service,Repair
ENG01974,Direct Labour,Merit,Intermediate,Single Skill,Repair,Service
ENG01975,Contractor,Pass,Intermediate,Single Skill,Repair,Installation
ENG01976,Direct Labour,Pass,Expert,Single Skill,Service,Repair
ENG01977,Contractor,Pass,Beginner,Single Skill,Service,Installation
ENG01978,Contractor,Merit,Expert,Single Skill,Service,Repair
ENG01979,Direct Labour,Distinction,Intermediate,Multi Skill,Installation,Installation
ENG01980,Contractor,Distinction,Intermediate,Multi Skill,Repair,Installation
ENG01981,Direct Labour,Distinction,Intermediate,Single Skill,Installation,Service
ENG01982,Contractor,Distinction,Intermediate,Multi Skill,Installation,Repair
ENG01983,Contractor,Merit,Beginner,Multi Skill,Installation,Repair
ENG01984,Contractor,Merit,Beginner,Single Skill,Service,Service
ENG01985,Direct Labour,Merit,Beginner,Multi Skill,Service,Service
ENG01986,Contractor,Pass,Beginner,Single Skill,Installation,Repair
ENG01987,Direct Labour,Merit,Beginner,Multi Skill,Installation,Service
ENG01988,Contractor,Distinction,Intermediate,Multi Skill,Installation,None
ENG01989,Contractor,Distinction,Intermediate,Single Skill,Repair,Repair
ENG01990,Contractor,Distinction,Intermediate,Multi Skill,Installation,Service
ENG01991,Contractor,Distinction,Intermediate,Single Skill,Installation,Installation
ENG01992,Direct Labour,Distinction,Beginner,Single Skill,Repair,Repair
ENG01993,Direct Labour,Pass,Intermediate,Single Skill,Installation,Installation
ENG01994,Contractor,Merit,Expert,Single Skill,Installation,Repair
ENG01995,Contractor,Distinction,Intermediate,Multi Skill,Repair,Service
ENG01996,Contractor,Merit,Expert,Single Skill,Repair,Installation
ENG01997,Direct Labour,Distinction,Intermediate,Single Skill,Installation,None
ENG01998,Direct Labour,Pass,Expert,Multi Skill,Repair,Service
ENG01999,Contractor,Distinction,Beginner,Multi Skill,Installation,Service
ENG02000,Contractor,Pass,Intermediate,Single Skill,Repair,Repair
ENG02001,Contractor,Merit,Intermediate,Multi Skill,Service,Service
ENG02002,Direct Labour,Pass,Intermediate,Multi Skill,Service,None
ENG02003,Direct Labour,Merit,Beginner,Single Skill,Repair,None
ENG02004,Contractor,Merit,Beginner,Multi Skill,Service,Service
ENG02005,Contractor,Pass,Beginner,Single Skill,Installation,Repair
ENG02006,Contractor,Distinction,Beginner,Multi Skill,Repair,Installation
ENG02007,Contractor,Pass,Beginner,Multi Skill,Repair,Repair
ENG02008,Direct Labour,Pass,Beginner,Single Skill,Service,Repair
ENG02009,Contractor,Pass,Intermediate,Single Skill,Service,None
ENG02010,Contractor,Distinction,Beginner,Multi Skill,Installation,Repair
ENG02011,Contractor,Merit,Intermediate,Multi Skill,Installation,Repair
ENG02012,Direct Labour,Distinction,Intermediate,Single Skill,Repair,None
ENG02013,Contractor,Distinction,Expert,Single Skill,Installation,Repair
ENG02014,Contractor,Distinction,Expert,Single Skill,Service,None
ENG02015,Direct Labour,Pass,Intermediate,Multi Skill,Service,Service
ENG02016,Contractor,Merit,Expert,Multi Skill,Installation,Repair
ENG02017,Direct Labour,Pass,Intermediate,Multi Skill,Repair,Service
ENG02018,Contractor,Pass,Beginner,Multi Skill,Service,Service
ENG02019,Direct Labour,Pass,Beginner,Single Skill,Repair,Repair
ENG02020,Contractor,Pass,Expert,Single Skill,Repair,None
ENG02021,Contractor,Distinction,Beginner,Single Skill,Service,None
ENG02022,Contractor,Distinction,Beginner,Single Skill,Repair,Installation
ENG02023,Contractor,Distinction,Expert,Single Skill,Service,Installation
ENG02024,Contractor,Pass,Expert,Single Skill,Service,Installation
ENG02025,Contractor,Pass,Intermediate,Single Skill,Service,None
ENG02026,Contractor,Merit,Beginner,Multi Skill,Service,Repair
ENG02027,Contractor,Distinction,Beginner,Multi Skill,Service,Repair
ENG02028,Direct Labour,Distinction,Beginner,Multi Skill,Repair,None
ENG02029,Direct Labour,Merit,Beginner,Single Skill,Installation,Installation
ENG02030,Direct Labour,Pass,Beginner,Single Skill,Service,Installation
ENG02031,Direct Labour,Distinction,Expert,Multi Skill,Service,Installation
ENG02032,Direct Labour,Distinction,Beginner,Single Skill,Installation,None
ENG02033,Direct Labour,Distinction,Intermediate,Multi Skill,Service,None
ENG02034,Contractor,Distinction,Intermediate,Multi Skill,Repair,Repair
ENG02035,Direct Labour,Distinction,Beginner,Multi Skill,Repair,Installation
ENG02036,Direct Labour,Merit,Intermediate,Single Skill,Repair,Service
ENG02037,Direct Labour,Pass,Expert,Single Skill,Installation,None
ENG02038,Contractor,Pass,Intermediate,Single Skill,Service,None
ENG02039,Direct Labour,Distinction,Intermediate,Single Skill,Repair,Installation
ENG02040,Direct Labour,Distinction,Expert,Single Skill,Repair,Service
ENG02041,Contractor,Merit,Intermediate,Multi Skill,Installation,Service
ENG02042,Contractor,Merit,Beginner,Multi Skill,Installation,Installation
ENG02043,Contractor,Merit,Beginner,Multi Skill,Service,Service
ENG02044,Direct Labour,Pass,Beginner,Multi Skill,Repair,Repair
ENG02045,Contractor,Pass,Expert,Single Skill,Installation,None
ENG02046,Direct Labour,Pass,Beginner,Multi Skill,Service,Installation
ENG02047,Direct Labour,Merit,Intermediate,Multi Skill,Service,None
ENG02048,Contractor,Distinction,Expert,Single Skill,Service,Installation
ENG02049,Contractor,Distinction,Expert,Multi Skill,Repair,Service
ENG02050,Direct Labour,Pass,Intermediate,Multi Skill,Repair,Repair
ENG02051,Contractor,Pass,Intermediate,Multi Skill,Installation,Service
ENG02052,Direct Labour,Pass,Intermediate,Multi Skill,Service,Repair
ENG02053,Direct Labour,Merit,Beginner,Multi Skill,Service,None
ENG02054,Contractor,Distinction,Expert,Multi Skill,Installation,Service
ENG02055,Contractor,Merit,Beginner,Multi Skill,Service,Service
ENG02056,Contractor,Merit,Intermediate,Single Skill,Installation,Service
ENG02057,Contractor,Distinction,Intermediate,Single Skill,Service,Installation
ENG02058,Direct Labour,Pass,Beginner,Multi Skill,Service,Service
ENG02059,Direct Labour,Distinction,Intermediate,Single Skill,Installation,Service
ENG02060,Direct Labour,Pass,Intermediate,Single Skill,Repair,Installation
ENG02061,Contractor,Pass,Beginner,Multi Skill,Repair,Service
ENG02062,Direct Labour,Merit,Expert,Single Skill,Repair,Installation
ENG02063,Contractor,Distinction,Intermediate,Single Skill,Installation,None
ENG02064,Contractor,Distinction,Intermediate,Single Skill,Installation,Repair
ENG02065,Direct Labour,Merit,Expert,Multi Skill,Service,Installation
ENG02066,Contractor,Distinction,Expert,Single Skill,Repair,Service
ENG02067,Contractor,Merit,Intermediate,Single Skill,Service,Repair
ENG02068,Contractor,Distinction,Beginner,Single Skill,Installation,Service
ENG02069,Contractor,Distinction,Beginner,Single Skill,Repair,None
ENG02070,Direct Labour,Merit,Intermediate,Single Skill,Installation,Repair
ENG02071,Direct Labour,Distinction,Intermediate,Single Skill,Repair,None
ENG02072,Contractor,Pass,Expert,Single Skill,Installation,None
ENG02073,Contractor,Merit,Expert,Multi Skill,Installation,Service
ENG02074,Contractor,Pass,Expert,Multi Skill,Repair,None
ENG02075,Direct Labour,Pass,Intermediate,Single Skill,Repair,Service
ENG02076,Direct Labour,Pass,Beginner,Single Skill,Repair,Service
ENG02077,Contractor,Distinction,Expert,Multi Skill,Installation,Repair
ENG02078,Direct Labour,Pass,Beginner,Single Skill,Service,Service
ENG02079,Contractor,Pass,Intermediate,Multi Skill,Service,Service
ENG02080,Contractor,Distinction,Intermediate,Multi Skill,Repair,Installation
ENG02081,Direct Labour,Distinction,Beginner,Single Skill,Repair,Repair
ENG02082,Contractor,Distinction,Expert,Multi Skill,Service,None
ENG02083,Direct Labour,Merit,Intermediate,Single Skill,Installation,Repair
ENG02084,Direct Labour,Pass,Beginner,Single Skill,Service,Repair
ENG02085,Direct Labour,Merit,Intermediate,Multi Skill,Service,None
ENG02086,Direct Labour,Distinction,Beginner,Single Skill,Repair,Repair
ENG02087,Contractor,Pass,Beginner,Single Skill,Installation,Service
ENG02088,Direct Labour,Merit,Expert,Single Skill,Repair,Repair
ENG02089,Contractor,Merit,Expert,Multi Skill,Service,Service
ENG02090,Contractor,Pass,Expert,Multi Skill,Service,None
ENG02091,Direct Labour,Pass,Intermediate,Multi Skill,Repair,Installation
ENG02092,Direct Labour,Merit,Beginner,Single Skill,Installation,Repair
ENG02093,Direct Labour,Distinction,Expert,Multi Skill,Repair,Repair
ENG02094,Direct Labour,Pass,Expert,Single Skill,Installation,Installation
ENG02095,Contractor,Pass,Intermediate,Multi Skill,Installation,Repair
ENG02096,Contractor,Merit,Intermediate,Multi Skill,Repair,Repair
ENG02097,Direct Labour,Distinction,Beginner,Single Skill,Service,Repair
ENG02098,Direct Labour,Pass,Intermediate,Multi Skill,Installation,None
ENG02099,Direct Labour,Distinction,Expert,Multi Skill,Installation,Service
ENG02100,Direct Labour,Merit,Beginner,Multi Skill,Repair,None
ENG02101,Direct Labour,Distinction,Expert,Multi Skill,Service,Repair
ENG02102,Contractor,Merit,Intermediate,Multi Skill,Repair,Installation
ENG02103,Direct Labour,Distinction,Expert,Multi Skill,Repair,Service
ENG02104,Direct Labour,Pass,Beginner,Single Skill,Service,Service
ENG02105,Direct Labour,Merit,Intermediate,Single Skill,Installation,None
ENG02106,Direct Labour,Pass,Beginner,Multi Skill,Service,Repair
ENG02107,Direct Labour,Merit,Beginner,Single Skill,Service,Installation
ENG02108,Direct Labour,Pass,Beginner,Single Skill,Service,Repair
ENG02109,Direct Labour,Pass,Expert,Single Skill,Repair,Repair
ENG02110,Direct Labour,Distinction,Intermediate,Single Skill,Installation,Installation
ENG02111,Contractor,Distinction,Intermediate,Single Skill,Repair,None
ENG02112,Direct Labour,Pass,Expert,Single Skill,Installation,Installation
ENG02113,Direct Labour,Distinction,Intermediate,Multi Skill,Service,Installation
ENG02114,Direct Labour,Merit,Beginner,Single Skill,Installation,None
ENG02115,Contractor,Distinction,Intermediate,Single Skill,Installation,Installation
ENG02116,Direct Labour,Distinction,Beginner,Single Skill,Installation,Service
ENG02117,Contractor,Distinction,Expert,Single Skill,Installation,Service
ENG02118,Contractor,Distinction,Intermediate,Single Skill,Service,Service
ENG02119,Direct Labour,Merit,Expert,Multi Skill,Repair,Repair
ENG02120,Contractor,Pass,Expert,Single Skill,Installation,Installation
ENG02121,Direct Labour,Merit,Intermediate,Single Skill,Repair,Installation
ENG02122,Contractor,Pass,Intermediate,Single Skill,Service,None
ENG02123,Contractor,Distinction,Beginner,Multi Skill,Service,Service
ENG02124,Direct Labour,Pass,Intermediate,Multi Skill,Repair,Service
ENG02125,Direct Labour,Pass,Beginner,Multi Skill,Repair,Repair
ENG02126,Contractor,Pass,Intermediate,Multi Skill,Installation,Installation
ENG02127,Contractor,Merit,Beginner,Multi Skill,Installation,Repair
ENG02128,Direct Labour,Pass,Expert,Multi Skill,Service,None
ENG02129,Contractor,Pass,Expert,Multi Skill,Installation,Repair
ENG02130,Contractor,Merit,Expert,Multi Skill,Repair,Service
ENG02131,Contractor,Pass,Expert,Multi Skill,Installation,None
ENG02132,Direct Labour,Distinction,Expert,Multi Skill,Installation,Service
ENG02133,Contractor,Pass,Intermediate,Multi Skill,Installation,Repair
ENG02134,Direct Labour,Merit,Expert,Single Skill,Repair,Installation
ENG02135,Contractor,Distinction,Expert,Single Skill,Service,Installation
ENG02136,Direct Labour,Merit,Beginner,Multi Skill,Installation,None
ENG02137,Direct Labour,Merit,Beginner,Multi Skill,Service,Repair
ENG02138,Contractor,Distinction,Intermediate,Multi Skill,Repair,Repair
ENG02139,Contractor,Merit,Beginner,Single Skill,Installation,Repair
ENG02140,Direct Labour,Pass,Expert,Single Skill,Installation,Service
ENG02141,Direct Labour,Pass,Beginner,Single Skill,Installation,Service
ENG02142,Direct Labour,Pass,Beginner,Single Skill,Repair,Repair
ENG02143,Contractor,Merit,Beginner,Single Skill,Repair,Service
ENG02144,Contractor,Distinction,Expert,Single Skill,Repair,Repair
ENG02145,Contractor,Distinction,Beginner,Multi Skill,Repair,Service
ENG02146,Contractor,Pass,Intermediate,Single Skill,Installation,Installation
ENG02147,Contractor,Distinction,Expert,Multi Skill,Repair,Service
ENG02148,Direct Labour,Merit,Expert,Multi Skill,Service,Service
ENG02149,Contractor,Merit,Expert,Single Skill,Installation,Repair
ENG02150,Contractor,Pass,Beginner,Multi Skill,Installation,None
ENG02151,Contractor,Pass,Intermediate,Multi Skill,Installation,Repair
ENG02152,Contractor,Distinction,Intermediate,Multi Skill,Repair,Installation
ENG02153,Direct Labour,Pass,Intermediate,Single Skill,Installation,Repair
ENG02154,Contractor,Distinction,Beginner,Single Skill,Repair,Repair
ENG02155,Direct Labour,Merit,Beginner,Single Skill,Installation,Service
ENG02156,Contractor,Distinction,Expert,Single Skill,Installation,Installation
ENG02157,Contractor,Distinction,Expert,Single Skill,Installation,Repair
ENG02158,Direct Labour,Pass,Intermediate,Multi Skill,Repair,Installation
ENG02159,Contractor,Pass,Expert,Multi Skill,Repair,Repair
ENG02160,Contractor,Pass,Expert,Single Skill,Repair,Repair
ENG02161,Direct Labour,Distinction,Expert,Single Skill,Repair,Installation
ENG02162,Contractor,Pass,Beginner,Single Skill,Service,None
ENG02163,Contractor,Merit,Intermediate,Single Skill,Installation,Repair
ENG02164,Contractor,Merit,Expert,Multi Skill,Repair,None
ENG02165,Direct Labour,Merit,Expert,Single Skill,Service,None
ENG02166,Contractor,Distinction,Expert,Single Skill,Repair,Installation
ENG02167,Contractor,Pass,Beginner,Multi Skill,Repair,Service
ENG02168,Direct Labour,Pass,Expert,Multi Skill,Service,None
ENG02169,Contractor,Distinction,Beginner,Single Skill,Repair,Installation
ENG02170,Contractor,Pass,Expert,Multi Skill,Service,Service
ENG02171,Direct Labour,Merit,Expert,Single Skill,Repair,Repair
ENG02172,Direct Labour,Merit,Beginner,Multi Skill,Installation,Service
ENG02173,Direct Labour,Merit,Intermediate,Multi Skill,Service,None
ENG02174,Direct Labour,Merit,Beginner,Single Skill,Installation,Installation
ENG02175,Contractor,Pass,Expert,Multi Skill,Service,None
ENG02176,Contractor,Distinction,Intermediate,Single Skill,Service,Repair
ENG02177,Direct Labour,Pass,Expert,Single Skill,Service,Repair
ENG02178,Direct Labour,Merit,Beginner,Single Skill,Service,None
ENG02179,Contractor,Pass,Expert,Multi Skill,Service,None
ENG02180,Direct Labour,Distinction,Expert,Multi Skill,Installation,None
ENG02181,Direct Labour,Pass,Intermediate,Multi Skill,Service,Installation
ENG02182,Direct Labour,Pass,Expert,Single Skill,Repair,None
ENG02183,Direct Labour,Merit,Beginner,Single Skill,Installation,Installation
ENG02184,Contractor,Distinction,Intermediate,Single Skill,Installation,None
ENG02185,Direct Labour,Distinction,Beginner,Single Skill,Installation,Service
ENG02186,Direct Labour,Merit,Beginner,Single Skill,Installation,Service
ENG02187,Contractor,Pass,Expert,Multi Skill,Repair,Installation
ENG02188,Direct Labour,Distinction,Expert,Single Skill,Installation,None
ENG02189,Contractor,Pass,Beginner,Multi Skill,Installation,Service
ENG02190,Direct Labour,Merit,Beginner,Single Skill,Installation,None
ENG02191,Direct Labour,Merit,Beginner,Single Skill,Service,None
ENG02192,Contractor,Distinction,Expert,Single Skill,Service,Installation
ENG02193,Direct Labour,Merit,Expert,Single Skill,Installation,None
ENG02194,Direct Labour,Distinction,Expert,Single Skill,Repair,Installation
ENG02195,Contractor,Merit,Intermediate,Single Skill,Installation,Installation
ENG02196,Direct Labour,Pass,Intermediate,Multi Skill,Service,Repair
ENG02197,Contractor,Distinction,Expert,Single Skill,Service,Repair
ENG02198,Contractor,Pass,Beginner,Single Skill,Service,Repair
ENG02199,Direct Labour,Pass,Intermediate,Single Skill,Installation,Repair
ENG02200,Direct Labour,Distinction,Beginner,Multi Skill,Installation,Service
ENG02201,Direct Labour,Pass,Expert,Multi Skill,Repair,None
ENG02202,Direct Labour,Merit,Expert,Single Skill,Repair,Service
ENG02203,Contractor,Merit,Intermediate,Multi Skill,Installation,Installation
ENG02204,Direct Labour,Merit,Beginner,Single Skill,Repair,Service
ENG02205,Contractor,Distinction,Expert,Single Skill,Service,None
ENG02206,Direct Labour,Distinction,Expert,Single Skill,Service,None
ENG02207,Direct Labour,Merit,Intermediate,Multi Skill,Installation,None
ENG02208,Contractor,Distinction,Expert,Single Skill,Installation,Service
ENG02209,Contractor,Distinction,Expert,Multi Skill,Repair,Service
ENG02210,Contractor,Distinction,Expert,Single Skill,Service,Service
ENG02211,Contractor,Distinction,Expert,Single Skill,Repair,Repair
ENG02212,Contractor,Distinction,Intermediate,Multi Skill,Repair,None
ENG02213,Direct Labour,Merit,Intermediate,Multi Skill,Installation,None
ENG02214,Contractor,Distinction,Intermediate,Multi Skill,Service,Repair
ENG02215,Contractor,Merit,Beginner,Single Skill,Service,Installation
ENG02216,Direct Labour,Pass,Intermediate,Multi Skill,Installation,Service
ENG02217,Direct Labour,Merit,Expert,Multi Skill,Installation,Repair
ENG02218,Contractor,Merit,Expert,Multi Skill,Service,Installation
ENG02219,Contractor,Distinction,Beginner,Single Skill,Installation,Installation
ENG02220,Direct Labour,Pass,Intermediate,Single Skill,Repair,Installation
ENG02221,Direct Labour,Distinction,Intermediate,Multi Skill,Repair,Installation
ENG02222,Contractor,Pass,Expert,Single Skill,Service,Service
ENG02223,Contractor,Distinction,Beginner,Multi Skill,Installation,Repair
ENG02224,Contractor,Merit,Beginner,Single Skill,Installation,Installation
ENG02225,Contractor,Pass,Beginner,Multi Skill,Installation,None
ENG02226,Contractor,Pass,Intermediate,Single Skill,Installation,None
ENG02227,Contractor,Distinction,Beginner,Multi Skill,Repair,Installation
ENG02228,Direct Labour,Merit,Intermediate,Single Skill,Service,Repair
ENG02229,Contractor,Merit,Expert,Single Skill,Repair,Service
ENG02230,Contractor,Distinction,Intermediate,Single Skill,Repair,None
ENG02231,Contractor,Merit,Expert,Single Skill,Installation,None
ENG02232,Contractor,Merit,Beginner,Multi Skill,Installation,Installation
ENG02233,Direct Labour,Pass,Expert,Single Skill,Installation,Repair
ENG02234,Contractor,Merit,Beginner,Multi Skill,Repair,None
ENG02235,Contractor,Distinction,Beginner,Single Skill,Service,Repair
ENG02236,Contractor,Distinction,Beginner,Multi Skill,Installation,Service
ENG02237,Direct Labour,Merit,Intermediate,Multi Skill,Installation,Service
ENG02238,Direct Labour,Distinction,Expert,Single Skill,Service,Installation
ENG02239,Contractor,Pass,Beginner,Multi Skill,Installation,Installation
ENG02240,Contractor,Merit,Beginner,Multi Skill,Service,Installation
ENG02241,Contractor,Distinction,Beginner,Single Skill,Repair,Service
ENG02242,Direct Labour,Pass,Expert,Multi Skill,Repair,Service
ENG02243,Direct Labour,Pass,Beginner,Multi Skill,Repair,Service
ENG02244,Contractor,Merit,Intermediate,Multi Skill,Service,Service
ENG02245,Direct Labour,Distinction,Beginner,Multi Skill,Installation,None
ENG02246,Contractor,Distinction,Expert,Single Skill,Installation,None
ENG02247,Direct Labour,Merit,Intermediate,Multi Skill,Installation,Installation
ENG02248,Contractor,Pass,Expert,Single Skill,Service,None
ENG02249,Direct Labour,Merit,Expert,Single Skill,Installation,Installation
ENG02250,Contractor,Distinction,Intermediate,Multi Skill,Service,Service
ENG02251,Direct Labour,Pass,Expert,Multi Skill,Installation,Service
ENG02252,Direct Labour,Merit,Intermediate,Multi Skill,Service,Installation
ENG02253,Direct Labour,Pass,Beginner,Single Skill,Service,Installation
ENG02254,Contractor,Merit,Expert,Multi Skill,Installation,Service
ENG02255,Contractor,Pass,Beginner,Single Skill,Service,None
ENG02256,Contractor,Distinction,Expert,Single Skill,Repair,Repair
ENG02257,Direct Labour,Distinction,Intermediate,Single Skill,Repair,Service
ENG02258,Contractor,Merit,Beginner,Single Skill,Repair,None
ENG02259,Contractor,Merit,Intermediate,Multi Skill,Repair,None
ENG02260,Contractor,Pass,Intermediate,Single Skill,Repair,Repair
ENG02261,Contractor,Merit,Beginner,Single Skill,Installation,Repair
ENG02262,Direct Labour,Merit,Expert,Multi Skill,Repair,Service
ENG02263,Direct Labour,Distinction,Intermediate,Single Skill,Installation,Installation
ENG02264,Direct Labour,Merit,Beginner,Single Skill,Installation,None
ENG02265,Contractor,Distinction,Intermediate,Single Skill,Installation,Installation
ENG02266,Direct Labour,Distinction,Intermediate,Single Skill,Installation,None
ENG02267,Contractor,Pass,Intermediate,Single Skill,Installation,Service
ENG02268,Contractor,Merit,Expert,Multi Skill,Service,Repair
ENG02269,Contractor,Merit,Beginner,Single Skill,Repair,Installation
ENG02270,Contractor,Pass,Expert,Single Skill,Installation,None
ENG02271,Direct Labour,Pass,Intermediate,Single Skill,Repair,Service
ENG02272,Direct Labour,Distinction,Beginner,Multi Skill,Installation,None
ENG02273,Contractor,Pass,Beginner,Single Skill,Service,Service
ENG02274,Direct Labour,Merit,Expert,Multi Skill,Repair,None
ENG02275,Direct Labour,Distinction,Beginner,Multi Skill,Repair,Repair
ENG02276,Contractor,Pass,Beginner,Single Skill,Service,Installation
ENG02277,Contractor,Merit,Intermediate,Multi Skill,Repair,Service
ENG02278,Contractor,Distinction,Beginner,Multi Skill,Installation,None
ENG02279,Direct Labour,Pass,Expert,Multi Skill,Repair,Installation
ENG02280,Contractor,Merit,Intermediate,Single Skill,Repair,None
ENG02281,Direct Labour,Merit,Intermediate,Single Skill,Repair,Repair
ENG02282,Direct Labour,Merit,Expert,Single Skill,Repair,Installation
ENG02283,Contractor,Merit,Beginner,Multi Skill,Service,None
ENG02284,Direct Labour,Pass,Intermediate,Multi Skill,Repair,Installation
ENG02285,Direct Labour,Pass,Beginner,Multi Skill,Service,Installation
ENG02286,Direct Labour,Distinction,Intermediate,Multi Skill,Repair,Installation
ENG02287,Contractor,Pass,Intermediate,Multi Skill,Installation,Repair
ENG02288,Direct Labour,Distinction,Expert,Multi Skill,Service,None
ENG02289,Contractor,Merit,Intermediate,Single Skill,Service,None
ENG02290,Direct Labour,Distinction,Beginner,Multi Skill,Service,Repair
ENG02291,Contractor,Pass,Beginner,Multi Skill,Service,Repair
ENG02292,Contractor,Distinction,Intermediate,Single Skill,Repair,Repair
ENG02293,Direct Labour,Pass,Expert,Multi Skill,Service,Repair
ENG02294,Contractor,Pass,Expert,Multi Skill,Installation,None
ENG02295,Direct Labour,Merit,Intermediate,Single Skill,Service,Repair
ENG02296,Direct Labour,Merit,Intermediate,Multi Skill,Repair,Repair
ENG02297,Direct Labour,Pass,Beginner,Single Skill,Repair,Service
ENG02298,Direct Labour,Pass,Expert,Multi Skill,Service,None
ENG02299,Direct Labour,Merit,Intermediate,Multi Skill,Service,Service
ENG02300,Direct Labour,Distinction,Intermediate,Multi Skill,Repair,Repair
ENG02301,Direct Labour,Distinction,Intermediate,Multi Skill,Installation,Service
ENG02302,Direct Labour,Merit,Beginner,Single Skill,Service,Service
ENG02303,Contractor,Distinction,Expert,Single Skill,Installation,None
ENG02304,Contractor,Merit,Expert,Multi Skill,Service,Repair
ENG02305,Contractor,Distinction,Beginner,Single Skill,Service,Installation
ENG02306,Contractor,Pass,Expert,Multi Skill,Repair,Installation
ENG02307,Contractor,Pass,Intermediate,Multi Skill,Service,Service
ENG02308,Direct Labour,Pass,Expert,Single Skill,Service,Service
ENG02309,Direct Labour,Pass,Expert,Single Skill,Service,Service
ENG02310,Contractor,Merit,Intermediate,Multi Skill,Service,Repair
ENG02311,Contractor,Distinction,Expert,Multi Skill,Service,None
ENG02312,Contractor,Merit,Intermediate,Single Skill,Installation,Service
ENG02313,Direct Labour,Distinction,Beginner,Single Skill,Repair,Repair
ENG02314,Contractor,Pass,Expert,Multi Skill,Service,Service
ENG02315,Contractor,Distinction,Intermediate,Single Skill,Installation,Installation
ENG02316,Direct Labour,Pass,Beginner,Single Skill,Repair,None
ENG02317,Direct Labour,Distinction,Expert,Multi Skill,Repair,Installation
ENG02318,Direct Labour,Distinction,Expert,Single Skill,Service,Repair
ENG02319,Direct Labour,Pass,Intermediate,Single Skill,Repair,Repair
ENG02320,Direct Labour,Merit,Intermediate,Single Skill,Service,Repair
ENG02321,Direct Labour,Distinction,Intermediate,Single Skill,Service,Service
ENG02322,Direct Labour,Distinction,Intermediate,Multi Skill,Repair,Installation
ENG02323,Direct Labour,Merit,Intermediate,Multi Skill,Repair,Repair
ENG02324,Direct Labour,Distinction,Beginner,Single Skill,Service,Installation
ENG02325,Direct Labour,Distinction,Beginner,Single Skill,Repair,Installation
ENG02326,Direct Labour,Distinction,Intermediate,Single Skill,Service,Repair
ENG02327,Contractor,Pass,Beginner,Single Skill,Service,Installation
ENG02328,Direct Labour,Merit,Expert,Multi Skill,Repair,Repair
ENG02329,Contractor,Distinction,Intermediate,Single Skill,Service,None
ENG02330,Direct Labour,Pass,Beginner,Multi Skill,Installation,Repair
ENG02331,Direct Labour,Merit,Expert,Multi Skill,Service,Service
ENG02332,Direct Labour,Merit,Beginner,Multi Skill,Installation,Service
ENG02333,Direct Labour,Merit,Beginner,Single Skill,Repair,None
ENG02334,Direct Labour,Merit,Intermediate,Multi Skill,Service,Repair
ENG02335,Direct Labour,Merit,Beginner,Single Skill,Service,Repair
ENG02336,Contractor,Merit,Beginner,Single Skill,Repair,Installation
ENG02337,Contractor,Pass,Intermediate,Multi Skill,Service,Service
ENG02338,Direct Labour,Pass,Beginner,Single Skill,Installation,Repair
ENG02339,Contractor,Merit,Expert,Single Skill,Repair,Repair
ENG02340,Direct Labour,Merit,Beginner,Multi Skill,Repair,Repair
ENG02341,Contractor,Pass,Intermediate,Single Skill,Service,Installation
ENG02342,Direct Labour,Pass,Expert,Single Skill,Installation,Service
ENG02343,Direct Labour,Pass,Beginner,Single Skill,Service,Repair
ENG02344,Contractor,Distinction,Expert,Single Skill,Repair,None
ENG02345,Direct Labour,Distinction,Expert,Multi Skill,Repair,Installation
ENG02346,Direct Labour,Pass,Expert,Multi Skill,Service,None
ENG02347,Contractor,Merit,Beginner,Single Skill,Service,None
ENG02348,Direct Labour,Distinction,Expert,Single Skill,Installation,Service
ENG02349,Direct Labour,Merit,Expert,Multi Skill,Repair,None
ENG02350,Direct Labour,Merit,Beginner,Multi Skill,Service,None
ENG02351,Contractor,Distinction,Expert,Single Skill,Service,Service
ENG02352,Contractor,Distinction,Intermediate,Single Skill,Installation,Service
ENG02353,Direct Labour,Pass,Expert,Multi Skill,Service,None
ENG02354,Contractor,Pass,Intermediate,Single Skill,Service,Repair
ENG02355,Contractor,Pass,Beginner,Multi Skill,Service,Installation
ENG02356,Direct Labour,Pass,Expert,Multi Skill,Service,None
ENG02357,Contractor,Merit,Intermediate,Single Skill,Service,Service
ENG02358,Contractor,Merit,Intermediate,Multi Skill,Service,Service
ENG02359,Contractor,Pass,Intermediate,Single Skill,Service,None
ENG02360,Contractor,Pass,Intermediate,Multi Skill,Repair,Installation
ENG02361,Direct Labour,Distinction,Expert,Multi Skill,Repair,Service
ENG02362,Direct Labour,Merit,Beginner,Single Skill,Installation,Repair
ENG02363,Direct Labour,Merit,Beginner,Multi Skill,Installation,None
ENG02364,Direct Labour,Merit,Expert,Multi Skill,Installation,Service
ENG02365,Contractor,Merit,Beginner,Single Skill,Installation,Installation
ENG02366,Direct Labour,Merit,Intermediate,Multi Skill,Repair,None
ENG02367,Direct Labour,Merit,Beginner,Single Skill,Installation,Service
ENG02368,Direct Labour,Pass,Expert,Multi Skill,Installation,Service
ENG02369,Direct Labour,Pass,Beginner,Single Skill,Repair,None
ENG02370,Contractor,Merit,Expert,Multi Skill,Installation,Repair
ENG02371,Contractor,Pass,Intermediate,Multi Skill,Installation,None
ENG02372,Contractor,Distinction,Expert,Single Skill,Repair,Installation
ENG02373,Contractor,Distinction,Intermediate,Single Skill,Service,Installation
ENG02374,Direct Labour,Pass,Expert,Multi Skill,Repair,None
ENG02375,Direct Labour,Merit,Intermediate,Multi Skill,Installation,Installation
ENG02376,Direct Labour,Merit,Expert,Single Skill,Repair,Service
ENG02377,Contractor,Pass,Beginner,Single Skill,Service,Repair
ENG02378,Contractor,Pass,Expert,Single Skill,Service,Repair
ENG02379,Direct Labour,Merit,Beginner,Multi Skill,Repair,Service
ENG02380,Direct Labour,Merit,Intermediate,Single Skill,Installation,Service
ENG02381,Direct Labour,Pass,Beginner,Multi Skill,Installation,Repair
ENG02382,Contractor,Distinction,Expert,Single Skill,Repair,Installation
ENG02383,Direct Labour,Distinction,Beginner,Multi Skill,Service,None
ENG02384,Direct Labour,Distinction,Intermediate,Single Skill,Repair,Repair
ENG02385,Direct Labour,Distinction,Expert,Multi Skill,Service,Service
ENG02386,Direct Labour,Merit,Expert,Multi Skill,Repair,Repair
ENG02387,Contractor,Merit,Expert,Single Skill,Service,Repair
ENG02388,Contractor,Merit,Beginner,Multi Skill,Installation,Service
ENG02389,Contractor,Merit,Expert,Multi Skill,Installation,Service
ENG02390,Direct Labour,Merit,Expert,Single Skill,Service,Repair
ENG02391,Contractor,Distinction,Expert,Multi Skill,Installation,Repair
ENG02392,Contractor,Merit,Beginner,Multi Skill,Repair,Installation
ENG02393,Contractor,Pass,Intermediate,Single Skill,Service,Installation
ENG02394,Contractor,Distinction,Beginner,Single Skill,Installation,Installation
ENG02395,Contractor,Pass,Expert,Multi Skill,Repair,Service
ENG02396,Contractor,Merit,Expert,Single Skill,Installation,Repair
ENG02397,Direct Labour,Distinction,Beginner,Multi Skill,Installation,None
ENG02398,Direct Labour,Merit,Beginner,Multi Skill,Repair,None
ENG02399,Direct Labour,Pass,Beginner,Multi Skill,Installation,Service
ENG02400,Direct Labour,Pass,Beginner,Multi Skill,Installation,Installation
ENG02401,Direct Labour,Distinction,Beginner,Single Skill,Installation,Installation
ENG02402,Contractor,Merit,Intermediate,Single Skill,Repair,None
ENG02403,Contractor,Distinction,Expert,Multi Skill,Repair,None
ENG02404,Direct Labour,Merit,Intermediate,Multi Skill,Service,Repair
ENG02405,Contractor,Distinction,Expert,Multi Skill,Repair,None
ENG02406,Contractor,Merit,Intermediate,Single Skill,Repair,Installation
ENG02407,Direct Labour,Pass,Beginner,Multi Skill,Repair,Installation
ENG02408,Contractor,Distinction,Expert,Single Skill,Service,Service
ENG02409,Contractor,Merit,Expert,Single Skill,Service,Service
ENG02410,Contractor,Distinction,Intermediate,Multi Skill,Service,Service
ENG02411,Direct Labour,Distinction,Beginner,Multi Skill,Repair,Repair
ENG02412,Direct Labour,Distinction,Expert,Multi Skill,Installation,None
ENG02413,Direct Labour,Merit,Expert,Single Skill,Installation,Installation
ENG02414,Contractor,Merit,Expert,Single Skill,Repair,Installation
ENG02415,Direct Labour,Distinction,Expert,Multi Skill,Service,Installation
ENG02416,Contractor,Merit,Beginner,Multi Skill,Repair,Service
ENG02417,Contractor,Pass,Expert,Single Skill,Installation,Repair
ENG02418,Direct Labour,Distinction,Beginner,Multi Skill,Installation,Repair
ENG02419,Contractor,Distinction,Intermediate,Single Skill,Service,None
ENG02420,Contractor,Pass,Expert,Multi Skill,Installation,Service
ENG02421,Direct Labour,Distinction,Beginner,Multi Skill,Repair,Service
ENG02422,Contractor,Merit,Intermediate,Single Skill,Service,Installation
ENG02423,Direct Labour,Merit,Beginner,Single Skill,Service,Service
ENG02424,Direct Labour,Distinction,Intermediate,Multi Skill,Service,Repair
ENG02425,Contractor,Distinction,Expert,Single Skill,Service,None
ENG02426,Contractor,Distinction,Beginner,Multi Skill,Repair,Repair
ENG02427,Contractor,Pass,Beginner,Multi Skill,Installation,None
ENG02428,Contractor,Distinction,Intermediate,Multi Skill,Repair,Service
ENG02429,Direct Labour,Distinction,Beginner,Multi Skill,Repair,Service
ENG02430,Direct Labour,Merit,Expert,Single Skill,Repair,None
ENG02431,Contractor,Distinction,Beginner,Multi Skill,Service,Installation
ENG02432,Contractor,Merit,Expert,Single Skill,Installation,Installation
ENG02433,Contractor,Merit,Beginner,Single Skill,Repair,Installation
ENG02434,Contractor,Merit,Intermediate,Multi Skill,Installation,Repair
ENG02435,Direct Labour,Pass,Beginner,Single Skill,Installation,None
ENG02436,Contractor,Merit,Expert,Single Skill,Installation,Repair
ENG02437,Direct Labour,Merit,Expert,Single Skill,Installation,Repair
ENG02438,Direct Labour,Merit,Intermediate,Multi Skill,Repair,Installation
ENG02439,Direct Labour,Merit,Expert,Single Skill,Service,Installation
ENG02440,Contractor,Distinction,Expert,Multi Skill,Repair,Service
ENG02441,Contractor,Pass,Intermediate,Single Skill,Service,Repair
ENG02442,Direct Labour,Merit,Intermediate,Multi Skill,Installation,Repair
ENG02443,Contractor,Merit,Beginner,Single Skill,Installation,Service
ENG02444,Contractor,Distinction,Beginner,Single Skill,Service,Installation
ENG02445,Direct Labour,Merit,Beginner,Multi Skill,Installation,Service
ENG02446,Contractor,Pass,Beginner,Single Skill,Repair,Repair
ENG02447,Contractor,Merit,Intermediate,Multi Skill,Installation,Installation
ENG02448,Contractor,Distinction,Expert,Single Skill,Installation,Service
ENG02449,Direct Labour,Distinction,Expert,Multi Skill,Installation,None
ENG02450,Contractor,Distinction,Beginner,Multi Skill,Service,None
ENG02451,Direct Labour,Merit,Beginner,Multi Skill,Installation,None
ENG02452,Direct Labour,Merit,Beginner,Single Skill,Service,Service
ENG02453,Direct Labour,Pass,Intermediate,Multi Skill,Repair,Repair
ENG02454,Contractor,Distinction,Intermediate,Single Skill,Repair,Service
ENG02455,Contractor,Distinction,Beginner,Single Skill,Repair,Repair
ENG02456,Contractor,Merit,Intermediate,Multi Skill,Service,Installation
ENG02457,Direct Labour,Merit,Beginner,Multi Skill,Service,None
ENG02458,Contractor,Pass,Beginner,Single Skill,Service,Service
ENG02459,Contractor,Merit,Beginner,Multi Skill,Service,Repair
ENG02460,Contractor,Distinction,Intermediate,Multi Skill,Repair,Repair
ENG02461,Contractor,Distinction,Intermediate,Single Skill,Repair,Installation
ENG02462,Direct Labour,Distinction,Intermediate,Multi Skill,Installation,Installation
ENG02463,Contractor,Distinction,Beginner,Single Skill,Installation,Installation
ENG02464,Direct Labour,Pass,Intermediate,Single Skill,Service,Installation
ENG02465,Contractor,Merit,Expert,Single Skill,Repair,Installation
ENG02466,Direct Labour,Merit,Expert,Multi Skill,Service,Repair
ENG02467,Contractor,Distinction,Beginner,Multi Skill,Repair,Installation
ENG02468,Direct Labour,Pass,Intermediate,Single Skill,Repair,Installation
ENG02469,Direct Labour,Pass,Beginner,Single Skill,Repair,None
ENG02470,Contractor,Distinction,Expert,Single Skill,Repair,Repair
ENG02471,Direct Labour,Pass,Beginner,Multi Skill,Service,None
ENG02472,Contractor,Pass,Beginner,Single Skill,Installation,Repair
ENG02473,Direct Labour,Distinction,Beginner,Multi Skill,Repair,Repair
ENG02474,Contractor,Merit,Beginner,Multi Skill,Installation,None
ENG02475,Direct Labour,Merit,Beginner,Single Skill,Repair,Repair
ENG02476,Contractor,Pass,Intermediate,Multi Skill,Service,None
ENG02477,Direct Labour,Pass,Intermediate,Multi Skill,Service,None
ENG02478,Contractor,Merit,Intermediate,Single Skill,Installation,Service
ENG02479,Direct Labour,Pass,Expert,Single Skill,Service,None
ENG02480,Direct Labour,Pass,Beginner,Single Skill,Service,None
ENG02481,Contractor,Distinction,Beginner,Single Skill,Installation,Service
ENG02482,Contractor,Distinction,Expert,Single Skill,Service,Repair
ENG02483,Contractor,Pass,Intermediate,Single Skill,Service,Repair
ENG02484,Direct Labour,Distinction,Intermediate,Single Skill,Installation,Repair
ENG02485,Direct Labour,Merit,Expert,Single Skill,Installation,None
ENG02486,Direct Labour,Pass,Expert,Multi Skill,Repair,Service
ENG02487,Direct Labour,Merit,Beginner,Multi Skill,Repair,None
ENG02488,Direct Labour,Merit,Intermediate,Single Skill,Installation,Installation
ENG02489,Direct Labour,Pass,Beginner,Single Skill,Service,Installation
ENG02490,Contractor,Merit,Intermediate,Multi Skill,Repair,Service
ENG02491,Direct Labour,Distinction,Beginner,Multi Skill,Repair,Repair
ENG02492,Contractor,Pass,Intermediate,Multi Skill,Installation,None
ENG02493,Contractor,Merit,Beginner,Multi Skill,Repair,None
ENG02494,Direct Labour,Merit,Intermediate,Single Skill,Installation,Service
ENG02495,Contractor,Distinction,Intermediate,Single Skill,Service,Service
ENG02496,Contractor,Pass,Intermediate,Multi Skill,Repair,Repair
ENG02497,Contractor,Distinction,Beginner,Single Skill,Installation,Repair
ENG02498,Contractor,Distinction,Intermediate,Multi Skill,Service,Repair
ENG02499,Direct Labour,Merit,Beginner,Single Skill,Service,Installation
ENG02500,Contractor,Pass,Beginner,Single Skill,Service,Service
ENG02501,Direct Labour,Merit,Intermediate,Single Skill,Repair,Installation
ENG02502,Direct Labour,Merit,Intermediate,Single Skill,Service,None
ENG02503,Contractor,Merit,Intermediate,Single Skill,Service,Installation
ENG02504,Contractor,Pass,Beginner,Single Skill,Installation,Service
ENG02505,Contractor,Merit,Beginner,Multi Skill,Service,Installation
ENG02506,Direct Labour,Distinction,Intermediate,Single Skill,Installation,Installation
ENG02507,Direct Labour,Distinction,Beginner,Multi Skill,Service,Service
ENG02508,Contractor,Distinction,Expert,Multi Skill,Repair,Repair
ENG02509,Direct Labour,Distinction,Beginner,Multi Skill,Installation,Service
ENG02510,Direct Labour,Pass,Expert,Single Skill,Service,Installation
ENG02511,Direct Labour,Pass,Beginner,Multi Skill,Repair,Repair
ENG02512,Direct Labour,Pass,Beginner,Single Skill,Repair,None
ENG02513,Direct Labour,Merit,Beginner,Single Skill,Repair,Service
ENG02514,Direct Labour,Pass,Beginner,Single Skill,Repair,Installation
ENG02515,Contractor,Pass,Intermediate,Single Skill,Service,None
ENG02516,Direct Labour,Distinction,Beginner,Single Skill,Installation,None
ENG02517,Direct Labour,Pass,Expert,Single Skill,Installation,Installation
ENG02518,Contractor,Pass,Expert,Single Skill,Service,Service
ENG02519,Contractor,Merit,Expert,Multi Skill,Service,None
ENG02520,Direct Labour,Pass,Beginner,Multi Skill,Installation,Service
ENG02521,Direct Labour,Distinction,Beginner,Multi Skill,Installation,Installation
ENG02522,Direct Labour,Merit,Beginner,Single Skill,Installation,Installation
ENG02523,Contractor,Pass,Beginner,Single Skill,Service,Service
ENG02524,Direct Labour,Pass,Expert,Single Skill,Service,None
ENG02525,Contractor,Merit,Expert,Multi Skill,Service,Service
ENG02526,Direct Labour,Pass,Intermediate,Single Skill,Service,Installation
ENG02527,Contractor,Pass,Beginner,Multi Skill,Service,Installation
ENG02528,Contractor,Distinction,Beginner,Single Skill,Repair,None
ENG02529,Contractor,Merit,Expert,Single Skill,Repair,None
ENG02530,Direct Labour,Pass,Beginner,Single Skill,Repair,Service
ENG02531,Contractor,Distinction,Intermediate,Multi Skill,Installation,None
ENG02532,Contractor,Distinction,Expert,Multi Skill,Installation,Installation
ENG02533,Direct Labour,Distinction,Beginner,Multi Skill,Repair,Installation
ENG02534,Contractor,Pass,Intermediate,Single Skill,Repair,None
ENG02535,Direct Labour,Merit,Beginner,Single Skill,Installation,None
ENG02536,Direct Labour,Merit,Intermediate,Single Skill,Repair,Installation
ENG02537,Contractor,Pass,Beginner,Multi Skill,Repair,Service
ENG02538,Contractor,Merit,Beginner,Multi Skill,Installation,None
ENG02539,Direct Labour,Pass,Expert,Multi Skill,Installation,None
ENG02540,Contractor,Pass,Beginner,Single Skill,Service,Repair
ENG02541,Contractor,Merit,Intermediate,Multi Skill,Service,Service
ENG02542,Contractor,Merit,Beginner,Multi Skill,Service,Service
ENG02543,Contractor,Merit,Intermediate,Single Skill,Installation,None
ENG02544,Direct Labour,Distinction,Intermediate,Single Skill,Repair,None
ENG02545,Contractor,Merit,Intermediate,Single Skill,Installation,Repair
ENG02546,Contractor,Merit,Beginner,Multi Skill,Service,None
ENG02547,Contractor,Distinction,Beginner,Single Skill,Service,Repair
ENG02548,Direct Labour,Pass,Beginner,Single Skill,Service,Service
ENG02549,Direct Labour,Distinction,Intermediate,Single Skill,Service,Repair
ENG02550,Direct Labour,Distinction,Expert,Single Skill,Installation,Repair
ENG02551,Contractor,Distinction,Expert,Single Skill,Installation,Service
ENG02552,Contractor,Distinction,Expert,Single Skill,Installation,Installation
ENG02553,Contractor,Distinction,Expert,Multi Skill,Service,Service
ENG02554,Contractor,Merit,Intermediate,Single Skill,Repair,None
ENG02555,Direct Labour,Pass,Intermediate,Single Skill,Installation,Repair
ENG02556,Direct Labour,Distinction,Beginner,Single Skill,Installation,Repair
ENG02557,Direct Labour,Pass,Beginner,Single Skill,Installation,Service
ENG02558,Direct Labour,Pass,Beginner,Multi Skill,Installation,Service
ENG02559,Contractor,Pass,Expert,Single Skill,Installation,None
ENG02560,Direct Labour,Distinction,Intermediate,Single Skill,Installation,Installation
ENG02561,Direct Labour,Distinction,Expert,Single Skill,Repair,None
ENG02562,Contractor,Pass,Intermediate,Multi Skill,Installation,Repair
ENG02563,Direct Labour,Pass,Expert,Multi Skill,Repair,Repair
ENG02564,Direct Labour,Distinction,Beginner,Single Skill,Service,Service
ENG02565,Contractor,Pass,Beginner,Multi Skill,Repair,None
ENG02566,Contractor,Merit,Beginner,Single Skill,Installation,Installation
ENG02567,Direct Labour,Merit,Intermediate,Multi Skill,Service,None
ENG02568,Direct Labour,Distinction,Intermediate,Multi Skill,Installation,Service
ENG02569,Contractor,Pass,Beginner,Multi Skill,Repair,None
ENG02570,Contractor,Distinction,Expert,Single Skill,Service,Service
ENG02571,Contractor,Distinction,Intermediate,Single Skill,Installation,Service
ENG02572,Contractor,Pass,Intermediate,Single Skill,Service,None
ENG02573,Contractor,Pass,Beginner,Multi Skill,Repair,Installation
ENG02574,Contractor,Pass,Beginner,Single Skill,Installation,None
ENG02575,Direct Labour,Pass,Beginner,Single Skill,Service,Repair
ENG02576,Contractor,Merit,Expert,Multi Skill,Service,Service
ENG02577,Direct Labour,Distinction,Beginner,Single Skill,Repair,Installation
ENG02578,Direct Labour,Distinction,Expert,Single Skill,Repair,Repair
ENG02579,Contractor,Distinction,Expert,Single Skill,Service,Service
ENG02580,Direct Labour,Merit,Beginner,Single Skill,Installation,None
ENG02581,Direct Labour,Pass,Intermediate,Multi Skill,Installation,Repair
ENG02582,Direct Labour,Distinction,Beginner,Single Skill,Installation,Service
ENG02583,Contractor,Merit,Intermediate,Single Skill,Repair,Repair
ENG02584,Direct Labour,Pass,Beginner,Multi Skill,Repair,None
ENG02585,Direct Labour,Merit,Beginner,Single Skill,Repair,Service
ENG02586,Direct Labour,Merit,Expert,Multi Skill,Service,None
ENG02587,Direct Labour,Distinction,Expert,Multi Skill,Repair,Service
ENG02588,Contractor,Merit,Intermediate,Single Skill,Repair,Service
ENG02589,Direct Labour,Merit,Beginner,Multi Skill,Repair,Installation
ENG02590,Contractor,Distinction,Beginner,Multi Skill,Installation,Service
ENG02591,Direct Labour,Merit,Beginner,Single Skill,Service,None
ENG02592,Contractor,Merit,Expert,Single Skill,Repair,Installation
ENG02593,Direct Labour,Distinction,Beginner,Multi Skill,Service,Service
ENG02594,Contractor,Pass,Expert,Multi Skill,Installation,Service
ENG02595,Contractor,Merit,Intermediate,Single Skill,Repair,Repair
ENG02596,Direct Labour,Distinction,Intermediate,Single Skill,Installation,Installation
ENG02597,Direct Labour,Pass,Expert,Single Skill,Repair,Installation
ENG02598,Direct Labour,Pass,Beginner,Multi Skill,Repair,None
ENG02599,Contractor,Distinction,Intermediate,Multi Skill,Repair,Service
ENG02600,Contractor,Pass,Beginner,Single Skill,Repair,Repair
ENG02601,Contractor,Distinction,Beginner,Multi Skill,Installation,Service
ENG02602,Direct Labour,Distinction,Expert,Single Skill,Service,None
ENG02603,Direct Labour,Distinction,Intermediate,Single Skill,Repair,Repair
ENG02604,Direct Labour,Pass,Expert,Multi Skill,Service,None
ENG02605,Contractor,Distinction,Beginner,Multi Skill,Installation,Installation
ENG02606,Direct Labour,Pass,Beginner,Multi Skill,Installation,None
ENG02607,Contractor,Pass,Expert,Single Skill,Installation,Installation
ENG02608,Direct Labour,Pass,Beginner,Single Skill,Repair,None
ENG02609,Contractor,Distinction,Intermediate,Single Skill,Repair,Repair
ENG02610,Direct Labour,Distinction,Expert,Single Skill,Installation,None
ENG02611,Direct Labour,Merit,Beginner,Single Skill,Repair,Installation
ENG02612,Direct Labour,Pass,Intermediate,Single Skill,Repair,None
ENG02613,Contractor,Merit,Intermediate,Single Skill,Repair,None
ENG02614,Direct Labour,Merit,Expert,Single Skill,Repair,Repair
ENG02615,Direct Labour,Pass,Intermediate,Single Skill,Installation,Repair
ENG02616,Direct Labour,Pass,Beginner,Single Skill,Service,None
ENG02617,Direct Labour,Distinction,Intermediate,Multi Skill,Repair,Repair
ENG02618,Direct Labour,Merit,Beginner,Multi Skill,Repair,Service
ENG02619,Direct Labour,Merit,Intermediate,Single Skill,Repair,Repair
ENG02620,Contractor,Merit,Expert,Single Skill,Repair,None
ENG02621,Contractor,Distinction,Expert,Single Skill,Installation,Service
ENG02622,Direct Labour,Pass,Expert,Multi Skill,Repair,Repair
ENG02623,Contractor,Merit,Expert,Single Skill,Installation,Repair
ENG02624,Contractor,Merit,Expert,Multi Skill,Service,Installation
ENG02625,Direct Labour,Distinction,Expert,Single Skill,Service,Installation
ENG02626,Contractor,Distinction,Beginner,Multi Skill,Installation,Repair
ENG02627,Contractor,Distinction,Intermediate,Single Skill,Service,Service
ENG02628,Contractor,Distinction,Beginner,Multi Skill,Installation,Installation
ENG02629,Contractor,Distinction,Beginner,Single Skill,Service,None
ENG02630,Direct Labour,Merit,Intermediate,Single Skill,Service,None
ENG02631,Contractor,Distinction,Intermediate,Single Skill,Installation,None
ENG02632,Direct Labour,Distinction,Beginner,Multi Skill,Service,Repair
ENG02633,Contractor,Distinction,Intermediate,Single Skill,Repair,None
ENG02634,Direct Labour,Merit,Expert,Single Skill,Installation,Repair
ENG02635,Contractor,Pass,Beginner,Multi Skill,Installation,None
ENG02636,Direct Labour,Distinction,Expert,Multi Skill,Service,Repair
ENG02637,Direct Labour,Distinction,Beginner,Multi Skill,Installation,Installation
ENG02638,Direct Labour,Pass,Beginner,Multi Skill,Service,Repair
ENG02639,Contractor,Merit,Expert,Single Skill,Installation,Service
ENG02640,Direct Labour,Merit,Expert,Single Skill,Service,None
ENG02641,Contractor,Pass,Expert,Multi Skill,Installation,Repair
ENG02642,Contractor,Merit,Intermediate,Single Skill,Service,Repair
ENG02643,Contractor,Merit,Beginner,Multi Skill,Service,Repair
ENG02644,Contractor,Merit,Intermediate,Multi Skill,Repair,Installation
ENG02645,Contractor,Merit,Intermediate,Multi Skill,Service,Installation
ENG02646,Direct Labour,Pass,Expert,Multi Skill,Repair,None
ENG02647,Direct Labour,Merit,Beginner,Single Skill,Service,Installation
ENG02648,Direct Labour,Distinction,Intermediate,Multi Skill,Installation,Repair
ENG02649,Contractor,Pass,Expert,Single Skill,Repair,Repair
ENG02650,Contractor,Merit,Expert,Single Skill,Repair,Installation
ENG02651,Contractor,Distinction,Expert,Multi Skill,Repair,None
ENG02652,Direct Labour,Merit,Expert,Single Skill,Installation,Installation
ENG02653,Contractor,Pass,Intermediate,Single Skill,Installation,Repair
ENG02654,Contractor,Merit,Intermediate,Single Skill,Installation,Service
ENG02655,Direct Labour,Merit,Intermediate,Multi Skill,Service,Repair
ENG02656,Direct Labour,Merit,Expert,Multi Skill,Installation,Installation
ENG02657,Direct Labour,Pass,Beginner,Multi Skill,Repair,None
ENG02658,Contractor,Merit,Beginner,Multi Skill,Installation,Installation
ENG02659,Direct Labour,Distinction,Beginner,Single Skill,Repair,Repair
ENG02660,Contractor,Pass,Expert,Multi Skill,Repair,Repair
ENG02661,Direct Labour,Merit,Expert,Multi Skill,Repair,Service
ENG02662,Contractor,Pass,Beginner,Single Skill,Installation,Installation
ENG02663,Contractor,Distinction,Intermediate,Multi Skill,Service,Repair
ENG02664,Direct Labour,Merit,Intermediate,Multi Skill,Service,Service
ENG02665,Contractor,Distinction,Beginner,Multi Skill,Installation,Installation
ENG02666,Contractor,Merit,Beginner,Single Skill,Installation,Installation
ENG02667,Direct Labour,Pass,Intermediate,Single Skill,Repair,None
ENG02668,Direct Labour,Pass,Beginner,Multi Skill,Service,None
ENG02669,Direct Labour,Pass,Beginner,Multi Skill,Installation,None
ENG02670,Direct Labour,Pass,Beginner,Single Skill,Service,Service
ENG02671,Contractor,Distinction,Intermediate,Multi Skill,Service,Service
ENG02672,Contractor,Pass,Intermediate,Single Skill,Service,Service
ENG02673,Direct Labour,Distinction,Beginner,Multi Skill,Repair,None
ENG02674,Direct Labour,Merit,Expert,Multi Skill,Service,Service
ENG02675,Direct Labour,Pass,Intermediate,Single Skill,Service,Service
ENG02676,Direct Labour,Merit,Expert,Multi Skill,Repair,Installation
ENG02677,Contractor,Distinction,Beginner,Single Skill,Service,Repair
ENG02678,Contractor,Pass,Expert,Single Skill,Service,Service
ENG02679,Contractor,Distinction,Beginner,Multi Skill,Repair,Repair
ENG02680,Direct Labour,Merit,Beginner,Single Skill,Installation,None
ENG02681,Contractor,Merit,Expert,Single Skill,Installation,Service
ENG02682,Contractor,Pass,Expert,Multi Skill,Repair,Service
ENG02683,Contractor,Pass,Intermediate,Single Skill,Service,Repair
ENG02684,Contractor,Distinction,Expert,Single Skill,Installation,None
ENG02685,Direct Labour,Distinction,Beginner,Multi Skill,Service,Installation
ENG02686,Direct Labour,Pass,Intermediate,Multi Skill,Repair,Service
ENG02687,Contractor,Distinction,Intermediate,Single Skill,Service,Service
ENG02688,Direct Labour,Distinction,Beginner,Single Skill,Service,None
ENG02689,Direct Labour,Pass,Intermediate,Multi Skill,Installation,None
ENG02690,Direct Labour,Distinction,Expert,Multi Skill,Installation,Installation
ENG02691,Contractor,Pass,Expert,Multi Skill,Repair,None
ENG02692,Contractor,Merit,Expert,Multi Skill,Service,Repair
ENG02693,Direct Labour,Pass,Expert,Single Skill,Repair,None
ENG02694,Direct Labour,Merit,Expert,Multi Skill,Installation,Repair
ENG02695,Contractor,Pass,Expert,Single Skill,Service,Repair
ENG02696,Direct Labour,Distinction,Intermediate,Multi Skill,Installation,Installation
ENG02697,Contractor,Distinction,Intermediate,Multi Skill,Service,Repair
ENG02698,Contractor,Merit,Beginner,Single Skill,Repair,None
ENG02699,Contractor,Pass,Intermediate,Single Skill,Repair,Service
ENG02700,Contractor,Merit,Expert,Multi Skill,Service,Installation
ENG02701,Contractor,Distinction,Beginner,Single Skill,Installation,None
ENG02702,Contractor,Distinction,Expert,Multi Skill,Installation,Service
ENG02703,Direct Labour,Merit,Intermediate,Multi Skill,Repair,Service
ENG02704,Direct Labour,Pass,Expert,Multi Skill,Service,Service
ENG02705,Direct Labour,Pass,Intermediate,Multi Skill,Service,Repair
ENG02706,Direct Labour,Pass,Beginner,Single Skill,Installation,Installation
ENG02707,Direct Labour,Pass,Expert,Multi Skill,Repair,Service
ENG02708,Direct Labour,Merit,Expert,Single Skill,Repair,None
ENG02709,Direct Labour,Merit,Beginner,Single Skill,Repair,Repair
ENG02710,Contractor,Distinction,Expert,Single Skill,Repair,Repair
ENG02711,Direct Labour,Merit,Intermediate,Multi Skill,Installation,Repair
ENG02712,Direct Labour,Pass,Intermediate,Multi Skill,Installation,None
ENG02713,Direct Labour,Distinction,Expert,Multi Skill,Repair,Installation
ENG02714,Contractor,Distinction,Beginner,Single Skill,Installation,Service
ENG02715,Contractor,Pass,Intermediate,Single Skill,Repair,Repair
ENG02716,Contractor,Pass,Intermediate,Multi Skill,Service,Installation
ENG02717,Contractor,Merit,Intermediate,Multi Skill,Repair,None
ENG02718,Contractor,Merit,Expert,Single Skill,Repair,None
ENG02719,Direct Labour,Pass,Expert,Multi Skill,Service,Repair
ENG02720,Direct Labour,Distinction,Expert,Multi Skill,Service,Service
ENG02721,Direct Labour,Merit,Intermediate,Single Skill,Installation,Repair
ENG02722,Contractor,Merit,Expert,Single Skill,Repair,None
ENG02723,Direct Labour,Pass,Intermediate,Single Skill,Installation,Repair
ENG02724,Contractor,Pass,Intermediate,Multi Skill,Service,Repair
ENG02725,Contractor,Merit,Intermediate,Single Skill,Installation,Repair
ENG02726,Direct Labour,Distinction,Expert,Single Skill,Repair,Installation
ENG02727,Direct Labour,Merit,Intermediate,Multi Skill,Repair,None
ENG02728,Contractor,Merit,Expert,Multi Skill,Repair,Installation
ENG02729,Contractor,Distinction,Expert,Single Skill,Service,Service
ENG02730,Direct Labour,Pass,Beginner,Multi Skill,Installation,None
ENG02731,Contractor,Pass,Beginner,Multi Skill,Service,Repair
ENG02732,Direct Labour,Merit,Intermediate,Single Skill,Installation,Repair
ENG02733,Contractor,Distinction,Expert,Single Skill,Service,None
ENG02734,Contractor,Distinction,Expert,Single Skill,Installation,None
ENG02735,Contractor,Pass,Beginner,Multi Skill,Service,None
ENG02736,Direct Labour,Distinction,Intermediate,Single Skill,Repair,None
ENG02737,Contractor,Distinction,Intermediate,Multi Skill,Repair,Installation
ENG02738,Direct Labour,Distinction,Expert,Multi Skill,Service,Repair
ENG02739,Direct Labour,Distinction,Expert,Single Skill,Installation,Repair
ENG02740,Contractor,Distinction,Intermediate,Single Skill,Installation,None
ENG02741,Contractor,Pass,Expert,Single Skill,Repair,None
ENG02742,Contractor,Merit,Beginner,Single Skill,Installation,Service
ENG02743,Contractor,Distinction,Intermediate,Multi Skill,Installation,Installation
ENG02744,Direct Labour,Merit,Beginner,Single Skill,Installation,Service
ENG02745,Direct Labour,Pass,Beginner,Multi Skill,Repair,Service
ENG02746,Direct Labour,Merit,Beginner,Multi Skill,Repair,Repair
ENG02747,Direct Labour,Merit,Beginner,Multi Skill,Service,Installation
ENG02748,Direct Labour,Merit,Expert,Multi Skill,Installation,Service
ENG02749,Contractor,Distinction,Expert,Multi Skill,Repair,Service
ENG02750,Contractor,Pass,Beginner,Single Skill,Installation,Service
ENG02751,Contractor,Pass,Intermediate,Multi Skill,Installation,None
ENG02752,Direct Labour,Merit,Beginner,Single Skill,Installation,None
ENG02753,Contractor,Pass,Intermediate,Multi Skill,Installation,Installation
ENG02754,Direct Labour,Merit,Intermediate,Multi Skill,Installation,None
ENG02755,Direct Labour,Pass,Intermediate,Single Skill,Installation,Installation
ENG02756,Direct Labour,Merit,Expert,Multi Skill,Repair,None
ENG02757,Direct Labour,Merit,Expert,Single Skill,Service,Installation
ENG02758,Contractor,Pass,Expert,Multi Skill,Repair,Repair
ENG02759,Direct Labour,Merit,Beginner,Single Skill,Repair,Repair
ENG02760,Direct Labour,Distinction,Beginner,Single Skill,Repair,None
ENG02761,Contractor,Merit,Intermediate,Single Skill,Installation,None
ENG02762,Contractor,Distinction,Intermediate,Multi Skill,Installation,Service
ENG02763,Contractor,Merit,Intermediate,Single Skill,Repair,None
ENG02764,Direct Labour,Distinction,Expert,Multi Skill,Repair,Installation
ENG02765,Direct Labour,Merit,Intermediate,Multi Skill,Service,Installation
ENG02766,Contractor,Distinction,Intermediate,Single Skill,Service,Installation
ENG02767,Contractor,Pass,Intermediate,Single Skill,Installation,Repair
ENG02768,Direct Labour,Pass,Intermediate,Multi Skill,Repair,Repair
ENG02769,Contractor,Distinction,Beginner,Multi Skill,Service,Installation
ENG02770,Direct Labour,Distinction,Intermediate,Single Skill,Repair,Installation
ENG02771,Direct Labour,Pass,Beginner,Single Skill,Service,None
ENG02772,Contractor,Pass,Expert,Multi Skill,Repair,Installation
ENG02773,Contractor,Merit,Expert,Multi Skill,Service,Repair
ENG02774,Direct Labour,Pass,Beginner,Single Skill,Installation,Repair
ENG02775,Contractor,Pass,Intermediate,Multi Skill,Repair,Installation
ENG02776,Contractor,Pass,Beginner,Multi Skill,Installation,None
ENG02777,Contractor,Distinction,Beginner,Single Skill,Service,None
ENG02778,Contractor,Pass,Intermediate,Multi Skill,Installation,Service
ENG02779,Direct Labour,Distinction,Beginner,Single Skill,Service,Installation
ENG02780,Contractor,Merit,Intermediate,Single Skill,Repair,Repair
ENG02781,Direct Labour,Pass,Beginner,Multi Skill,Installation,Service
ENG02782,Direct Labour,Pass,Beginner,Single Skill,Repair,None
ENG02783,Direct Labour,Distinction,Intermediate,Multi Skill,Installation,Installation
ENG02784,Direct Labour,Merit,Expert,Single Skill,Service,None
ENG02785,Contractor,Distinction,Intermediate,Single Skill,Service,Service
ENG02786,Contractor,Merit,Expert,Single Skill,Repair,Installation
ENG02787,Contractor,Distinction,Expert,Multi Skill,Repair,Service
ENG02788,Contractor,Merit,Expert,Single Skill,Installation,Repair
ENG02789,Contractor,Distinction,Expert,Single Skill,Repair,Repair
ENG02790,Contractor,Pass,Beginner,Single Skill,Service,Installation
ENG02791,Direct Labour,Distinction,Intermediate,Single Skill,Service,None
ENG02792,Direct Labour,Merit,Expert,Single Skill,Repair,Installation
ENG02793,Contractor,Pass,Expert,Single Skill,Installation,Repair
ENG02794,Direct Labour,Pass,Beginner,Single Skill,Installation,Installation
ENG02795,Direct Labour,Pass,Beginner,Multi Skill,Service,None
ENG02796,Contractor,Merit,Expert,Multi Skill,Service,Service
ENG02797,Contractor,Distinction,Beginner,Multi Skill,Installation,Service
ENG02798,Direct Labour,Distinction,Beginner,Multi Skill,Service,None
ENG02799,Contractor,Pass,Intermediate,Single Skill,Repair,None
ENG02800,Direct Labour,Merit,Intermediate,Single Skill,Service,Installation
ENG02801,Direct Labour,Merit,Intermediate,Single Skill,Installation,None
ENG02802,Contractor,Distinction,Beginner,Single Skill,Repair,None
ENG02803,Contractor,Merit,Beginner,Single Skill,Service,Repair
ENG02804,Contractor,Pass,Intermediate,Multi Skill,Service,Service
ENG02805,Direct Labour,Merit,Expert,Single Skill,Installation,None
ENG02806,Direct Labour,Merit,Expert,Multi Skill,Service,Installation
ENG02807,Direct Labour,Merit,Intermediate,Single Skill,Service,None
ENG02808,Contractor,Pass,Beginner,Multi Skill,Installation,None
ENG02809,Contractor,Distinction,Beginner,Single Skill,Repair,Installation
ENG02810,Direct Labour,Pass,Expert,Multi Skill,Repair,Service
ENG02811,Contractor,Merit,Expert,Single Skill,Installation,Service
ENG02812,Direct Labour,Merit,Expert,Single Skill,Installation,Repair
ENG02813,Direct Labour,Merit,Expert,Multi Skill,Repair,None
ENG02814,Direct Labour,Merit,Beginner,Single Skill,Installation,Repair
ENG02815,Direct Labour,Pass,Intermediate,Multi Skill,Service,Service
ENG02816,Contractor,Pass,Intermediate,Multi Skill,Service,Service
ENG02817,Direct Labour,Distinction,Expert,Single Skill,Repair,None
ENG02818,Direct Labour,Merit,Expert,Multi Skill,Service,None
ENG02819,Direct Labour,Distinction,Expert,Single Skill,Installation,None
ENG02820,Direct Labour,Distinction,Beginner,Single Skill,Service,None
ENG02821,Contractor,Pass,Beginner,Multi Skill,Service,Service
ENG02822,Contractor,Merit,Intermediate,Single Skill,Installation,Repair
ENG02823,Direct Labour,Merit,Expert,Multi Skill,Installation,None
ENG02824,Contractor,Pass,Beginner,Multi Skill,Repair,None
ENG02825,Contractor,Pass,Expert,Multi Skill,Service,Repair
ENG02826,Contractor,Distinction,Intermediate,Multi Skill,Repair,None
ENG02827,Direct Labour,Distinction,Intermediate,Single Skill,Installation,None
ENG02828,Direct Labour,Pass,Beginner,Multi Skill,Repair,None
ENG02829,Direct Labour,Pass,Beginner,Multi Skill,Installation,Repair
ENG02830,Direct Labour,Pass,Intermediate,Multi Skill,Service,None
ENG02831,Direct Labour,Distinction,Intermediate,Multi Skill,Installation,None
ENG02832,Direct Labour,Distinction,Beginner,Single Skill,Repair,Repair
ENG02833,Contractor,Pass,Expert,Multi Skill,Repair,Repair
ENG02834,Direct Labour,Merit,Expert,Single Skill,Installation,None
ENG02835,Direct Labour,Merit,Beginner,Single Skill,Repair,Service
ENG02836,Direct Labour,Distinction,Expert,Single Skill,Service,Installation
ENG02837,Direct Labour,Merit,Intermediate,Single Skill,Service,Service
ENG02838,Contractor,Distinction,Expert,Multi Skill,Service,Installation
ENG02839,Contractor,Pass,Intermediate,Multi Skill,Service,Repair
ENG02840,Contractor,Distinction,Intermediate,Multi Skill,Installation,Service
ENG02841,Direct Labour,Merit,Beginner,Multi Skill,Repair,None
ENG02842,Contractor,Pass,Beginner,Multi Skill,Service,Service
ENG02843,Contractor,Pass,Expert,Single Skill,Installation,Repair
ENG02844,Contractor,Distinction,Expert,Single Skill,Repair,Installation
ENG02845,Contractor,Distinction,Expert,Single Skill,Installation,Repair
ENG02846,Contractor,Distinction,Intermediate,Multi Skill,Service,Service
ENG02847,Direct Labour,Distinction,Expert,Multi Skill,Service,Repair
ENG02848,Direct Labour,Distinction,Beginner,Multi Skill,Installation,Installation
ENG02849,Direct Labour,Merit,Expert,Multi Skill,Service,Repair
ENG02850,Direct Labour,Pass,Intermediate,Multi Skill,Service,Service
ENG02851,Direct Labour,Distinction,Beginner,Single Skill,Installation,Installation
ENG02852,Direct Labour,Distinction,Beginner,Single Skill,Installation,Service
ENG02853,Contractor,Merit,Beginner,Single Skill,Repair,Service
ENG02854,Direct Labour,Merit,Beginner,Multi Skill,Installation,Service
ENG02855,Direct Labour,Distinction,Intermediate,Multi Skill,Service,None
ENG02856,Direct Labour,Pass,Expert,Single Skill,Service,Installation
ENG02857,Direct Labour,Distinction,Intermediate,Single Skill,Installation,Installation
ENG02858,Direct Labour,Pass,Expert,Single Skill,Service,Service
ENG02859,Contractor,Distinction,Intermediate,Single Skill,Service,Repair
ENG02860,Contractor,Merit,Beginner,Multi Skill,Service,Service
ENG02861,Direct Labour,Pass,Beginner,Single Skill,Repair,Installation
ENG02862,Direct Labour,Merit,Beginner,Multi Skill,Installation,None
ENG02863,Contractor,Distinction,Expert,Multi Skill,Service,Service
ENG02864,Contractor,Distinction,Intermediate,Single Skill,Repair,None
ENG02865,Direct Labour,Merit,Intermediate,Multi Skill,Service,Installation
ENG02866,Direct Labour,Merit,Expert,Single Skill,Installation,Installation
ENG02867,Direct Labour,Distinction,Beginner,Single Skill,Repair,Installation
ENG02868,Direct Labour,Distinction,Intermediate,Multi Skill,Installation,None
ENG02869,Contractor,Distinction,Beginner,Single Skill,Service,Service
ENG02870,Contractor,Pass,Intermediate,Multi Skill,Service,Installation
ENG02871,Direct Labour,Merit,Beginner,Multi Skill,Repair,None
ENG02872,Direct Labour,Merit,Expert,Multi Skill,Installation,None
ENG02873,Direct Labour,Distinction,Beginner,Multi Skill,Installation,Installation
ENG02874,Contractor,Distinction,Beginner,Single Skill,Repair,Installation
ENG02875,Contractor,Pass,Beginner,Multi Skill,Service,Service
ENG02876,Contractor,Merit,Intermediate,Single Skill,Repair,Installation
ENG02877,Contractor,Pass,Expert,Multi Skill,Repair,Repair
ENG02878,Contractor,Pass,Beginner,Single Skill,Installation,None
ENG02879,Contractor,Merit,Intermediate,Multi Skill,Service,None
ENG02880,Direct Labour,Distinction,Beginner,Single Skill,Repair,Installation
ENG02881,Direct Labour,Distinction,Beginner,Multi Skill,Installation,Repair
ENG02882,Direct Labour,Distinction,Beginner,Multi Skill,Repair,Installation
ENG02883,Contractor,Pass,Intermediate,Single Skill,Installation,Installation
ENG02884,Contractor,Pass,Intermediate,Multi Skill,Repair,Installation
ENG02885,Contractor,Pass,Beginner,Multi Skill,Repair,Installation
ENG02886,Direct Labour,Merit,Expert,Multi Skill,Repair,Installation
ENG02887,Direct Labour,Pass,Intermediate,Single Skill,Repair,Repair
ENG02888,Direct Labour,Distinction,Expert,Multi Skill,Service,None
ENG02889,Contractor,Pass,Expert,Multi Skill,Installation,None
ENG02890,Contractor,Distinction,Beginner,Single Skill,Service,None
ENG02891,Contractor,Pass,Intermediate,Multi Skill,Service,Installation
ENG02892,Contractor,Merit,Expert,Multi Skill,Repair,Service
ENG02893,Direct Labour,Merit,Beginner,Single Skill,Service,Installation
ENG02894,Direct Labour,Distinction,Intermediate,Multi Skill,Service,Repair
ENG02895,Contractor,Merit,Beginner,Multi Skill,Repair,Service
ENG02896,Contractor,Distinction,Expert,Single Skill,Service,Installation
ENG02897,Contractor,Pass,Intermediate,Multi Skill,Installation,None
ENG02898,Direct Labour,Pass,Beginner,Multi Skill,Repair,Installation
ENG02899,Contractor,Merit,Beginner,Single Skill,Repair,Repair
ENG02900,Direct Labour,Distinction,Intermediate,Multi Skill,Repair,Installation
ENG02901,Direct Labour,Distinction,Expert,Multi Skill,Installation,Repair
ENG02902,Direct Labour,Merit,Beginner,Multi Skill,Installation,Installation
ENG02903,Direct Labour,Merit,Expert,Multi Skill,Service,Installation
ENG02904,Contractor,Pass,Beginner,Multi Skill,Installation,Service
ENG02905,Contractor,Distinction,Intermediate,Multi Skill,Repair,None
ENG02906,Direct Labour,Pass,Expert,Single Skill,Repair,Service
ENG02907,Direct Labour,Merit,Intermediate,Single Skill,Repair,Installation
ENG02908,Contractor,Distinction,Beginner,Single Skill,Installation,Installation
ENG02909,Contractor,Merit,Beginner,Single Skill,Service,Service
ENG02910,Direct Labour,Distinction,Expert,Multi Skill,Service,Installation
ENG02911,Direct Labour,Merit,Intermediate,Single Skill,Repair,None
ENG02912,Direct Labour,Pass,Intermediate,Multi Skill,Repair,None
ENG02913,Direct Labour,Pass,Beginner,Single Skill,Service,Installation
ENG02914,Direct Labour,Pass,Intermediate,Single Skill,Service,Repair
ENG02915,Direct Labour,Pass,Expert,Multi Skill,Installation,None
ENG02916,Direct Labour,Merit,Beginner,Single Skill,Repair,None
ENG02917,Direct Labour,Pass,Intermediate,Single Skill,Installation,Repair
ENG02918,Contractor,Pass,Intermediate,Single Skill,Service,Installation
ENG02919,Contractor,Merit,Beginner,Multi Skill,Service,Repair
ENG02920,Direct Labour,Merit,Beginner,Multi Skill,Service,Service
ENG02921,Direct Labour,Merit,Intermediate,Single Skill,Installation,Installation
ENG02922,Contractor,Pass,Expert,Multi Skill,Service,None
ENG02923,Contractor,Distinction,Beginner,Multi Skill,Service,Repair
ENG02924,Contractor,Distinction,Beginner,Multi Skill,Repair,None
ENG02925,Direct Labour,Pass,Expert,Multi Skill,Service,Repair
ENG02926,Contractor,Merit,Beginner,Multi Skill,Service,None
ENG02927,Direct Labour,Merit,Intermediate,Single Skill,Service,Service
ENG02928,Contractor,Pass,Beginner,Single Skill,Repair,None
ENG02929,Direct Labour,Pass,Beginner,Multi Skill,Installation,None
ENG02930,Direct Labour,Merit,Beginner,Single Skill,Installation,None
ENG02931,Direct Labour,Pass,Beginner,Single Skill,Service,Repair
ENG02932,Direct Labour,Pass,Intermediate,Multi Skill,Installation,Repair
ENG02933,Contractor,Distinction,Intermediate,Multi Skill,Repair,Service
ENG02934,Contractor,Distinction,Intermediate,Single Skill,Service,Installation
ENG02935,Direct Labour,Merit,Beginner,Single Skill,Service,None
ENG02936,Direct Labour,Distinction,Beginner,Single Skill,Installation,None
ENG02937,Contractor,Pass,Beginner,Single Skill,Repair,Service
ENG02938,Contractor,Merit,Expert,Single Skill,Installation,Installation
ENG02939,Direct Labour,Merit,Beginner,Multi Skill,Installation,Repair
ENG02940,Contractor,Pass,Beginner,Multi Skill,Repair,Service
ENG02941,Contractor,Distinction,Beginner,Multi Skill,Repair,Repair
ENG02942,Contractor,Pass,Intermediate,Single Skill,Repair,Installation
ENG02943,Contractor,Merit,Intermediate,Multi Skill,Service,Service
ENG02944,Contractor,Merit,Beginner,Single Skill,Service,Repair
ENG02945,Direct Labour,Pass,Beginner,Multi Skill,Service,Repair
ENG02946,Contractor,Merit,Expert,Multi Skill,Installation,Repair
ENG02947,Contractor,Pass,Expert,Single Skill,Installation,Repair
ENG02948,Contractor,Distinction,Intermediate,Multi Skill,Repair,Service
ENG02949,Contractor,Distinction,Beginner,Multi Skill,Installation,Service
ENG02950,Contractor,Pass,Expert,Multi Skill,Service,Installation
ENG02951,Direct Labour,Distinction,Beginner,Multi Skill,Service,Repair
ENG02952,Direct Labour,Pass,Intermediate,Single Skill,Installation,Repair
ENG02953,Direct Labour,Merit,Beginner,Multi Skill,Service,Repair
ENG02954,Direct Labour,Merit,Expert,Multi Skill,Service,Installation
ENG02955,Contractor,Distinction,Expert,Single Skill,Repair,None
ENG02956,Direct Labour,Distinction,Intermediate,Multi Skill,Service,Repair
ENG02957,Direct Labour,Merit,Intermediate,Multi Skill,Installation,None
ENG02958,Contractor,Distinction,Beginner,Multi Skill,Installation,Installation
ENG02959,Direct Labour,Distinction,Beginner,Multi Skill,Installation,Service
ENG02960,Contractor,Distinction,Intermediate,Multi Skill,Installation,Service
ENG02961,Direct Labour,Distinction,Expert,Multi Skill,Service,None
ENG02962,Contractor,Pass,Intermediate,Multi Skill,Repair,Repair
ENG02963,Direct Labour,Merit,Intermediate,Single Skill,Installation,Installation
ENG02964,Contractor,Merit,Expert,Multi Skill,Installation,Service
ENG02965,Direct Labour,Pass,Beginner,Single Skill,Installation,Repair
ENG02966,Contractor,Merit,Intermediate,Multi Skill,Service,Installation
ENG02967,Direct Labour,Merit,Beginner,Multi Skill,Service,None
ENG02968,Direct Labour,Distinction,Expert,Multi Skill,Installation,None
ENG02969,Direct Labour,Distinction,Beginner,Single Skill,Repair,Repair
ENG02970,Direct Labour,Pass,Intermediate,Multi Skill,Installation,Repair
ENG02971,Contractor,Merit,Intermediate,Multi Skill,Installation,Installation
ENG02972,Direct Labour,Distinction,Beginner,Single Skill,Repair,Repair
ENG02973,Direct Labour,Distinction,Expert,Multi Skill,Repair,Repair
ENG02974,Direct Labour,Merit,Expert,Multi Skill,Service,Installation
ENG02975,Direct Labour,Merit,Beginner,Single Skill,Service,Installation
ENG02976,Direct Labour,Distinction,Expert,Single Skill,Installation,Repair
ENG02977,Direct Labour,Distinction,Expert,Multi Skill,Service,Repair
ENG02978,Direct Labour,Merit,Beginner,Single Skill,Repair,Service
ENG02979,Direct Labour,Pass,Beginner,Multi Skill,Installation,Repair
ENG02980,Direct Labour,Merit,Expert,Single Skill,Service,Repair
ENG02981,Direct Labour,Merit,Intermediate,Single Skill,Installation,Repair
ENG02982,Direct Labour,Distinction,Expert,Multi Skill,Repair,Installation
ENG02983,Direct Labour,Merit,Intermediate,Single Skill,Service,Installation
ENG02984,Direct Labour,Distinction,Intermediate,Multi Skill,Installation,Installation
ENG02985,Contractor,Merit,Beginner,Single Skill,Installation,None
ENG02986,Direct Labour,Merit,Beginner,Multi Skill,Repair,None
ENG02987,Contractor,Pass,Expert,Multi Skill,Service,None
ENG02988,Contractor,Pass,Beginner,Multi Skill,Installation,Installation
ENG02989,Direct Labour,Distinction,Expert,Single Skill,Repair,Repair
ENG02990,Direct Labour,Pass,Intermediate,Multi Skill,Repair,Installation
ENG02991,Direct Labour,Pass,Intermediate,Single Skill,Service,Installation
ENG02992,Direct Labour,Pass,Expert,Multi Skill,Service,Repair
ENG02993,Contractor,Pass,Beginner,Multi Skill,Installation,Installation
ENG02994,Contractor,Pass,Expert,Multi Skill,Installation,Repair
ENG02995,Direct Labour,Distinction,Intermediate,Single Skill,Repair,Installation
ENG02996,Contractor,Merit,Beginner,Single Skill,Repair,None
ENG02997,Direct Labour,Distinction,Beginner,Multi Skill,Installation,None
ENG02998,Direct Labour,Merit,Expert,Single Skill,Repair,None
ENG02999,Direct Labour,Pass,Intermediate,Single Skill,Service,Installation
ENG03000,Direct Labour,Distinction,Intermediate,Multi Skill,Service,Service
ENG03001,Contractor,Distinction,Beginner,Multi Skill,Installation,Repair
ENG03002,Contractor,Distinction,Intermediate,Multi Skill,Installation,Service
ENG03003,Direct Labour,Merit,Expert,Multi Skill,Service,Installation
ENG03004,Contractor,Pass,Beginner,Single Skill,Installation,Repair
ENG03005,Direct Labour,Pass,Expert,Multi Skill,Repair,None
ENG03006,Direct Labour,Merit,Expert,Single Skill,Installation,Repair
ENG03007,Contractor,Merit,Beginner,Multi Skill,Installation,None
ENG03008,Direct Labour,Distinction,Beginner,Single Skill,Installation,None
ENG03009,Direct Labour,Distinction,Expert,Single Skill,Service,Repair
ENG03010,Contractor,Distinction,Intermediate,Single Skill,Service,Repair
ENG03011,Contractor,Merit,Expert,Single Skill,Service,None
ENG03012,Direct Labour,Pass,Beginner,Multi Skill,Repair,Service
ENG03013,Contractor,Distinction,Expert,Multi Skill,Service,None
ENG03014,Direct Labour,Distinction,Intermediate,Multi Skill,Installation,Repair
ENG03015,Contractor,Distinction,Expert,Multi Skill,Installation,Service
ENG03016,Contractor,Distinction,Intermediate,Multi Skill,Installation,None
ENG03017,Direct Labour,Pass,Beginner,Multi Skill,Repair,None
ENG03018,Contractor,Distinction,Expert,Multi Skill,Service,Installation
ENG03019,Direct Labour,Pass,Expert,Multi Skill,Installation,Service
ENG03020,Direct Labour,Distinction,Intermediate,Multi Skill,Repair,Service
ENG03021,Direct Labour,Merit,Expert,Single Skill,Installation,None
ENG03022,Contractor,Pass,Expert,Single Skill,Installation,Installation
ENG03023,Contractor,Distinction,Expert,Single Skill,Service,Service
ENG03024,Contractor,Pass,Intermediate,Single Skill,Repair,None
ENG03025,Direct Labour,Pass,Intermediate,Multi Skill,Service,Service
ENG03026,Contractor,Pass,Beginner,Multi Skill,Service,Service
ENG03027,Direct Labour,Distinction,Beginner,Multi Skill,Installation,Repair
ENG03028,Contractor,Distinction,Expert,Single Skill,Repair,None
ENG03029,Contractor,Pass,Intermediate,Multi Skill,Installation,None
ENG03030,Contractor,Distinction,Beginner,Multi Skill,Service,Service
ENG03031,Contractor,Pass,Expert,Multi Skill,Installation,Service
ENG03032,Direct Labour,Merit,Intermediate,Single Skill,Service,Service
ENG03033,Contractor,Distinction,Beginner,Single Skill,Repair,Installation
ENG03034,Direct Labour,Distinction,Intermediate,Multi Skill,Repair,Repair
ENG03035,Direct Labour,Pass,Expert,Single Skill,Installation,Service
ENG03036,Direct Labour,Distinction,Beginner,Single Skill,Service,Service
ENG03037,Direct Labour,Pass,Beginner,Multi Skill,Repair,Service
ENG03038,Direct Labour,Pass,Intermediate,Multi Skill,Service,None
ENG03039,Contractor,Merit,Intermediate,Single Skill,Installation,None
ENG03040,Contractor,Distinction,Intermediate,Single Skill,Repair,Service
ENG03041,Direct Labour,Merit,Expert,Multi Skill,Service,Repair
ENG03042,Contractor,Pass,Beginner,Multi Skill,Installation,Repair
ENG03043,Direct Labour,Distinction,Intermediate,Single Skill,Service,Repair
ENG03044,Contractor,Distinction,Beginner,Multi Skill,Repair,None
ENG03045,Direct Labour,Distinction,Intermediate,Multi Skill,Repair,None
ENG03046,Direct Labour,Merit,Expert,Single Skill,Repair,Installation
ENG03047,Direct Labour,Distinction,Beginner,Single Skill,Installation,None
ENG03048,Contractor,Distinction,Intermediate,Single Skill,Repair,None
ENG03049,Contractor,Merit,Expert,Multi Skill,Repair,None
ENG03050,Direct Labour,Merit,Beginner,Single Skill,Repair,Installation
ENG03051,Contractor,Pass,Expert,Multi Skill,Repair,Service
ENG03052,Contractor,Merit,Expert,Single Skill,Service,None
ENG03053,Direct Labour,Merit,Beginner,Multi Skill,Repair,Repair
ENG03054,Contractor,Merit,Intermediate,Single Skill,Repair,Service
ENG03055,Direct Labour,Pass,Intermediate,Single Skill,Service,None
ENG03056,Direct Labour,Pass,Beginner,Single Skill,Service,Service
ENG03057,Direct Labour,Pass,Intermediate,Multi Skill,Repair,Repair
ENG03058,Contractor,Merit,Intermediate,Single Skill,Repair,Installation
ENG03059,Contractor,Pass,Beginner,Single Skill,Installation,Installation
ENG03060,Contractor,Pass,Expert,Single Skill,Installation,Service
ENG03061,Direct Labour,Merit,Expert,Multi Skill,Repair,Service
ENG03062,Direct Labour,Pass,Expert,Multi Skill,Repair,Installation
ENG03063,Direct Labour,Pass,Expert,Multi Skill,Installation,Installation
ENG03064,Direct Labour,Merit,Beginner,Single Skill,Service,Repair
ENG03065,Contractor,Merit,Expert,Multi Skill,Installation,Repair
ENG03066,Contractor,Merit,Intermediate,Multi Skill,Installation,Service
ENG03067,Direct Labour,Pass,Intermediate,Single Skill,Installation,Installation
ENG03068,Direct Labour,Merit,Beginner,Multi Skill,Repair,Repair
ENG03069,Direct Labour,Distinction,Intermediate,Single Skill,Installation,Installation
ENG03070,Contractor,Distinction,Intermediate,Multi Skill,Service,Repair
ENG03071,Direct Labour,Merit,Intermediate,Multi Skill,Repair,Repair
ENG03072,Contractor,Pass,Intermediate,Single Skill,Service,Installation
ENG03073,Contractor,Pass,Beginner,Multi Skill,Repair,None
ENG03074,Contractor,Distinction,Intermediate,Single Skill,Service,Service
ENG03075,Direct Labour,Distinction,Expert,Single Skill,Repair,Repair
ENG03076,Direct Labour,Distinction,Intermediate,Multi Skill,Repair,Repair
ENG03077,Contractor,Pass,Beginner,Multi Skill,Service,Repair
ENG03078,Contractor,Distinction,Expert,Multi Skill,Repair,None
ENG03079,Direct Labour,Merit,Beginner,Single Skill,Installation,None
ENG03080,Contractor,Merit,Expert,Single Skill,Repair,None
ENG03081,Direct Labour,Merit,Beginner,Multi Skill,Service,Installation
ENG03082,Contractor,Merit,Intermediate,Single Skill,Repair,None
ENG03083,Contractor,Distinction,Expert,Single Skill,Service,Installation
ENG03084,Direct Labour,Distinction,Expert,Multi Skill,Repair,Installation
ENG03085,Contractor,Pass,Intermediate,Single Skill,Installation,Service
ENG03086,Contractor,Merit,Beginner,Single Skill,Repair,Installation
ENG03087,Direct Labour,Distinction,Beginner,Multi Skill,Service,Installation
ENG03088,Contractor,Distinction,Intermediate,Multi Skill,Installation,Installation
ENG03089,Direct Labour,Distinction,Expert,Multi Skill,Installation,None
ENG03090,Direct Labour,Pass,Expert,Single Skill,Installation,Repair
ENG03091,Direct Labour,Distinction,Beginner,Single Skill,Installation,Repair
ENG03092,Direct Labour,Distinction,Expert,Multi Skill,Service,None
ENG03093,Contractor,Distinction,Expert,Single Skill,Repair,Service
ENG03094,Contractor,Distinction,Beginner,Single Skill,Service,Repair
ENG03095,Contractor,Pass,Intermediate,Single Skill,Repair,Installation
ENG03096,Contractor,Pass,Intermediate,Multi Skill,Repair,Repair
ENG03097,Contractor,Merit,Expert,Single Skill,Repair,Installation
ENG03098,Direct Labour,Pass,Beginner,Single Skill,Repair,Service
ENG03099,Contractor,Merit,Intermediate,Single Skill,Installation,Service
ENG03100,Direct Labour,Distinction,Expert,Multi Skill,Repair,Repair
ENG03101,Direct Labour,Merit,Intermediate,Multi Skill,Installation,Repair
ENG03102,Contractor,Distinction,Expert,Single Skill,Installation,Repair
ENG03103,Contractor,Distinction,Beginner,Single Skill,Repair,Service
ENG03104,Contractor,Pass,Expert,Single Skill,Service,Repair
ENG03105,Contractor,Distinction,Expert,Single Skill,Repair,Repair
ENG03106,Direct Labour,Distinction,Beginner,Single Skill,Service,None
ENG03107,Direct Labour,Merit,Intermediate,Multi Skill,Service,None
ENG03108,Direct Labour,Pass,Beginner,Multi Skill,Service,Installation
ENG03109,Direct Labour,Merit,Intermediate,Single Skill,Repair,Service
ENG03110,Direct Labour,Pass,Beginner,Multi Skill,Repair,Service
ENG03111,Contractor,Distinction,Beginner,Single Skill,Repair,Repair
ENG03112,Contractor,Pass,Beginner,Single Skill,Repair,None
ENG03113,Contractor,Pass,Expert,Single Skill,Service,None
ENG03114,Direct Labour,Distinction,Expert,Multi Skill,Repair,Repair
ENG03115,Contractor,Distinction,Intermediate,Multi Skill,Installation,Service
ENG03116,Direct Labour,Pass,Beginner,Single Skill,Repair,Installation
ENG03117,Contractor,Distinction,Intermediate,Single Skill,Installation,Installation
ENG03118,Contractor,Merit,Intermediate,Multi Skill,Installation,None
ENG03119,Direct Labour,Distinction,Beginner,Multi Skill,Installation,Service
ENG03120,Contractor,Distinction,Expert,Single Skill,Installation,Installation
ENG03121,Direct Labour,Merit,Intermediate,Multi Skill,Installation,Service
ENG03122,Direct Labour,Merit,Beginner,Multi Skill,Repair,Service
ENG03123,Direct Labour,Merit,Beginner,Single Skill,Repair,Installation
ENG03124,Direct Labour,Pass,Intermediate,Multi Skill,Installation,Service
ENG03125,Contractor,Pass,Intermediate,Single Skill,Installation,Repair
ENG03126,Direct Labour,Merit,Beginner,Multi Skill,Installation,Service
ENG03127,Direct Labour,Merit,Expert,Single Skill,Installation,Repair
ENG03128,Direct Labour,Pass,Intermediate,Multi Skill,Repair,Installation
ENG03129,Direct Labour,Distinction,Expert,Multi Skill,Service,None
ENG03130,Direct Labour,Merit,Beginner,Single Skill,Service,Installation
ENG03131,Contractor,Pass,Intermediate,Multi Skill,Repair,Installation
ENG03132,Direct Labour,Distinction,Beginner,Single Skill,Service,Service
ENG03133,Contractor,Merit,Expert,Multi Skill,Installation,Service
ENG03134,Direct Labour,Pass,Expert,Single Skill,Installation,Repair
ENG03135,Contractor,Pass,Intermediate,Single Skill,Service,Installation
ENG03136,Contractor,Merit,Beginner,Single Skill,Service,Installation
ENG03137,Direct Labour,Merit,Beginner,Single Skill,Repair,Service
ENG03138,Direct Labour,Merit,Expert,Single Skill,Installation,Installation
ENG03139,Contractor,Pass,Beginner,Multi Skill,Service,Repair
ENG03140,Direct Labour,Pass,Intermediate,Multi Skill,Installation,Service
ENG03141,Contractor,Distinction,Beginner,Single Skill,Installation,Installation
ENG03142,Direct Labour,Merit,Expert,Single Skill,Installation,None
ENG03143,Direct Labour,Merit,Expert,Single Skill,Service,Service
ENG03144,Direct Labour,Pass,Expert,Single Skill,Installation,None
ENG03145,Direct Labour,Pass,Intermediate,Single Skill,Installation,Repair
ENG03146,Direct Labour,Pass,Intermediate,Multi Skill,Service,Repair
ENG03147,Direct Labour,Pass,Expert,Single Skill,Service,Repair
ENG03148,Contractor,Distinction,Intermediate,Multi Skill,Installation,Service
ENG03149,Contractor,Merit,Expert,Multi Skill,Installation,Repair
ENG03150,Contractor,Pass,Beginner,Single Skill,Installation,Installation
ENG03151,Direct Labour,Distinction,Expert,Single Skill,Repair,None
ENG03152,Contractor,Pass,Intermediate,Single Skill,Installation,None
ENG03153,Direct Labour,Pass,Expert,Single Skill,Repair,None
ENG03154,Direct Labour,Merit,Intermediate,Multi Skill,Installation,Installation
ENG03155,Contractor,Merit,Intermediate,Single Skill,Service,Installation
ENG03156,Contractor,Distinction,Beginner,Single Skill,Repair,Service
ENG03157,Direct Labour,Merit,Intermediate,Multi Skill,Repair,Installation
ENG03158,Direct Labour,Merit,Expert,Multi Skill,Service,Installation
ENG03159,Direct Labour,Pass,Beginner,Single Skill,Installation,Repair
ENG03160,Contractor,Distinction,Beginner,Single Skill,Service,Repair
ENG03161,Direct Labour,Merit,Expert,Single Skill,Installation,Repair
ENG03162,Direct Labour,Distinction,Expert,Multi Skill,Service,Service
ENG03163,Contractor,Merit,Beginner,Multi Skill,Repair,Service
ENG03164,Direct Labour,Distinction,Expert,Single Skill,Repair,Repair
ENG03165,Direct Labour,Merit,Beginner,Single Skill,Repair,Repair
ENG03166,Direct Labour,Pass,Beginner,Single Skill,Installation,Repair
ENG03167,Contractor,Pass,Expert,Single Skill,Service,None
ENG03168,Contractor,Pass,Beginner,Single Skill,Installation,None
ENG03169,Contractor,Distinction,Intermediate,Multi Skill,Service,Installation
ENG03170,Direct Labour,Merit,Expert,Multi Skill,Installation,Service
ENG03171,Contractor,Pass,Beginner,Single Skill,Installation,Service
ENG03172,Contractor,Pass,Beginner,Single Skill,Repair,Repair
ENG03173,Direct Labour,Pass,Beginner,Multi Skill,Repair,Installation
ENG03174,Direct Labour,Distinction,Beginner,Single Skill,Repair,Installation
ENG03175,Contractor,Pass,Intermediate,Multi Skill,Repair,Repair
ENG03176,Direct Labour,Distinction,Intermediate,Single Skill,Repair,Service
ENG03177,Direct Labour,Pass,Intermediate,Multi Skill,Service,Repair
ENG03178,Direct Labour,Merit,Expert,Single Skill,Service,Service
ENG03179,Direct Labour,Merit,Beginner,Multi Skill,Repair,Repair
ENG03180,Contractor,Pass,Intermediate,Single Skill,Repair,Repair
ENG03181,Contractor,Distinction,Expert,Multi Skill,Installation,Repair
ENG03182,Direct Labour,Distinction,Intermediate,Single Skill,Repair,Installation
ENG03183,Contractor,Distinction,Intermediate,Single Skill,Installation,Installation
ENG03184,Direct Labour,Merit,Intermediate,Multi Skill,Installation,Installation
ENG03185,Contractor,Distinction,Expert,Multi Skill,Installation,Repair
ENG03186,Direct Labour,Merit,Intermediate,Single Skill,Repair,Repair
ENG03187,Direct Labour,Pass,Expert,Multi Skill,Repair,Installation
ENG03188,Contractor,Distinction,Expert,Multi Skill,Service,Repair
ENG03189,Direct Labour,Merit,Beginner,Single Skill,Installation,Service
ENG03190,Direct Labour,Merit,Expert,Multi Skill,Repair,Service
ENG03191,Direct Labour,Distinction,Intermediate,Multi Skill,Installation,Repair
ENG03192,Contractor,Merit,Beginner,Multi Skill,Installation,Service
ENG03193,Contractor,Pass,Intermediate,Single Skill,Installation,Service
ENG03194,Contractor,Pass,Expert,Single Skill,Repair,None
ENG03195,Direct Labour,Distinction,Beginner,Multi Skill,Installation,Repair
ENG03196,Direct Labour,Merit,Expert,Multi Skill,Repair,Repair
ENG03197,Contractor,Pass,Intermediate,Multi Skill,Installation,Repair
ENG03198,Direct Labour,Distinction,Expert,Single Skill,Installation,None
ENG03199,Direct Labour,Merit,Expert,Single Skill,Installation,Installation
ENG03200,Direct Labour,Distinction,Beginner,Single Skill,Service,None
ENG03201,Direct Labour,Pass,Intermediate,Multi Skill,Repair,Service
ENG03202,Contractor,Merit,Expert,Single Skill,Installation,None
ENG03203,Direct Labour,Distinction,Intermediate,Single Skill,Installation,Repair
ENG03204,Contractor,Distinction,Beginner,Multi Skill,Repair,Repair
ENG03205,Contractor,Merit,Beginner,Multi Skill,Repair,Repair
ENG03206,Contractor,Merit,Beginner,Single Skill,Repair,None
ENG03207,Direct Labour,Pass,Beginner,Multi Skill,Service,Service
ENG03208,Direct Labour,Distinction,Intermediate,Single Skill,Service,Installation
ENG03209,Contractor,Pass,Intermediate,Single Skill,Service,None
ENG03210,Contractor,Distinction,Expert,Multi Skill,Installation,Repair
ENG03211,Contractor,Distinction,Expert,Multi Skill,Service,Installation
ENG03212,Direct Labour,Distinction,Expert,Single Skill,Repair,Installation
ENG03213,Contractor,Merit,Intermediate,Single Skill,Service,Service
ENG03214,Direct Labour,Pass,Intermediate,Single Skill,Installation,Installation
ENG03215,Direct Labour,Distinction,Intermediate,Multi Skill,Service,Repair
ENG03216,Contractor,Distinction,Beginner,Multi Skill,Installation,Installation
ENG03217,Direct Labour,Distinction,Expert,Multi Skill,Service,Installation
ENG03218,Contractor,Distinction,Expert,Multi Skill,Installation,Service
ENG03219,Contractor,Distinction,Beginner,Multi Skill,Repair,Repair
ENG03220,Contractor,Merit,Expert,Multi Skill,Installation,Installation
ENG03221,Direct Labour,Distinction,Expert,Multi Skill,Repair,Repair
ENG03222,Contractor,Pass,Expert,Multi Skill,Repair,None
ENG03223,Direct Labour,Distinction,Expert,Single Skill,Repair,Service
ENG03224,Contractor,Distinction,Intermediate,Single Skill,Installation,None
ENG03225,Direct Labour,Distinction,Intermediate,Multi Skill,Service,None
ENG03226,Direct Labour,Distinction,Expert,Single Skill,Service,Installation
ENG03227,Contractor,Pass,Expert,Multi Skill,Service,Service
ENG03228,Direct Labour,Distinction,Intermediate,Multi Skill,Service,None
ENG03229,Direct Labour,Pass,Intermediate,Multi Skill,Installation,Service
ENG03230,Contractor,Merit,Beginner,Multi Skill,Installation,Repair
ENG03231,Direct Labour,Merit,Expert,Multi Skill,Service,Repair
ENG03232,Direct Labour,Merit,Expert,Single Skill,Repair,Installation
ENG03233,Contractor,Pass,Intermediate,Single Skill,Installation,Installation
ENG03234,Direct Labour,Pass,Intermediate,Single Skill,Service,Installation
ENG03235,Contractor,Pass,Expert,Multi Skill,Service,None
ENG03236,Direct Labour,Pass,Expert,Single Skill,Installation,Repair
ENG03237,Contractor,Distinction,Beginner,Single Skill,Installation,Repair
ENG03238,Contractor,Merit,Beginner,Multi Skill,Service,Repair
ENG03239,Direct Labour,Pass,Expert,Multi Skill,Repair,Repair
ENG03240,Contractor,Pass,Beginner,Multi Skill,Repair,Installation
ENG03241,Direct Labour,Distinction,Expert,Single Skill,Service,Repair
ENG03242,Contractor,Distinction,Intermediate,Multi Skill,Repair,Installation
ENG03243,Contractor,Merit,Intermediate,Multi Skill,Repair,Service
ENG03244,Direct Labour,Distinction,Expert,Multi Skill,Installation,Repair
ENG03245,Direct Labour,Merit,Intermediate,Multi Skill,Service,Repair
ENG03246,Direct Labour,Merit,Intermediate,Single Skill,Installation,Installation
ENG03247,Contractor,Distinction,Intermediate,Single Skill,Service,Service
ENG03248,Direct Labour,Distinction,Intermediate,Single Skill,Installation,Repair
ENG03249,Contractor,Pass,Intermediate,Multi Skill,Installation,Repair
ENG03250,Direct Labour,Distinction,Beginner,Multi Skill,Repair,Repair
ENG03251,Contractor,Pass,Intermediate,Single Skill,Repair,Repair
ENG03252,Direct Labour,Merit,Intermediate,Single Skill,Service,Service
ENG03253,Direct Labour,Merit,Expert,Single Skill,Repair,None
ENG03254,Direct Labour,Distinction,Expert,Multi Skill,Service,None
ENG03255,Direct Labour,Distinction,Beginner,Single Skill,Installation,Service
ENG03256,Direct Labour,Distinction,Beginner,Single Skill,Installation,None
ENG03257,Contractor,Pass,Expert,Multi Skill,Installation,None
ENG03258,Contractor,Distinction,Expert,Single Skill,Repair,Service
ENG03259,Direct Labour,Distinction,Expert,Multi Skill,Installation,Repair
ENG03260,Contractor,Distinction,Expert,Single Skill,Installation,None
ENG03261,Contractor,Distinction,Intermediate,Multi Skill,Service,Installation
ENG03262,Direct Labour,Merit,Beginner,Multi Skill,Service,Service
ENG03263,Direct Labour,Pass,Beginner,Single Skill,Service,Service
ENG03264,Direct Labour,Pass,Beginner,Single Skill,Service,Repair
ENG03265,Direct Labour,Merit,Beginner,Single Skill,Repair,Installation
ENG03266,Direct Labour,Distinction,Intermediate,Single Skill,Installation,Repair
ENG03267,Contractor,Merit,Beginner,Multi Skill,Installation,Repair
ENG03268,Direct Labour,Merit,Intermediate,Multi Skill,Repair,Installation
ENG03269,Direct Labour,Merit,Intermediate,Multi Skill,Service,Repair
ENG03270,Contractor,Merit,Intermediate,Multi Skill,Installation,Repair
ENG03271,Contractor,Merit,Intermediate,Single Skill,Service,Service
ENG03272,Contractor,Distinction,Intermediate,Single Skill,Repair,Installation
ENG03273,Direct Labour,Merit,Expert,Multi Skill,Service,Repair
ENG03274,Direct Labour,Distinction,Expert,Single Skill,Repair,None
ENG03275,Direct Labour,Pass,Intermediate,Single Skill,Service,Service
ENG03276,Contractor,Pass,Intermediate,Single Skill,Installation,Service
ENG03277,Direct Labour,Pass,Expert,Multi Skill,Repair,Installation
ENG03278,Contractor,Distinction,Beginner,Multi Skill,Installation,None
ENG03279,Contractor,Pass,Intermediate,Multi Skill,Installation,Service
ENG03280,Direct Labour,Merit,Expert,Multi Skill,Service,Installation
ENG03281,Direct Labour,Distinction,Beginner,Single Skill,Installation,None
ENG03282,Contractor,Merit,Expert,Multi Skill,Repair,Installation
ENG03283,Direct Labour,Distinction,Beginner,Single Skill,Repair,Service
ENG03284,Contractor,Pass,Expert,Multi Skill,Service,Service
ENG03285,Contractor,Pass,Intermediate,Single Skill,Repair,Service
ENG03286,Contractor,Merit,Beginner,Multi Skill,Service,Installation
ENG03287,Direct Labour,Pass,Intermediate,Multi Skill,Installation,Installation
ENG03288,Direct Labour,Merit,Beginner,Single Skill,Service,None
ENG03289,Contractor,Merit,Expert,Multi Skill,Installation,Service
ENG03290,Direct Labour,Distinction,Expert,Multi Skill,Service,Repair
ENG03291,Contractor,Merit,Expert,Single Skill,Installation,Service
ENG03292,Contractor,Merit,Expert,Single Skill,Repair,Service
ENG03293,Contractor,Distinction,Expert,Single Skill,Installation,None
ENG03294,Direct Labour,Merit,Expert,Multi Skill,Installation,Repair
ENG03295,Contractor,Merit,Intermediate,Multi Skill,Repair,Installation
ENG03296,Contractor,Distinction,Beginner,Single Skill,Installation,None
ENG03297,Direct Labour,Pass,Beginner,Single Skill,Service,Service
ENG03298,Contractor,Distinction,Expert,Multi Skill,Repair,Service
ENG03299,Contractor,Distinction,Beginner,Single Skill,Service,Service
ENG03300,Direct Labour,Pass,Beginner,Single Skill,Service,Repair
ENG03301,Contractor,Pass,Expert,Single Skill,Service,Installation
ENG03302,Direct Labour,Pass,Intermediate,Multi Skill,Installation,None
ENG03303,Contractor,Merit,Intermediate,Multi Skill,Repair,Installation
ENG03304,Direct Labour,Pass,Intermediate,Multi Skill,Installation,Repair
ENG03305,Direct Labour,Distinction,Intermediate,Multi Skill,Service,Service
ENG03306,Direct Labour,Distinction,Intermediate,Single Skill,Repair,None
ENG03307,Contractor,Merit,Beginner,Single Skill,Installation,Installation
ENG03308,Direct Labour,Pass,Beginner,Multi Skill,Installation,Service
ENG03309,Contractor,Pass,Expert,Multi Skill,Repair,Installation
ENG03310,Direct Labour,Distinction,Beginner,Multi Skill,Installation,Service
ENG03311,Contractor,Pass,Expert,Single Skill,Service,None
ENG03312,Direct Labour,Pass,Intermediate,Multi Skill,Service,None
ENG03313,Contractor,Pass,Intermediate,Multi Skill,Repair,None
ENG03314,Contractor,Pass,Beginner,Multi Skill,Service,Installation
ENG03315,Contractor,Distinction,Intermediate,Multi Skill,Installation,None
ENG03316,Contractor,Merit,Beginner,Single Skill,Installation,Repair
ENG03317,Contractor,Pass,Intermediate,Multi Skill,Service,Repair
ENG03318,Direct Labour,Pass,Intermediate,Multi Skill,Installation,Service
ENG03319,Contractor,Pass,Beginner,Single Skill,Repair,Repair
ENG03320,Contractor,Merit,Expert,Multi Skill,Service,Repair
ENG03321,Direct Labour,Distinction,Beginner,Single Skill,Installation,Repair
ENG03322,Direct Labour,Merit,Intermediate,Single Skill,Service,None
ENG03323,Contractor,Pass,Intermediate,Single Skill,Installation,Repair
ENG03324,Direct Labour,Distinction,Intermediate,Multi Skill,Repair,Repair
ENG03325,Contractor,Distinction,Intermediate,Multi Skill,Installation,None
ENG03326,Direct Labour,Distinction,Intermediate,Single Skill,Repair,Installation
ENG03327,Contractor,Distinction,Beginner,Single Skill,Repair,Repair
ENG03328,Contractor,Distinction,Expert,Multi Skill,Service,Installation
ENG03329,Contractor,Pass,Expert,Multi Skill,Installation,Repair
ENG03330,Direct Labour,Pass,Intermediate,Multi Skill,Service,Service
ENG03331,Contractor,Distinction,Beginner,Single Skill,Repair,None
ENG03332,Contractor,Distinction,Expert,Single Skill,Repair,Installation
ENG03333,Contractor,Merit,Expert,Single Skill,Service,Service
ENG03334,Direct Labour,Pass,Intermediate,Multi Skill,Installation,Repair
ENG03335,Direct Labour,Distinction,Beginner,Single Skill,Service,Service
ENG03336,Direct Labour,Pass,Expert,Single Skill,Service,Service
ENG03337,Direct Labour,Distinction,Expert,Multi Skill,Repair,Service
ENG03338,Direct Labour,Merit,Beginner,Multi Skill,Service,None
ENG03339,Contractor,Distinction,Intermediate,Single Skill,Repair,None
ENG03340,Contractor,Distinction,Beginner,Single Skill,Repair,Repair
ENG03341,Direct Labour,Pass,Expert,Multi Skill,Repair,Repair
ENG03342,Contractor,Pass,Beginner,Single Skill,Service,Service
ENG03343,Direct Labour,Distinction,Expert,Single Skill,Service,Service
ENG03344,Direct Labour,Pass,Beginner,Single Skill,Repair,Installation
ENG03345,Direct Labour,Pass,Intermediate,Single Skill,Service,Service
ENG03346,Direct Labour,Pass,Beginner,Single Skill,Service,None
ENG03347,Contractor,Pass,Beginner,Single Skill,Repair,Service
ENG03348,Contractor,Merit,Expert,Multi Skill,Service,None
ENG03349,Direct Labour,Pass,Beginner,Multi Skill,Repair,Repair
ENG03350,Direct Labour,Pass,Expert,Multi Skill,Service,Installation
ENG03351,Contractor,Merit,Beginner,Multi Skill,Repair,Installation
ENG03352,Contractor,Merit,Expert,Multi Skill,Installation,Service
ENG03353,Contractor,Pass,Expert,Multi Skill,Service,None
ENG03354,Contractor,Distinction,Expert,Single Skill,Installation,Repair
ENG03355,Contractor,Pass,Expert,Multi Skill,Repair,Service
ENG03356,Contractor,Merit,Expert,Multi Skill,Service,None
ENG03357,Contractor,Pass,Intermediate,Multi Skill,Service,Service
ENG03358,Contractor,Distinction,Beginner,Single Skill,Installation,Repair
ENG03359,Direct Labour,Merit,Expert,Multi Skill,Service,Service
ENG03360,Direct Labour,Pass,Beginner,Multi Skill,Repair,Installation
ENG03361,Contractor,Distinction,Expert,Single Skill,Service,Repair
ENG03362,Direct Labour,Distinction,Expert,Multi Skill,Service,Service
ENG03363,Direct Labour,Distinction,Intermediate,Single Skill,Repair,Repair
ENG03364,Contractor,Pass,Expert,Multi Skill,Installation,None
ENG03365,Direct Labour,Distinction,Expert,Single Skill,Service,None
ENG03366,Contractor,Pass,Expert,Single Skill,Service,Repair
ENG03367,Contractor,Pass,Expert,Multi Skill,Service,None
ENG03368,Contractor,Distinction,Intermediate,Multi Skill,Repair,Installation
ENG03369,Contractor,Distinction,Intermediate,Single Skill,Service,Installation
ENG03370,Direct Labour,Distinction,Expert,Multi Skill,Repair,Repair
ENG03371,Direct Labour,Distinction,Intermediate,Single Skill,Service,None
ENG03372,Direct Labour,Distinction,Expert,Single Skill,Repair,None
ENG03373,Contractor,Merit,Intermediate,Single Skill,Service,Service
ENG03374,Contractor,Merit,Expert,Multi Skill,Repair,Installation
ENG03375,Contractor,Pass,Intermediate,Single Skill,Repair,None
ENG03376,Direct Labour,Merit,Beginner,Multi Skill,Service,Repair
ENG03377,Direct Labour,Merit,Beginner,Single Skill,Repair,Service
ENG03378,Contractor,Merit,Intermediate,Multi Skill,Service,Service
ENG03379,Contractor,Distinction,Expert,Multi Skill,Installation,Service
ENG03380,Contractor,Merit,Intermediate,Multi Skill,Repair,Installation
ENG03381,Direct Labour,Merit,Intermediate,Multi Skill,Service,Repair
ENG03382,Direct Labour,Distinction,Expert,Single Skill,Installation,Installation
ENG03383,Contractor,Distinction,Intermediate,Single Skill,Repair,Service
ENG03384,Direct Labour,Distinction,Intermediate,Single Skill,Service,None
ENG03385,Direct Labour,Pass,Beginner,Single Skill,Service,Repair
ENG03386,Contractor,Distinction,Beginner,Single Skill,Service,Installation
ENG03387,Direct Labour,Pass,Beginner,Single Skill,Service,Repair
ENG03388,Contractor,Distinction,Intermediate,Multi Skill,Service,Service
ENG03389,Contractor,Pass,Intermediate,Multi Skill,Installation,None
ENG03390,Direct Labour,Distinction,Beginner,Multi Skill,Service,None
ENG03391,Contractor,Distinction,Expert,Single Skill,Installation,Installation
ENG03392,Contractor,Merit,Intermediate,Multi Skill,Service,Service
ENG03393,Direct Labour,Merit,Beginner,Single Skill,Installation,Repair
ENG03394,Contractor,Merit,Expert,Single Skill,Installation,None
ENG03395,Direct Labour,Pass,Intermediate,Multi Skill,Installation,Service
ENG03396,Direct Labour,Merit,Expert,Single Skill,Service,Repair
ENG03397,Contractor,Distinction,Expert,Multi Skill,Installation,Service
ENG03398,Direct Labour,Merit,Expert,Multi Skill,Installation,Repair
ENG03399,Contractor,Distinction,Expert,Single Skill,Repair,None
ENG03400,Contractor,Merit,Expert,Single Skill,Installation,Repair
ENG03401,Direct Labour,Distinction,Expert,Multi Skill,Service,Installation
ENG03402,Contractor,Merit,Expert,Multi Skill,Repair,Service
ENG03403,Direct Labour,Distinction,Beginner,Single Skill,Installation,None
ENG03404,Direct Labour,Merit,Intermediate,Single Skill,Installation,Repair
ENG03405,Direct Labour,Distinction,Beginner,Single Skill,Repair,Installation
ENG03406,Contractor,Merit,Beginner,Single Skill,Repair,Installation
ENG03407,Contractor,Merit,Expert,Multi Skill,Service,Installation
ENG03408,Contractor,Merit,Intermediate,Single Skill,Installation,Installation
ENG03409,Contractor,Merit,Intermediate,Multi Skill,Repair,Repair
ENG03410,Contractor,Distinction,Intermediate,Multi Skill,Installation,Service
ENG03411,Contractor,Distinction,Expert,Multi Skill,Service,Installation
ENG03412,Direct Labour,Distinction,Expert,Multi Skill,Service,Service
ENG03413,Contractor,Merit,Expert,Multi Skill,Installation,Service
ENG03414,Direct Labour,Pass,Beginner,Multi Skill,Service,None
ENG03415,Contractor,Distinction,Expert,Multi Skill,Service,None
ENG03416,Direct Labour,Pass,Expert,Multi Skill,Service,Repair
ENG03417,Direct Labour,Distinction,Beginner,Single Skill,Service,Installation
ENG03418,Contractor,Pass,Intermediate,Multi Skill,Service,None
ENG03419,Direct Labour,Distinction,Expert,Single Skill,Repair,None
ENG03420,Direct Labour,Merit,Expert,Single Skill,Installation,None
ENG03421,Contractor,Distinction,Intermediate,Multi Skill,Installation,None
ENG03422,Contractor,Pass,Expert,Multi Skill,Service,Repair
ENG03423,Contractor,Distinction,Expert,Single Skill,Repair,Installation
ENG03424,Contractor,Distinction,Intermediate,Multi Skill,Installation,Service
ENG03425,Direct Labour,Pass,Expert,Single Skill,Service,Service
ENG03426,Direct Labour,Pass,Beginner,Multi Skill,Installation,Installation
ENG03427,Contractor,Pass,Beginner,Multi Skill,Service,Repair
ENG03428,Contractor,Merit,Expert,Multi Skill,Service,None
ENG03429,Contractor,Distinction,Beginner,Multi Skill,Service,Service
ENG03430,Contractor,Pass,Intermediate,Multi Skill,Repair,Service
ENG03431,Contractor,Distinction,Intermediate,Single Skill,Repair,None
ENG03432,Direct Labour,Pass,Intermediate,Multi Skill,Repair,Service
ENG03433,Direct Labour,Merit,Intermediate,Single Skill,Repair,None
ENG03434,Contractor,Distinction,Expert,Single Skill,Installation,None
ENG03435,Direct Labour,Merit,Beginner,Single Skill,Installation,None
ENG03436,Contractor,Distinction,Intermediate,Single Skill,Repair,Installation
ENG03437,Direct Labour,Merit,Intermediate,Multi Skill,Repair,Installation
ENG03438,Direct Labour,Pass,Expert,Multi Skill,Installation,Installation
ENG03439,Direct Labour,Distinction,Beginner,Single Skill,Installation,Repair
ENG03440,Direct Labour,Merit,Beginner,Single Skill,Service,Installation
ENG03441,Direct Labour,Merit,Intermediate,Multi Skill,Repair,None
ENG03442,Direct Labour,Pass,Expert,Single Skill,Installation,Service
ENG03443,Contractor,Merit,Expert,Single Skill,Installation,Service
ENG03444,Direct Labour,Pass,Beginner,Single Skill,Service,Service
ENG03445,Contractor,Pass,Beginner,Single Skill,Service,Installation
ENG03446,Contractor,Pass,Expert,Single Skill,Repair,Service
ENG03447,Direct Labour,Merit,Expert,Multi Skill,Repair,Service
ENG03448,Contractor,Pass,Expert,Multi Skill,Installation,Service
ENG03449,Contractor,Pass,Intermediate,Single Skill,Service,Service
ENG03450,Direct Labour,Pass,Intermediate,Single Skill,Service,Repair
ENG03451,Direct Labour,Distinction,Intermediate,Single Skill,Repair,Installation
ENG03452,Contractor,Merit,Expert,Multi Skill,Service,Service
ENG03453,Contractor,Pass,Expert,Single Skill,Installation,Service
ENG03454,Direct Labour,Pass,Intermediate,Multi Skill,Repair,None
ENG03455,Direct Labour,Distinction,Expert,Single Skill,Installation,None
ENG03456,Contractor,Distinction,Intermediate,Multi Skill,Service,None
ENG03457,Direct Labour,Merit,Intermediate,Single Skill,Installation,Repair
ENG03458,Direct Labour,Merit,Beginner,Multi Skill,Installation,Service
ENG03459,Contractor,Merit,Beginner,Single Skill,Service,Repair
ENG03460,Direct Labour,Distinction,Expert,Single Skill,Installation,Installation
ENG03461,Contractor,Merit,Beginner,Multi Skill,Installation,Service
ENG03462,Direct Labour,Merit,Beginner,Single Skill,Service,Repair
ENG03463,Contractor,Distinction,Intermediate,Single Skill,Installation,Installation
ENG03464,Direct Labour,Merit,Expert,Single Skill,Service,Service
ENG03465,Contractor,Distinction,Expert,Multi Skill,Service,Installation
ENG03466,Direct Labour,Merit,Expert,Multi Skill,Installation,Repair
ENG03467,Direct Labour,Pass,Expert,Single Skill,Repair,Installation
ENG03468,Direct Labour,Distinction,Expert,Multi Skill,Service,None
ENG03469,Contractor,Merit,Expert,Single Skill,Service,Service
ENG03470,Direct Labour,Pass,Intermediate,Single Skill,Repair,Repair
ENG03471,Direct Labour,Distinction,Beginner,Multi Skill,Service,Repair
ENG03472,Contractor,Distinction,Intermediate,Single Skill,Service,Repair
ENG03473,Contractor,Distinction,Intermediate,Multi Skill,Repair,Repair
ENG03474,Direct Labour,Distinction,Intermediate,Single Skill,Installation,Service
ENG03475,Direct Labour,Merit,Intermediate,Single Skill,Repair,None
ENG03476,Direct Labour,Merit,Beginner,Multi Skill,Repair,Installation
ENG03477,Contractor,Distinction,Intermediate,Multi Skill,Service,None
ENG03478,Direct Labour,Pass,Expert,Multi Skill,Installation,Installation
ENG03479,Direct Labour,Pass,Expert,Single Skill,Repair,Installation
ENG03480,Contractor,Distinction,Beginner,Multi Skill,Installation,None
ENG03481,Contractor,Distinction,Intermediate,Single Skill,Installation,Repair
ENG03482,Direct Labour,Merit,Expert,Single Skill,Service,None
ENG03483,Direct Labour,Distinction,Beginner,Multi Skill,Repair,Installation
ENG03484,Contractor,Merit,Beginner,Single Skill,Service,Service
ENG03485,Direct Labour,Merit,Beginner,Multi Skill,Repair,Repair
ENG03486,Contractor,Merit,Expert,Single Skill,Service,Repair
ENG03487,Contractor,Pass,Expert,Multi Skill,Repair,None
ENG03488,Direct Labour,Distinction,Intermediate,Single Skill,Repair,Repair
ENG03489,Direct Labour,Distinction,Intermediate,Single Skill,Installation,Repair
ENG03490,Direct Labour,Merit,Intermediate,Single Skill,Installation,Installation
ENG03491,Contractor,Pass,Beginner,Single Skill,Installation,Repair
ENG03492,Contractor,Pass,Intermediate,Single Skill,Service,Repair
ENG03493,Contractor,Pass,Intermediate,Single Skill,Installation,Service
ENG03494,Contractor,Distinction,Beginner,Single Skill,Installation,Repair
ENG03495,Contractor,Merit,Intermediate,Multi Skill,Repair,Installation
ENG03496,Contractor,Distinction,Intermediate,Single Skill,Service,Repair
ENG03497,Direct Labour,Pass,Beginner,Multi Skill,Repair,None
ENG03498,Direct Labour,Merit,Beginner,Multi Skill,Installation,Repair
ENG03499,Contractor,Distinction,Beginner,Multi Skill,Repair,None
ENG03500,Direct Labour,Merit,Intermediate,Single Skill,Repair,Service
ENG03501,Contractor,Merit,Intermediate,Multi Skill,Service,Repair
ENG03502,Direct Labour,Distinction,Beginner,Multi Skill,Service,Installation
ENG03503,Direct Labour,Distinction,Expert,Single Skill,Installation,Service
ENG03504,Contractor,Merit,Expert,Multi Skill,Service,Repair
ENG03505,Direct Labour,Merit,Beginner,Single Skill,Service,Installation
ENG03506,Direct Labour,Pass,Intermediate,Multi Skill,Repair,Service
ENG03507,Direct Labour,Distinction,Beginner,Single Skill,Repair,None
ENG03508,Direct Labour,Pass,Beginner,Single Skill,Service,None
ENG03509,Direct Labour,Pass,Beginner,Single Skill,Installation,None
ENG03510,Contractor,Pass,Expert,Single Skill,Installation,Repair
ENG03511,Direct Labour,Distinction,Intermediate,Multi Skill,Repair,None
ENG03512,Contractor,Pass,Beginner,Multi Skill,Installation,None
ENG03513,Direct Labour,Merit,Intermediate,Single Skill,Repair,None
ENG03514,Contractor,Distinction,Expert,Multi Skill,Installation,Installation
ENG03515,Contractor,Distinction,Beginner,Single Skill,Installation,None
ENG03516,Direct Labour,Distinction,Intermediate,Multi Skill,Installation,None
ENG03517,Direct Labour,Pass,Beginner,Single Skill,Installation,None
ENG03518,Contractor,Distinction,Beginner,Single Skill,Service,Repair
ENG03519,Contractor,Merit,Intermediate,Multi Skill,Installation,Repair
ENG03520,Direct Labour,Pass,Intermediate,Single Skill,Installation,Repair
ENG03521,Contractor,Merit,Beginner,Single Skill,Service,None
ENG03522,Direct Labour,Merit,Intermediate,Multi Skill,Installation,None
ENG03523,Contractor,Merit,Expert,Single Skill,Installation,Installation
ENG03524,Contractor,Merit,Intermediate,Single Skill,Service,Service
ENG03525,Direct Labour,Merit,Beginner,Single Skill,Service,Repair
ENG03526,Direct Labour,Merit,Expert,Multi Skill,Repair,None
ENG03527,Direct Labour,Distinction,Expert,Multi Skill,Repair,Service
ENG03528,Direct Labour,Pass,Intermediate,Multi Skill,Installation,Repair
ENG03529,Contractor,Merit,Expert,Multi Skill,Service,Installation
ENG03530,Contractor,Pass,Intermediate,Multi Skill,Installation,None
ENG03531,Contractor,Pass,Beginner,Multi Skill,Repair,Installation
ENG03532,Contractor,Merit,Expert,Single Skill,Repair,Service
ENG03533,Direct Labour,Pass,Intermediate,Multi Skill,Installation,Service
ENG03534,Direct Labour,Pass,Beginner,Multi Skill,Service,Installation
ENG03535,Contractor,Merit,Intermediate,Single Skill,Repair,Repair
ENG03536,Direct Labour,Distinction,Beginner,Multi Skill,Installation,Service
ENG03537,Contractor,Merit,Expert,Single Skill,Repair,Repair
ENG03538,Contractor,Merit,Beginner,Multi Skill,Installation,None
ENG03539,Direct Labour,Pass,Expert,Multi Skill,Installation,Installation
ENG03540,Contractor,Merit,Beginner,Single Skill,Repair,Service
ENG03541,Direct Labour,Pass,Beginner,Multi Skill,Service,None
ENG03542,Direct Labour,Distinction,Intermediate,Multi Skill,Installation,Installation
ENG03543,Contractor,Distinction,Beginner,Single Skill,Service,Repair
ENG03544,Contractor,Merit,Intermediate,Single Skill,Service,Installation
ENG03545,Direct Labour,Pass,Intermediate,Multi Skill,Repair,Repair
ENG03546,Contractor,Pass,Expert,Multi Skill,Service,None
ENG03547,Direct Labour,Distinction,Intermediate,Multi Skill,Installation,Service
ENG03548,Direct Labour,Merit,Beginner,Single Skill,Service,Repair
ENG03549,Direct Labour,Distinction,Beginner,Single Skill,Service,None
ENG03550,Contractor,Merit,Intermediate,Single Skill,Installation,Service
ENG03551,Contractor,Pass,Expert,Multi Skill,Installation,None
ENG03552,Direct Labour,Merit,Expert,Single Skill,Service,Installation
ENG03553,Direct Labour,Merit,Expert,Multi Skill,Service,Repair
ENG03554,Direct Labour,Distinction,Intermediate,Multi Skill,Installation,Service
ENG03555,Direct Labour,Pass,Intermediate,Single Skill,Repair,Installation
ENG03556,Direct Labour,Distinction,Intermediate,Multi Skill,Repair,Installation
ENG03557,Direct Labour,Distinction,Intermediate,Single Skill,Repair,Installation
ENG03558,Direct Labour,Distinction,Beginner,Single Skill,Service,Installation
ENG03559,Contractor,Distinction,Expert,Single Skill,Repair,Installation
ENG03560,Contractor,Merit,Beginner,Single Skill,Repair,None
ENG03561,Contractor,Pass,Beginner,Single Skill,Installation,Repair
ENG03562,Direct Labour,Distinction,Beginner,Multi Skill,Repair,Repair
ENG03563,Contractor,Pass,Intermediate,Multi Skill,Installation,Installation
ENG03564,Direct Labour,Distinction,Intermediate,Multi Skill,Installation,Repair
ENG03565,Direct Labour,Distinction,Intermediate,Multi Skill,Installation,Installation
ENG03566,Direct Labour,Merit,Expert,Single Skill,Service,Installation
ENG03567,Direct Labour,Merit,Expert,Single Skill,Installation,Installation
ENG03568,Contractor,Merit,Intermediate,Single Skill,Service,Service
ENG03569,Contractor,Distinction,Expert,Multi Skill,Service,Repair
ENG03570,Contractor,Merit,Intermediate,Single Skill,Service,None
ENG03571,Contractor,Pass,Expert,Single Skill,Repair,Repair
ENG03572,Direct Labour,Pass,Expert,Multi Skill,Service,Installation
ENG03573,Direct Labour,Pass,Beginner,Multi Skill,Service,Repair
ENG03574,Direct Labour,Pass,Beginner,Multi Skill,Installation,Repair
ENG03575,Direct Labour,Pass,Expert,Multi Skill,Service,None
ENG03576,Contractor,Distinction,Intermediate,Multi Skill,Repair,Service
ENG03577,Contractor,Merit,Beginner,Single Skill,Repair,Repair
ENG03578,Direct Labour,Merit,Beginner,Single Skill,Service,Repair
ENG03579,Direct Labour,Pass,Beginner,Single Skill,Service,None
ENG03580,Contractor,Pass,Beginner,Single Skill,Repair,Installation
ENG03581,Direct Labour,Pass,Beginner,Multi Skill,Repair,Repair
ENG03582,Direct Labour,Pass,Intermediate,Single Skill,Service,None
ENG03583,Direct Labour,Pass,Intermediate,Multi Skill,Service,Repair
ENG03584,Contractor,Pass,Expert,Single Skill,Installation,Repair
ENG03585,Contractor,Merit,Beginner,Multi Skill,Installation,None
ENG03586,Direct Labour,Merit,Intermediate,Multi Skill,Installation,None
ENG03587,Direct Labour,Merit,Beginner,Multi Skill,Repair,None
ENG03588,Contractor,Distinction,Intermediate,Multi Skill,Repair,Service
ENG03589,Direct Labour,Distinction,Expert,Single Skill,Repair,None
ENG03590,Direct Labour,Distinction,Beginner,Multi Skill,Service,Installation
ENG03591,Direct Labour,Distinction,Expert,Multi Skill,Service,Service
ENG03592,Contractor,Merit,Expert,Single Skill,Service,Installation
ENG03593,Direct Labour,Pass,Expert,Single Skill,Installation,None
ENG03594,Contractor,Distinction,Intermediate,Multi Skill,Installation,Installation
ENG03595,Contractor,Merit,Beginner,Single Skill,Service,Installation
ENG03596,Direct Labour,Pass,Expert,Single Skill,Repair,None
ENG03597,Contractor,Distinction,Intermediate,Single Skill,Repair,Repair
ENG03598,Direct Labour,Distinction,Intermediate,Multi Skill,Installation,Repair
ENG03599,Direct Labour,Pass,Intermediate,Multi Skill,Service,Service
ENG03600,Contractor,Merit,Beginner,Single Skill,Repair,Installation
ENG03601,Direct Labour,Distinction,Intermediate,Multi Skill,Service,Repair
ENG03602,Direct Labour,Pass,Beginner,Multi Skill,Service,None
ENG03603,Direct Labour,Merit,Intermediate,Single Skill,Installation,Repair
ENG03604,Direct Labour,Distinction,Beginner,Single Skill,Repair,Repair
ENG03605,Contractor,Pass,Expert,Single Skill,Installation,None
ENG03606,Contractor,Pass,Expert,Multi Skill,Repair,None
ENG03607,Direct Labour,Pass,Expert,Single Skill,Repair,Installation
ENG03608,Contractor,Distinction,Intermediate,Single Skill,Repair,Repair
ENG03609,Direct Labour,Distinction,Intermediate,Multi Skill,Service,Installation
ENG03610,Contractor,Distinction,Intermediate,Multi Skill,Repair,Installation
ENG03611,Contractor,Distinction,Beginner,Multi Skill,Repair,Installation
ENG03612,Direct Labour,Pass,Beginner,Single Skill,Repair,Service
ENG03613,Direct Labour,Distinction,Intermediate,Single Skill,Installation,Repair
ENG03614,Direct Labour,Distinction,Beginner,Single Skill,Repair,None
ENG03615,Direct Labour,Pass,Beginner,Single Skill,Service,Installation
ENG03616,Contractor,Merit,Beginner,Multi Skill,Service,Installation
ENG03617,Contractor,Distinction,Beginner,Multi Skill,Installation,Service
ENG03618,Contractor,Distinction,Expert,Single Skill,Installation,Installation
ENG03619,Contractor,Pass,Beginner,Single Skill,Service,Repair
ENG03620,Contractor,Distinction,Expert,Multi Skill,Repair,None
ENG03621,Contractor,Pass,Intermediate,Multi Skill,Repair,Installation
ENG03622,Contractor,Pass,Beginner,Single Skill,Repair,Repair
ENG03623,Contractor,Merit,Expert,Single Skill,Service,Repair
ENG03624,Contractor,Merit,Intermediate,Single Skill,Installation,None
ENG03625,Direct Labour,Pass,Expert,Multi Skill,Installation,None
ENG03626,Direct Labour,Pass,Beginner,Multi Skill,Installation,None
ENG03627,Direct Labour,Merit,Beginner,Single Skill,Repair,Installation
ENG03628,Contractor,Distinction,Beginner,Single Skill,Repair,Installation
ENG03629,Contractor,Distinction,Expert,Single Skill,Installation,None
ENG03630,Contractor,Merit,Expert,Single Skill,Installation,Service
ENG03631,Contractor,Distinction,Beginner,Single Skill,Repair,Service
ENG03632,Contractor,Merit,Expert,Multi Skill,Repair,Service
ENG03633,Direct Labour,Pass,Expert,Multi Skill,Service,Installation
ENG03634,Direct Labour,Merit,Beginner,Single Skill,Repair,Service
ENG03635,Direct Labour,Merit,Beginner,Multi Skill,Installation,Repair
ENG03636,Direct Labour,Distinction,Beginner,Single Skill,Service,None
ENG03637,Direct Labour,Merit,Expert,Multi Skill,Installation,Service
ENG03638,Direct Labour,Merit,Beginner,Single Skill,Repair,Installation
ENG03639,Contractor,Merit,Beginner,Multi Skill,Installation,Service
ENG03640,Direct Labour,Distinction,Expert,Single Skill,Service,Repair
ENG03641,Contractor,Pass,Beginner,Single Skill,Installation,Repair
ENG03642,Contractor,Pass,Beginner,Single Skill,Repair,Repair
ENG03643,Contractor,Merit,Beginner,Single Skill,Service,Service
ENG03644,Direct Labour,Merit,Expert,Single Skill,Service,None
ENG03645,Contractor,Merit,Beginner,Single Skill,Service,Repair
ENG03646,Direct Labour,Distinction,Expert,Multi Skill,Service,Service
ENG03647,Direct Labour,Pass,Intermediate,Single Skill,Installation,Installation
ENG03648,Direct Labour,Distinction,Beginner,Multi Skill,Installation,None
ENG03649,Direct Labour,Distinction,Intermediate,Multi Skill,Repair,Repair
ENG03650,Contractor,Distinction,Expert,Multi Skill,Repair,Service
ENG03651,Contractor,Pass,Intermediate,Single Skill,Installation,Installation
ENG03652,Direct Labour,Merit,Intermediate,Multi Skill,Repair,Installation
ENG03653,Contractor,Distinction,Expert,Multi Skill,Repair,Service
ENG03654,Direct Labour,Distinction,Intermediate,Multi Skill,Repair,Installation
ENG03655,Contractor,Distinction,Expert,Multi Skill,Service,None
ENG03656,Contractor,Merit,Expert,Single Skill,Installation,Repair
ENG03657,Contractor,Merit,Intermediate,Single Skill,Service,Repair
ENG03658,Direct Labour,Merit,Beginner,Multi Skill,Repair,None
ENG03659,Contractor,Merit,Beginner,Single Skill,Installation,Repair
ENG03660,Direct Labour,Pass,Beginner,Single Skill,Installation,Repair
ENG03661,Direct Labour,Pass,Beginner,Multi Skill,Service,None
ENG03662,Direct Labour,Merit,Beginner,Multi Skill,Service,None
ENG03663,Direct Labour,Distinction,Expert,Single Skill,Service,Service
ENG03664,Direct Labour,Merit,Intermediate,Single Skill,Service,Repair
ENG03665,Direct Labour,Pass,Expert,Single Skill,Repair,Repair
ENG03666,Direct Labour,Distinction,Intermediate,Multi Skill,Installation,Service
ENG03667,Direct Labour,Pass,Expert,Multi Skill,Installation,Installation
ENG03668,Contractor,Pass,Intermediate,Multi Skill,Service,Installation
ENG03669,Direct Labour,Distinction,Expert,Multi Skill,Repair,None
ENG03670,Direct Labour,Merit,Beginner,Multi Skill,Service,Installation
ENG03671,Contractor,Merit,Expert,Single Skill,Installation,Installation
ENG03672,Contractor,Pass,Expert,Single Skill,Repair,Service
ENG03673,Direct Labour,Merit,Expert,Single Skill,Installation,Repair
ENG03674,Contractor,Pass,Expert,Single Skill,Installation,None
ENG03675,Direct Labour,Pass,Intermediate,Multi Skill,Repair,Installation
ENG03676,Direct Labour,Merit,Expert,Single Skill,Repair,Service
ENG03677,Direct Labour,Pass,Expert,Single Skill,Repair,Repair
ENG03678,Contractor,Merit,Intermediate,Single Skill,Installation,Repair
ENG03679,Contractor,Pass,Expert,Single Skill,Service,None
ENG03680,Direct Labour,Merit,Beginner,Multi Skill,Service,None
ENG03681,Direct Labour,Distinction,Expert,Single Skill,Repair,Repair
ENG03682,Contractor,Merit,Intermediate,Single Skill,Repair,Repair
ENG03683,Contractor,Pass,Beginner,Multi Skill,Installation,Repair
ENG03684,Direct Labour,Pass,Expert,Single Skill,Service,Repair
ENG03685,Direct Labour,Merit,Intermediate,Single Skill,Installation,None
ENG03686,Direct Labour,Pass,Beginner,Single Skill,Installation,Service
ENG03687,Contractor,Distinction,Expert,Multi Skill,Repair,Repair
ENG03688,Contractor,Distinction,Expert,Multi Skill,Repair,Repair
ENG03689,Contractor,Distinction,Expert,Multi Skill,Repair,Service
ENG03690,Contractor,Distinction,Intermediate,Single Skill,Repair,Installation
ENG03691,Contractor,Merit,Expert,Single Skill,Installation,Installation
ENG03692,Contractor,Pass,Expert,Single Skill,Service,Repair
ENG03693,Direct Labour,Merit,Expert,Single Skill,Repair,Repair
ENG03694,Direct Labour,Pass,Intermediate,Multi Skill,Repair,Repair
ENG03695,Contractor,Distinction,Intermediate,Multi Skill,Service,Installation
ENG03696,Direct Labour,Pass,Beginner,Single Skill,Repair,Service
ENG03697,Contractor,Distinction,Expert,Single Skill,Service,Installation
ENG03698,Direct Labour,Distinction,Intermediate,Single Skill,Service,None
ENG03699,Contractor,Distinction,Beginner,Single Skill,Service,None
ENG03700,Direct Labour,Merit,Expert,Multi Skill,Service,Repair
ENG03701,Direct Labour,Pass,Intermediate,Single Skill,Service,None
ENG03702,Direct Labour,Pass,Intermediate,Single Skill,Service,Service
ENG03703,Direct Labour,Distinction,Beginner,Multi Skill,Service,Installation
ENG03704,Contractor,Distinction,Expert,Multi Skill,Service,Installation
ENG03705,Contractor,Merit,Expert,Multi Skill,Service,Service
ENG03706,Contractor,Pass,Intermediate,Single Skill,Service,None
ENG03707,Direct Labour,Pass,Intermediate,Multi Skill,Repair,Service
ENG03708,Contractor,Distinction,Intermediate,Multi Skill,Service,Service
ENG03709,Direct Labour,Merit,Intermediate,Multi Skill,Installation,Installation
ENG03710,Direct Labour,Merit,Beginner,Single Skill,Repair,None
ENG03711,Direct Labour,Distinction,Expert,Single Skill,Installation,Repair
ENG03712,Contractor,Distinction,Beginner,Single Skill,Installation,None
ENG03713,Direct Labour,Pass,Expert,Multi Skill,Installation,Service
ENG03714,Direct Labour,Pass,Intermediate,Single Skill,Repair,Installation
ENG03715,Contractor,Distinction,Beginner,Multi Skill,Service,None
ENG03716,Direct Labour,Distinction,Expert,Single Skill,Installation,Service
ENG03717,Contractor,Distinction,Beginner,Multi Skill,Installation,Service
ENG03718,Direct Labour,Distinction,Expert,Multi Skill,Service,Installation
ENG03719,Contractor,Pass,Expert,Multi Skill,Service,Repair
ENG03720,Direct Labour,Pass,Expert,Multi Skill,Repair,Repair
ENG03721,Direct Labour,Distinction,Beginner,Multi Skill,Installation,Repair
ENG03722,Direct Labour,Distinction,Expert,Multi Skill,Repair,Installation
ENG03723,Contractor,Distinction,Intermediate,Single Skill,Repair,Repair
ENG03724,Contractor,Distinction,Intermediate,Multi Skill,Service,Service
ENG03725,Direct Labour,Pass,Beginner,Multi Skill,Repair,Service
ENG03726,Contractor,Merit,Expert,Single Skill,Installation,None
ENG03727,Contractor,Merit,Intermediate,Multi Skill,Repair,Installation
ENG03728,Direct Labour,Distinction,Beginner,Multi Skill,Service,Installation
ENG03729,Contractor,Distinction,Beginner,Single Skill,Repair,Installation
ENG03730,Contractor,Merit,Intermediate,Multi Skill,Service,None
ENG03731,Contractor,Distinction,Beginner,Single Skill,Installation,Installation
ENG03732,Contractor,Merit,Intermediate,Multi Skill,Service,None
ENG03733,Contractor,Distinction,Expert,Single Skill,Repair,Repair
ENG03734,Direct Labour,Distinction,Intermediate,Multi Skill,Service,Service
ENG03735,Direct Labour,Distinction,Expert,Multi Skill,Installation,Service
ENG03736,Contractor,Distinction,Expert,Multi Skill,Installation,None
ENG03737,Contractor,Merit,Intermediate,Single Skill,Service,Service
ENG03738,Contractor,Distinction,Expert,Single Skill,Repair,Installation
ENG03739,Direct Labour,Pass,Expert,Single Skill,Installation,Service
ENG03740,Direct Labour,Pass,Intermediate,Single Skill,Installation,None
ENG03741,Contractor,Pass,Expert,Multi Skill,Repair,Service
ENG03742,Direct Labour,Merit,Beginner,Single Skill,Service,Installation
ENG03743,Contractor,Merit,Beginner,Single Skill,Service,None
ENG03744,Direct Labour,Distinction,Beginner,Single Skill,Repair,Repair
ENG03745,Contractor,Merit,Expert,Single Skill,Repair,Repair
ENG03746,Direct Labour,Pass,Expert,Single Skill,Installation,Installation
ENG03747,Contractor,Distinction,Expert,Multi Skill,Repair,Service
ENG03748,Direct Labour,Pass,Beginner,Single Skill,Installation,Service
ENG03749,Contractor,Distinction,Expert,Single Skill,Service,Service
ENG03750,Direct Labour,Distinction,Expert,Multi Skill,Repair,None
ENG03751,Direct Labour,Merit,Intermediate,Single Skill,Repair,Installation
ENG03752,Contractor,Distinction,Beginner,Single Skill,Service,Service
ENG03753,Direct Labour,Distinction,Intermediate,Multi Skill,Repair,Installation
ENG03754,Direct Labour,Merit,Intermediate,Single Skill,Repair,None
ENG03755,Contractor,Pass,Beginner,Multi Skill,Repair,Installation
ENG03756,Direct Labour,Pass,Intermediate,Single Skill,Service,None
ENG03757,Direct Labour,Distinction,Beginner,Single Skill,Service,None
ENG03758,Direct Labour,Distinction,Intermediate,Multi Skill,Repair,None
ENG03759,Direct Labour,Distinction,Beginner,Single Skill,Repair,None
ENG03760,Direct Labour,Merit,Beginner,Multi Skill,Service,None
ENG03761,Direct Labour,Pass,Intermediate,Multi Skill,Repair,Repair
ENG03762,Contractor,Pass,Expert,Multi Skill,Service,Installation
ENG03763,Contractor,Pass,Expert,Multi Skill,Service,None
ENG03764,Direct Labour,Pass,Expert,Single Skill,Installation,Service
ENG03765,Direct Labour,Merit,Beginner,Single Skill,Installation,Installation
ENG03766,Direct Labour,Merit,Beginner,Multi Skill,Service,Repair
ENG03767,Direct Labour,Pass,Expert,Single Skill,Installation,None
ENG03768,Direct Labour,Distinction,Intermediate,Multi Skill,Service,Service
ENG03769,Contractor,Distinction,Beginner,Multi Skill,Installation,Installation
ENG03770,Direct Labour,Distinction,Beginner,Multi Skill,Service,Installation
ENG03771,Contractor,Pass,Beginner,Single Skill,Service,Repair
ENG03772,Direct Labour,Merit,Expert,Single Skill,Repair,Installation
ENG03773,Contractor,Distinction,Beginner,Single Skill,Installation,None
ENG03774,Contractor,Distinction,Intermediate,Multi Skill,Service,Installation
ENG03775,Contractor,Merit,Expert,Single Skill,Service,None
ENG03776,Direct Labour,Pass,Intermediate,Multi Skill,Installation,None
ENG03777,Contractor,Distinction,Expert,Multi Skill,Installation,None
ENG03778,Direct Labour,Pass,Expert,Multi Skill,Service,Service
ENG03779,Direct Labour,Pass,Intermediate,Single Skill,Service,None
ENG03780,Direct Labour,Merit,Expert,Multi Skill,Service,Installation
ENG03781,Contractor,Merit,Beginner,Single Skill,Installation,Service
ENG03782,Direct Labour,Merit,Intermediate,Single Skill,Repair,Installation
ENG03783,Contractor,Pass,Intermediate,Multi Skill,Repair,Service
ENG03784,Direct Labour,Merit,Expert,Single Skill,Installation,Service
ENG03785,Direct Labour,Distinction,Expert,Single Skill,Installation,None
ENG03786,Direct Labour,Distinction,Expert,Single Skill,Repair,Installation
ENG03787,Contractor,Pass,Beginner,Multi Skill,Installation,Installation
ENG03788,Direct Labour,Distinction,Beginner,Single Skill,Repair,Service
ENG03789,Direct Labour,Merit,Expert,Single Skill,Repair,Installation
ENG03790,Contractor,Distinction,Beginner,Multi Skill,Service,Installation
ENG03791,Direct Labour,Pass,Intermediate,Single Skill,Repair,Repair
ENG03792,Contractor,Merit,Beginner,Single Skill,Service,Service
ENG03793,Contractor,Merit,Beginner,Single Skill,Repair,Installation
ENG03794,Direct Labour,Distinction,Expert,Multi Skill,Repair,None
ENG03795,Direct Labour,Pass,Expert,Single Skill,Installation,Service
ENG03796,Contractor,Distinction,Expert,Multi Skill,Installation,Installation
ENG03797,Direct Labour,Pass,Beginner,Single Skill,Service,Installation
ENG03798,Direct Labour,Distinction,Beginner,Single Skill,Installation,Service
ENG03799,Direct Labour,Distinction,Beginner,Single Skill,Service,Installation
ENG03800,Contractor,Distinction,Expert,Multi Skill,Service,Service
