lead_id,primary_quotation,secondary_quotation,final_quotation
LD00000001,2889.78,2220.67,1799.35
LD00000002,1784.85,1483.01,1481.88
LD00000003,1575.21,1819.83,2687.14
LD00000004,1602.78,1288.35,2606.55
LD00000005,2128.84,1958.77,2131.9
LD00000006,1898.42,1370.14,2303.7
LD00000007,1609.89,1477.1,1771.28
LD00000008,2157.28,1906.18,1823.52
LD00000009,2908.4,1374.58,1561.6
LD00000010,2407.24,2132.9,1685.04
LD00000011,2858.0,2299.93,1529.22
LD00000012,2656.68,2028.25,1766.74
LD00000013,1667.81,2428.57,2367.43
LD00000014,1691.17,1600.74,2658.57
LD00000015,2030.52,1927.85,2624.6
LD00000016,2822.12,1232.22,2431.19
LD00000017,1738.8,2111.66,1935.56
LD00000018,2024.49,2266.7,2619.85
LD00000019,1917.9,1290.25,2482.66
LD00000020,1673.01,2461.52,1649.99
LD00000021,2592.82,1607.78,2248.69
LD00000022,1566.58,1766.87,2127.89
LD00000023,2146.95,2433.54,2689.08
LD00000024,2500.34,1624.04,2376.09
LD00000025,2423.27,1591.23,2167.11
LD00000026,2197.48,1774.81,1699.18
LD00000027,2273.18,2022.82,1869.26
LD00000028,1536.64,1518.3,2065.19
LD00000029,2241.57,1517.18,2318.48
LD00000030,2706.16,2104.69,2050.37
LD00000031,2501.37,2484.26,2233.63
LD00000032,2845.81,2166.75,2064.54
LD00000033,2440.12,1556.98,1508.48
LD00000034,1707.56,1500.64,2371.53
LD00000035,2313.92,1740.51,1689.57
LD00000036,2215.47,2425.56,1818.06
LD00000037,1829.13,1766.59,1440.63
LD00000038,2879.31,2474.94,2147.77
LD00000039,2464.12,1376.41,2046.38
LD00000040,1990.27,2189.6,1930.78
LD00000041,2999.86,1654.95,2310.2
LD00000042,2432.0,1510.11,2062.99
LD00000043,1751.68,1989.42,2447.1
LD00000044,2893.33,1948.54,2671.24
LD00000045,1652.85,2204.23,2590.41
LD00000046,2299.12,2059.98,1496.54
LD00000047,2150.29,1670.84,2648.21
LD00000048,2423.87,2395.5,2484.5
LD00000049,2777.57,2279.95,1521.33
LD00000050,1543.05,2306.24,1654.58
LD00000051,2333.69,1871.62,1667.48
LD00000052,2468.85,1838.07,2510.11
LD00000053,2495.94,1679.73,2174.86
LD00000054,2554.28,1552.19,1751.97
LD00000055,1787.31,2160.19,1787.1
LD00000056,2748.94,1585.12,1905.23
LD00000057,1568.27,1270.88,1808.99
LD00000058,2204.1,1772.61,1658.11
LD00000059,2237.62,1950.13,2361.03
LD00000060,1677.68,2193.78,2248.84
LD00000061,1946.03,1965.08,2000.36
LD00000062,2438.27,1544.04,1513.66
LD00000063,2112.78,2096.18,2057.88
LD00000064,1606.77,1503.45,1770.38
LD00000065,2316.84,2041.93,2671.78
LD00000066,2158.73,1809.31,1825.73
LD00000067,1620.66,1251.82,2004.84
LD00000068,2942.87,2286.75,2205.28
LD00000069,2205.75,2046.96,2682.5
LD00000070,2205.02,1730.85,1849.48
LD00000071,1932.33,2428.75,2538.99
LD00000072,1984.91,2461.24,1965.85
LD00000073,1581.31,1873.97,2271.69
LD00000074,2323.83,2405.97,2013.36
LD00000075,1966.13,1217.78,1971.19
LD00000076,2247.56,2131.58,2112.42
LD00000077,2326.9,1698.66,2690.62
LD00000078,2009.81,2224.03,1774.04
LD00000079,2169.82,1829.64,1865.42
LD00000080,2357.7,1503.63,2485.76
LD00000081,2982.62,2230.11,2312.83
LD00000082,2811.29,1772.4,2136.33
LD00000083,1612.24,2215.98,1771.03
LD00000084,2778.51,2317.14,1932.01
LD00000085,1852.16,2089.72,1802.33
LD00000086,2165.52,2102.2,2664.79
LD00000087,2146.03,1517.46,1976.87
LD00000088,2414.24,1697.31,2356.39
LD00000089,2189.36,2066.89,2658.47
LD00000090,2162.59,1649.24,2222.6
LD00000091,1798.83,1700.1,2076.49
LD00000092,1532.91,2279.05,1954.13
LD00000093,2749.26,2373.82,2486.04
LD00000094,2516.65,2137.21,2322.85
LD00000095,2682.92,1243.37,1910.81
LD00000096,1801.19,2222.47,2627.04
LD00000097,2871.07,2427.44,2754.34
LD00000098,1711.14,2456.45,2604.2
LD00000099,2686.02,1218.09,2151.2
LD00000100,2733.63,2422.38,1551.68
LD00000101,2471.48,2026.03,2049.97
LD00000102,1568.02,1248.38,2794.3
LD00000103,2180.47,2071.63,2440.4
LD00000104,2482.38,2283.8,2261.91
LD00000105,2167.04,1506.95,1907.76
LD00000106,2097.21,1446.75,1571.02
LD00000107,2680.19,1516.64,1576.29
LD00000108,2719.58,1502.9,2484.12
LD00000109,2697.77,1342.9,2613.03
LD00000110,1761.37,1268.12,2438.41
LD00000111,2667.03,1867.21,1552.68
LD00000112,2465.01,1240.5,2798.02
LD00000113,1610.24,1305.03,2251.62
LD00000114,2991.94,1889.72,2035.2
LD00000115,2145.1,2354.52,1979.34
LD00000116,2140.15,2064.64,1924.02
LD00000117,1639.85,1325.53,2434.31
LD00000118,2116.21,2335.69,2717.58
LD00000119,2027.47,1951.29,1697.83
LD00000120,1672.33,1562.14,1716.62
LD00000121,1543.43,1555.25,2467.37
LD00000122,1604.38,2163.26,2760.53
LD00000123,2180.47,1404.63,1836.29
LD00000124,1733.37,2180.77,1469.67
LD00000125,2410.61,1738.44,1701.8
LD00000126,2517.33,1971.07,2137.71
LD00000127,1806.63,2428.92,2474.29
LD00000128,2620.52,1428.4,1932.29
LD00000129,2095.61,2164.65,2010.71
LD00000130,2564.25,1743.0,1561.24
LD00000131,1632.19,2297.83,1740.64
LD00000132,2618.71,1488.04,2490.77
LD00000133,2026.65,2445.69,2303.62
LD00000134,1760.25,1398.73,2462.81
LD00000135,2521.7,2346.66,2300.19
LD00000136,1602.43,1774.87,1823.95
LD00000137,2192.61,1248.89,1916.23
LD00000138,2370.49,2440.5,2434.49
LD00000139,2407.51,1851.78,2740.81
LD00000140,1558.71,2119.91,2787.38
LD00000141,2876.91,1703.64,2484.25
LD00000142,1994.54,1925.35,1941.19
LD00000143,1622.25,2062.7,2683.45
LD00000144,2392.56,2419.4,1833.41
LD00000145,2262.73,1223.7,1832.41
LD00000146,1732.42,1584.53,2503.37
LD00000147,2814.59,2003.44,2236.15
LD00000148,1565.54,1673.59,2407.42
LD00000149,2301.02,1602.31,2532.07
LD00000150,2654.16,2211.56,2104.07
LD00000151,1578.27,1824.77,1919.7
LD00000152,2644.68,1554.63,2667.43
LD00000153,2826.94,2409.61,1980.86
LD00000154,2062.37,1236.64,2703.16
LD00000155,1930.32,2278.69,2374.5
LD00000156,2858.79,1224.71,1701.92
LD00000157,2664.26,1508.93,1570.59
LD00000158,1666.29,2376.69,2235.43
LD00000159,1936.91,1202.03,1893.94
LD00000160,1601.52,1883.88,2110.26
LD00000161,2453.51,2475.35,1755.11
LD00000162,2657.25,2155.74,1865.53
LD00000163,2971.23,1822.09,1655.19
LD00000164,1802.39,2228.44,2640.11
LD00000165,1554.93,2040.97,1800.56
LD00000166,2699.01,1768.04,1960.03
LD00000167,2051.02,2236.48,1773.41
LD00000168,2318.21,1617.57,1512.1
LD00000169,2534.65,1657.01,1459.3
LD00000170,2506.78,1728.07,2118.32
LD00000171,1552.2,1287.4,2489.92
LD00000172,2518.59,2433.47,1920.82
LD00000173,1971.58,1562.3,2744.73
LD00000174,1892.67,1538.38,2024.78
LD00000175,1703.59,1296.27,1641.72
LD00000176,2564.31,1915.0,1806.51
LD00000177,2263.13,1357.77,1681.37
LD00000178,2201.11,2477.92,1581.68
LD00000179,2653.75,2270.34,1503.25
LD00000180,1692.5,2277.77,2171.82
LD00000181,2277.15,1595.36,1626.75
LD00000182,1875.91,2025.57,2171.18
LD00000183,2387.71,1954.84,1639.68
LD00000184,1621.83,2433.11,2479.43
LD00000185,2247.06,2015.31,1805.54
LD00000186,2180.32,2095.2,1621.31
LD00000187,1968.87,2133.87,2427.88
LD00000188,1862.61,1359.28,2029.43
LD00000189,1872.41,2324.9,1623.58
LD00000190,2247.4,1869.14,2098.26
LD00000191,2950.03,1479.69,1894.05
LD00000192,2305.04,2301.32,2003.3
LD00000193,2100.87,1941.37,1672.52
LD00000194,2737.97,2010.21,2255.46
LD00000195,2632.45,1458.78,2112.77
LD00000196,2705.95,1875.13,1608.52
LD00000197,2089.43,2001.45,2579.64
LD00000198,2212.34,1221.63,1863.74
LD00000199,1898.3,2052.27,2760.88
LD00000200,1755.77,2017.73,2267.63
LD00000201,1786.18,1773.35,1986.29
LD00000202,2558.66,1874.29,2185.24
LD00000203,2189.5,1893.07,2164.78
LD00000204,1788.4,1520.47,2181.32
LD00000205,1975.56,1653.44,2707.18
LD00000206,2727.57,2440.99,2526.46
LD00000207,2886.01,2052.76,2446.27
LD00000208,1663.84,2163.16,1734.99
LD00000209,1650.3,1629.38,2061.37
LD00000210,2479.34,2344.84,2065.98
LD00000211,2861.91,1316.3,2203.79
LD00000212,2823.37,1428.53,2687.49
LD00000213,1513.9,1938.35,1550.22
LD00000214,2776.59,1808.43,1669.94
LD00000215,2577.9,1218.31,1871.96
LD00000216,2740.48,1869.86,1521.43
LD00000217,2903.74,1208.88,1937.0
LD00000218,1892.33,1667.42,1730.82
LD00000219,2529.11,2400.04,2642.92
LD00000220,2421.94,1484.87,1587.0
LD00000221,2552.91,2386.64,2460.29
LD00000222,2292.26,1670.32,2684.14
LD00000223,1746.81,2310.83,2018.58
LD00000224,2848.33,1779.13,1477.89
LD00000225,2509.15,1600.62,1430.48
LD00000226,1567.93,1647.89,1489.26
LD00000227,1769.97,1376.06,2298.14
LD00000228,2804.43,2378.8,1925.9
LD00000229,1767.71,1898.44,2140.38
LD00000230,2510.25,1907.78,2144.71
LD00000231,1782.72,2337.77,2471.69
LD00000232,1809.12,1331.17,1447.01
LD00000233,2103.4,1504.64,1704.18
LD00000234,2366.21,2204.3,2545.74
LD00000235,1950.75,1279.24,2727.93
LD00000236,1570.33,1647.74,2300.64
LD00000237,1723.83,1689.4,2456.18
LD00000238,2872.11,1931.1,2754.9
LD00000239,1805.01,2040.72,2691.12
LD00000240,1902.69,2075.77,2244.09
LD00000241,1813.33,2379.14,1824.46
LD00000242,2871.66,2104.31,2385.28
LD00000243,2199.38,2043.34,1831.79
LD00000244,2642.44,1616.3,1684.38
LD00000245,1524.33,1919.31,2217.64
LD00000246,1845.03,1940.73,1744.02
LD00000247,2949.76,2034.2,2086.83
LD00000248,1776.07,2356.17,2786.45
LD00000249,2118.59,2295.31,1724.01
LD00000250,1590.68,2029.05,2707.47
LD00000251,1517.78,1888.24,1784.64
LD00000252,1660.52,1325.21,1608.46
LD00000253,2692.4,1302.73,2743.02
LD00000254,2526.06,2302.23,2315.23
LD00000255,2065.75,1818.81,2291.45
LD00000256,2348.78,2315.35,1533.51
LD00000257,1569.84,1296.65,2695.82
LD00000258,1523.49,1469.31,1601.87
LD00000259,2345.94,1936.7,2589.22
LD00000260,2251.19,2466.62,1475.18
LD00000261,1544.44,1555.33,2789.62
LD00000262,1778.61,1961.64,1932.1
LD00000263,1901.96,1694.0,2497.45
LD00000264,1637.28,2425.85,2022.63
LD00000265,2173.27,1921.16,1971.26
LD00000266,2795.58,1216.04,1979.33
LD00000267,1754.25,1549.59,1775.77
LD00000268,1949.63,2217.47,1905.57
LD00000269,1660.46,1596.06,2728.35
LD00000270,2002.1,2260.12,2603.31
LD00000271,1971.27,2453.95,2756.22
LD00000272,1988.83,1564.39,2500.21
LD00000273,2929.51,1800.11,2391.71
LD00000274,2509.47,1380.93,1823.97
LD00000275,1610.95,2487.91,2070.93
LD00000276,2686.08,1667.39,2653.7
LD00000277,2486.4,1661.51,2305.8
LD00000278,2948.58,1759.59,1414.77
LD00000279,2061.18,1801.98,2351.38
LD00000280,1656.82,1740.77,2746.42
LD00000281,2014.6,2219.55,2129.56
LD00000282,1600.76,1258.09,2395.09
LD00000283,2894.88,2162.64,2122.39
LD00000284,1847.78,1726.56,1658.23
LD00000285,2174.36,1758.42,1406.23
LD00000286,2699.25,1897.96,1912.11
LD00000287,2395.46,1994.7,2221.81
LD00000288,2878.02,1967.22,2340.95
LD00000289,2059.96,1383.77,1943.85
LD00000290,2230.01,1898.59,2686.83
LD00000291,1780.65,2294.58,2267.17
LD00000292,2945.74,1857.07,2092.96
LD00000293,1750.88,1935.02,2514.23
LD00000294,1752.31,1794.52,2439.53
LD00000295,2662.67,2270.27,1913.61
LD00000296,1653.62,2279.09,2451.88
LD00000297,2793.3,1313.08,2611.41
LD00000298,1748.97,1381.01,1689.27
LD00000299,2395.29,1418.89,2770.6
LD00000300,2944.16,2221.4,2686.28
LD00000301,1719.37,1618.73,1746.58
LD00000302,2062.76,1298.17,2512.44
LD00000303,2182.04,1834.46,2214.74
LD00000304,2693.52,1717.03,2755.38
LD00000305,2320.97,1369.77,2593.39
LD00000306,1524.42,2408.26,1621.18
LD00000307,1738.47,2412.54,1783.63
LD00000308,1577.68,2013.29,2416.38
LD00000309,1820.13,1301.32,2231.15
LD00000310,2725.66,2484.6,1991.24
LD00000311,2596.15,1333.16,1838.69
LD00000312,2295.76,1211.02,2310.03
LD00000313,2424.11,1775.1,1704.14
LD00000314,2944.87,1608.85,1595.76
LD00000315,2771.84,2055.93,1822.31
LD00000316,2469.25,2218.94,2511.29
LD00000317,2457.12,1292.32,2644.21
LD00000318,2048.12,2087.82,2467.82
LD00000319,1823.61,2399.35,2728.15
LD00000320,2552.72,1307.16,2151.19
LD00000321,2266.96,1464.16,2531.28
LD00000322,2548.01,2148.95,2585.06
LD00000323,2418.45,1271.54,2332.51
LD00000324,2552.25,1412.98,2734.22
LD00000325,1690.4,2215.46,1776.27
LD00000326,2285.78,1541.83,2765.07
LD00000327,2249.42,1936.95,1914.76
LD00000328,2611.17,1203.34,2602.16
LD00000329,2880.34,1432.65,2744.48
LD00000330,1982.7,1741.13,2408.4
LD00000331,2253.06,2372.52,1651.08
LD00000332,2660.29,1603.91,1520.94
LD00000333,2609.36,1515.36,1915.58
LD00000334,1509.57,1733.05,1726.2
LD00000335,2638.39,1689.16,2433.32
LD00000336,2238.04,1277.86,2795.74
LD00000337,2551.27,1684.24,2764.38
LD00000338,1612.25,1938.17,2008.98
LD00000339,2551.09,2155.96,1845.28
LD00000340,1733.12,1413.69,2052.48
LD00000341,1962.46,1544.51,1567.88
LD00000342,2753.89,1626.13,1527.7
LD00000343,1890.25,2487.88,1443.51
LD00000344,2193.06,2245.07,1595.71
LD00000345,2058.36,2019.39,2302.56
LD00000346,1796.63,2039.78,2533.02
LD00000347,1575.96,2401.37,2006.42
LD00000348,1759.21,1479.13,1662.01
LD00000349,2248.34,2347.61,2070.64
LD00000350,2463.98,2236.36,1748.81
LD00000351,2316.78,1830.08,2677.75
LD00000352,1978.32,1484.73,2654.07
LD00000353,2960.97,1330.17,2319.61
LD00000354,2032.21,2290.99,2583.31
LD00000355,2555.18,1657.19,2194.71
LD00000356,2235.65,1317.33,1725.67
LD00000357,2876.84,1461.9,1582.69
LD00000358,2379.91,2392.39,2484.11
LD00000359,2379.02,1637.53,1851.64
LD00000360,1761.3,2459.37,2370.98
LD00000361,1960.23,2095.05,1578.29
LD00000362,1773.12,1613.68,2532.33
LD00000363,1710.97,2168.95,1733.19
LD00000364,1517.09,1472.59,2370.45
LD00000365,2078.91,2152.36,2756.74
LD00000366,2743.21,2225.35,2209.28
LD00000367,1942.36,1614.33,2732.33
LD00000368,2320.57,2367.56,1530.35
LD00000369,2913.66,1414.5,2645.65
LD00000370,2113.92,1920.35,2695.8
LD00000371,1643.87,1710.77,2169.53
LD00000372,1631.44,2271.07,2275.13
LD00000373,2457.29,2470.18,2063.0
LD00000374,1636.71,1907.36,1658.83
LD00000375,2159.61,1542.42,2571.91
LD00000376,2502.21,2250.63,1979.58
LD00000377,2948.44,2093.19,2710.91
LD00000378,2854.17,2128.6,2102.94
LD00000379,2923.88,1783.75,2728.69
LD00000380,1617.55,2088.06,1682.69
LD00000381,1630.54,1923.27,2172.88
LD00000382,2121.66,1392.66,2223.11
LD00000383,2816.84,1543.38,2316.7
LD00000384,2104.46,2003.72,2353.14
LD00000385,2618.62,2397.09,2655.84
LD00000386,2787.35,2090.31,2761.5
LD00000387,1904.13,1741.8,2303.78
LD00000388,2731.53,1869.85,1622.56
LD00000389,1760.61,2337.73,1681.02
LD00000390,2556.95,1556.17,2552.91
LD00000391,2058.7,1972.26,1648.62
LD00000392,2756.48,1536.26,2563.22
LD00000393,2780.73,2213.78,1700.05
LD00000394,2477.38,1867.27,2610.48
LD00000395,1835.66,1990.85,2720.21
LD00000396,2777.38,1796.7,1705.49
LD00000397,1511.02,2499.26,2753.08
LD00000398,2526.62,1826.26,1870.8
LD00000399,1782.54,1872.48,1736.42
LD00000400,2581.92,2052.02,2796.46
LD00000401,2014.75,2127.38,2360.85
LD00000402,2768.13,2292.83,2627.09
LD00000403,2587.78,1926.74,2677.67
LD00000404,1834.99,2332.86,1988.66
LD00000405,2776.82,1811.7,2612.95
LD00000406,2250.72,2327.75,1934.34
LD00000407,2014.0,2483.35,2649.98
LD00000408,2231.37,2020.34,1647.55
LD00000409,2641.79,1419.19,2470.28
LD00000410,2105.09,2454.93,1936.64
LD00000411,2838.01,2183.9,2143.45
LD00000412,2540.29,1647.65,1580.5
LD00000413,2735.77,1587.66,1807.16
LD00000414,2831.96,2494.11,1879.83
LD00000415,1842.63,2145.32,1583.69
LD00000416,2049.89,2045.7,1452.31
LD00000417,2492.95,2049.64,1427.64
LD00000418,2320.92,1816.72,1614.38
LD00000419,2492.5,2061.23,1777.97
LD00000420,1924.06,2220.19,2096.83
LD00000421,2555.16,1583.96,1455.17
LD00000422,1504.11,2073.12,2669.63
LD00000423,2585.35,1331.68,1758.25
LD00000424,1649.71,1427.11,1455.22
LD00000425,1642.5,2185.67,1464.24
LD00000426,2841.79,2441.62,1775.63
LD00000427,2101.17,2451.0,1780.57
LD00000428,1698.77,2144.33,2774.2
LD00000429,1771.89,1693.68,1902.04
LD00000430,2880.6,1346.82,1975.8
LD00000431,2556.85,2081.31,2474.54
LD00000432,2149.27,2144.65,2074.7
LD00000433,1517.47,2414.68,2107.79
LD00000434,1980.95,1630.16,1789.42
LD00000435,2725.65,1302.48,2021.86
LD00000436,1678.06,1846.59,2314.72
LD00000437,2687.67,2452.12,2292.55
LD00000438,2045.01,1270.56,1712.09
LD00000439,2573.87,1348.23,2463.05
LD00000440,2553.14,1259.51,1629.82
LD00000441,1881.43,1454.7,1569.04
LD00000442,2635.72,1260.45,2286.54
LD00000443,2945.78,1205.64,2430.7
LD00000444,2595.74,1366.9,1942.37
LD00000445,2969.25,2390.68,2467.32
LD00000446,1707.27,1983.28,2641.01
LD00000447,1801.33,2011.42,1806.81
LD00000448,2565.53,2189.01,2187.19
LD00000449,2816.22,1749.1,1417.88
LD00000450,1799.85,2175.24,1625.31
LD00000451,1806.0,1903.52,1902.16
LD00000452,1856.39,2219.6,2518.35
LD00000453,2124.85,2224.54,2359.21
LD00000454,2430.84,2215.2,2618.17
LD00000455,2664.22,2453.58,1811.85
LD00000456,2065.8,1757.06,2179.24
LD00000457,2199.5,2418.74,1455.92
LD00000458,2684.86,1915.21,1502.03
LD00000459,2679.39,1407.18,2160.31
LD00000460,1996.6,1581.65,2730.43
LD00000461,2503.41,1779.37,2666.3
LD00000462,2873.9,2428.48,1940.23
LD00000463,2230.21,1585.36,2312.14
LD00000464,2440.4,1474.02,2281.32
LD00000465,2306.63,2113.57,2766.71
LD00000466,2188.84,1631.23,1522.53
LD00000467,2866.48,1729.92,2031.58
LD00000468,2302.25,2033.85,2265.69
LD00000469,2892.07,1337.98,2501.65
LD00000470,2092.67,2058.94,2063.58
LD00000471,2940.2,1387.3,2348.2
LD00000472,1562.66,1944.53,1951.71
LD00000473,2118.98,2039.71,2117.57
LD00000474,1671.93,2072.27,2194.21
LD00000475,2507.53,1525.89,1676.38
LD00000476,1650.07,2005.37,2660.17
LD00000477,2348.33,1673.84,1842.87
LD00000478,2568.3,2033.09,1787.35
LD00000479,2194.27,1666.36,1827.66
LD00000480,2788.07,1382.0,2154.07
LD00000481,2774.38,2021.11,2537.7
LD00000482,2315.2,2498.35,2060.95
LD00000483,2197.05,1863.54,1955.5
LD00000484,2169.33,1432.89,2728.2
LD00000485,1560.63,2189.91,1724.45
LD00000486,2082.14,2393.27,2634.17
LD00000487,2367.95,1941.21,1927.32
LD00000488,2064.49,2379.42,2122.92
LD00000489,2252.76,1380.66,1631.85
LD00000490,1780.36,1670.89,2404.22
LD00000491,2222.27,1822.46,1694.99
LD00000492,1691.83,1970.05,1588.61
LD00000493,1887.39,1434.05,2741.53
LD00000494,1824.89,1988.48,2059.98
LD00000495,2434.82,1864.05,1634.81
LD00000496,2067.32,1371.88,1423.19
LD00000497,2408.27,1430.65,2662.25
LD00000498,2223.36,1369.43,2244.86
LD00000499,2055.57,1256.47,2141.74
LD00000500,2138.23,1530.87,2472.2
LD00000501,1783.53,2121.89,2505.19
LD00000502,2481.82,2094.1,1842.26
LD00000503,2782.47,1750.63,1911.9
LD00000504,1768.08,1926.82,2077.26
LD00000505,2782.5,2057.07,2446.94
LD00000506,2262.52,2221.91,2521.2
LD00000507,2083.66,2026.64,2526.12
LD00000508,1894.64,1682.09,2252.64
LD00000509,2918.57,2266.3,2296.41
LD00000510,1550.41,1979.37,2122.14
LD00000511,1858.88,1200.37,1620.42
LD00000512,2379.12,1873.07,2431.7
LD00000513,2944.93,1559.46,2248.91
LD00000514,1762.55,1858.11,2182.08
LD00000515,2541.29,2455.87,2188.44
LD00000516,2222.96,1535.17,1935.74
LD00000517,2933.17,1871.46,1413.61
LD00000518,1614.04,2410.82,2067.18
LD00000519,2248.5,1459.57,2429.6
LD00000520,1733.99,1338.7,2688.26
LD00000521,2772.02,1682.56,1841.58
LD00000522,2096.82,2175.22,1579.54
LD00000523,2090.58,2092.24,1644.72
LD00000524,1517.73,1473.98,2213.41
LD00000525,1855.71,1812.75,2258.32
LD00000526,2551.07,1684.0,2596.06
LD00000527,2721.29,2137.06,2525.72
LD00000528,2209.48,1212.66,1990.13
LD00000529,1950.05,1930.78,2194.97
LD00000530,2720.73,1819.5,2281.81
LD00000531,2340.53,2411.4,1760.8
LD00000532,2969.06,1569.99,1855.13
LD00000533,2420.5,1802.88,2739.23
LD00000534,1618.67,1646.71,1838.87
LD00000535,2831.54,2215.27,2714.28
LD00000536,1775.83,1230.03,2418.88
LD00000537,1750.37,1333.91,1489.31
LD00000538,1655.89,2003.53,1518.04
LD00000539,2439.72,1370.66,2573.92
LD00000540,2200.79,2332.17,2708.8
LD00000541,2446.57,2026.61,2189.58
LD00000542,2222.48,1495.27,1525.38
LD00000543,1515.83,1880.31,2461.61
LD00000544,2920.44,1820.19,1412.79
LD00000545,2322.32,1445.14,2635.03
LD00000546,1830.89,1302.97,2275.45
LD00000547,2472.69,1891.53,1776.35
LD00000548,1665.53,1791.95,2033.87
LD00000549,1728.22,2460.63,1430.98
LD00000550,1849.22,1395.89,2091.01
LD00000551,2545.4,1241.26,1512.31
LD00000552,1772.41,2364.41,1750.11
LD00000553,2656.84,1775.85,2432.67
LD00000554,2209.24,2085.88,1836.95
LD00000555,1879.97,2030.08,1678.21
LD00000556,2449.36,1621.87,1634.3
LD00000557,2953.25,1955.4,2367.05
LD00000558,1736.55,1318.82,2266.1
LD00000559,1688.74,1502.48,2774.35
LD00000560,2533.87,1665.62,1588.63
LD00000561,1784.66,1442.61,1886.73
LD00000562,2296.71,1784.2,2547.19
LD00000563,2824.4,2005.65,1909.71
LD00000564,1784.8,2088.19,2472.03
LD00000565,1665.7,1880.16,1493.35
LD00000566,1787.42,1241.36,2298.45
LD00000567,2049.53,1987.74,1499.22
LD00000568,2041.39,2166.52,2646.6
LD00000569,2601.45,2284.79,1509.11
LD00000570,1784.19,1884.05,1748.27
LD00000571,2649.43,1949.53,2344.29
LD00000572,2324.95,1856.1,2320.54
LD00000573,2767.28,1736.05,2286.54
LD00000574,2648.56,2403.99,1755.72
LD00000575,2393.64,1872.89,2790.78
LD00000576,1532.55,2268.52,2365.61
LD00000577,1556.6,1662.35,1593.77
LD00000578,1637.86,1719.74,2685.03
LD00000579,2232.41,2368.73,2383.99
LD00000580,1617.72,1272.7,2479.26
LD00000581,2621.52,2304.32,2700.11
LD00000582,2286.58,1615.11,2190.88
LD00000583,2510.45,2496.58,2759.46
LD00000584,1934.67,1712.62,1585.06
LD00000585,1893.84,1718.09,2008.29
LD00000586,2092.98,1942.73,2185.63
LD00000587,2665.16,1620.44,2693.79
LD00000588,2022.46,1616.96,2231.43
LD00000589,2434.77,1772.6,2693.9
LD00000590,1668.56,1270.9,2728.52
LD00000591,1957.68,1812.55,1864.63
LD00000592,2434.56,2489.99,2373.1
LD00000593,1755.48,1569.22,2504.86
LD00000594,2082.97,1552.7,2592.92
LD00000595,1846.75,1694.91,2767.26
LD00000596,1798.31,2456.83,2184.96
LD00000597,2234.9,2167.71,1425.72
LD00000598,2993.99,2472.16,1786.23
LD00000599,1838.37,1644.32,1949.99
LD00000600,1860.54,1398.57,2758.75
LD00000601,2478.71,1955.34,2357.67
LD00000602,2993.53,2468.51,1603.21
LD00000603,1976.4,2343.53,2417.91
LD00000604,1727.94,1444.31,1584.16
LD00000605,2394.54,1500.19,1436.52
LD00000606,1775.96,1703.7,2063.39
LD00000607,2888.15,2435.26,1711.58
LD00000608,2800.69,1836.93,1854.85
LD00000609,2580.3,1712.4,2714.79
LD00000610,2177.41,2275.11,1459.38
LD00000611,2274.19,2019.84,1469.01
LD00000612,1749.73,1582.75,2686.65
LD00000613,2583.97,1347.12,2490.22
LD00000614,2176.33,1432.54,2226.44
LD00000615,2537.58,2379.31,2515.08
LD00000616,2451.11,1310.9,2390.19
LD00000617,2325.52,1257.08,1639.24
LD00000618,1768.3,2125.66,1987.41
LD00000619,2847.81,2448.56,1404.95
LD00000620,2411.98,1841.51,1703.62
LD00000621,2401.82,1208.54,2635.04
LD00000622,1777.26,1271.58,1888.63
LD00000623,2880.58,1263.74,1983.74
LD00000624,2624.0,1668.25,1450.18
LD00000625,2764.96,1284.4,2059.14
LD00000626,2543.74,1995.67,1553.02
LD00000627,2140.58,2302.14,1763.52
LD00000628,2238.76,1433.88,2253.17
LD00000629,2197.33,2235.75,2432.46
LD00000630,2000.69,1928.54,2292.5
LD00000631,2685.29,1600.1,2109.37
LD00000632,2094.07,1939.6,2744.16
LD00000633,2695.88,2039.35,2074.09
LD00000634,2891.68,1272.83,2129.5
LD00000635,2366.1,1631.24,2682.66
LD00000636,2975.43,2014.46,2579.37
LD00000637,2557.9,1608.85,1444.28
LD00000638,2744.19,1593.42,2135.14
LD00000639,2165.66,1232.42,2075.73
LD00000640,2663.3,1386.28,2620.52
LD00000641,2081.38,2324.25,1562.17
LD00000642,2200.31,1259.98,2128.81
LD00000643,1981.32,1450.31,1787.31
LD00000644,1723.98,1555.73,1421.36
LD00000645,2324.05,1552.37,2720.59
LD00000646,2419.89,1640.36,2021.11
LD00000647,2075.4,1311.96,1948.68
LD00000648,1968.66,2262.67,2398.06
LD00000649,1639.37,2243.06,2378.04
LD00000650,1847.54,1490.93,2605.53
LD00000651,2683.17,2347.13,2034.6
LD00000652,2191.86,1422.04,2475.12
LD00000653,2726.33,2235.79,1856.22
LD00000654,2385.8,1510.15,1741.17
LD00000655,2720.87,1968.26,2498.04
LD00000656,2493.92,1301.26,2703.21
LD00000657,2332.63,2268.63,1646.64
LD00000658,2241.44,2058.21,1526.75
LD00000659,2179.46,1578.95,2261.8
LD00000660,2355.41,2387.17,1826.37
LD00000661,2771.46,2308.26,1487.37
LD00000662,2791.87,2325.38,1729.34
LD00000663,2109.05,1765.75,1695.7
LD00000664,2759.94,1400.55,2796.44
LD00000665,1715.99,2350.36,2321.1
LD00000666,2840.37,2104.01,2702.44
LD00000667,2077.07,1493.46,1994.68
LD00000668,2116.26,1910.02,1913.76
LD00000669,2370.4,2450.26,1512.09
LD00000670,2285.04,1993.09,1743.32
LD00000671,2419.56,2374.66,2149.05
LD00000672,2131.52,2448.76,2517.51
LD00000673,1592.13,1815.11,1636.71
LD00000674,2227.14,1364.87,1507.61
LD00000675,2786.79,1218.46,1556.17
LD00000676,2711.76,1539.63,2381.08
LD00000677,2951.02,1974.21,2550.41
LD00000678,2589.0,1417.47,2208.86
LD00000679,1751.4,1718.37,1821.91
LD00000680,2211.88,1388.69,2618.39
LD00000681,1646.05,1890.68,1895.36
LD00000682,1900.63,1327.76,2316.08
LD00000683,2279.93,2081.03,2790.5
LD00000684,1517.94,1327.01,1545.47
LD00000685,1789.62,1230.81,1528.72
LD00000686,1629.58,1986.09,1926.34
LD00000687,1941.85,2058.62,1506.0
LD00000688,1742.95,1296.2,2487.95
LD00000689,1766.89,1290.22,2771.19
LD00000690,1715.81,2199.32,1705.74
LD00000691,1552.29,1291.54,2418.56
LD00000692,2496.91,1546.37,2380.08
LD00000693,2154.09,2297.26,2493.31
LD00000694,1681.81,1895.9,2788.24
LD00000695,2048.03,2309.34,1876.09
LD00000696,2331.71,2457.77,2325.03
LD00000697,1627.29,2022.63,2429.45
LD00000698,2083.15,2230.56,2300.77
LD00000699,1584.08,2224.11,1459.94
LD00000700,2611.58,1502.88,1500.85
LD00000701,2860.77,2003.88,1739.76
LD00000702,2731.11,1326.48,2255.72
LD00000703,1594.67,1463.43,1872.28
LD00000704,1982.38,2454.1,1698.52
LD00000705,1910.84,2184.82,1635.27
LD00000706,1700.06,2228.37,2285.07
LD00000707,1509.52,1433.24,1524.8
LD00000708,1809.24,2031.77,2132.32
LD00000709,2575.8,1995.66,1523.23
LD00000710,1676.26,1889.26,1533.96
LD00000711,2655.5,2057.13,1787.0
LD00000712,1764.49,2071.19,1460.36
LD00000713,2001.44,2246.7,2461.77
LD00000714,2678.24,1830.58,1562.49
LD00000715,1798.13,2079.91,1855.96
LD00000716,2804.83,1688.19,1708.93
LD00000717,1824.25,1992.26,1649.29
LD00000718,2963.33,1462.87,1578.1
LD00000719,2777.48,1796.15,1639.68
LD00000720,2367.18,1918.58,1721.58
LD00000721,2755.48,1562.92,2422.02
LD00000722,2369.2,2359.37,2228.48
LD00000723,2986.91,2153.52,2105.9
LD00000724,2242.93,1308.02,2454.31
LD00000725,1943.69,2041.93,1527.02
LD00000726,2964.63,1802.89,1594.07
LD00000727,2790.57,1291.91,2650.81
LD00000728,2547.08,1996.25,2205.32
LD00000729,2272.1,2383.01,1909.59
LD00000730,2048.36,1427.85,2182.31
LD00000731,1857.95,1347.62,2069.89
LD00000732,2029.07,1547.57,2352.32
LD00000733,2229.34,1884.69,1571.79
LD00000734,2431.43,2239.88,2723.51
LD00000735,2846.92,1574.88,2739.28
LD00000736,1725.75,1465.53,2732.95
LD00000737,2020.05,1777.02,2302.56
LD00000738,2117.54,1645.63,2304.47
LD00000739,1956.12,1371.54,2505.09
LD00000740,2956.09,2200.67,1466.25
LD00000741,1773.42,1427.97,2391.36
LD00000742,1561.73,1611.61,1577.06
LD00000743,2967.03,1392.33,2027.8
LD00000744,2896.6,2199.07,2726.9
LD00000745,2210.87,1576.78,2721.61
LD00000746,2533.72,2151.13,2660.24
LD00000747,2102.44,2293.14,2024.36
LD00000748,2671.93,2197.22,1674.0
LD00000749,1791.68,1613.09,2247.11
LD00000750,2054.44,1684.68,1798.51
LD00000751,2591.78,1777.49,2789.64
LD00000752,1709.35,1963.33,1520.51
LD00000753,2899.73,1967.88,1926.08
LD00000754,2333.72,2123.32,2457.34
LD00000755,1563.35,2274.12,2568.42
LD00000756,1540.26,1203.18,1767.75
LD00000757,2125.74,1839.45,2362.98
LD00000758,2398.34,1670.29,2072.68
LD00000759,2059.8,2152.84,1424.56
LD00000760,2191.57,2101.27,1900.34
LD00000761,1934.78,1888.5,2710.84
LD00000762,2315.57,2334.18,2557.55
LD00000763,2301.63,1657.12,1601.2
LD00000764,2010.47,2384.02,1543.39
LD00000765,2190.74,1299.32,2546.38
LD00000766,2725.56,2356.64,2236.71
LD00000767,1833.54,2313.86,1599.3
LD00000768,2137.21,2191.93,1556.41
LD00000769,1661.73,2230.97,2118.87
LD00000770,1952.47,1213.35,1535.11
LD00000771,2505.9,1238.04,1603.78
LD00000772,2782.71,2215.04,2258.14
LD00000773,2573.72,2453.54,1640.48
LD00000774,2049.69,1966.19,2015.53
LD00000775,2271.38,1729.85,2465.97
LD00000776,2643.41,2116.15,2179.98
LD00000777,1925.42,1980.51,1836.81
LD00000778,1783.18,1290.49,2577.48
LD00000779,2508.14,1715.28,2131.73
LD00000780,2542.56,2470.84,2438.01
LD00000781,2392.44,2487.86,1571.87
LD00000782,2034.15,2066.68,2730.19
LD00000783,1683.29,1836.14,1723.15
LD00000784,2247.2,1234.77,1650.73
LD00000785,2640.26,2059.4,2127.93
LD00000786,2235.38,1540.16,1881.06
LD00000787,2075.44,1608.93,1926.87
LD00000788,2237.22,1374.83,2402.01
LD00000789,2213.87,2310.66,2109.36
LD00000790,2649.71,1569.77,1485.99
LD00000791,2647.79,2012.7,1932.8
LD00000792,2491.86,1521.9,2307.32
LD00000793,2006.39,1225.63,1856.56
LD00000794,1530.6,1810.61,1431.13
LD00000795,2712.49,1330.07,2345.16
LD00000796,2422.24,1672.33,2010.39
LD00000797,1897.73,1586.52,2202.93
LD00000798,1910.05,1936.36,2143.49
LD00000799,2149.37,1901.93,1680.11
LD00000800,2821.34,2016.2,2122.71
LD00000801,2905.74,1892.54,2260.19
LD00000802,2046.41,1392.07,1610.66
LD00000803,2790.28,2384.48,2287.5
LD00000804,2530.28,1506.97,1733.88
LD00000805,2228.07,2488.68,1990.83
LD00000806,1887.6,2244.6,2322.14
LD00000807,1582.99,2365.46,1839.47
LD00000808,2095.34,2291.75,2579.85
LD00000809,2244.68,1317.32,2239.75
LD00000810,2903.25,1483.41,1549.54
LD00000811,2235.54,1687.12,2728.2
LD00000812,2819.15,2418.06,1908.2
LD00000813,2536.02,2225.44,1735.55
LD00000814,2302.37,1507.3,2019.36
LD00000815,1946.13,2317.24,1624.32
LD00000816,1911.05,1304.12,2491.24
LD00000817,2815.14,2266.31,2554.16
LD00000818,2403.17,2257.46,2432.9
LD00000819,2686.53,1376.92,1960.93
LD00000820,1736.73,1871.28,2757.53
LD00000821,2177.23,2335.56,1586.91
LD00000822,1626.6,1677.88,1950.89
LD00000823,2884.67,2041.24,2277.28
LD00000824,2101.55,1757.57,1764.22
LD00000825,2577.88,1765.71,2687.98
LD00000826,2570.35,1447.71,2606.71
LD00000827,2146.96,1468.59,1701.79
LD00000828,2112.79,1389.73,1806.27
LD00000829,2374.35,2041.41,1520.03
LD00000830,2570.0,2120.99,2430.55
LD00000831,1999.29,1505.29,2671.52
LD00000832,1880.49,2005.56,1823.51
LD00000833,1890.44,1854.87,2702.46
LD00000834,1890.61,1607.25,2769.92
LD00000835,1924.39,2340.02,2258.1
LD00000836,2605.3,1838.66,2730.07
LD00000837,1783.38,1270.94,1656.4
LD00000838,1674.04,2363.73,2092.88
LD00000839,2239.48,2299.59,2613.63
LD00000840,2752.43,2174.92,2551.6
LD00000841,2124.63,1299.89,2475.55
LD00000842,2091.25,1967.44,2731.71
LD00000843,2181.08,2441.76,2231.89
LD00000844,2921.13,2499.77,2669.63
LD00000845,2697.22,2166.94,2166.02
LD00000846,1860.12,2202.14,1958.48
LD00000847,1927.4,2178.33,2315.69
LD00000848,2038.57,1324.94,1914.44
LD00000849,2344.59,1749.99,2459.09
LD00000850,1560.66,1644.27,2048.93
LD00000851,2290.92,2041.39,1517.56
LD00000852,2976.28,2089.61,1820.57
LD00000853,2875.95,1867.44,2114.91
LD00000854,1882.29,1306.3,2104.82
LD00000855,2764.36,1258.84,1982.75
LD00000856,2435.72,1544.6,2753.41
LD00000857,2150.7,1223.29,1952.91
LD00000858,2803.17,2455.54,2242.64
LD00000859,2706.96,1313.93,1589.16
LD00000860,1813.84,2043.21,2309.64
LD00000861,1951.38,1802.45,2063.58
LD00000862,2207.23,2317.74,2219.32
LD00000863,1511.81,2019.53,2398.33
LD00000864,2231.24,1831.93,2227.45
LD00000865,2133.01,1610.61,1488.91
LD00000866,2172.49,1767.1,1625.87
LD00000867,2261.45,1963.96,2358.96
LD00000868,2824.76,2139.89,1946.52
LD00000869,2699.63,2297.89,2270.58
LD00000870,1759.94,1403.21,2089.06
LD00000871,2998.89,1666.42,1765.13
LD00000872,2006.6,1348.16,1717.37
LD00000873,2654.06,2201.12,2179.83
LD00000874,2889.95,1769.17,2039.99
LD00000875,2260.96,1417.16,1565.28
LD00000876,2642.95,1847.91,2618.69
LD00000877,2772.89,1770.84,1982.05
LD00000878,1627.85,1684.17,2456.78
LD00000879,2680.82,1379.39,2000.35
LD00000880,2163.87,2201.2,2404.68
LD00000881,2972.92,1413.62,1486.06
LD00000882,2128.96,2351.52,2381.11
LD00000883,2740.51,2370.27,2254.56
LD00000884,2546.21,2353.98,2494.19
LD00000885,2306.15,1706.99,2406.43
LD00000886,2267.51,1605.93,1876.99
LD00000887,2748.34,1595.12,1991.84
LD00000888,2440.48,1660.82,1466.83
LD00000889,2008.47,1506.93,2444.06
LD00000890,1948.8,2067.0,2541.11
LD00000891,1657.84,1871.39,1669.58
LD00000892,1622.92,1280.85,2643.91
LD00000893,2382.36,1874.63,1952.7
LD00000894,2533.53,2432.17,2424.4
LD00000895,2566.73,1368.2,2386.33
LD00000896,1548.91,1403.89,2182.64
LD00000897,2357.65,1252.37,1614.63
LD00000898,1541.97,1385.73,2497.31
LD00000899,2728.69,1835.43,1571.26
LD00000900,2348.65,2370.37,2493.89
LD00000901,2257.15,1799.22,2029.9
LD00000902,2080.85,2370.32,1874.6
LD00000903,2798.93,2119.37,2200.79
LD00000904,1788.64,2004.32,2207.6
LD00000905,1680.42,2417.04,1651.64
LD00000906,2710.38,1988.91,1962.52
LD00000907,2122.4,2317.54,1844.34
LD00000908,1716.05,1532.22,1525.48
LD00000909,1772.19,2127.29,1817.23
LD00000910,2063.27,2276.06,1569.35
LD00000911,2262.93,1855.75,2729.1
LD00000912,2226.26,1729.74,1727.24
LD00000913,2644.47,2047.02,1575.8
LD00000914,2059.96,2480.9,2494.83
LD00000915,2718.97,2449.45,2269.02
LD00000916,2396.8,2291.33,1932.21
LD00000917,1742.12,1894.32,1497.91
LD00000918,2817.42,1474.11,2106.75
LD00000919,1909.52,2060.96,1850.29
LD00000920,2469.66,1202.66,2067.14
LD00000921,2307.2,2223.5,2308.74
LD00000922,2029.49,2256.62,2558.45
LD00000923,2194.04,2417.12,2022.41
LD00000924,1634.95,1997.48,1824.45
LD00000925,1921.13,2375.86,2389.76
LD00000926,2804.87,1939.83,2091.62
LD00000927,2382.25,2169.77,1578.4
LD00000928,2771.5,1230.05,2757.74
LD00000929,2906.84,2033.26,2720.3
LD00000930,1682.58,1873.78,2093.8
LD00000931,1916.9,1746.08,2028.41
LD00000932,2985.4,1493.32,2365.37
LD00000933,1594.27,2012.88,1439.02
LD00000934,1870.73,1815.65,2742.32
LD00000935,2663.62,2005.44,2469.74
LD00000936,2875.07,1690.61,2646.12
LD00000937,1952.21,2014.04,1492.11
LD00000938,2102.52,2002.49,1975.55
LD00000939,2075.88,2233.71,2631.91
LD00000940,2275.82,1964.16,1551.21
LD00000941,2456.05,1533.17,1989.41
LD00000942,2695.54,1278.64,1836.33
LD00000943,1721.11,1601.28,1880.06
LD00000944,1856.08,2264.94,2183.23
LD00000945,2677.9,1644.02,2335.0
LD00000946,2424.15,1744.3,1627.19
LD00000947,2458.15,2101.19,2053.15
LD00000948,1807.97,1439.52,2785.83
LD00000949,1713.6,1772.53,2283.87
LD00000950,1761.22,2351.0,2406.37
LD00000951,1532.24,2295.75,2674.91
LD00000952,2007.57,1473.31,2038.69
LD00000953,2817.58,1284.99,1602.21
LD00000954,1976.93,1758.4,2290.6
LD00000955,2684.38,1625.98,1474.56
LD00000956,2590.95,2220.06,2507.4
LD00000957,2247.88,1803.55,1850.55
LD00000958,1902.5,1721.23,2689.66
LD00000959,2178.12,1504.7,1706.03
LD00000960,2325.83,1374.63,1517.64
LD00000961,2268.39,1637.29,2031.61
LD00000962,2073.56,1433.44,1727.31
LD00000963,2678.81,2404.59,1537.77
LD00000964,1794.97,1628.01,1823.8
LD00000965,1512.8,1589.32,2551.23
LD00000966,2481.14,2486.06,2732.08
LD00000967,1850.58,1963.1,2173.66
LD00000968,2768.7,1757.43,2718.7
LD00000969,1708.43,2335.88,1827.8
LD00000970,1838.24,1753.44,2453.68
LD00000971,2883.22,1399.8,2733.69
LD00000972,1806.31,1707.83,2148.29
LD00000973,1639.86,1335.61,2174.07
LD00000974,1780.04,1290.34,2748.19
LD00000975,1586.18,1874.09,1640.56
LD00000976,2217.38,1289.39,2737.14
LD00000977,1738.17,1947.62,1834.44
LD00000978,1802.55,2488.41,2024.02
LD00000979,2190.31,1948.97,2432.21
LD00000980,2419.54,2252.98,1645.18
LD00000981,2077.0,2056.8,2377.93
LD00000982,1910.66,2016.51,1808.65
LD00000983,2116.92,2190.42,1569.72
LD00000984,2176.4,1528.6,2108.49
LD00000985,2015.49,1719.14,1672.17
LD00000986,2505.44,1803.52,2045.9
LD00000987,2206.18,1562.88,1625.91
LD00000988,2301.98,1708.1,1508.62
LD00000989,1766.91,2128.74,2649.76
LD00000990,2085.93,1600.82,1473.38
LD00000991,2863.13,1459.98,1422.45
LD00000992,2938.12,1325.58,2569.54
LD00000993,2268.75,2260.31,1851.75
LD00000994,1681.21,1477.91,1899.21
LD00000995,2083.78,1796.41,1492.42
LD00000996,2828.19,1734.43,2474.56
LD00000997,2938.55,1979.83,2773.98
LD00000998,1763.0,2190.23,2362.68
LD00000999,2073.56,2032.77,1725.4
LD00001000,1963.27,2159.29,2460.14
LD00001001,1944.92,1397.17,1686.14
LD00001002,1701.4,1612.8,2501.76
LD00001003,1843.52,2152.74,1879.82
LD00001004,2412.09,1695.93,1850.29
LD00001005,2930.49,1267.74,2788.82
LD00001006,2261.14,1754.11,2053.9
LD00001007,2408.78,1594.03,2206.99
LD00001008,2097.37,1418.1,2017.93
LD00001009,1529.72,1695.85,2595.66
LD00001010,2070.68,1597.6,1796.52
LD00001011,2572.3,1454.43,2682.58
LD00001012,2106.83,1740.57,1952.51
LD00001013,2113.18,1250.47,2690.24
LD00001014,2656.91,2177.05,1888.01
LD00001015,2476.36,2404.47,2429.93
LD00001016,1892.0,1792.11,2353.49
LD00001017,1675.1,1320.0,2396.25
LD00001018,2814.01,1415.57,1997.62
LD00001019,2600.9,2178.2,2694.05
LD00001020,1903.53,1472.38,2447.61
LD00001021,1645.31,2205.87,1984.98
LD00001022,1764.6,1442.32,1588.06
LD00001023,1778.46,1276.68,1655.82
LD00001024,1619.71,1311.42,1574.55
LD00001025,2227.79,2188.69,1413.31
LD00001026,1816.6,2229.32,1925.93
LD00001027,2406.56,1637.52,2354.6
LD00001028,2416.21,2467.9,2622.31
LD00001029,1538.52,1359.76,2142.88
LD00001030,2272.37,2058.3,1404.38
LD00001031,2954.4,2156.56,2349.1
LD00001032,2141.87,2410.93,2703.18
LD00001033,2410.76,2125.52,2617.8
LD00001034,2246.89,1313.22,2565.3
LD00001035,2223.25,1902.87,1740.7
LD00001036,2152.34,2130.49,1624.33
LD00001037,2927.26,2071.78,2331.67
LD00001038,2807.91,2411.31,2472.87
LD00001039,2480.88,2220.61,2752.75
LD00001040,1936.46,1344.8,1876.33
LD00001041,2780.0,2440.29,2207.68
LD00001042,2969.77,1615.54,1911.03
LD00001043,2092.97,1899.78,2044.84
LD00001044,1721.14,1568.41,2445.88
LD00001045,1910.18,2301.97,2203.56
LD00001046,1588.22,2253.27,1613.78
LD00001047,2785.17,2145.61,1818.74
LD00001048,2133.66,1815.45,1887.63
LD00001049,2544.56,1453.62,2598.75
LD00001050,2186.3,1412.8,1592.59
LD00001051,2706.54,1454.35,2311.73
LD00001052,2925.6,1755.24,2578.32
LD00001053,1676.02,1870.07,1873.88
LD00001054,1550.99,1513.11,2084.08
LD00001055,2666.6,2324.36,2310.44
LD00001056,1680.0,1307.43,2084.91
LD00001057,2540.59,1322.92,2230.03
LD00001058,2357.13,1329.27,1488.9
LD00001059,2334.09,1897.34,2537.07
LD00001060,2948.52,2366.88,1652.93
LD00001061,1684.57,1367.46,1688.72
LD00001062,2969.89,1857.99,1908.98
LD00001063,1950.9,2430.08,2127.22
LD00001064,2542.65,1879.47,2780.43
LD00001065,2493.93,1258.16,1451.43
LD00001066,1916.09,2147.84,1990.82
LD00001067,2184.1,2428.16,2347.14
LD00001068,2993.04,2105.84,1669.68
LD00001069,2732.35,1611.27,2502.9
LD00001070,1686.93,1342.99,2167.72
LD00001071,2667.11,1390.23,2517.34
LD00001072,2927.67,2217.55,1572.9
LD00001073,2293.44,2110.59,2611.56
LD00001074,1976.99,2177.43,1652.94
LD00001075,2388.47,1536.78,2361.32
LD00001076,2351.34,1547.58,2685.82
LD00001077,1774.66,2482.12,2517.86
LD00001078,2453.45,1313.02,1827.93
LD00001079,2594.93,2428.33,1631.16
LD00001080,2943.25,1751.18,2112.16
LD00001081,1520.85,1447.24,2563.96
LD00001082,2991.33,2059.53,2688.64
LD00001083,2511.78,2346.51,2132.92
LD00001084,2928.73,1749.54,1930.73
LD00001085,1935.1,1828.06,1770.65
LD00001086,2884.58,2407.84,2742.79
LD00001087,2033.62,2000.19,1859.97
LD00001088,2031.8,1331.74,2088.86
LD00001089,2869.66,1208.98,2477.23
LD00001090,2046.74,2359.85,2151.0
LD00001091,1709.81,2171.22,1408.13
LD00001092,1700.52,1747.37,1863.7
LD00001093,1678.19,1835.79,2093.79
LD00001094,1697.13,2444.98,2509.8
LD00001095,1578.06,2278.79,2001.53
LD00001096,1923.34,1307.4,2000.53
LD00001097,1921.71,1349.53,1768.94
LD00001098,2559.69,2252.94,2381.6
LD00001099,1680.69,1721.67,1783.41
LD00001100,2796.53,1694.46,2134.96
LD00001101,2218.79,1862.82,2301.42
LD00001102,2567.38,1521.06,2653.15
LD00001103,1927.98,1564.21,2249.13
LD00001104,1956.54,1325.95,1419.13
LD00001105,2614.4,1965.58,2246.6
LD00001106,2830.79,1369.63,2439.62
LD00001107,2556.99,2403.15,1504.83
LD00001108,2300.34,1399.77,1578.96
LD00001109,2172.72,2132.52,2675.19
LD00001110,2398.73,2105.72,1580.51
LD00001111,2242.54,1892.21,2118.88
LD00001112,2101.27,1552.94,1657.69
LD00001113,2255.73,2136.75,1762.37
LD00001114,1835.89,1893.64,1808.58
LD00001115,2463.62,1523.71,2552.77
LD00001116,1986.84,2430.36,2637.58
LD00001117,2977.89,2013.74,1414.57
LD00001118,2957.41,1898.61,2770.27
LD00001119,2805.04,2024.6,2171.23
LD00001120,1733.46,1501.24,2416.8
LD00001121,2189.09,2260.28,1646.55
LD00001122,1965.24,2350.83,2544.5
LD00001123,2139.59,1791.53,2303.17
LD00001124,2404.94,1691.24,1429.0
LD00001125,2655.18,1547.95,2714.04
LD00001126,1803.48,1824.55,2187.99
LD00001127,1731.77,1272.64,2368.86
LD00001128,2316.96,1333.34,2641.04
LD00001129,2140.7,1391.59,2317.51
LD00001130,1754.34,1343.18,1542.43
LD00001131,2040.74,2402.11,1518.73
LD00001132,2399.42,2083.26,1610.31
LD00001133,2813.1,1552.42,2098.95
LD00001134,2666.68,1390.57,1606.89
LD00001135,2939.38,1562.02,1526.63
LD00001136,2135.75,2101.45,1979.52
LD00001137,2127.99,1846.23,2147.28
LD00001138,2290.42,2209.57,2535.81
LD00001139,1804.92,2305.77,1907.36
LD00001140,2773.13,2326.8,2546.61
LD00001141,1816.11,1491.96,2445.79
LD00001142,2544.18,1752.12,1475.72
LD00001143,1545.28,1674.82,1510.59
LD00001144,2204.65,1382.15,2138.43
LD00001145,2672.1,2103.82,1801.48
LD00001146,1516.3,2282.48,2351.86
LD00001147,2135.51,1403.84,2762.37
LD00001148,2428.57,1484.58,1657.17
LD00001149,1969.78,2034.46,2558.16
LD00001150,1904.88,1335.72,1907.78
LD00001151,1597.98,1976.24,2459.13
LD00001152,1903.75,2469.66,2190.72
LD00001153,1639.82,1601.19,2772.76
LD00001154,2588.53,2466.01,2383.72
LD00001155,1535.53,2234.89,2067.73
LD00001156,2827.81,1321.28,2405.85
LD00001157,2990.12,1852.11,2789.19
LD00001158,2008.53,1668.41,2598.33
LD00001159,1813.23,1993.5,1505.0
LD00001160,1713.93,2331.59,2165.99
LD00001161,2901.08,1409.91,1792.16
LD00001162,1886.92,1815.24,1758.44
LD00001163,2045.21,1572.61,1972.65
LD00001164,2060.52,2086.86,2108.32
LD00001165,2549.62,1929.04,1616.39
LD00001166,1834.58,2336.41,2336.81
LD00001167,1628.73,2151.31,2684.44
LD00001168,1596.71,1645.15,2246.12
LD00001169,2181.87,1908.61,2727.95
LD00001170,1593.6,2251.09,2505.38
LD00001171,1904.77,2026.39,1517.03
LD00001172,2806.93,1882.21,2337.5
LD00001173,2945.05,1585.98,1678.05
LD00001174,2032.04,2100.77,1944.79
LD00001175,1985.6,2482.28,2714.56
LD00001176,1725.76,1796.26,1606.48
LD00001177,2982.36,2426.32,2600.17
LD00001178,1827.93,2472.74,1988.25
LD00001179,2022.13,2438.09,2760.44
LD00001180,2844.98,1852.71,2614.86
LD00001181,2027.59,2276.64,1996.19
LD00001182,1765.34,1973.36,2159.87
LD00001183,2553.14,2419.27,2668.24
LD00001184,1655.51,2174.93,2273.36
LD00001185,2777.56,1475.43,2487.63
LD00001186,2025.92,2231.88,2049.53
LD00001187,2673.29,1859.83,1774.65
LD00001188,2850.28,1738.92,1421.74
LD00001189,1755.62,1943.84,2002.03
LD00001190,2702.0,1951.21,1580.42
LD00001191,2275.92,1768.62,1539.41
LD00001192,2756.01,1406.77,1851.37
LD00001193,1541.73,2119.85,2688.83
LD00001194,2451.69,2210.87,1661.18
LD00001195,2655.59,2057.04,1784.95
LD00001196,2188.69,1974.66,1549.91
LD00001197,2766.94,2386.53,1691.16
LD00001198,2938.83,1299.21,2362.27
LD00001199,1948.13,2374.73,2323.53
LD00001200,2225.87,1998.21,2165.08
LD00001201,2409.17,1896.74,2125.19
LD00001202,1991.31,1485.69,2418.84
LD00001203,2022.83,1916.95,1812.05
LD00001204,1875.14,1457.24,2584.45
LD00001205,2691.15,2439.89,2082.96
LD00001206,2434.37,1989.48,2001.04
LD00001207,1750.87,1243.89,2115.9
LD00001208,1544.91,1433.88,1851.75
LD00001209,2057.95,2213.37,1571.23
LD00001210,2198.06,2233.81,2658.24
LD00001211,1654.38,1561.46,2251.07
LD00001212,1976.67,1616.16,1675.97
LD00001213,1686.14,1422.48,1857.62
LD00001214,2465.5,2312.93,2783.14
LD00001215,2006.08,1221.15,2057.85
LD00001216,2100.52,1923.39,1838.44
LD00001217,2773.01,2457.3,1569.98
LD00001218,2738.18,1380.35,2790.96
LD00001219,1786.74,2372.96,1916.43
LD00001220,1666.21,2431.29,1505.06
LD00001221,2887.29,1958.49,1567.86
LD00001222,2502.35,1878.29,1736.73
LD00001223,1838.75,1542.96,1814.73
LD00001224,1612.72,1842.99,1697.47
LD00001225,1656.8,1471.26,2226.73
LD00001226,2771.71,1337.36,1582.08
LD00001227,1781.93,1561.19,1629.87
LD00001228,2191.43,1339.33,1554.28
LD00001229,2492.83,1788.43,1771.81
LD00001230,2095.39,1760.1,1867.24
LD00001231,2598.0,1749.36,1811.61
LD00001232,1663.78,1264.83,1748.52
LD00001233,1858.15,1891.77,1785.64
LD00001234,1651.96,2154.1,2631.34
LD00001235,2455.35,2117.61,1803.17
LD00001236,2778.85,2094.32,1638.33
LD00001237,1712.75,1216.56,2064.44
LD00001238,2518.8,2309.02,2231.61
LD00001239,1664.08,2264.6,2194.17
LD00001240,2662.88,1329.99,2525.45
LD00001241,2495.11,1529.6,2042.25
LD00001242,1904.91,1875.1,2295.72
LD00001243,2246.75,1517.68,2437.42
LD00001244,2880.97,1691.11,1551.1
LD00001245,1897.96,2082.79,2643.19
LD00001246,1561.65,1876.1,1880.58
LD00001247,1665.29,1210.84,2698.13
LD00001248,1955.47,1574.74,2519.7
LD00001249,1579.79,1597.57,2002.45
LD00001250,2025.33,1568.25,2602.61
LD00001251,1713.97,2152.97,2004.87
LD00001252,1873.09,2082.05,1940.74
LD00001253,2345.86,2082.6,1851.47
LD00001254,2124.47,1459.38,1826.99
LD00001255,2673.61,2284.01,1534.46
LD00001256,2031.29,1806.52,2746.03
LD00001257,2633.78,1999.77,1823.35
LD00001258,1580.3,2298.64,1576.31
LD00001259,1626.99,1551.23,2780.64
LD00001260,2535.89,2323.61,1570.02
LD00001261,2274.4,1930.66,2754.19
LD00001262,2442.36,2134.88,2711.14
LD00001263,1500.05,1984.93,1569.45
LD00001264,2749.09,1776.96,1477.91
LD00001265,2762.58,1910.74,2550.36
LD00001266,1719.37,1228.16,1598.36
LD00001267,2220.7,1576.28,1540.03
LD00001268,2078.73,2239.81,2049.55
LD00001269,2346.31,1214.33,1823.87
LD00001270,2862.16,1661.14,1595.02
LD00001271,2250.96,2319.33,1695.09
LD00001272,2483.88,1657.43,2406.89
LD00001273,2885.22,1288.67,2575.06
LD00001274,1694.13,1621.3,2737.27
LD00001275,1544.28,2152.74,1724.39
LD00001276,2639.86,2475.73,2531.98
LD00001277,2633.72,1746.07,1490.12
LD00001278,2645.03,1988.49,2576.95
LD00001279,1699.82,2028.61,2179.06
LD00001280,1801.79,1410.72,2539.37
LD00001281,1549.86,1382.73,1407.33
LD00001282,2523.54,2445.07,2419.6
LD00001283,2034.73,2369.68,2594.79
LD00001284,2353.73,1365.35,2124.15
LD00001285,1533.81,2267.73,1805.86
LD00001286,2952.17,1297.21,2205.5
LD00001287,2318.91,2359.35,2215.88
LD00001288,1891.32,1634.9,2470.63
LD00001289,1853.43,1294.79,2727.2
LD00001290,2397.22,1996.16,1512.83
LD00001291,1553.4,1859.89,2310.47
LD00001292,1539.53,2216.37,1674.64
LD00001293,1578.21,2195.39,2373.62
LD00001294,2156.93,2366.29,2775.55
LD00001295,1857.26,1319.59,1414.07
LD00001296,2809.88,1524.9,1479.64
LD00001297,1971.19,1983.14,2646.59
LD00001298,2484.89,1299.29,2713.72
LD00001299,2165.31,1593.53,1913.71
LD00001300,2546.66,1854.48,1475.6
LD00001301,1805.33,1378.27,2766.31
LD00001302,2058.58,2261.29,1598.75
LD00001303,1531.93,2287.22,1778.42
LD00001304,2781.86,1699.12,1426.39
LD00001305,2068.99,2057.9,2145.49
LD00001306,2865.08,2180.82,1870.71
LD00001307,2588.68,2007.99,2612.04
LD00001308,2787.77,2419.37,2048.9
LD00001309,2940.46,1807.53,2789.66
LD00001310,2998.21,2202.74,1814.15
LD00001311,1903.12,1525.67,2314.24
LD00001312,2771.39,1776.95,1424.17
LD00001313,2112.92,1953.44,1511.37
LD00001314,1887.01,2222.76,1763.36
LD00001315,2806.86,2052.77,1725.74
LD00001316,1562.93,2132.57,1485.14
LD00001317,2400.87,1654.65,1508.47
LD00001318,1988.68,1682.77,2551.77
LD00001319,1537.04,1989.06,1904.4
LD00001320,1740.47,1257.99,2702.43
LD00001321,2266.19,2215.14,2111.46
LD00001322,2485.59,1395.1,2467.66
LD00001323,2771.39,1886.08,1472.0
LD00001324,1903.77,2286.81,1810.29
LD00001325,1972.22,2464.12,2370.3
LD00001326,2340.69,1299.38,1907.22
LD00001327,2354.01,2274.82,1575.39
LD00001328,2693.78,1644.04,1565.15
LD00001329,2849.81,2339.33,1421.72
LD00001330,1689.6,1244.3,2003.99
LD00001331,2031.55,1723.01,2179.72
LD00001332,2991.2,1258.81,2434.25
LD00001333,1933.94,1820.24,1588.45
LD00001334,2843.4,1971.62,1917.82
LD00001335,2263.0,1964.51,2722.68
LD00001336,2346.2,2366.49,2211.76
LD00001337,2930.27,1254.51,2723.07
LD00001338,1649.2,1570.23,1565.97
LD00001339,2908.81,1537.26,2248.64
LD00001340,1810.26,2290.43,2456.81
LD00001341,2232.55,2269.12,1917.36
LD00001342,2746.56,1583.42,1553.46
LD00001343,1894.58,2323.85,2790.31
LD00001344,2591.04,1625.25,2109.88
LD00001345,2838.41,1249.86,1540.61
LD00001346,2923.77,2015.47,1744.28
LD00001347,2205.17,1829.86,1661.95
LD00001348,1504.8,1287.44,2180.83
LD00001349,2420.07,2020.33,1728.6
LD00001350,2761.04,2337.55,2335.17
LD00001351,1943.13,1484.61,2748.09
LD00001352,1673.73,1804.16,1846.47
LD00001353,2760.18,2323.21,2241.48
LD00001354,2834.72,2217.68,1485.12
LD00001355,2713.55,1752.76,1764.98
LD00001356,2454.4,1259.32,2026.69
LD00001357,2921.82,1997.3,1861.56
LD00001358,1635.38,2116.15,2677.12
LD00001359,2303.21,2480.78,2573.41
LD00001360,2865.98,1630.95,1701.86
LD00001361,2252.25,2228.75,1459.2
LD00001362,1908.69,1360.74,2497.68
LD00001363,1614.79,1855.86,2384.88
LD00001364,2603.81,2230.41,1672.0
LD00001365,1953.23,1796.58,1539.55
LD00001366,1639.59,2456.95,2185.39
LD00001367,1525.82,1846.15,1951.1
LD00001368,1836.09,2467.75,1956.29
LD00001369,1998.65,2252.59,2766.14
LD00001370,1625.83,1724.15,2573.3
LD00001371,1878.04,1604.89,1873.02
LD00001372,1902.22,1471.99,2187.37
LD00001373,2192.06,1827.9,2176.73
LD00001374,2063.53,2183.95,1626.93
LD00001375,1558.59,1751.44,1639.01
LD00001376,1513.89,1352.86,2794.04
LD00001377,2345.72,1415.73,1806.28
LD00001378,2208.17,1473.8,1862.25
LD00001379,1976.53,1432.99,2058.69
LD00001380,2306.6,1630.35,1485.55
LD00001381,2017.44,1218.37,1669.7
LD00001382,2436.75,1724.25,1756.65
LD00001383,1654.46,1481.37,1649.66
LD00001384,2363.48,2309.42,2246.69
LD00001385,1752.15,2218.37,2784.72
LD00001386,2213.2,1200.32,1508.9
LD00001387,1990.63,1850.49,1564.22
LD00001388,1967.64,1878.58,2142.96
LD00001389,2759.81,1928.63,2086.13
LD00001390,1767.02,2325.98,2597.52
LD00001391,2073.69,1432.71,2446.68
LD00001392,2379.28,1626.99,2675.46
LD00001393,2470.83,2034.18,1957.61
LD00001394,2794.78,2405.85,2796.12
LD00001395,1557.29,1237.49,2651.97
LD00001396,2129.36,2299.54,1478.47
LD00001397,2975.11,1452.44,2259.61
LD00001398,2274.51,2422.71,1964.44
LD00001399,2593.44,1309.16,2020.76
LD00001400,2452.95,2294.76,2717.53
LD00001401,2199.38,2286.94,1520.53
LD00001402,1778.49,1968.49,2752.07
LD00001403,1621.91,2141.56,1745.42
LD00001404,1580.0,2117.69,1649.21
LD00001405,1909.2,1458.99,2770.99
LD00001406,2032.73,1672.7,2481.32
LD00001407,2924.5,1960.79,1617.99
LD00001408,1811.17,2109.55,2105.27
LD00001409,1827.38,1539.1,2690.69
LD00001410,2200.87,1619.89,2189.28
LD00001411,2803.99,1210.27,1989.97
LD00001412,1959.41,1806.89,1660.63
LD00001413,2210.36,1516.67,2412.72
LD00001414,1560.19,2407.69,1728.02
LD00001415,2389.61,1413.23,1632.94
LD00001416,1694.84,1633.09,2743.88
LD00001417,1748.01,1201.1,1606.49
LD00001418,2786.64,1767.51,2413.79
LD00001419,1738.99,1329.89,2169.76
LD00001420,2559.34,2191.97,1534.15
LD00001421,2729.69,2149.48,1994.43
LD00001422,1832.54,1991.08,2474.98
LD00001423,2871.88,2039.25,1593.31
LD00001424,2009.38,2050.26,1996.0
LD00001425,1891.53,2441.52,1651.33
LD00001426,2019.43,2152.47,2318.22
LD00001427,2362.02,1699.19,2036.57
LD00001428,1954.43,1536.24,2287.76
LD00001429,2568.04,2297.42,2760.48
LD00001430,1725.58,1638.25,2707.85
LD00001431,1572.82,1566.23,1570.17
LD00001432,2138.55,2077.5,2473.57
LD00001433,2125.59,1780.8,1816.76
LD00001434,1872.94,1309.26,1532.4
LD00001435,2018.08,1795.44,2264.14
LD00001436,1614.8,1684.63,1605.45
LD00001437,2891.16,2174.05,1991.54
LD00001438,2947.74,2231.74,2199.25
LD00001439,2061.35,1814.79,2465.01
LD00001440,2252.34,1259.46,1958.14
LD00001441,1810.7,2216.67,2320.1
LD00001442,1831.99,1223.49,1854.45
LD00001443,2452.16,1627.38,1944.66
LD00001444,2733.94,1397.31,2596.1
LD00001445,1883.54,1241.95,2593.21
LD00001446,1811.33,2480.33,1916.87
LD00001447,1733.85,1960.42,2273.97
LD00001448,2984.52,1687.87,2152.63
LD00001449,1816.96,1343.82,1805.09
LD00001450,2626.92,1743.63,2238.95
LD00001451,2253.46,1892.26,1715.14
LD00001452,2885.87,1430.91,1803.77
LD00001453,2075.03,2049.04,2763.95
LD00001454,2414.56,1854.37,1512.71
LD00001455,1749.69,2013.14,2358.11
LD00001456,2775.46,1409.79,1916.69
LD00001457,1698.98,1284.26,1443.25
LD00001458,2695.13,2464.65,2100.3
LD00001459,2193.32,2451.22,1409.64
LD00001460,1605.55,1742.22,1764.04
LD00001461,2221.21,2143.84,1810.15
LD00001462,2574.94,1865.03,2309.48
LD00001463,2636.91,1953.76,2508.27
LD00001464,2869.46,2234.22,1694.12
LD00001465,2848.79,1839.05,1742.62
LD00001466,2681.06,2109.43,2195.52
LD00001467,1831.53,1682.11,1907.81
LD00001468,2569.62,2075.26,1616.22
LD00001469,1885.96,1496.29,2591.29
LD00001470,2046.24,1861.17,2618.33
LD00001471,2465.78,1963.28,2101.53
LD00001472,1763.08,2366.27,1419.93
LD00001473,1725.13,1991.23,2420.27
LD00001474,2354.11,2030.23,1417.08
LD00001475,2496.37,1718.04,1538.38
LD00001476,2169.95,1879.83,1742.57
LD00001477,2534.46,1792.89,1456.33
LD00001478,2600.01,2392.71,2668.6
LD00001479,1865.91,2190.18,2068.2
LD00001480,2217.45,1774.47,2066.45
LD00001481,2353.99,1956.23,2605.59
LD00001482,2988.36,1527.27,1970.04
LD00001483,2271.3,2436.87,1819.49
LD00001484,1667.21,2183.6,1655.05
LD00001485,1768.19,2188.57,2342.17
LD00001486,2668.19,2191.71,1698.5
LD00001487,2527.12,2405.82,1694.41
LD00001488,2678.72,2308.06,2254.17
LD00001489,1843.09,1541.71,2708.06
LD00001490,2743.85,1609.95,1831.22
LD00001491,2953.02,1659.7,2527.52
LD00001492,2493.08,1532.71,2565.57
LD00001493,2696.21,2002.82,2016.14
LD00001494,2584.27,2423.94,2230.12
LD00001495,1920.21,1988.72,1925.03
LD00001496,2157.19,1569.51,2060.58
LD00001497,2810.93,1966.75,2203.72
LD00001498,2335.01,2262.5,2365.4
LD00001499,2857.66,1779.59,2638.42
LD00001500,1999.52,2080.97,2385.68
LD00001501,2463.36,1755.53,2528.49
LD00001502,2348.57,2494.35,2743.7
LD00001503,2451.56,2154.76,2191.43
LD00001504,2360.89,1808.98,2310.24
LD00001505,2198.57,2356.16,2792.09
LD00001506,2181.07,2215.45,2435.24
LD00001507,2435.53,1706.93,1411.95
LD00001508,2298.55,2049.7,1680.46
LD00001509,2659.49,1467.99,1654.22
LD00001510,2931.99,1625.7,1841.47
LD00001511,2136.43,1552.4,2710.82
LD00001512,1684.67,2432.42,1435.59
LD00001513,2170.22,1718.93,1687.89
LD00001514,1744.32,1472.53,2716.97
LD00001515,1786.47,2480.7,2519.71
LD00001516,1524.22,1694.04,1988.02
LD00001517,2918.91,2047.6,1721.1
LD00001518,1523.78,2453.5,2421.48
LD00001519,1691.92,1402.49,2373.1
LD00001520,2426.33,2270.23,1986.93
LD00001521,2818.62,1342.21,1627.32
LD00001522,2432.87,1237.02,1436.16
LD00001523,1569.75,1690.15,2237.91
LD00001524,2845.78,1319.76,2783.47
LD00001525,2785.37,2252.25,1401.01
LD00001526,2935.36,2068.96,1534.96
LD00001527,2272.1,2247.08,1599.63
LD00001528,2830.38,1336.8,1716.71
LD00001529,2502.53,1875.89,2208.03
LD00001530,2491.8,1953.18,2708.47
LD00001531,2969.3,1218.62,2288.48
LD00001532,2225.77,1647.07,2280.2
LD00001533,2318.82,1353.16,1791.03
LD00001534,2710.48,1833.56,2168.46
LD00001535,2672.93,1754.47,1435.58
LD00001536,1680.42,2126.5,1576.82
LD00001537,2096.34,2423.62,2797.96
LD00001538,2600.12,1660.12,2241.31
LD00001539,2309.19,2101.8,2796.04
LD00001540,2764.86,2176.44,1612.87
LD00001541,1944.74,2371.24,2760.81
LD00001542,1612.31,2120.84,2335.37
LD00001543,2632.75,1382.39,2073.3
LD00001544,2086.5,1451.38,2568.06
LD00001545,2588.97,1961.71,2341.24
LD00001546,1516.15,1352.48,1835.62
LD00001547,2490.63,1588.47,1574.81
LD00001548,2812.85,2434.33,1457.36
LD00001549,2814.36,2098.87,2512.24
LD00001550,1861.94,2304.96,2092.34
LD00001551,2763.49,2152.18,2666.62
LD00001552,1624.64,1331.47,2528.39
LD00001553,1655.95,2215.2,2391.94
LD00001554,1563.15,1340.14,2573.49
LD00001555,2950.09,1510.2,2212.17
LD00001556,2577.43,1251.82,2305.92
LD00001557,2719.74,2016.55,2488.68
LD00001558,1536.22,2429.73,1538.33
LD00001559,2037.88,2087.92,1893.33
LD00001560,1986.77,2108.84,2288.73
LD00001561,2611.06,2179.31,2493.36
LD00001562,2027.71,1899.71,2527.22
LD00001563,2871.26,1317.56,1968.49
LD00001564,1803.22,2312.77,2079.62
LD00001565,2938.96,1619.59,1556.07
LD00001566,2096.96,2104.33,1678.07
LD00001567,1718.65,1642.21,1895.32
LD00001568,2420.13,2461.97,1853.37
LD00001569,2321.98,2067.78,1783.3
LD00001570,2812.7,1772.46,2536.14
LD00001571,2946.89,2314.79,2076.58
LD00001572,1779.09,1874.14,1959.46
LD00001573,2705.14,1542.62,1918.32
LD00001574,2937.14,1374.84,2603.92
LD00001575,2971.52,2219.48,2110.44
LD00001576,2710.88,1985.32,2408.15
LD00001577,1903.7,2287.6,2044.33
LD00001578,2929.75,1422.74,2183.94
LD00001579,2214.94,2118.2,1489.29
LD00001580,2921.03,2146.09,2399.06
LD00001581,1822.81,1787.75,2153.75
LD00001582,2354.79,2338.76,2724.77
LD00001583,2956.33,1268.86,2456.25
LD00001584,2294.66,2149.49,2425.58
LD00001585,1544.23,2407.47,2420.13
LD00001586,2361.0,2433.74,1942.43
LD00001587,2770.9,1437.89,1835.67
LD00001588,2249.52,1439.94,1962.0
LD00001589,2177.59,1322.24,1760.87
LD00001590,1643.24,1202.25,2779.18
LD00001591,1959.4,2240.05,2195.31
LD00001592,2454.72,1847.66,2149.3
LD00001593,2360.98,2358.87,2388.91
LD00001594,1545.51,1250.41,2152.63
LD00001595,1661.66,2087.94,2226.15
LD00001596,2405.26,2496.54,2688.0
LD00001597,2916.02,2069.32,1491.65
LD00001598,2940.58,1838.0,2511.68
LD00001599,2716.36,2382.57,2390.69
LD00001600,2495.27,1616.72,2138.27
LD00001601,1923.84,1376.12,2468.93
LD00001602,2152.71,1307.11,1433.37
LD00001603,1958.85,2489.97,2479.04
LD00001604,1782.12,1315.94,2648.93
LD00001605,2608.89,1894.58,1466.09
LD00001606,2946.28,1268.17,2555.55
LD00001607,2521.7,1258.14,1700.29
LD00001608,1609.45,1464.69,1689.43
LD00001609,2883.13,1467.84,2365.15
LD00001610,2976.6,2483.21,2557.2
LD00001611,1712.5,1520.03,2335.95
LD00001612,2910.41,2049.34,2679.23
LD00001613,2735.33,1690.27,2579.69
LD00001614,2439.81,1714.11,2374.4
LD00001615,2456.4,1349.86,2663.1
LD00001616,1751.05,2162.12,2737.44
LD00001617,2304.39,1570.12,2198.15
LD00001618,2925.31,1921.17,2097.15
LD00001619,2218.23,1344.83,1453.24
LD00001620,1862.63,1999.92,2013.35
LD00001621,2652.82,2142.38,1461.26
LD00001622,2882.76,1655.15,1680.91
LD00001623,1729.65,1579.35,1489.11
LD00001624,2487.02,1770.53,2619.87
LD00001625,1715.05,2453.43,1479.4
LD00001626,2427.88,1420.89,2705.92
LD00001627,2526.47,1207.67,1404.79
LD00001628,2643.26,1245.75,2163.82
LD00001629,1923.7,2000.86,2029.54
LD00001630,2017.72,2484.37,2036.98
LD00001631,1716.61,2028.22,1644.09
LD00001632,2610.01,1761.26,1819.8
LD00001633,2981.23,1362.53,2277.1
LD00001634,2190.87,1788.01,2733.32
LD00001635,2498.06,1373.05,2141.91
LD00001636,2922.01,2148.1,2497.78
LD00001637,2466.0,1477.57,1597.86
LD00001638,2857.01,2442.45,2618.16
LD00001639,2006.52,2356.9,2323.51
LD00001640,1535.75,1468.39,2194.35
LD00001641,2362.6,2241.09,1610.96
LD00001642,2643.93,1832.69,2254.5
LD00001643,2680.44,1311.48,1412.14
LD00001644,1969.94,2372.34,1684.21
LD00001645,2044.41,2382.02,2216.83
LD00001646,2555.4,1576.66,1542.1
LD00001647,2122.78,1892.0,2265.6
LD00001648,2534.95,2374.75,2766.57
LD00001649,2633.51,1376.28,1933.33
LD00001650,2379.26,2484.1,1907.34
LD00001651,2840.98,2461.39,2725.25
LD00001652,2829.74,1289.56,1588.92
LD00001653,1666.46,2415.54,2744.58
LD00001654,2567.11,2433.39,1516.3
LD00001655,2987.55,1674.78,1753.8
LD00001656,1977.85,1416.95,2309.17
LD00001657,2994.23,1638.77,1781.97
LD00001658,1999.38,1240.79,2620.86
LD00001659,2071.01,2375.9,1932.02
LD00001660,2003.45,2244.09,2595.08
LD00001661,1698.51,1650.11,1766.22
LD00001662,1624.96,1784.84,2340.53
LD00001663,1534.51,1367.08,2466.89
LD00001664,1597.44,1943.48,1731.72
LD00001665,2604.76,1643.48,2672.48
LD00001666,2679.2,1337.58,1570.77
LD00001667,1778.36,2133.73,1528.22
LD00001668,1575.0,1303.24,1848.57
LD00001669,2562.36,1843.89,2388.78
LD00001670,1777.39,1208.21,1646.19
LD00001671,2549.95,2113.73,1506.09
LD00001672,2092.0,2286.85,1815.41
LD00001673,2139.78,2271.81,2429.62
LD00001674,2631.45,1284.05,1487.9
LD00001675,1619.93,2193.76,2402.55
LD00001676,2382.21,2391.23,1906.07
LD00001677,2590.72,1614.78,1901.36
LD00001678,1950.37,1835.81,2164.28
LD00001679,1564.05,1658.76,2050.92
LD00001680,2803.02,1803.71,1613.76
LD00001681,2810.04,2224.74,1934.04
LD00001682,2048.57,1764.7,2544.37
LD00001683,1642.27,1708.68,1609.86
LD00001684,2088.35,1594.58,2737.27
LD00001685,2229.8,2140.85,2006.0
LD00001686,2030.05,1337.81,2734.13
LD00001687,1852.73,2426.34,2525.07
LD00001688,2447.26,1640.15,1834.86
LD00001689,2294.46,1643.43,1922.7
LD00001690,1594.69,1781.2,1983.8
LD00001691,2450.81,2372.39,2066.66
LD00001692,2547.49,2372.41,2751.66
LD00001693,2719.98,1523.83,2188.62
LD00001694,2625.29,2010.69,1513.83
LD00001695,2174.23,2210.66,2507.79
LD00001696,2771.66,1276.73,1745.22
LD00001697,2737.26,1827.32,1604.57
LD00001698,2407.16,1897.2,2553.79
LD00001699,2600.13,2156.14,1672.92
LD00001700,2686.06,1749.89,2546.02
LD00001701,1716.09,1232.87,2312.29
LD00001702,2197.41,2382.75,1606.66
LD00001703,2637.69,1340.07,1782.97
LD00001704,1744.35,1367.1,2738.55
LD00001705,2053.23,1609.85,2408.7
LD00001706,2093.31,1624.59,2570.5
LD00001707,2348.43,1939.09,2636.56
LD00001708,1595.82,1288.26,1612.2
LD00001709,2631.99,2464.02,1873.42
LD00001710,2100.84,1280.8,1982.89
LD00001711,2721.55,1783.05,1561.35
LD00001712,1584.77,2088.58,1433.92
LD00001713,1563.59,1484.7,1725.73
LD00001714,2081.29,2024.63,1954.13
LD00001715,2504.46,2106.26,2170.04
LD00001716,1844.26,1838.9,1889.13
LD00001717,2095.77,1397.93,1410.29
LD00001718,2334.39,1864.14,1623.81
LD00001719,1793.66,2367.31,1949.69
LD00001720,2168.32,2458.06,2340.58
LD00001721,1669.04,1703.69,1549.42
LD00001722,2749.39,2076.47,2641.31
LD00001723,1581.55,2013.95,2193.59
LD00001724,1964.85,1481.35,1653.29
LD00001725,2579.95,1795.25,1947.06
LD00001726,2341.24,1570.95,2781.49
LD00001727,2826.62,2308.49,2266.99
LD00001728,1955.17,1695.85,2195.36
LD00001729,1822.96,1448.02,1992.43
LD00001730,2480.44,1586.71,1448.99
LD00001731,2185.39,2411.92,2776.6
LD00001732,1761.87,1346.36,2414.73
LD00001733,1533.84,1932.2,1488.6
LD00001734,2096.31,1690.65,1452.03
LD00001735,2959.36,1949.79,1461.65
LD00001736,1804.05,1547.47,2339.74
LD00001737,2715.53,2494.59,1461.77
LD00001738,2573.35,2165.28,1801.12
LD00001739,2731.07,1907.97,1922.57
LD00001740,2602.79,1650.82,1643.55
LD00001741,2650.97,1391.92,2341.72
LD00001742,2942.08,1312.38,1754.48
LD00001743,2176.15,1900.98,2352.47
LD00001744,2310.32,2281.62,1623.2
LD00001745,2737.03,1715.26,2552.82
LD00001746,2363.2,1531.13,2170.63
LD00001747,2233.77,1623.13,2571.06
LD00001748,1828.61,1656.47,1971.2
LD00001749,1733.55,2102.13,2454.65
LD00001750,1716.53,1293.87,2730.15
LD00001751,2312.95,1325.56,2540.29
LD00001752,1681.61,1441.43,2486.49
LD00001753,2926.52,1748.49,1900.52
LD00001754,2081.62,1470.98,1999.93
LD00001755,2965.52,1849.99,1892.1
LD00001756,2629.38,2200.72,1991.78
LD00001757,2991.96,1693.96,2747.88
LD00001758,2315.6,1307.85,2413.99
LD00001759,2069.78,1638.6,2245.05
LD00001760,2328.94,2115.25,2031.68
LD00001761,2525.74,1971.46,2345.34
LD00001762,2253.11,1802.13,2375.98
LD00001763,2378.49,2107.68,2087.54
LD00001764,1935.43,1630.84,1553.54
LD00001765,2229.37,1207.4,2486.04
LD00001766,1565.81,1437.48,1876.1
LD00001767,2570.74,2250.94,2727.26
LD00001768,1698.0,2472.44,2247.29
LD00001769,2691.51,1758.97,2391.77
LD00001770,2210.49,1562.57,2180.19
LD00001771,1894.16,2433.26,1900.7
LD00001772,1681.52,1410.59,2198.59
LD00001773,2336.05,1821.24,2759.21
LD00001774,2339.5,1501.92,1606.34
LD00001775,2057.79,1863.25,1417.03
LD00001776,1955.02,2254.9,1847.34
LD00001777,2496.05,1821.76,1699.77
LD00001778,2500.62,2315.2,1603.56
LD00001779,2349.24,1521.19,2454.78
LD00001780,2741.96,1728.31,2453.32
LD00001781,1788.91,2144.44,1923.16
LD00001782,2219.05,2434.2,2113.37
LD00001783,2398.47,1573.92,2482.34
LD00001784,1599.5,1310.3,2648.31
LD00001785,1916.08,1565.08,2310.23
LD00001786,2783.07,1810.89,2082.9
LD00001787,2005.61,2098.85,2765.32
LD00001788,2443.68,2414.41,2624.65
LD00001789,2890.23,1621.41,1735.18
LD00001790,2738.6,1872.97,1976.15
LD00001791,2652.47,2357.72,1594.99
LD00001792,2530.66,1669.93,2159.89
LD00001793,1675.82,2139.57,1808.05
LD00001794,2830.91,2252.45,1925.0
LD00001795,2306.11,1390.24,2248.38
LD00001796,1504.9,1445.61,2707.77
LD00001797,1798.79,1266.29,1998.79
LD00001798,2155.76,1607.08,1595.62
LD00001799,2770.76,1560.56,2167.89
LD00001800,1807.34,2358.71,2193.19
LD00001801,1926.28,1512.88,1708.61
LD00001802,2761.15,1397.21,2175.19
LD00001803,1804.71,2001.19,2736.26
LD00001804,1686.84,1520.05,1968.96
LD00001805,2876.44,1563.31,1404.44
LD00001806,2169.25,1501.83,2586.2
LD00001807,1725.58,2354.55,2590.82
LD00001808,1807.69,2075.3,2011.31
LD00001809,2248.55,2000.33,2573.51
LD00001810,2555.18,1981.24,2378.5
LD00001811,1826.89,1659.25,1783.8
LD00001812,2400.65,1810.63,1433.99
LD00001813,2569.6,1228.44,2200.32
LD00001814,2154.44,1778.93,1993.79
LD00001815,1903.68,2385.08,1763.8
LD00001816,2768.85,2472.91,1910.4
LD00001817,1638.57,2103.91,1470.09
LD00001818,1723.54,1384.12,2010.25
LD00001819,1967.4,1876.66,1724.54
LD00001820,1932.36,1811.32,1992.57
LD00001821,2403.95,1300.16,2481.97
LD00001822,2330.16,1679.61,1650.49
LD00001823,1988.22,1423.33,1781.27
LD00001824,1702.42,1262.85,1618.27
LD00001825,2193.61,1791.43,2394.29
LD00001826,1600.61,1690.65,1400.8
LD00001827,2325.47,2144.11,2644.31
LD00001828,2627.45,1880.51,1970.75
LD00001829,1810.34,1979.74,1914.5
LD00001830,2063.92,1685.71,1840.36
LD00001831,2662.61,2175.45,2029.92
LD00001832,2094.54,1385.01,2660.71
LD00001833,2199.52,1804.77,2635.34
LD00001834,1868.05,1389.2,2296.03
LD00001835,2025.83,2382.21,2641.87
LD00001836,2032.16,1866.33,2067.95
LD00001837,1997.18,1603.44,2109.4
LD00001838,1589.83,1862.36,2282.94
LD00001839,2001.06,1996.8,1885.7
LD00001840,2701.84,1961.31,2636.95
LD00001841,2499.48,1912.39,2448.51
LD00001842,1995.23,2128.55,2424.03
LD00001843,2643.16,1455.23,2263.62
LD00001844,1566.02,1215.75,1586.12
LD00001845,2699.21,2348.12,1997.68
LD00001846,2986.54,1412.41,1452.45
LD00001847,2202.46,2475.56,2694.75
LD00001848,2717.53,1645.56,2419.09
LD00001849,2447.29,1624.49,1617.84
LD00001850,1839.3,1228.89,2076.75
LD00001851,2959.14,2488.71,1471.8
LD00001852,2736.1,1921.52,2582.28
LD00001853,2889.08,2106.6,2108.18
LD00001854,2349.86,1588.81,1739.49
LD00001855,2889.19,1273.97,1968.29
LD00001856,2967.54,1633.92,1918.53
LD00001857,2891.75,1715.25,1699.64
LD00001858,2415.86,1414.36,1622.87
LD00001859,1650.99,1307.0,2432.4
LD00001860,2844.87,2414.69,2511.03
LD00001861,1503.13,1430.84,1586.88
LD00001862,1560.64,2360.74,1862.2
LD00001863,2421.55,2267.86,1669.15
LD00001864,1901.0,1578.86,2571.59
LD00001865,1597.41,1988.02,1763.98
LD00001866,2409.73,2095.74,1444.85
LD00001867,2715.41,1666.38,2112.43
LD00001868,2710.45,1505.66,2778.44
LD00001869,1861.02,1393.34,1617.31
LD00001870,1661.51,1783.6,1609.06
LD00001871,2368.91,2134.23,2009.47
LD00001872,2843.38,2053.04,1909.89
LD00001873,1573.37,2293.46,2525.08
LD00001874,2487.49,1716.74,2392.8
LD00001875,2617.92,2119.6,2321.77
LD00001876,2803.76,1413.43,1750.84
LD00001877,1563.04,1382.44,2117.9
LD00001878,2126.81,2202.12,2284.15
LD00001879,1504.11,1827.64,2554.05
LD00001880,1998.78,2056.27,2431.16
LD00001881,2152.41,2434.76,2520.39
LD00001882,1566.77,1632.39,1970.27
LD00001883,2893.57,2388.34,2252.26
LD00001884,1897.05,2358.97,2593.03
LD00001885,1898.05,1889.97,1456.76
LD00001886,1503.38,1262.09,1506.55
LD00001887,2252.63,2438.38,2512.48
LD00001888,2983.3,1477.44,2325.8
LD00001889,2341.13,1627.16,2163.09
LD00001890,1993.16,1519.28,2071.81
LD00001891,2486.19,2073.35,1981.81
LD00001892,1646.41,2411.26,1833.29
LD00001893,2974.22,2335.19,2594.24
LD00001894,2947.72,1347.38,2031.81
LD00001895,2221.86,1998.68,2499.7
LD00001896,2081.82,1446.09,2722.92
LD00001897,1743.44,1644.73,2130.92
LD00001898,2986.67,2184.51,1891.94
LD00001899,2710.91,2208.62,1963.44
LD00001900,2964.21,2168.05,2568.32
LD00001901,1983.32,1679.53,2659.96
LD00001902,2356.41,1222.26,2330.41
LD00001903,2624.6,1209.67,1841.24
LD00001904,2391.97,1929.84,1563.09
LD00001905,1679.63,2254.08,2500.6
LD00001906,2305.62,1753.33,1454.51
LD00001907,2543.86,2260.4,2798.99
LD00001908,2962.69,1672.92,2097.6
LD00001909,1539.22,1570.7,1658.69
LD00001910,1670.06,2467.03,2475.2
LD00001911,2373.34,1302.49,1468.71
LD00001912,2859.48,2055.27,1540.61
LD00001913,1639.45,1633.25,2437.53
LD00001914,1660.24,1820.07,2056.91
LD00001915,1738.21,2421.55,2653.03
LD00001916,1777.69,2393.61,2380.98
LD00001917,1827.63,2120.61,1637.12
LD00001918,1507.93,1879.87,1782.64
LD00001919,2321.35,1277.18,1695.41
LD00001920,2016.4,1725.88,2227.08
LD00001921,2424.58,2356.44,2389.67
LD00001922,2966.72,1727.21,1667.63
LD00001923,2721.67,1954.27,2754.04
LD00001924,2997.22,2168.34,2423.75
LD00001925,1914.82,1346.4,1403.94
LD00001926,2120.03,1643.76,2025.9
LD00001927,1987.67,1734.46,2323.33
LD00001928,2786.63,1389.69,1944.9
LD00001929,2233.37,1556.07,1468.51
LD00001930,1592.11,2355.62,1483.43
LD00001931,2120.11,2345.7,1596.98
LD00001932,2209.85,2191.42,1491.41
LD00001933,2174.01,2094.96,1785.86
LD00001934,2220.53,1769.57,1586.88
LD00001935,1828.31,2433.07,2113.58
LD00001936,2283.04,2096.88,1780.54
LD00001937,1530.45,1937.3,2638.73
LD00001938,2636.61,2068.98,2178.34
LD00001939,2966.18,1204.38,2742.07
LD00001940,1502.19,1451.44,1551.85
LD00001941,2544.04,1553.52,1679.25
LD00001942,2069.88,2012.0,2646.36
LD00001943,2207.08,1513.52,1866.8
LD00001944,1654.79,2364.7,1723.83
LD00001945,2118.54,2494.74,1501.65
LD00001946,1831.1,1478.89,1919.23
LD00001947,1680.42,1564.53,2224.08
LD00001948,2885.35,1995.31,1530.91
LD00001949,2214.02,1560.21,1633.85
LD00001950,2725.6,1481.27,1976.53
LD00001951,2887.22,1560.97,1997.95
LD00001952,1540.35,1326.76,2278.09
LD00001953,1758.1,1404.04,2432.47
LD00001954,1796.47,1583.5,1485.79
LD00001955,1676.81,2385.91,1685.83
LD00001956,2531.88,2283.71,1622.7
LD00001957,1552.69,1427.62,2580.07
LD00001958,1817.68,1399.86,1551.82
LD00001959,2570.55,2127.84,2637.36
LD00001960,1736.1,2496.38,2145.99
LD00001961,1758.2,2287.7,2023.11
LD00001962,1794.4,1584.19,2481.58
LD00001963,2851.25,1498.66,2380.38
LD00001964,2864.0,1954.86,2432.66
LD00001965,2698.41,1512.63,1471.06
LD00001966,2308.5,1308.64,2135.11
LD00001967,2323.36,2276.54,1461.63
LD00001968,2548.16,1316.2,1606.95
LD00001969,2606.61,1618.4,1630.49
LD00001970,2648.22,2214.06,2485.43
LD00001971,1983.74,2184.83,2531.16
LD00001972,2221.17,2246.99,2014.57
LD00001973,2681.2,2173.01,2246.82
LD00001974,2068.57,1349.7,2679.96
LD00001975,1738.91,1909.51,1607.12
LD00001976,2236.71,2383.33,1507.25
LD00001977,2069.17,1252.5,2008.57
LD00001978,2493.06,2351.53,1929.05
LD00001979,2585.85,1557.6,1609.94
LD00001980,2119.46,2237.01,2116.36
LD00001981,1965.19,1421.31,2207.56
LD00001982,1579.56,1470.29,1974.26
LD00001983,2679.78,1222.09,2274.16
LD00001984,1596.77,1548.15,1465.78
LD00001985,2835.31,2389.81,2433.91
LD00001986,2321.22,1815.73,2632.64
LD00001987,2577.27,1443.99,2306.84
LD00001988,2509.5,1383.95,1960.12
LD00001989,2111.46,1406.17,1739.8
LD00001990,2583.37,2298.55,2003.24
LD00001991,2192.95,1253.01,1946.26
LD00001992,2919.21,1685.76,1806.86
LD00001993,2104.92,1497.8,2346.05
LD00001994,1940.75,2446.98,2676.01
LD00001995,2204.75,1600.05,2508.93
LD00001996,2658.06,2150.01,1915.72
LD00001997,2745.62,1558.06,2415.69
LD00001998,2510.52,1641.91,1805.57
LD00001999,1858.23,2391.43,1692.51
LD00002000,2742.79,1535.03,1841.1
LD00002001,2592.68,2248.72,2528.33
LD00002002,2289.32,2137.63,2502.32
LD00002003,1861.64,1318.84,2350.3
LD00002004,2107.49,1619.93,1716.0
LD00002005,2934.32,2393.57,2256.63
LD00002006,2987.13,1323.9,2745.04
LD00002007,1516.01,1440.28,2548.49
LD00002008,2001.88,1739.53,2169.64
LD00002009,1866.58,1690.48,2061.18
LD00002010,2593.89,2269.95,2234.5
LD00002011,2823.42,2084.16,1948.47
LD00002012,2828.83,1299.13,2245.17
LD00002013,1663.28,1579.92,1723.89
LD00002014,2757.1,1962.52,2459.13
LD00002015,2722.42,1404.98,1701.82
LD00002016,1610.25,1786.68,1869.27
LD00002017,1882.72,1247.43,2444.42
LD00002018,2279.52,1729.42,2446.0
LD00002019,2667.03,1638.74,2089.33
LD00002020,2949.43,2166.88,2127.07
LD00002021,2139.77,2300.5,2714.38
LD00002022,2041.98,1717.18,2250.4
LD00002023,1730.99,1792.32,1848.53
LD00002024,2929.18,2197.87,1755.64
LD00002025,2726.1,1861.8,1656.77
LD00002026,2439.57,1830.85,2468.27
LD00002027,2975.88,2280.81,1806.56
LD00002028,1956.01,1920.89,2511.34
LD00002029,1947.66,1819.95,2333.95
LD00002030,2111.19,1475.55,2303.19
LD00002031,1580.1,2067.13,2032.15
LD00002032,2261.1,2491.15,2213.18
LD00002033,2361.13,2415.45,2400.51
LD00002034,2104.28,1977.21,2201.9
LD00002035,2804.37,2053.8,2562.4
LD00002036,1634.48,1878.88,1603.25
LD00002037,2455.17,1939.39,1605.7
LD00002038,1531.91,1850.57,1833.43
LD00002039,2835.81,1340.86,2574.86
LD00002040,2670.79,2209.15,2001.82
LD00002041,2111.73,2109.58,2786.03
LD00002042,2460.36,1794.34,1984.79
LD00002043,1760.87,1480.68,2186.32
LD00002044,1988.67,2061.31,2671.0
LD00002045,2485.89,1929.5,1424.5
LD00002046,2845.88,2448.03,2642.2
LD00002047,2012.01,1914.03,2588.56
LD00002048,2316.75,1390.6,2325.29
LD00002049,2359.37,1648.13,2282.49
LD00002050,2342.69,2251.36,1537.55
LD00002051,2649.74,2249.4,1839.17
LD00002052,2764.96,2210.38,1958.14
LD00002053,2774.65,1553.47,2658.59
LD00002054,2217.63,1490.86,1409.12
LD00002055,2400.59,2379.54,1945.0
LD00002056,2255.85,1297.57,2335.64
LD00002057,2735.34,2270.32,1435.68
LD00002058,2418.1,1563.02,1810.25
LD00002059,1581.49,1730.13,1648.06
LD00002060,2807.76,2434.25,2298.9
LD00002061,2594.96,1486.66,1791.72
LD00002062,2164.04,1565.95,1627.24
LD00002063,2589.03,2191.86,1976.3
LD00002064,2016.83,1922.1,1528.9
LD00002065,2884.24,2400.02,2774.78
LD00002066,2653.67,1542.61,1956.19
LD00002067,1600.74,1453.85,1683.73
LD00002068,2931.29,1608.46,2400.89
LD00002069,2873.73,1721.71,2054.07
LD00002070,1807.38,2494.94,2670.69
LD00002071,2404.39,1200.6,1557.67
LD00002072,2737.75,2473.41,1844.86
LD00002073,2063.97,1447.5,2026.49
LD00002074,1960.65,1970.32,2416.38
LD00002075,1571.68,2323.36,1811.62
LD00002076,1913.09,2493.41,1731.11
LD00002077,2748.0,1717.87,2147.85
LD00002078,2500.91,1421.41,1661.31
LD00002079,2817.27,2362.55,2224.59
LD00002080,2442.4,1539.43,2702.82
LD00002081,2601.82,1838.7,2423.72
LD00002082,2636.82,2326.56,1724.28
LD00002083,2814.96,2302.5,1648.1
LD00002084,1543.74,1497.58,2450.38
LD00002085,2678.41,1965.2,2406.86
LD00002086,2180.36,2110.15,1963.72
LD00002087,2277.42,2249.89,2604.14
LD00002088,2064.18,1386.72,2322.47
LD00002089,2443.76,1626.26,1622.9
LD00002090,1522.25,1635.57,2784.42
LD00002091,2107.4,1395.44,1502.01
LD00002092,2972.55,1380.37,2195.01
LD00002093,2336.29,1894.54,2354.61
LD00002094,2675.02,2328.5,2734.32
LD00002095,2697.58,2436.82,2368.51
LD00002096,2962.51,1977.69,2367.97
LD00002097,1947.21,1987.28,2584.59
LD00002098,2470.91,1568.64,2032.61
LD00002099,2943.64,2176.53,1450.12
LD00002100,2035.41,1432.75,2653.27
LD00002101,2216.4,1901.05,2760.95
LD00002102,1912.35,2214.32,2748.93
LD00002103,2242.35,1891.86,1938.26
LD00002104,2258.71,2134.1,1615.48
LD00002105,2274.18,1455.0,2791.87
LD00002106,2522.34,1200.85,2300.97
LD00002107,2053.02,2104.15,2636.23
LD00002108,2071.41,2005.4,2359.86
LD00002109,2509.52,1418.3,2659.67
LD00002110,2778.72,1548.82,1655.58
LD00002111,2390.39,1454.94,1894.23
LD00002112,1778.53,1520.61,2732.3
LD00002113,2684.3,2279.4,1711.08
LD00002114,2010.28,1413.75,1511.45
LD00002115,2299.56,1639.25,2785.13
LD00002116,2083.61,2459.22,1640.6
LD00002117,2014.99,1990.32,2361.01
LD00002118,2339.9,1708.59,1912.13
LD00002119,2934.39,2434.45,2182.16
LD00002120,2633.98,2204.9,1802.23
LD00002121,1791.24,2016.57,1567.97
LD00002122,2889.48,1347.16,2073.7
LD00002123,1798.72,2282.93,1867.06
LD00002124,1629.02,1673.49,1952.34
LD00002125,2180.52,1624.8,1858.87
LD00002126,2049.17,2351.93,2544.55
LD00002127,1857.22,1754.13,2592.18
LD00002128,2929.1,1394.59,2609.96
LD00002129,2925.58,2230.19,1449.27
LD00002130,2074.4,1887.98,2796.63
LD00002131,2342.23,1986.59,2568.88
LD00002132,1907.52,1368.71,2582.58
LD00002133,2103.29,2357.24,2709.24
LD00002134,1587.55,1621.79,2482.1
LD00002135,2308.37,1563.4,2607.63
LD00002136,2265.31,2478.1,2650.44
LD00002137,2599.33,1748.55,1909.19
LD00002138,1766.66,1367.57,2741.21
LD00002139,2978.08,1233.01,2705.6
LD00002140,1733.91,1598.89,2294.83
LD00002141,1609.12,1507.35,2299.71
LD00002142,2802.73,1290.02,1407.8
LD00002143,2282.68,2023.44,1995.96
LD00002144,1925.86,1569.67,2127.73
LD00002145,2379.65,2493.63,2086.88
LD00002146,2134.61,2368.53,2504.36
LD00002147,1724.56,1208.27,1912.81
LD00002148,2878.86,1574.29,2729.58
LD00002149,2708.08,1424.74,2160.71
LD00002150,1785.64,1281.79,1680.25
LD00002151,2440.37,2011.29,1482.58
LD00002152,2279.39,1739.98,2085.35
LD00002153,2017.51,1892.27,2473.71
LD00002154,2497.74,1430.02,1652.93
LD00002155,1981.27,2170.87,1908.46
LD00002156,1703.5,1401.18,2199.71
LD00002157,2427.92,1864.21,2485.73
LD00002158,2073.62,2054.98,1737.52
LD00002159,2324.06,1436.15,2015.35
LD00002160,1763.32,1794.32,1701.1
LD00002161,2888.69,2052.01,2753.27
LD00002162,1772.68,1401.75,2737.27
LD00002163,2822.34,2441.94,2425.93
LD00002164,2460.54,1507.15,2170.92
LD00002165,2479.98,2113.21,1742.33
LD00002166,1980.31,2421.6,1773.49
LD00002167,2605.67,2347.26,1706.41
LD00002168,1870.7,1225.43,1865.67
LD00002169,2416.82,2142.54,1652.64
LD00002170,1504.03,1942.36,2016.2
LD00002171,1869.73,2371.39,2055.92
LD00002172,1821.36,2120.29,2544.5
LD00002173,1696.0,1236.5,2345.31
LD00002174,2095.7,2227.76,2608.17
LD00002175,1556.49,1257.81,2465.4
LD00002176,2277.94,1857.69,2196.49
LD00002177,2539.98,2138.66,2629.92
LD00002178,1776.98,2028.66,1952.08
LD00002179,1526.01,2471.39,1730.8
LD00002180,2722.01,2311.74,2203.39
LD00002181,2020.33,2333.37,2735.73
LD00002182,1534.26,1393.98,2208.06
LD00002183,2496.01,1320.22,1678.38
LD00002184,1585.03,2270.22,2676.32
LD00002185,1623.97,2092.81,2099.81
LD00002186,2096.73,2023.28,2424.46
LD00002187,1677.12,2092.82,2380.56
LD00002188,2628.99,1381.53,1561.23
LD00002189,1673.9,1697.36,1546.31
LD00002190,2426.26,1241.49,1590.38
LD00002191,2898.6,1457.34,2272.16
LD00002192,1940.42,1450.18,1932.4
LD00002193,2490.51,1791.95,2627.62
LD00002194,1724.45,2220.5,1646.59
LD00002195,2684.76,2087.95,2275.49
LD00002196,2364.64,1624.63,1588.49
LD00002197,1693.21,2291.99,2227.96
LD00002198,2582.36,2291.54,1492.42
LD00002199,2708.04,1479.0,2333.73
LD00002200,2668.83,1958.5,2552.89
LD00002201,2953.33,1354.25,1785.65
LD00002202,2309.46,1703.58,2467.6
LD00002203,1889.04,1297.43,2439.7
LD00002204,2985.15,2409.24,1991.44
LD00002205,2218.97,1924.79,1789.1
LD00002206,2164.67,2138.01,1519.52
LD00002207,2118.51,1368.98,2604.02
LD00002208,2013.59,1539.38,2609.68
LD00002209,1832.76,2123.43,1799.64
LD00002210,1525.29,1672.14,2667.13
LD00002211,2052.85,2360.96,1831.56
LD00002212,2385.18,2211.89,1887.24
LD00002213,2918.66,1526.67,2578.21
LD00002214,2151.28,1343.73,2176.92
LD00002215,1558.1,1234.64,2676.06
LD00002216,1650.57,1718.23,2468.82
LD00002217,2135.71,1255.41,1418.38
LD00002218,2171.64,1392.57,1442.67
LD00002219,2556.46,1802.49,1673.68
LD00002220,1652.5,1270.05,2397.67
LD00002221,2719.5,1574.04,2757.96
LD00002222,1799.24,1720.8,1559.89
LD00002223,2347.7,1436.24,2144.37
LD00002224,2170.23,2114.43,2234.62
LD00002225,1680.74,1207.11,1678.55
LD00002226,1734.88,2252.83,2714.24
LD00002227,2155.21,1393.59,1894.53
LD00002228,2746.04,2109.32,2065.0
LD00002229,2104.48,1753.23,1834.84
LD00002230,2632.64,2233.63,1470.81
LD00002231,1686.49,1528.01,1427.51
LD00002232,2315.82,2423.92,1495.12
LD00002233,2361.25,1609.56,2334.79
LD00002234,2676.69,1254.99,2254.78
LD00002235,2469.88,1977.31,2095.67
LD00002236,2458.32,2042.43,1678.13
LD00002237,2720.5,1696.89,2179.16
LD00002238,2862.11,2442.09,1607.82
LD00002239,2227.53,1942.32,1747.54
LD00002240,2155.34,1474.22,2364.44
LD00002241,2374.3,2385.56,2793.94
LD00002242,2567.23,2384.39,1631.2
LD00002243,1539.46,1807.45,2121.8
LD00002244,1658.54,1733.96,2577.44
LD00002245,2446.24,2058.57,1763.29
LD00002246,1852.82,2089.65,2451.3
LD00002247,2851.25,2366.68,1516.9
LD00002248,2891.71,1860.68,2541.45
LD00002249,2841.25,1595.35,1593.54
LD00002250,2920.2,2348.47,2130.72
LD00002251,2958.78,1685.94,2705.51
LD00002252,2717.81,1537.35,1465.55
LD00002253,2499.88,2277.45,1651.76
LD00002254,1949.33,1724.2,2470.45
LD00002255,2266.35,1849.59,2544.0
LD00002256,2339.53,1856.09,2048.7
LD00002257,2496.88,1265.03,1460.39
LD00002258,1887.98,2227.61,2506.16
LD00002259,2140.72,1842.66,2172.59
LD00002260,1926.18,2361.89,2367.3
LD00002261,2584.3,1660.26,2490.64
LD00002262,1772.59,2032.0,2638.67
LD00002263,2752.63,1689.21,2165.52
LD00002264,1538.43,1788.98,1837.35
LD00002265,1729.42,1639.42,1940.31
LD00002266,2738.28,1728.62,2159.67
LD00002267,1898.88,1720.17,2375.36
LD00002268,2820.5,1378.7,1761.94
LD00002269,2402.91,1288.59,1430.88
LD00002270,1949.85,1478.79,2561.57
LD00002271,2036.62,2182.14,2239.57
LD00002272,2572.1,1340.35,1698.68
LD00002273,2012.59,2475.32,1461.31
LD00002274,2100.91,2213.69,2380.46
LD00002275,2625.71,1844.27,1767.06
LD00002276,1976.83,1241.04,1670.55
LD00002277,2681.55,1741.31,2583.18
LD00002278,2844.86,2410.77,1491.47
LD00002279,2391.82,1945.2,2165.27
LD00002280,2799.45,1800.24,2171.61
LD00002281,2164.28,1737.81,2586.91
LD00002282,2433.82,2394.85,2277.23
LD00002283,2424.7,1899.92,2526.67
LD00002284,2544.72,1914.42,1836.26
LD00002285,2533.03,2326.75,1858.26
LD00002286,2705.37,1264.09,1573.76
LD00002287,1587.88,2093.69,2068.86
LD00002288,2833.73,1257.83,1558.74
LD00002289,2524.15,1280.43,2565.53
LD00002290,1810.71,1608.7,1975.11
LD00002291,1650.01,1953.05,1858.72
LD00002292,2228.26,1263.9,2231.76
LD00002293,2710.49,1588.33,2759.78
LD00002294,1939.98,1689.24,1925.06
LD00002295,2147.01,1733.6,1857.62
LD00002296,1521.53,2227.65,1835.04
LD00002297,2634.4,1641.89,2649.45
LD00002298,2652.01,2454.19,1669.2
LD00002299,2137.73,1515.27,2495.12
LD00002300,2674.92,2310.57,1658.06
LD00002301,1581.29,1715.44,1867.6
LD00002302,2888.03,1211.9,2704.68
LD00002303,1677.62,1397.8,1653.46
LD00002304,2946.5,1821.87,2319.3
LD00002305,2645.71,1997.26,1946.2
LD00002306,1921.4,2478.54,1529.22
LD00002307,2300.11,1872.19,1943.54
LD00002308,1662.52,1965.45,2774.77
LD00002309,2987.46,1366.21,2624.47
LD00002310,2166.13,2221.27,1419.07
LD00002311,1702.37,2133.76,2509.54
LD00002312,1614.21,2149.58,2687.33
LD00002313,1843.21,2187.64,2070.21
LD00002314,2544.65,2148.35,2612.96
LD00002315,2331.16,2465.81,2289.78
LD00002316,1964.64,1360.43,2180.49
LD00002317,2817.97,1670.64,2453.39
LD00002318,2513.73,1758.01,1827.7
LD00002319,2007.81,1389.33,1675.53
LD00002320,2916.7,1400.41,2398.1
LD00002321,2523.26,2007.03,2541.84
LD00002322,2851.76,1717.59,1688.79
LD00002323,2233.93,1239.92,2614.65
LD00002324,2527.62,2265.54,2656.83
LD00002325,2482.58,1279.01,2585.51
LD00002326,2740.05,1531.41,2400.66
LD00002327,2413.32,2230.67,1721.36
LD00002328,1900.15,2361.93,1863.43
LD00002329,1553.65,2397.08,2380.01
LD00002330,2272.05,2129.7,1954.87
LD00002331,2271.28,1287.05,1994.98
LD00002332,1881.59,2071.03,1903.25
LD00002333,2738.78,1473.35,2149.11
LD00002334,2212.67,2005.4,2030.47
LD00002335,1523.35,2092.11,2457.91
LD00002336,1861.39,1974.48,1605.92
LD00002337,2811.2,2155.94,2525.47
LD00002338,2982.26,1886.0,2486.98
LD00002339,1959.11,2480.87,2073.74
LD00002340,1656.98,2291.67,2353.43
LD00002341,1554.64,1316.4,2420.46
LD00002342,2565.71,1427.54,1585.08
LD00002343,2388.59,1411.55,1729.65
LD00002344,2963.68,2480.93,2323.34
LD00002345,2879.93,1404.25,2634.19
LD00002346,2567.54,1924.16,1696.93
LD00002347,2724.32,1219.37,1722.03
LD00002348,2537.5,1701.72,2007.56
LD00002349,2261.88,2020.79,2340.06
LD00002350,2572.3,1358.21,2166.84
LD00002351,2059.01,2235.92,1804.27
LD00002352,2892.83,2044.84,2297.61
LD00002353,2679.25,1559.27,2496.25
LD00002354,1792.48,1602.13,2612.9
LD00002355,1552.3,1458.12,2482.33
LD00002356,2874.0,1204.56,2544.32
LD00002357,2156.3,1296.89,1427.36
LD00002358,2149.28,2365.95,1945.91
LD00002359,1519.56,2041.5,2682.6
LD00002360,2556.12,2359.35,2719.63
LD00002361,2312.48,1330.74,2259.77
LD00002362,1562.94,1999.73,1914.2
LD00002363,2129.54,1462.99,2175.55
LD00002364,1738.96,1989.01,2498.88
LD00002365,2337.05,1876.05,2289.39
LD00002366,2672.38,1294.44,1442.89
LD00002367,1770.92,1789.59,1508.55
LD00002368,2539.82,1507.77,1431.19
LD00002369,2821.77,2193.2,1901.91
LD00002370,2070.21,1593.54,1510.12
LD00002371,2901.79,2422.97,2497.55
LD00002372,2957.27,1353.11,2081.32
LD00002373,2506.45,1379.36,1815.52
LD00002374,1644.86,2074.87,2568.7
LD00002375,1637.85,2126.6,1963.94
LD00002376,1765.54,1383.19,2720.24
LD00002377,2173.92,2254.51,2634.3
LD00002378,1899.6,1371.46,2552.63
LD00002379,2059.27,2283.47,1463.52
LD00002380,1504.33,1951.37,1576.86
LD00002381,2745.76,2123.4,1425.29
LD00002382,2448.18,1485.42,2385.78
LD00002383,2925.96,1797.17,1695.78
LD00002384,2987.82,1854.03,2687.36
LD00002385,1507.59,1315.65,2128.24
LD00002386,1741.38,1540.36,2033.67
LD00002387,1608.73,2424.08,2159.14
LD00002388,2222.21,1276.59,1892.01
LD00002389,1637.2,1946.67,2764.61
LD00002390,2828.86,1341.97,2542.79
LD00002391,2141.11,2171.79,1461.07
LD00002392,1579.86,1940.37,1679.45
LD00002393,2714.49,1971.74,2352.68
LD00002394,2859.08,2278.97,2315.1
LD00002395,2342.66,1625.4,1810.25
LD00002396,2696.17,1878.47,1978.49
LD00002397,2797.81,1735.76,1584.11
LD00002398,2648.99,1737.45,2425.78
LD00002399,2966.11,1462.84,1835.2
LD00002400,2852.54,2142.96,1499.01
LD00002401,1730.59,2207.09,2329.58
LD00002402,1603.08,2360.12,1698.67
LD00002403,2156.78,1881.22,2633.83
LD00002404,2131.02,1278.62,2606.86
LD00002405,2618.0,1782.15,2223.6
LD00002406,2836.49,2410.23,2104.73
LD00002407,1976.88,1496.21,2689.59
LD00002408,2108.84,1379.27,1466.41
LD00002409,2724.46,2405.12,2386.56
LD00002410,2429.81,1658.17,1909.91
LD00002411,2346.86,2147.94,1413.63
LD00002412,2853.47,1621.92,1459.51
LD00002413,2595.93,2065.91,2240.12
LD00002414,2995.17,1801.51,2110.51
LD00002415,1713.49,2247.07,2385.82
LD00002416,1580.98,2113.51,1635.47
LD00002417,2879.07,1609.67,2687.88
LD00002418,2523.88,2497.67,2650.16
LD00002419,2156.61,1607.87,2511.44
LD00002420,1515.86,2317.91,2463.37
LD00002421,1979.26,1638.44,2607.95
LD00002422,2160.23,2357.78,1875.7
LD00002423,2933.79,1840.01,2470.98
LD00002424,2195.54,1915.97,2703.05
LD00002425,2465.87,2387.49,2333.0
LD00002426,1514.58,1710.47,2740.35
LD00002427,2659.29,1215.87,2366.04
LD00002428,1916.15,1363.87,1444.01
LD00002429,2259.72,2108.35,2464.44
LD00002430,2440.29,2382.81,2737.58
LD00002431,2939.77,1666.93,2463.95
LD00002432,1719.76,1669.75,1498.93
LD00002433,2354.09,1950.89,2301.78
LD00002434,2914.36,2381.48,2166.5
LD00002435,2575.69,1820.75,1461.72
LD00002436,2251.43,2102.7,1575.43
LD00002437,2355.41,1575.67,2213.47
LD00002438,1504.17,1838.01,1927.77
LD00002439,1992.14,1483.36,2286.04
LD00002440,2239.85,2480.98,1838.35
LD00002441,1928.8,1797.19,1756.68
LD00002442,2492.24,1944.49,2490.74
LD00002443,1996.54,1323.82,1421.33
LD00002444,2464.73,2360.05,2574.5
LD00002445,1508.43,2193.6,2157.42
LD00002446,1864.46,1396.91,2663.99
LD00002447,2166.11,2232.95,2262.77
LD00002448,2936.53,2400.59,2039.15
LD00002449,1984.92,1935.27,1660.5
LD00002450,1967.53,1713.81,1723.32
LD00002451,2506.55,2347.0,2516.28
LD00002452,2055.07,1876.86,1508.83
LD00002453,2542.35,1363.91,2670.26
LD00002454,2762.78,1493.34,2452.71
LD00002455,2147.17,2444.67,1538.56
LD00002456,1601.29,2378.98,2134.21
LD00002457,2584.18,2092.31,2191.76
LD00002458,2254.7,1474.87,1920.0
LD00002459,2595.5,2344.94,2196.57
LD00002460,1751.22,2097.95,1934.41
LD00002461,2625.62,2205.06,2684.03
LD00002462,1600.75,2472.82,2252.12
LD00002463,2848.82,2244.82,1786.56
LD00002464,2993.14,1379.53,2411.34
LD00002465,1580.96,1916.56,2261.06
LD00002466,1702.91,2429.17,1482.82
LD00002467,2230.91,1562.39,1695.99
LD00002468,1599.06,2466.12,2739.18
LD00002469,2551.65,2075.06,2430.01
LD00002470,1554.17,1470.21,1470.99
LD00002471,1828.53,1370.56,2403.72
LD00002472,2543.18,1334.21,1922.1
LD00002473,2255.01,1743.31,2640.87
LD00002474,1795.56,2086.84,2554.83
LD00002475,2902.35,1771.96,2043.44
LD00002476,2416.66,1491.52,2475.07
LD00002477,2986.0,1316.56,2355.69
LD00002478,2204.51,1691.56,2251.37
LD00002479,1679.0,2220.71,1769.14
LD00002480,1600.32,1703.23,1627.08
LD00002481,2908.33,1745.74,1419.59
LD00002482,2335.77,1679.15,2577.73
LD00002483,2931.07,2340.12,1456.81
LD00002484,2894.79,1309.35,2117.0
LD00002485,1590.67,1955.58,2490.32
LD00002486,2484.04,1773.27,2004.08
LD00002487,2406.99,1445.13,1714.61
LD00002488,1953.45,1985.87,1634.18
LD00002489,2078.01,1763.99,2567.63
LD00002490,1883.59,2221.58,2331.65
LD00002491,2911.26,1921.25,1848.79
LD00002492,2518.77,2305.2,2290.73
LD00002493,2923.72,1972.35,2362.14
LD00002494,1721.28,1512.13,1835.59
LD00002495,2487.02,1942.16,1932.37
LD00002496,2707.5,2353.57,2408.23
LD00002497,2833.45,2066.72,1910.54
LD00002498,1891.11,1463.0,2541.33
LD00002499,1616.32,2118.33,1912.18
LD00002500,2108.5,1686.02,2406.28
LD00002501,2874.21,1932.83,1775.99
LD00002502,2380.24,2363.39,2516.48
LD00002503,2920.48,1668.64,1735.9
LD00002504,2986.69,1552.11,1941.32
LD00002505,2943.41,1282.66,1692.07
LD00002506,1765.62,1571.22,1430.98
LD00002507,2887.94,2417.9,2683.89
LD00002508,2722.15,1440.97,1958.74
LD00002509,2363.57,1716.2,2581.94
LD00002510,1520.32,2331.15,1786.66
LD00002511,1898.54,1700.25,2706.38
LD00002512,2476.0,1958.58,1746.94
LD00002513,1951.5,1611.76,1832.52
LD00002514,2349.86,1486.01,2478.45
LD00002515,1544.98,2039.3,2423.22
LD00002516,2879.63,1384.72,1568.35
LD00002517,1638.57,2412.29,1793.19
LD00002518,2723.47,2055.32,2434.77
LD00002519,1889.64,2297.38,2310.68
LD00002520,1668.64,1452.19,2750.82
LD00002521,2537.25,1734.2,1878.01
LD00002522,2857.41,1801.64,1584.88
LD00002523,2110.11,1453.47,1404.77
LD00002524,2887.5,2018.09,1899.95
LD00002525,1536.88,2416.87,1855.68
LD00002526,1554.55,2397.01,2077.38
LD00002527,1598.57,1442.2,2048.36
LD00002528,2138.13,1985.48,1717.39
LD00002529,2653.86,1482.9,1957.19
LD00002530,2241.57,1413.82,1449.12
LD00002531,2433.65,1656.38,1615.84
LD00002532,2859.73,1234.83,2302.83
LD00002533,2676.14,1647.16,2406.79
LD00002534,2864.32,1392.87,1611.09
LD00002535,2548.97,1447.14,2131.1
LD00002536,1930.99,2308.72,2367.67
LD00002537,1838.25,1494.63,1997.55
LD00002538,2204.31,1319.13,1468.54
LD00002539,2083.63,1847.18,2743.45
LD00002540,2744.65,1459.87,1454.0
LD00002541,1733.96,1329.71,2302.73
LD00002542,2839.42,1925.76,2184.31
LD00002543,2945.49,1840.89,2511.26
LD00002544,2301.2,1535.75,1963.55
LD00002545,2630.63,1370.33,1693.75
LD00002546,1712.45,1409.8,2396.9
LD00002547,2631.57,1579.65,2795.99
LD00002548,2576.03,2064.51,2359.46
LD00002549,2601.38,1659.86,1480.02
LD00002550,1816.6,2052.92,2660.31
LD00002551,2796.74,1518.03,2597.12
LD00002552,1907.33,2088.78,2088.49
LD00002553,2228.35,1609.83,2599.48
LD00002554,1722.75,2355.02,1500.43
LD00002555,2101.94,1274.53,2498.36
LD00002556,2356.37,2136.12,2319.59
LD00002557,2595.75,2227.98,1463.05
LD00002558,2698.92,2417.82,2323.56
LD00002559,2966.03,1547.97,1508.49
LD00002560,1994.92,1553.1,2197.41
LD00002561,2388.64,1474.98,1849.46
LD00002562,2707.28,1278.26,2524.8
LD00002563,1880.43,1764.98,1621.61
LD00002564,1644.14,2147.65,1525.73
LD00002565,2357.36,2177.47,2002.0
LD00002566,2297.97,2041.45,1968.38
LD00002567,1823.43,1414.47,2086.77
LD00002568,2696.83,2480.62,1659.52
LD00002569,2512.43,1236.81,2742.8
LD00002570,2473.12,1746.46,1732.12
LD00002571,1804.52,1983.4,2281.95
LD00002572,1782.56,2439.96,2340.96
LD00002573,1772.53,1362.1,1463.95
LD00002574,2027.96,1230.57,1888.75
LD00002575,2989.78,1931.95,2038.53
LD00002576,2566.45,1201.55,1989.21
LD00002577,1959.26,1908.18,2467.52
LD00002578,2358.59,1971.01,2692.7
LD00002579,2078.49,1651.83,2366.88
LD00002580,1549.54,1728.72,1894.2
LD00002581,1798.77,1965.52,1940.57
LD00002582,2424.69,2451.75,2017.93
LD00002583,1706.03,2104.73,1711.84
LD00002584,2390.35,2134.72,1650.94
LD00002585,2293.52,1801.47,2344.19
LD00002586,2981.17,2309.32,2259.71
LD00002587,2417.59,1653.29,1794.37
LD00002588,1947.81,1629.53,1766.42
LD00002589,1961.09,1534.62,1502.19
LD00002590,2093.28,2406.4,2224.72
LD00002591,2750.68,2428.17,1761.87
LD00002592,1839.62,2345.19,2627.9
LD00002593,1719.16,1262.07,1859.46
LD00002594,2585.32,1484.08,2205.87
LD00002595,1649.64,1405.0,2754.27
LD00002596,1693.63,2098.65,1561.2
LD00002597,1990.24,2369.01,2126.0
LD00002598,2055.82,1814.4,2219.85
LD00002599,1866.65,1255.78,1789.39
LD00002600,2893.35,1392.9,2255.31
LD00002601,1712.15,2158.49,1898.08
LD00002602,2600.76,1799.91,2601.86
LD00002603,1785.47,1957.06,2279.21
LD00002604,2333.07,1759.32,2528.63
LD00002605,2916.57,1539.42,1904.69
LD00002606,2543.64,1715.51,1709.8
LD00002607,1572.09,1466.11,2646.35
LD00002608,2899.18,2163.12,1446.88
LD00002609,2186.28,1438.05,1969.21
LD00002610,1951.89,2062.27,2399.89
LD00002611,2672.15,1902.35,1439.23
LD00002612,2566.13,2366.34,2196.71
LD00002613,1729.49,2246.13,1525.54
LD00002614,2833.9,1283.73,1768.89
LD00002615,2762.21,1275.98,1719.73
LD00002616,1745.05,2259.59,2253.3
LD00002617,2007.51,1782.99,1871.48
LD00002618,1801.56,1876.41,1614.65
LD00002619,1704.44,1374.77,1961.78
LD00002620,2816.72,1498.64,1707.24
LD00002621,2161.46,2154.28,1572.0
LD00002622,2899.22,1213.92,2598.26
LD00002623,2626.36,1609.75,2658.1
LD00002624,2462.63,1473.79,1509.54
LD00002625,2724.1,1421.82,1440.66
LD00002626,1570.0,1902.24,2041.83
LD00002627,1636.3,2133.01,2740.66
LD00002628,1578.18,1685.29,2015.09
LD00002629,2490.83,1910.4,2421.51
LD00002630,1981.67,1538.59,1548.22
LD00002631,2888.49,1265.06,1903.67
LD00002632,1731.13,2080.93,2280.49
LD00002633,1769.82,1611.66,1456.14
LD00002634,2077.92,2185.72,1794.45
LD00002635,2920.73,1831.11,2278.08
LD00002636,2691.64,1329.65,1518.35
LD00002637,2949.02,1254.55,2375.64
LD00002638,2711.01,2165.57,1470.0
LD00002639,2794.43,1830.15,2371.02
LD00002640,2397.4,1658.28,2222.86
LD00002641,2541.67,1431.66,1845.68
LD00002642,1653.04,1428.15,2667.44
LD00002643,1874.66,1924.82,1654.5
LD00002644,1724.48,1346.88,1646.61
LD00002645,2386.65,2039.86,2590.0
LD00002646,2538.53,2261.39,1683.3
LD00002647,2164.23,2376.3,1425.93
LD00002648,2262.86,1954.14,1862.83
LD00002649,2706.66,1213.42,1923.87
LD00002650,1607.06,2195.92,1838.51
LD00002651,2245.25,2011.09,2665.28
LD00002652,1739.94,2340.94,2437.51
LD00002653,1777.48,2397.67,2063.83
LD00002654,2868.07,1937.41,1424.55
LD00002655,2314.11,1384.29,2246.42
LD00002656,2359.06,2405.68,1611.27
LD00002657,1983.87,2324.09,2700.51
LD00002658,1727.45,1613.07,2460.43
LD00002659,1848.89,1517.67,2335.73
LD00002660,1758.54,2009.15,1815.32
LD00002661,2147.2,1298.8,2328.54
LD00002662,2469.46,1916.59,1535.93
LD00002663,1834.55,1899.8,2591.87
LD00002664,2556.56,1404.14,2546.49
LD00002665,1641.54,2277.49,2494.96
LD00002666,2267.04,2385.21,1557.71
LD00002667,2804.6,1906.47,2150.1
LD00002668,1655.97,1957.7,2143.17
LD00002669,2084.2,2485.47,2450.11
LD00002670,1563.87,1704.75,2198.02
LD00002671,2457.42,1824.57,2564.67
LD00002672,2456.71,1566.3,2618.3
LD00002673,2393.69,2141.49,1704.8
LD00002674,2415.77,2129.32,2010.57
LD00002675,1789.96,1222.24,2366.25
LD00002676,2417.6,1891.47,2514.17
LD00002677,2906.49,2392.15,2195.69
LD00002678,1635.07,2321.51,2025.12
LD00002679,2363.05,1884.9,2312.36
LD00002680,1666.34,1914.42,1479.82
LD00002681,1531.41,2094.65,1635.33
LD00002682,2021.75,1455.72,1625.81
LD00002683,1782.83,1325.27,1850.47
LD00002684,1905.23,2352.18,2658.8
LD00002685,2902.98,1919.1,1626.57
LD00002686,2489.98,1933.92,2256.05
LD00002687,2300.97,1761.85,2551.69
LD00002688,2786.69,1430.5,2178.13
LD00002689,2509.76,2347.59,1685.39
LD00002690,2850.19,1308.29,1870.71
LD00002691,1765.55,1791.34,1746.97
LD00002692,1501.23,1296.7,1617.07
LD00002693,2850.1,2131.97,1613.3
LD00002694,2023.99,1442.89,2432.04
LD00002695,1988.05,2419.26,2430.8
LD00002696,2929.0,1826.96,1939.9
LD00002697,2633.28,2140.36,2555.73
LD00002698,2784.45,2257.18,1746.31
LD00002699,2200.63,1777.97,1973.65
LD00002700,2028.51,1971.45,2211.38
LD00002701,2311.53,1588.58,2325.04
LD00002702,2986.01,2268.48,1610.95
LD00002703,2543.9,2268.57,2147.41
LD00002704,2362.12,1322.46,1853.14
LD00002705,2015.14,1490.57,1781.96
LD00002706,2645.99,2159.63,2641.23
LD00002707,2167.58,2015.62,1599.81
LD00002708,2385.4,2496.12,1488.1
LD00002709,2226.65,1931.17,2174.54
LD00002710,2529.0,1847.44,2182.81
LD00002711,2108.44,1297.85,2112.68
LD00002712,1668.82,1800.66,1804.57
LD00002713,1809.39,2153.0,2151.01
LD00002714,1939.45,1959.56,1439.14
LD00002715,2688.5,1416.66,2296.01
LD00002716,1990.0,1422.17,2569.97
LD00002717,1709.31,1796.29,1955.39
LD00002718,1527.12,1907.67,1778.78
LD00002719,2280.13,2201.22,1400.76
LD00002720,2812.4,2245.85,1861.83
LD00002721,2428.28,2157.96,1766.68
LD00002722,2330.0,1740.79,2611.69
LD00002723,2682.45,2389.76,1466.14
LD00002724,2580.31,2187.7,1964.62
LD00002725,2467.57,1222.47,2755.54
LD00002726,1645.64,1539.38,2191.47
LD00002727,2147.99,1940.33,2103.72
LD00002728,2480.44,1890.07,1626.79
LD00002729,1669.5,2175.16,1998.82
LD00002730,1846.39,2394.61,1824.22
LD00002731,2090.09,1556.54,1880.12
LD00002732,2727.75,1686.49,1821.24
LD00002733,2681.1,1363.86,1853.05
LD00002734,2808.36,1378.01,2705.41
LD00002735,2908.41,1435.04,2252.58
LD00002736,2897.81,2041.77,1812.85
LD00002737,2248.36,1824.52,1944.32
LD00002738,2058.55,1489.69,2011.9
LD00002739,2301.57,1606.3,2084.74
LD00002740,1999.53,1652.01,1542.28
LD00002741,1504.99,1523.88,1578.82
LD00002742,2893.94,2212.87,1731.56
LD00002743,2449.96,1802.31,1619.87
LD00002744,2426.23,1922.39,2397.31
LD00002745,1756.45,1959.79,1827.38
LD00002746,2569.2,1606.42,1968.51
LD00002747,2052.37,1309.24,1493.18
LD00002748,2044.91,1979.07,1761.66
LD00002749,2207.42,2194.09,2294.08
LD00002750,2157.54,1887.6,2440.69
LD00002751,2749.9,2297.34,1566.72
LD00002752,1799.16,1576.2,2661.82
LD00002753,1847.05,1863.71,1442.4
LD00002754,2131.93,2336.0,1496.11
LD00002755,2140.69,1248.66,2064.21
LD00002756,2028.94,1426.31,2160.63
LD00002757,2740.81,1765.23,1842.36
LD00002758,1683.34,2098.96,1972.03
LD00002759,2889.87,2147.62,2075.68
LD00002760,1652.29,1933.88,1550.33
LD00002761,1781.99,1562.98,1934.12
LD00002762,2164.04,1692.57,1627.62
LD00002763,2980.41,1491.83,2539.09
LD00002764,2832.99,2017.84,2002.02
LD00002765,2534.24,1345.82,2145.17
LD00002766,1841.81,1222.05,2668.29
LD00002767,1745.59,2115.55,2156.42
LD00002768,2856.9,1421.26,1812.73
LD00002769,2428.88,2420.91,2575.12
LD00002770,2374.26,1769.45,2185.46
LD00002771,2452.66,1942.32,2455.93
LD00002772,2763.88,1266.74,1600.84
LD00002773,2596.69,1991.96,2656.07
LD00002774,2730.0,1589.01,2156.63
LD00002775,2848.07,1800.76,2696.72
LD00002776,2873.86,1541.5,1860.22
LD00002777,2138.18,2188.71,1623.83
LD00002778,1624.5,2143.96,2293.47
LD00002779,2627.98,2303.6,1559.71
LD00002780,2414.63,2481.59,2568.01
LD00002781,2364.66,2353.76,1431.73
LD00002782,2750.09,1778.88,2207.93
LD00002783,2340.41,1752.79,1992.14
LD00002784,1634.15,2277.78,1838.31
LD00002785,2631.82,1804.08,2448.6
LD00002786,1792.74,2075.33,1427.97
LD00002787,2363.51,2223.44,1511.75
LD00002788,2779.25,2480.19,1830.32
LD00002789,1681.89,2140.56,1459.17
LD00002790,2739.53,2236.88,2597.82
LD00002791,1925.11,1279.3,1589.88
LD00002792,1809.88,1290.58,1880.55
LD00002793,1808.46,2184.78,1595.81
LD00002794,2535.31,1862.55,2239.42
LD00002795,2029.84,2238.02,1484.5
LD00002796,2316.83,2468.06,2767.2
LD00002797,2050.08,2442.31,2030.51
LD00002798,2791.16,2266.53,1735.17
LD00002799,2035.6,2226.81,1561.97
LD00002800,2089.33,2082.5,1459.62
LD00002801,2207.31,1436.22,1439.44
LD00002802,2995.15,2045.2,1973.8
LD00002803,1765.63,1306.87,2530.13
LD00002804,1614.82,2361.29,2272.83
LD00002805,2451.91,1466.16,2149.58
LD00002806,2114.39,1545.28,2765.44
LD00002807,2503.92,1910.92,1589.52
LD00002808,1714.06,1745.61,1991.11
LD00002809,1894.95,1536.91,1778.82
LD00002810,2387.97,2232.52,2697.19
LD00002811,2127.58,1722.77,2373.24
LD00002812,2354.5,1425.07,2151.21
LD00002813,2647.89,2332.52,2456.16
LD00002814,2746.74,2197.0,2152.69
LD00002815,1684.93,1545.65,1675.16
LD00002816,2683.25,2184.83,2574.8
LD00002817,1804.64,2431.24,2226.91
LD00002818,2260.89,1467.21,2057.85
LD00002819,2942.7,1489.18,1727.65
LD00002820,2174.26,2278.22,1532.01
LD00002821,2434.03,1346.53,2732.12
LD00002822,2953.99,1442.18,1578.8
LD00002823,2681.29,2460.85,2693.36
LD00002824,2793.53,1502.44,1518.99
LD00002825,2175.32,1374.14,1775.94
LD00002826,1584.9,2097.18,2365.25
LD00002827,1649.56,1479.62,1779.01
LD00002828,1589.25,1827.54,2262.58
LD00002829,1716.3,1560.16,2732.97
LD00002830,1726.54,1706.71,1758.06
LD00002831,1775.0,1685.15,2788.6
LD00002832,1778.28,1218.19,2565.33
LD00002833,1758.59,1329.58,2147.0
LD00002834,1788.63,1697.34,2004.27
LD00002835,1575.39,1215.6,2164.62
LD00002836,1584.14,2408.96,2490.65
LD00002837,2669.15,1507.38,2650.57
LD00002838,1605.12,1668.51,1972.98
LD00002839,1514.96,1804.3,2246.88
LD00002840,2242.4,1377.53,2737.44
LD00002841,2697.8,1481.04,2046.07
LD00002842,1757.5,1321.58,1685.87
LD00002843,2614.87,1814.4,1505.8
LD00002844,1778.46,1232.44,2553.08
LD00002845,2615.22,2230.05,2798.31
LD00002846,2320.74,2490.65,1495.76
LD00002847,1885.25,1518.34,1475.31
LD00002848,1939.7,2222.47,2663.35
LD00002849,1639.26,1716.5,1601.7
LD00002850,2632.99,1384.49,2425.6
LD00002851,2375.01,1596.62,2552.61
LD00002852,2063.74,1229.39,2344.16
LD00002853,1973.71,1492.04,1582.77
LD00002854,2404.02,1590.14,2180.07
LD00002855,2922.03,2275.31,1902.73
LD00002856,2073.4,1370.84,1548.82
LD00002857,2932.62,1898.13,2691.06
LD00002858,2310.74,1725.98,2460.43
LD00002859,1882.95,1922.8,2507.63
LD00002860,1690.35,1802.69,2798.78
LD00002861,1967.94,1536.46,2115.64
LD00002862,2965.08,1342.4,1445.54
LD00002863,1628.63,1591.01,1470.49
LD00002864,2089.56,2450.53,2275.46
LD00002865,2969.47,1562.18,1776.62
LD00002866,2916.82,1250.79,1620.81
LD00002867,1977.84,1761.2,1607.25
LD00002868,1598.88,1416.45,2440.87
LD00002869,2799.33,1667.06,1860.39
LD00002870,1591.44,1223.63,2126.6
LD00002871,2180.16,1971.87,2257.06
LD00002872,1681.98,1354.84,2517.65
LD00002873,2076.72,2178.86,2278.89
LD00002874,2528.27,1462.0,2039.44
LD00002875,2610.02,2003.11,1943.49
LD00002876,1950.3,2485.69,2731.34
LD00002877,2220.04,1535.42,1742.92
LD00002878,2526.45,1523.75,1566.24
LD00002879,2929.64,1307.23,1534.57
LD00002880,2493.23,1921.88,1917.13
LD00002881,2638.84,2451.71,1832.66
LD00002882,2707.38,2064.15,1495.78
LD00002883,1916.6,1734.45,2025.07
LD00002884,1925.08,2357.74,1782.67
LD00002885,1722.4,1269.77,1481.98
LD00002886,2715.17,2118.24,2154.7
LD00002887,2880.98,2048.4,2118.67
LD00002888,1723.94,2357.89,1597.03
LD00002889,2245.32,2095.48,2666.77
LD00002890,2455.76,1450.45,1836.2
LD00002891,1526.1,1583.06,1623.26
LD00002892,2327.49,1631.62,2168.53
LD00002893,2442.51,2222.19,2764.37
LD00002894,1930.3,2326.16,1956.62
LD00002895,2402.42,1484.78,1770.3
LD00002896,1627.88,1930.02,2131.32
LD00002897,1634.6,2342.67,2670.33
LD00002898,1602.97,1316.44,1441.11
LD00002899,1517.29,2156.06,2009.32
LD00002900,1968.08,2143.03,2758.9
LD00002901,2840.75,2472.01,1986.55
LD00002902,2074.23,2456.31,1549.9
LD00002903,1510.27,1848.99,2440.93
LD00002904,2237.73,1393.57,1728.83
LD00002905,2236.75,1732.78,1636.71
LD00002906,2739.08,2068.63,1656.58
LD00002907,2770.96,2114.67,1942.4
LD00002908,2929.06,2312.7,1786.49
LD00002909,2825.81,1731.4,2164.09
LD00002910,2209.96,2278.83,2327.35
LD00002911,2042.41,1247.45,2764.95
LD00002912,2250.9,1828.38,1821.87
LD00002913,1969.81,1553.44,1693.26
LD00002914,2818.06,2180.07,2166.76
LD00002915,2004.42,2028.36,2580.87
LD00002916,1745.44,1533.81,2499.92
LD00002917,2701.54,2035.66,1523.12
LD00002918,2661.17,1910.71,1512.43
LD00002919,1503.78,2069.3,1726.9
LD00002920,2250.66,2323.2,2528.81
LD00002921,2380.03,1745.71,1432.48
LD00002922,2799.26,1223.77,2585.44
LD00002923,1772.62,1409.3,2629.43
LD00002924,1623.39,2144.07,1745.99
LD00002925,1576.44,1994.69,2731.49
LD00002926,2245.01,1330.62,2421.97
LD00002927,1579.31,1275.99,1628.42
LD00002928,2392.01,1915.99,2229.12
LD00002929,1634.2,1558.83,2713.7
LD00002930,2719.94,1512.91,2450.3
LD00002931,2384.54,1806.63,2313.12
LD00002932,2826.94,2184.97,2637.75
LD00002933,2582.64,1535.88,2214.57
LD00002934,2732.21,1627.25,1910.52
LD00002935,1615.56,2445.67,1877.02
LD00002936,2559.25,1229.42,2691.67
LD00002937,2283.88,1204.5,1592.64
LD00002938,2572.59,1808.33,2723.69
LD00002939,2328.79,1865.58,2490.88
LD00002940,2840.64,2079.9,2630.76
LD00002941,1876.97,1837.53,1568.86
LD00002942,2756.25,1252.41,2629.63
LD00002943,1773.09,1572.83,1420.89
LD00002944,2676.57,1805.18,2758.39
LD00002945,2477.0,2069.87,1810.42
LD00002946,2814.51,2453.21,1627.18
LD00002947,2377.62,2226.14,1938.23
LD00002948,2770.37,1537.46,2332.93
LD00002949,2523.36,1663.46,2011.7
LD00002950,2367.1,2477.31,2704.13
LD00002951,1634.16,1271.39,1561.62
LD00002952,2082.59,1205.74,2698.84
LD00002953,1569.63,2423.32,2538.72
LD00002954,1923.1,1475.45,2447.28
LD00002955,2366.83,1575.13,2597.39
LD00002956,1535.38,1591.86,1549.99
LD00002957,2721.07,1611.31,1720.09
LD00002958,2867.39,1690.17,2407.57
LD00002959,2547.43,1725.56,2511.86
LD00002960,1849.01,1914.94,1530.86
LD00002961,2820.7,1558.98,2098.14
LD00002962,2258.35,2250.9,2502.13
LD00002963,2208.69,1917.35,1849.33
LD00002964,2319.01,1299.27,2028.66
LD00002965,1700.98,1969.96,2471.11
LD00002966,2012.05,1537.48,1926.93
LD00002967,1741.16,2154.66,1426.41
LD00002968,2637.57,2295.35,1917.74
LD00002969,2202.85,1247.68,1490.52
LD00002970,1805.36,2274.98,2049.38
LD00002971,2632.05,1824.89,2792.87
LD00002972,2496.87,1279.56,1536.78
LD00002973,2295.11,2209.21,2644.13
LD00002974,2254.88,1621.61,2042.63
LD00002975,1743.0,1424.59,1763.38
LD00002976,2971.9,2361.55,1660.31
LD00002977,2173.04,1757.19,1590.55
LD00002978,2524.79,1386.96,2723.83
LD00002979,2914.62,1470.72,2167.89
LD00002980,2537.44,1665.57,1575.53
LD00002981,2411.07,1728.37,2340.55
LD00002982,2386.98,1503.88,1480.55
LD00002983,1889.56,1650.91,1435.56
LD00002984,2211.4,1951.02,2439.09
LD00002985,2143.6,1534.58,1412.37
LD00002986,2117.24,1275.1,2063.17
LD00002987,2566.02,1647.54,1622.3
LD00002988,1861.86,2215.63,1763.54
LD00002989,1815.09,1723.17,2572.21
LD00002990,1770.39,2118.02,1645.62
LD00002991,1654.93,2190.05,2570.28
LD00002992,2138.89,1356.9,2088.55
LD00002993,2669.16,1404.9,2636.26
LD00002994,1902.31,1918.23,2207.97
LD00002995,1763.58,1334.63,1994.76
LD00002996,2376.77,2248.41,1662.05
LD00002997,2992.35,2479.13,2512.6
LD00002998,1776.58,1716.78,2093.64
LD00002999,2319.55,2328.86,2030.81
LD00003000,2709.34,1304.5,2693.39
LD00003001,2527.88,2423.77,1807.69
LD00003002,2119.9,1796.49,1755.33
LD00003003,2779.22,2321.93,2016.8
LD00003004,2149.85,1514.17,2177.29
LD00003005,2612.15,2183.1,1855.13
LD00003006,2423.67,1996.57,2781.3
LD00003007,2607.24,1492.33,2046.82
LD00003008,2311.38,1313.11,2652.73
LD00003009,2022.09,1262.09,2764.92
LD00003010,1688.16,1759.58,1987.69
LD00003011,2736.09,1789.7,1632.69
LD00003012,2965.85,1964.55,1770.68
LD00003013,1535.09,2139.62,2107.93
LD00003014,2724.1,1744.3,2093.23
LD00003015,1754.47,1909.33,2331.15
LD00003016,2392.53,1415.68,2480.31
LD00003017,2429.54,1563.34,2159.1
LD00003018,1760.03,1403.94,2739.97
LD00003019,1509.84,1418.1,1900.53
LD00003020,2858.8,2246.97,1881.67
LD00003021,2983.97,1568.78,2514.7
LD00003022,2782.97,1955.16,2538.42
LD00003023,2542.71,1470.6,1671.1
LD00003024,2812.72,1582.91,1744.81
LD00003025,1698.39,2255.4,1437.31
LD00003026,1683.67,2281.15,2504.12
LD00003027,1742.54,1953.72,2022.06
LD00003028,1969.59,2336.94,2241.6
LD00003029,1713.96,2457.08,1962.08
LD00003030,1963.49,1683.2,1624.07
LD00003031,2392.95,2327.05,2297.28
LD00003032,2012.85,2481.78,1536.9
LD00003033,2169.51,2113.89,1539.82
LD00003034,1692.16,1750.62,2731.11
LD00003035,2501.67,1861.3,2684.93
LD00003036,2845.95,1384.43,1435.57
LD00003037,2172.85,2196.39,1437.03
LD00003038,2489.77,2343.17,2663.34
LD00003039,1591.63,1416.08,1548.25
LD00003040,2790.09,1661.01,1844.91
LD00003041,1650.55,2031.8,1819.32
LD00003042,2227.67,1968.66,2292.8
LD00003043,2061.54,2163.62,2603.96
LD00003044,2562.29,1530.68,2517.05
LD00003045,2386.05,2156.74,2756.78
LD00003046,2238.96,1760.85,2287.67
LD00003047,2942.46,2344.82,2460.58
LD00003048,2031.44,1665.36,2264.52
LD00003049,2200.9,1905.77,1805.77
LD00003050,2825.13,1633.61,2104.84
LD00003051,2744.31,1903.93,2761.72
LD00003052,2565.9,1821.17,1966.34
LD00003053,2096.85,1362.93,2218.3
LD00003054,2885.97,2320.94,2292.71
LD00003055,1620.23,1961.28,1636.28
LD00003056,2804.36,1211.21,1548.81
LD00003057,1752.0,2347.8,1819.83
LD00003058,1783.05,2188.62,2633.14
LD00003059,2776.62,1420.39,1627.54
LD00003060,2354.6,1427.5,1416.02
LD00003061,2091.63,2280.92,2020.74
LD00003062,1500.37,2394.13,2648.6
LD00003063,2145.46,1440.65,2068.1
LD00003064,1528.14,1501.08,1504.82
LD00003065,1868.42,2191.92,2154.24
LD00003066,1946.82,1802.78,1521.58
LD00003067,2778.27,2103.28,1987.82
LD00003068,2192.11,2056.8,1848.52
LD00003069,2885.2,2172.87,2563.33
LD00003070,2805.46,1708.2,1705.74
LD00003071,1515.49,1944.18,1719.58
LD00003072,2135.49,1778.1,1995.86
LD00003073,1808.38,2327.55,1677.52
LD00003074,2464.37,2230.33,1762.57
LD00003075,1949.51,2420.3,2401.58
LD00003076,2849.89,1574.02,2681.55
LD00003077,2195.88,2056.04,1943.71
LD00003078,2841.44,2177.67,1990.79
LD00003079,2406.61,1434.08,2764.55
LD00003080,2713.28,1815.4,2601.69
LD00003081,1529.66,1312.51,2584.72
LD00003082,1758.65,2106.53,1457.65
LD00003083,2167.94,1546.59,1774.25
LD00003084,1828.54,1648.96,2493.27
LD00003085,2358.9,1783.23,2465.2
LD00003086,2811.22,2204.52,1917.61
LD00003087,2127.03,1938.17,1793.22
LD00003088,2273.58,2154.12,1772.71
LD00003089,2393.43,1495.28,2624.16
LD00003090,2612.88,1548.29,1527.92
LD00003091,1981.93,1966.96,1422.4
LD00003092,2215.43,1300.95,2340.75
LD00003093,2769.64,2025.62,2431.85
LD00003094,2257.78,2378.49,1766.69
LD00003095,2094.27,1687.73,2159.13
LD00003096,2817.71,1533.33,1979.73
LD00003097,2632.53,1725.37,2694.46
LD00003098,2488.68,2346.95,1521.98
LD00003099,2907.57,1393.9,2065.53
LD00003100,1516.64,1872.13,1868.33
LD00003101,1530.65,2469.18,1908.68
LD00003102,2006.19,1247.46,2388.24
LD00003103,2388.21,1519.34,1437.87
LD00003104,2498.81,1228.93,1966.37
LD00003105,1774.55,1438.43,1974.44
LD00003106,2664.15,1998.6,2479.54
LD00003107,1993.65,1853.1,1861.29
LD00003108,2206.09,1466.82,1980.59
LD00003109,2544.56,2101.68,2615.84
LD00003110,1536.11,2296.99,2518.35
LD00003111,2765.76,2027.84,2199.4
LD00003112,1588.02,2042.29,2185.45
LD00003113,2317.6,1721.91,2412.6
LD00003114,1808.9,2290.62,2467.55
LD00003115,2211.85,2426.56,2212.3
LD00003116,2509.36,1936.65,2151.11
LD00003117,2342.78,1744.28,1852.0
LD00003118,2195.48,1794.8,2680.19
LD00003119,2733.54,1600.35,1767.38
LD00003120,1736.6,1468.12,2373.64
LD00003121,2958.71,1313.23,2479.52
LD00003122,1669.43,1666.43,2191.81
LD00003123,2990.83,1978.46,1488.91
LD00003124,1784.78,1678.22,2794.73
LD00003125,1848.0,2386.2,2439.5
LD00003126,2717.58,2106.59,2495.93
LD00003127,2198.86,1900.41,1980.0
LD00003128,2451.03,2440.0,1779.51
LD00003129,2015.61,2038.76,2211.86
LD00003130,2069.42,2306.19,2635.48
LD00003131,2851.88,2050.26,1530.42
LD00003132,2662.07,1348.77,1476.16
LD00003133,2446.22,1255.29,2631.77
LD00003134,2276.37,2367.73,2745.32
LD00003135,2103.17,1887.3,2240.89
LD00003136,2476.92,2201.51,2566.09
LD00003137,2628.4,1239.25,2590.92
LD00003138,2927.11,1439.01,2305.58
LD00003139,1612.89,1901.79,1992.18
LD00003140,2578.85,2349.93,1938.83
LD00003141,2109.22,1372.16,2180.46
LD00003142,1860.16,1356.06,1479.55
LD00003143,1791.93,2371.76,1770.39
LD00003144,2704.6,1695.93,2311.35
LD00003145,2997.48,2084.61,2625.06
LD00003146,1516.43,2170.29,2534.71
LD00003147,1743.46,2339.98,1700.93
LD00003148,2908.18,1403.07,1711.96
LD00003149,1773.96,2382.31,2197.83
LD00003150,1874.89,1689.74,2465.46
LD00003151,1863.42,1613.72,2582.25
LD00003152,2027.9,1489.0,2469.74
LD00003153,2549.87,2259.7,2505.68
LD00003154,2956.35,2335.82,2557.9
LD00003155,1678.28,2336.56,2197.94
LD00003156,1914.67,2125.99,1975.56
LD00003157,2141.83,1695.51,2529.52
LD00003158,1925.56,1295.8,1921.97
LD00003159,2951.69,2311.92,2333.21
LD00003160,2926.97,1441.79,2134.21
LD00003161,2345.51,1367.45,1937.36
LD00003162,2922.94,1939.95,1971.45
LD00003163,2415.41,1967.01,2645.56
LD00003164,2381.98,2158.41,2507.58
LD00003165,1823.0,2176.94,2428.73
LD00003166,2565.17,1786.22,1662.21
LD00003167,1951.66,1521.18,2135.27
LD00003168,2842.82,2257.03,1533.9
LD00003169,2964.07,1979.34,1616.66
LD00003170,1544.0,2365.85,1805.43
LD00003171,2894.92,1390.83,2263.72
LD00003172,2611.79,2059.74,2594.07
LD00003173,1826.59,1353.67,1685.78
LD00003174,1982.1,2371.47,2581.06
LD00003175,2387.16,1902.19,2302.2
LD00003176,1945.68,2164.97,2333.98
LD00003177,2862.89,1628.36,2757.47
LD00003178,2277.89,1503.59,2564.31
LD00003179,2989.99,1756.54,2719.37
LD00003180,2338.05,2006.57,1575.14
LD00003181,2473.55,2314.5,1963.22
LD00003182,2210.79,1673.84,2279.13
LD00003183,2113.56,2417.38,2002.86
LD00003184,2636.54,2047.13,2425.56
LD00003185,1964.43,2234.02,1830.3
LD00003186,1976.98,2453.67,2319.31
LD00003187,2775.63,1326.01,1472.56
LD00003188,2463.55,1295.26,2786.81
LD00003189,2128.57,2184.84,2466.51
LD00003190,2542.51,2283.32,2441.9
LD00003191,2386.18,1870.33,1670.73
LD00003192,1947.4,1439.0,1811.49
LD00003193,1929.92,1991.61,2491.62
LD00003194,2165.9,2446.4,1982.38
LD00003195,2979.67,2399.91,2638.8
LD00003196,1982.03,2210.61,2251.62
LD00003197,2966.19,2094.48,2594.66
LD00003198,2542.61,2449.32,1633.04
LD00003199,1617.69,1657.18,1669.62
LD00003200,2337.52,1660.22,1402.04
LD00003201,2593.38,2250.09,1849.35
LD00003202,1906.87,2241.0,1949.36
LD00003203,2882.74,1260.96,2088.66
LD00003204,1927.58,1964.18,2649.17
LD00003205,1978.4,1605.29,2155.41
LD00003206,1767.32,2245.55,1433.79
LD00003207,2090.48,1408.41,2715.68
LD00003208,2270.61,2389.94,2161.58
LD00003209,2442.51,2101.39,1429.46
LD00003210,1727.33,1618.2,2251.31
LD00003211,1923.73,1768.53,2240.44
LD00003212,2013.82,1742.78,1680.12
LD00003213,1949.97,2305.01,2104.39
LD00003214,2231.07,1857.27,2750.94
LD00003215,2394.87,1253.33,2351.3
LD00003216,2311.28,2139.75,2369.86
LD00003217,1637.81,2084.97,2674.66
LD00003218,1650.39,1635.87,1785.95
LD00003219,2014.37,2240.45,1737.36
LD00003220,2391.0,1724.26,1813.38
LD00003221,1720.11,1607.6,2240.87
LD00003222,2214.07,2437.56,1908.7
LD00003223,2589.61,2446.15,1479.39
LD00003224,2877.8,2364.02,1511.9
LD00003225,2085.6,1295.46,2264.62
LD00003226,2364.87,1747.59,2509.74
LD00003227,1698.41,1729.68,1747.48
LD00003228,2884.27,1672.29,2766.71
LD00003229,1610.51,1895.01,1423.02
LD00003230,1508.91,2378.9,2123.71
LD00003231,2090.06,1253.99,1954.13
LD00003232,1566.03,2150.21,2641.94
LD00003233,1898.97,1210.42,2163.03
LD00003234,2379.96,1970.07,2783.81
LD00003235,2458.64,1386.11,1589.36
LD00003236,1737.12,1460.04,2719.86
LD00003237,2544.17,1676.67,2600.46
LD00003238,2953.76,1254.16,2272.59
LD00003239,1699.57,2457.11,1888.34
LD00003240,2492.38,1535.13,1782.7
LD00003241,1565.77,1571.58,2179.57
LD00003242,2888.59,1492.67,1526.79
LD00003243,2577.55,1973.82,1887.01
LD00003244,1925.09,2290.66,1796.19
LD00003245,1735.35,1418.24,2511.88
LD00003246,2239.99,1843.55,1840.86
LD00003247,1852.1,2255.1,1543.57
LD00003248,2312.64,1239.63,1414.68
LD00003249,2636.65,2372.34,1968.55
LD00003250,2699.67,1281.75,2105.56
LD00003251,2932.34,2085.16,1494.99
LD00003252,2134.74,2251.65,1842.45
LD00003253,2358.12,1685.45,1650.94
LD00003254,1867.94,1624.32,2019.27
LD00003255,2952.94,2151.5,1911.51
LD00003256,2541.59,2483.77,2054.55
LD00003257,1684.66,2413.65,1511.93
LD00003258,2152.09,2166.67,1820.48
LD00003259,2144.53,1704.85,1572.28
LD00003260,2570.22,1843.36,2278.08
LD00003261,2320.41,1208.99,2361.33
LD00003262,2990.73,2102.28,2586.59
LD00003263,2313.09,1517.67,1408.37
LD00003264,1745.91,1984.51,2005.48
LD00003265,2775.46,1386.75,2389.06
LD00003266,2679.2,1373.24,2191.73
LD00003267,1888.61,1441.86,2184.94
LD00003268,2644.63,2260.12,2708.68
LD00003269,1887.43,1771.08,2685.82
LD00003270,1835.75,1895.39,1873.41
LD00003271,1857.45,1437.07,2205.32
LD00003272,1597.89,2001.9,1719.13
LD00003273,1940.0,1476.14,1815.69
LD00003274,2834.19,1211.82,2341.73
LD00003275,1992.38,1549.35,1878.94
LD00003276,1985.41,1938.91,2253.09
LD00003277,1686.48,1204.91,2565.27
LD00003278,1820.17,1401.14,2482.84
LD00003279,2870.42,1840.59,2054.42
LD00003280,2121.25,2143.77,2379.78
LD00003281,2892.87,2149.15,1439.59
LD00003282,1811.0,1669.96,1733.26
LD00003283,2421.54,1420.31,2104.79
LD00003284,1627.22,2271.32,2296.44
LD00003285,2591.89,1371.96,2094.48
LD00003286,2209.86,2186.19,2108.88
LD00003287,1706.58,1939.93,1403.39
LD00003288,2764.15,1518.64,1966.77
LD00003289,2451.44,2232.02,2721.37
LD00003290,2593.39,1567.54,2026.94
LD00003291,2468.53,1471.53,2131.81
LD00003292,2622.84,2290.24,2391.29
LD00003293,1886.53,2388.06,2108.52
LD00003294,2720.8,1218.47,1794.93
LD00003295,1714.38,1742.03,2621.35
LD00003296,1697.68,1489.16,2226.67
LD00003297,1651.27,2134.18,2220.01
LD00003298,2490.8,2383.3,1861.36
LD00003299,1841.97,1221.17,2379.72
LD00003300,2155.41,2108.72,2686.89
LD00003301,2724.93,2463.82,2384.48
LD00003302,1758.94,2356.35,2291.76
LD00003303,2619.78,2104.91,1489.9
LD00003304,2863.49,1367.4,2030.35
LD00003305,1586.71,2054.44,2761.54
LD00003306,2283.23,1699.75,1507.85
LD00003307,2363.3,1681.1,1828.33
LD00003308,2087.12,2178.95,1854.39
LD00003309,2435.3,1937.58,2515.49
LD00003310,2956.6,2313.21,2601.31
LD00003311,2092.46,1355.13,2575.17
LD00003312,2125.77,1699.45,1585.37
LD00003313,2034.49,1614.25,2029.47
LD00003314,1995.82,2065.16,2131.83
LD00003315,2627.41,1666.02,2090.95
LD00003316,2205.39,1556.98,1409.59
LD00003317,2006.37,2222.97,1980.89
LD00003318,2524.94,1664.64,1980.61
LD00003319,1659.77,1427.66,1759.36
LD00003320,2654.76,1965.35,2061.23
LD00003321,2702.51,2283.14,1682.23
LD00003322,1525.48,2208.19,2571.1
LD00003323,2595.28,1788.43,2741.66
LD00003324,2822.85,1587.79,2711.25
LD00003325,1591.14,1258.79,2371.16
LD00003326,1545.6,1991.33,2621.71
LD00003327,1903.67,1951.9,2217.43
LD00003328,2735.51,1818.32,2078.71
LD00003329,1702.39,1554.56,2786.05
LD00003330,1814.62,1706.01,1778.42
LD00003331,2871.56,1803.25,1895.51
LD00003332,1948.73,1862.27,2777.14
LD00003333,2460.33,2439.34,2202.25
LD00003334,2376.72,2016.32,2167.91
LD00003335,1501.63,2132.4,1751.36
LD00003336,2702.15,2460.28,1895.28
LD00003337,1998.19,1564.48,2578.14
LD00003338,2766.58,1399.63,1718.3
LD00003339,2497.48,1812.51,2145.63
LD00003340,2933.5,1347.78,1832.27
LD00003341,2990.14,2092.76,2410.29
LD00003342,2758.65,1616.0,2297.94
LD00003343,1659.03,1746.37,1742.57
LD00003344,2956.61,1758.17,2431.56
LD00003345,2574.65,2183.77,1632.04
LD00003346,2892.14,1472.72,2589.03
LD00003347,2075.92,1436.33,2226.5
LD00003348,2057.3,2476.24,2141.48
LD00003349,2311.32,1394.46,2490.52
LD00003350,2344.69,1738.62,2168.26
LD00003351,2891.78,1506.24,2044.24
LD00003352,1678.57,2012.08,2724.18
LD00003353,1842.0,2083.1,2202.49
LD00003354,1974.54,1554.55,2519.23
LD00003355,1583.44,2355.14,1792.8
LD00003356,2554.9,1291.78,2507.49
LD00003357,1970.81,1971.35,1508.35
LD00003358,2764.49,2173.63,2047.88
LD00003359,1980.61,1983.29,2180.96
LD00003360,1751.47,2274.81,1694.14
LD00003361,2116.54,1882.66,2605.74
LD00003362,2097.89,1396.22,2231.15
LD00003363,1671.77,2021.08,2335.06
LD00003364,2607.34,1911.34,2530.19
LD00003365,2771.0,2219.38,1537.61
LD00003366,2473.28,1834.99,2681.57
LD00003367,2809.61,1261.2,2220.59
LD00003368,2384.22,1387.17,2174.59
LD00003369,2857.93,1864.8,2701.58
LD00003370,2411.21,1790.36,1464.71
LD00003371,2131.08,1626.27,2115.45
LD00003372,2994.82,1448.31,1896.04
LD00003373,2163.39,2161.66,2472.32
LD00003374,1650.23,1628.05,2284.98
LD00003375,2514.18,1242.55,1577.77
LD00003376,2426.8,2078.15,2434.81
LD00003377,1895.11,1604.53,2774.6
LD00003378,2957.79,1604.77,1832.0
LD00003379,2628.81,2417.07,2768.89
LD00003380,1797.68,1896.48,2021.56
LD00003381,2728.7,2209.38,2242.44
LD00003382,2817.51,1785.43,2024.97
LD00003383,2458.21,1593.32,2489.17
LD00003384,2268.57,1542.43,2766.86
LD00003385,2872.47,2486.58,2547.16
LD00003386,2930.67,2258.72,1492.95
LD00003387,2219.65,2185.9,2108.44
LD00003388,2373.44,1847.69,2034.21
LD00003389,2493.82,1503.58,2112.66
LD00003390,2566.01,1377.72,2561.81
LD00003391,2882.65,2060.46,2299.55
LD00003392,1762.58,1317.61,2596.35
LD00003393,2324.99,2014.88,1756.01
LD00003394,2695.65,1231.16,2053.19
LD00003395,2692.06,2300.53,2392.63
LD00003396,2018.07,2021.85,1899.43
LD00003397,2882.37,1833.17,2437.01
LD00003398,1595.46,1203.82,1418.38
LD00003399,2270.43,1322.26,2190.36
LD00003400,2836.86,1328.55,2502.83
LD00003401,2079.91,2356.17,2387.33
LD00003402,2540.99,2254.12,1802.92
LD00003403,2304.02,1575.2,2291.69
LD00003404,2717.86,1752.18,2593.84
LD00003405,2362.71,2039.55,1938.26
LD00003406,2336.75,1445.19,1927.96
LD00003407,2984.92,1738.02,2733.57
LD00003408,2619.91,2389.85,1789.04
LD00003409,2690.15,2289.77,1587.1
LD00003410,2420.58,1907.48,1501.32
LD00003411,2957.92,1919.84,2647.54
LD00003412,1640.68,2323.52,2259.98
LD00003413,1914.12,1724.69,1784.09
LD00003414,1816.93,2209.92,1890.65
LD00003415,2861.95,1764.57,1830.04
LD00003416,1665.07,1698.85,2085.46
LD00003417,1599.73,1959.92,2450.61
LD00003418,2840.44,2023.82,1898.42
LD00003419,2228.95,1770.27,2591.13
LD00003420,2411.78,1234.22,2698.21
LD00003421,1503.72,1432.57,2522.21
LD00003422,2747.62,2216.33,1779.52
LD00003423,2812.51,1719.13,1596.95
LD00003424,2358.99,1590.9,2457.04
LD00003425,2887.73,1558.79,2423.7
LD00003426,2529.96,1580.13,2561.24
LD00003427,1671.69,2105.69,2223.7
LD00003428,2384.47,1611.86,1488.94
LD00003429,1934.27,1958.11,1799.58
LD00003430,2137.39,1867.98,1472.47
LD00003431,1589.66,2140.01,2150.28
LD00003432,1809.2,1309.6,1528.94
LD00003433,2149.7,1895.32,1639.16
LD00003434,2697.65,1300.9,2038.55
LD00003435,2446.29,1616.11,1821.67
LD00003436,2109.82,1912.29,2572.99
LD00003437,1866.59,2251.23,1500.94
LD00003438,1518.36,1243.21,1658.56
LD00003439,2811.42,2469.85,2367.94
LD00003440,2512.92,2390.17,1593.35
LD00003441,1643.76,2224.74,1438.23
LD00003442,1654.65,1298.0,1847.66
LD00003443,1528.64,2478.04,1962.51
LD00003444,1693.09,2308.74,1789.03
LD00003445,2803.59,1963.24,1657.86
LD00003446,2066.67,2051.52,1533.85
LD00003447,2775.5,1348.03,1690.83
LD00003448,1835.44,1331.34,1718.95
LD00003449,2275.53,2441.96,1563.44
LD00003450,2599.41,1530.41,2565.37
LD00003451,1999.88,1481.55,1659.94
LD00003452,2414.12,1756.66,1406.97
LD00003453,2144.1,1547.91,2443.59
LD00003454,1871.28,2175.46,2291.32
LD00003455,1915.09,1944.7,2291.77
LD00003456,2745.57,1663.07,2568.77
LD00003457,2995.92,2476.39,1966.0
LD00003458,1901.27,2193.24,1946.12
LD00003459,2808.51,1864.17,2267.42
LD00003460,1657.84,1814.55,2789.67
LD00003461,2773.49,2107.36,1622.96
LD00003462,2151.45,1613.11,1726.66
LD00003463,1690.92,2023.93,2472.22
LD00003464,1731.14,1463.31,2675.1
LD00003465,2885.67,1395.95,1544.56
LD00003466,2461.43,2322.43,2376.98
LD00003467,1985.97,1476.25,2323.09
LD00003468,2250.32,1757.92,2336.26
LD00003469,2089.94,1899.92,1814.45
LD00003470,2423.87,2177.67,2462.48
LD00003471,2122.92,1660.83,1714.44
LD00003472,2090.48,2216.09,2318.09
LD00003473,1543.84,1230.06,2528.96
LD00003474,1588.4,2098.47,2485.02
LD00003475,1910.8,1997.61,2540.33
LD00003476,2333.9,1381.92,2424.68
LD00003477,1697.72,1359.23,1799.66
LD00003478,2674.5,1774.63,1657.52
LD00003479,2623.0,2488.94,2285.97
LD00003480,2016.71,1727.1,2684.03
LD00003481,2190.01,2172.47,2219.11
LD00003482,1517.02,1714.04,2201.72
LD00003483,2990.21,1342.79,2298.84
LD00003484,2350.74,1314.96,1974.0
LD00003485,2522.89,1915.92,1705.83
LD00003486,1549.29,2442.71,1550.41
LD00003487,1670.38,2208.89,1745.66
LD00003488,2642.13,1305.69,1716.99
LD00003489,2214.36,2065.65,2566.52
LD00003490,2300.22,1330.51,1463.83
LD00003491,1632.92,1280.7,1499.62
LD00003492,1556.55,2492.17,2672.19
LD00003493,1515.63,1567.8,2316.23
LD00003494,2657.49,1261.83,1836.17
LD00003495,2294.46,2280.03,1984.12
LD00003496,2873.97,2499.03,2447.19
LD00003497,1869.67,1387.69,2736.68
LD00003498,2252.92,2165.53,1860.78
LD00003499,2994.62,1472.39,1676.47
LD00003500,2348.21,2072.69,2079.93
LD00003501,2881.17,1696.8,1511.77
LD00003502,2782.82,2348.89,2507.0
LD00003503,2674.04,1327.09,2354.58
LD00003504,1955.18,1803.11,2614.4
LD00003505,1933.99,1355.0,2576.54
LD00003506,1975.67,2381.23,2707.44
LD00003507,2954.63,1819.37,2114.11
LD00003508,2790.28,1443.78,1500.45
LD00003509,2876.96,1849.11,2260.53
LD00003510,1683.17,1950.87,1800.78
LD00003511,1678.46,1569.15,1467.04
LD00003512,2880.12,1483.13,1471.96
LD00003513,2948.72,1441.21,1493.0
LD00003514,2005.7,2497.84,1645.7
LD00003515,2840.13,1202.62,2286.2
LD00003516,2901.36,1806.51,2159.92
LD00003517,2280.89,2389.37,1902.44
LD00003518,2260.03,2476.57,2237.04
LD00003519,1658.95,2487.53,2381.06
LD00003520,2021.8,2062.43,1962.65
LD00003521,2829.77,2307.26,1657.92
LD00003522,2183.53,1706.63,1586.58
LD00003523,2050.44,1536.69,2623.55
LD00003524,1624.5,2316.73,2315.47
LD00003525,1507.64,2263.94,2112.94
LD00003526,1560.79,2110.56,2023.11
LD00003527,1505.15,2029.62,2537.82
LD00003528,2508.47,2484.76,2525.89
LD00003529,2304.45,1210.02,1970.7
LD00003530,1682.57,2331.24,2323.44
LD00003531,2328.32,1435.28,2178.49
LD00003532,2206.56,2326.23,2136.41
LD00003533,1547.92,1554.8,1454.62
LD00003534,2178.56,2243.29,1719.44
LD00003535,2904.02,1651.14,1441.58
LD00003536,1978.03,2213.7,2020.19
LD00003537,2885.3,1209.95,2701.27
LD00003538,2934.75,1923.48,1457.31
LD00003539,1543.82,2404.62,1424.07
LD00003540,1653.49,1574.01,2613.41
LD00003541,1615.8,1632.79,2462.68
LD00003542,2894.75,1541.43,2057.34
LD00003543,2599.15,2017.45,2170.84
LD00003544,1533.86,1488.62,1882.09
LD00003545,2510.53,1495.55,2181.64
LD00003546,1646.02,2271.08,2268.79
LD00003547,2896.74,2375.02,2550.83
LD00003548,1978.4,1631.51,1852.43
LD00003549,2388.53,1597.88,2475.42
LD00003550,2363.87,2157.54,2567.76
LD00003551,2534.21,1667.07,1614.52
LD00003552,1522.16,1286.68,1467.86
LD00003553,1860.89,1788.05,1782.72
LD00003554,2098.61,1387.07,1980.12
LD00003555,1948.26,2368.59,1482.02
LD00003556,2268.04,1452.79,2412.04
LD00003557,2460.22,2303.54,1814.07
LD00003558,2789.52,1434.46,2523.79
LD00003559,2512.97,1512.5,1597.17
LD00003560,1952.22,1206.2,1444.67
LD00003561,1961.72,2136.19,1878.81
LD00003562,1991.44,1639.45,2041.95
LD00003563,2076.26,2284.33,2188.34
LD00003564,1916.33,1679.6,1486.01
LD00003565,2485.74,2006.76,1873.11
LD00003566,1771.92,1488.91,1515.59
LD00003567,2288.04,1494.27,1791.35
LD00003568,2088.46,2376.27,2366.22
LD00003569,1736.9,1830.98,2731.79
LD00003570,1539.66,1313.12,2049.62
LD00003571,2038.77,1512.96,1646.53
LD00003572,2212.26,2487.67,1406.94
LD00003573,2627.29,2462.53,1569.55
LD00003574,2250.17,1592.69,2492.33
LD00003575,1777.42,1258.61,1533.31
LD00003576,2364.68,2035.88,1696.3
LD00003577,2406.29,1310.18,1486.51
LD00003578,1775.71,1956.3,1878.23
LD00003579,1776.31,1642.67,2401.76
LD00003580,1595.99,2161.95,1895.46
LD00003581,2590.64,1953.18,2270.31
LD00003582,1928.48,2213.53,2417.74
LD00003583,1624.27,1700.59,2278.53
LD00003584,1927.3,1689.9,2017.53
LD00003585,1519.27,2162.12,2260.91
LD00003586,2516.52,2109.09,1546.17
LD00003587,2961.05,1756.28,1989.01
LD00003588,2016.9,2056.48,2307.34
LD00003589,1687.53,2218.88,1624.17
LD00003590,2215.19,1271.43,2327.05
LD00003591,1733.82,1519.68,2345.24
LD00003592,1536.06,2017.96,2068.95
LD00003593,1869.11,1396.52,2357.54
LD00003594,2378.66,1293.1,1593.28
LD00003595,2470.68,1677.92,1708.94
LD00003596,1929.1,1397.89,1836.2
LD00003597,2908.44,1518.29,2562.25
LD00003598,2810.55,2113.95,1502.41
LD00003599,2016.87,2056.32,2103.09
LD00003600,1690.21,1822.37,2750.22
LD00003601,2236.33,1919.87,2522.03
LD00003602,2355.19,2347.1,1877.16
LD00003603,1561.87,1327.87,1784.71
LD00003604,2705.74,1412.77,1999.16
LD00003605,2167.67,2230.92,1708.46
LD00003606,2231.78,2491.45,1842.29
LD00003607,2233.51,2284.75,2341.7
LD00003608,2966.14,1538.23,2017.8
LD00003609,1739.61,1562.29,2523.04
LD00003610,2745.69,1228.18,1969.51
LD00003611,2937.86,1952.17,2758.97
LD00003612,2300.75,1633.94,1553.8
LD00003613,2799.55,2195.69,2450.97
LD00003614,1768.98,2428.06,2435.57
LD00003615,2376.46,1480.16,2358.74
LD00003616,1696.49,1343.32,2011.92
LD00003617,2851.55,1441.86,2502.39
LD00003618,2325.16,2314.14,2708.89
LD00003619,1930.31,1648.36,2089.85
LD00003620,2060.37,2323.22,1807.83
LD00003621,1536.34,1499.23,2255.35
LD00003622,2179.18,2084.82,2725.57
LD00003623,2167.06,2150.48,1618.48
LD00003624,1974.98,2133.1,1952.59
LD00003625,1517.63,1456.27,2282.2
LD00003626,1800.69,1346.67,2783.82
LD00003627,2732.56,2293.32,2647.88
LD00003628,2255.07,1548.95,1942.78
LD00003629,1806.89,2178.56,1992.0
LD00003630,1534.41,2226.98,1632.94
LD00003631,2248.15,2162.09,1520.11
LD00003632,2777.73,2032.15,1754.47
LD00003633,1536.04,2480.98,2684.12
LD00003634,1670.59,1444.14,1766.17
LD00003635,2061.3,2272.33,2756.77
LD00003636,1662.42,1631.34,1948.11
LD00003637,2311.34,1263.42,2732.32
LD00003638,1928.76,2029.47,1485.75
LD00003639,1595.81,1727.37,2651.07
LD00003640,2750.46,1448.21,2288.03
LD00003641,2215.97,1795.51,1893.17
LD00003642,2436.7,1215.63,2691.04
LD00003643,1922.75,1342.99,2577.11
LD00003644,1554.14,2450.69,2251.48
LD00003645,2107.2,1988.2,2371.48
LD00003646,2225.6,1333.68,1530.77
LD00003647,2136.44,2238.48,2768.87
LD00003648,2739.9,1700.99,1898.75
LD00003649,2495.99,1407.78,1491.94
LD00003650,2797.26,1632.69,2770.66
LD00003651,1883.38,2036.71,1493.76
LD00003652,2159.6,1394.94,1917.46
LD00003653,2367.75,1971.25,2465.52
LD00003654,2081.84,2057.3,1531.97
LD00003655,2002.73,1256.31,2353.85
LD00003656,2141.64,1830.34,2616.61
LD00003657,1727.44,1870.07,1686.31
LD00003658,2218.48,1699.52,2229.54
LD00003659,1882.57,1290.52,1919.37
LD00003660,1746.91,1363.52,2125.0
LD00003661,2952.42,1205.74,2162.12
LD00003662,2302.76,1933.59,2060.66
LD00003663,2648.29,1490.89,2611.04
LD00003664,2690.04,1809.89,2687.8
LD00003665,2818.23,1851.64,1596.29
LD00003666,2478.71,2398.0,1677.79
LD00003667,1512.93,2379.62,1605.0
LD00003668,1711.22,1583.76,1806.37
LD00003669,2023.2,2056.24,2588.27
LD00003670,2978.18,1322.12,2266.66
LD00003671,2902.01,2081.21,2215.59
LD00003672,2047.15,1992.89,1889.81
LD00003673,2110.08,1252.9,2253.16
LD00003674,1792.16,2212.67,1422.51
LD00003675,1728.51,2417.02,2575.48
LD00003676,2523.23,1673.89,2492.46
LD00003677,1690.78,1314.72,1506.31
LD00003678,2187.98,1670.4,1798.32
LD00003679,1575.1,1348.22,2089.98
LD00003680,1623.92,2428.09,1452.0
LD00003681,1603.86,2121.49,2673.34
LD00003682,2255.88,1374.92,1888.11
LD00003683,2504.14,2298.1,2673.63
LD00003684,1830.99,1575.73,2100.55
LD00003685,2841.65,1980.16,1550.92
LD00003686,2355.2,2263.66,1938.17
LD00003687,2977.43,1703.54,1797.08
LD00003688,1534.42,1469.97,2719.38
LD00003689,2725.93,1729.97,1910.81
LD00003690,1965.57,1900.34,1769.42
LD00003691,2504.72,1577.13,1455.16
LD00003692,1531.19,1708.46,1469.48
LD00003693,2684.87,1615.52,2224.92
LD00003694,1812.71,1386.21,2628.38
LD00003695,2594.45,2342.84,2374.5
LD00003696,2847.9,2298.52,2673.41
LD00003697,2717.74,1316.23,1481.5
LD00003698,2289.49,1973.75,1728.71
LD00003699,2590.68,2252.4,1833.61
LD00003700,1760.24,2036.81,2727.7
LD00003701,1596.7,1906.88,2720.66
LD00003702,2432.46,1499.15,2692.85
LD00003703,2125.74,1315.08,2478.44
LD00003704,2267.77,2254.01,1596.46
LD00003705,2279.87,1653.43,2777.8
LD00003706,2669.71,2362.37,2773.95
LD00003707,2807.72,2384.77,1708.4
LD00003708,2969.22,2085.14,2725.63
LD00003709,1512.55,1996.73,2096.07
LD00003710,2428.1,1577.28,1595.31
LD00003711,2620.49,1381.91,1991.07
LD00003712,2600.17,1662.77,1440.29
LD00003713,2718.44,1755.28,2366.11
LD00003714,2218.07,2330.65,1575.37
LD00003715,2113.75,1507.04,2162.65
LD00003716,1536.86,2147.32,1955.12
LD00003717,2189.84,1721.97,2228.97
LD00003718,2152.47,1869.14,2367.58
LD00003719,2171.32,1716.21,2729.44
LD00003720,1780.89,2391.81,2243.12
LD00003721,2195.7,1955.01,1738.57
LD00003722,1703.37,1643.82,2067.27
LD00003723,1984.07,1984.24,2094.41
LD00003724,2868.2,1680.16,2438.87
LD00003725,2886.42,2393.99,2717.67
LD00003726,1664.04,2431.39,1942.54
LD00003727,2357.49,2439.42,1594.71
LD00003728,2026.38,1320.66,2146.03
LD00003729,2762.27,1600.88,1999.94
LD00003730,2660.8,1205.67,2244.86
LD00003731,2284.28,1781.37,2569.38
LD00003732,2988.63,2014.4,2299.58
LD00003733,1527.03,1332.18,2628.06
LD00003734,1595.71,1859.33,2569.86
LD00003735,1756.37,2180.51,1432.14
LD00003736,1723.85,1435.51,1717.89
LD00003737,2731.26,2024.18,1421.95
LD00003738,2673.69,1848.02,1673.79
LD00003739,2857.05,2046.57,1992.86
LD00003740,2045.22,1810.45,2509.65
LD00003741,2545.93,1624.62,2637.78
LD00003742,1957.61,2429.85,2745.44
LD00003743,1883.57,2136.47,2159.85
LD00003744,2468.91,1529.1,1921.75
LD00003745,1921.03,2051.91,2654.85
LD00003746,2030.9,2336.2,1678.08
LD00003747,2679.82,1930.03,2598.61
LD00003748,2444.97,2311.08,2564.97
LD00003749,2744.81,1872.86,1736.47
LD00003750,2209.14,1881.88,1406.41
LD00003751,1865.55,2205.08,2310.62
LD00003752,2485.33,2043.48,1821.07
LD00003753,2995.23,2097.66,2613.13
LD00003754,2644.74,2227.58,1846.78
LD00003755,2393.82,1891.62,1961.25
LD00003756,1576.7,1456.2,1641.1
LD00003757,2350.72,2106.03,2025.57
LD00003758,2766.8,1967.38,1777.5
LD00003759,1862.53,2402.99,1488.81
LD00003760,1664.91,1249.99,1585.72
LD00003761,1949.85,1646.55,2321.11
LD00003762,1814.58,1495.07,1490.62
LD00003763,2657.67,2092.66,2358.36
LD00003764,2430.66,2282.17,1862.86
LD00003765,1667.51,1510.7,1893.63
LD00003766,2101.66,1440.05,2045.01
LD00003767,2760.74,1694.4,1656.45
LD00003768,2537.85,1880.64,2094.27
LD00003769,2022.84,1644.89,1512.35
LD00003770,2697.28,2270.94,2276.13
LD00003771,1640.65,1819.63,2662.63
LD00003772,1969.0,2089.54,2364.09
LD00003773,1703.57,1442.42,2583.28
LD00003774,1871.18,1525.23,1533.66
LD00003775,2501.7,2279.59,1924.37
LD00003776,2641.58,1534.53,1542.11
LD00003777,2270.54,1883.43,2115.63
LD00003778,2088.38,1218.35,2270.01
LD00003779,1625.75,2281.94,1736.7
LD00003780,2924.73,1766.57,2091.7
LD00003781,1548.73,1628.91,2261.76
LD00003782,2876.53,1362.56,2348.05
LD00003783,1841.35,2244.98,2726.7
LD00003784,2672.47,2276.12,2143.42
LD00003785,1962.86,1647.4,2710.06
LD00003786,1585.78,1680.09,2542.27
LD00003787,1569.3,2083.38,2174.17
LD00003788,1660.6,1531.96,2059.93
LD00003789,2067.9,1440.25,2253.49
LD00003790,1939.21,1231.57,1799.33
LD00003791,2282.01,2119.42,2305.66
LD00003792,1837.54,2234.21,2641.24
LD00003793,2496.71,1960.83,2077.1
LD00003794,1981.04,1730.4,2356.65
LD00003795,2407.43,1706.77,2495.16
LD00003796,1820.44,1410.24,1556.16
LD00003797,2615.46,2150.5,2084.84
LD00003798,1735.1,1971.82,1744.66
LD00003799,2163.98,2083.22,2009.21
LD00003800,2038.48,1934.34,2355.42
LD00003801,2465.2,1650.13,2232.8
LD00003802,2059.74,1455.45,1756.01
LD00003803,2713.3,1430.86,1583.31
LD00003804,2340.69,1921.44,1447.9
LD00003805,2456.93,2344.65,1638.14
LD00003806,2178.88,1715.58,1732.84
LD00003807,1512.76,2215.13,2504.15
LD00003808,2519.13,1586.88,1496.33
LD00003809,1860.14,1751.15,2106.98
LD00003810,2745.16,2064.54,2024.97
LD00003811,1650.19,1517.94,1925.42
LD00003812,1739.52,1203.8,1729.03
LD00003813,2042.49,1506.86,1444.14
LD00003814,2527.71,1299.84,2453.17
LD00003815,2585.5,2028.33,1711.17
LD00003816,2306.21,2079.76,2352.31
LD00003817,2985.54,2159.76,2240.33
LD00003818,2472.02,1756.93,1657.86
LD00003819,1694.1,1534.07,2404.18
LD00003820,2869.99,1793.78,2007.18
LD00003821,2807.04,1235.86,2315.9
LD00003822,1656.3,1481.7,1408.99
LD00003823,2823.23,1959.38,1512.7
LD00003824,2042.71,2415.16,1988.44
LD00003825,2016.18,1706.33,1560.84
LD00003826,2247.77,1507.23,2024.61
LD00003827,2625.13,2300.39,1736.72
LD00003828,1701.71,1722.24,2560.85
LD00003829,2909.93,1683.93,2092.19
LD00003830,2316.71,2307.69,2068.96
LD00003831,2594.16,1482.64,2317.39
LD00003832,2942.12,1592.5,2502.44
LD00003833,2136.39,2145.78,1401.19
LD00003834,2708.3,1740.92,1535.47
LD00003835,2061.89,1584.18,1717.47
LD00003836,1810.81,2400.01,1766.7
LD00003837,1969.79,1900.24,2191.53
LD00003838,2890.46,1481.39,2171.69
LD00003839,1542.46,1903.67,2080.99
LD00003840,2102.35,1495.12,2580.12
LD00003841,2620.23,1388.46,2736.93
LD00003842,2223.83,1274.95,1861.76
LD00003843,1565.52,1543.49,1927.97
LD00003844,1622.93,1787.16,1579.6
LD00003845,1686.12,1450.35,1522.51
LD00003846,2478.01,2302.38,2072.64
LD00003847,2748.95,1820.18,1798.8
LD00003848,1973.59,2408.82,1588.75
LD00003849,1918.74,2309.77,2506.74
LD00003850,2329.34,1894.9,1542.81
LD00003851,2238.77,2021.4,2358.6
LD00003852,2109.57,1516.23,2790.41
LD00003853,2394.57,2475.39,1913.13
LD00003854,2617.27,2179.28,1544.7
LD00003855,1826.88,2388.01,2109.96
LD00003856,2288.33,2096.66,2225.97
LD00003857,2087.95,2471.44,1633.37
LD00003858,2464.5,1216.86,1507.6
LD00003859,2693.02,2104.29,1560.89
LD00003860,2132.39,1356.69,2572.61
LD00003861,1901.64,1247.62,2587.04
LD00003862,1864.01,2074.32,2241.93
LD00003863,2273.83,1632.78,1714.87
LD00003864,2520.12,2392.19,2167.42
LD00003865,2222.74,1561.99,2425.53
LD00003866,1718.25,1618.8,2745.5
LD00003867,2713.08,1290.66,2240.28
LD00003868,2336.48,2341.62,2281.09
LD00003869,2801.47,2367.44,2666.45
LD00003870,2560.0,1727.56,1452.25
LD00003871,1849.91,1977.7,1901.21
LD00003872,1977.51,1321.96,1945.46
LD00003873,1513.02,2203.36,2058.41
LD00003874,2662.76,2008.29,2310.86
LD00003875,2043.54,2224.74,2153.73
LD00003876,2872.0,1241.74,2779.38
LD00003877,2553.93,1799.17,2290.47
LD00003878,2127.81,1860.69,1493.16
LD00003879,1788.16,1757.43,1440.3
LD00003880,2218.23,1494.27,1811.23
LD00003881,1958.44,2045.59,2304.88
LD00003882,2532.52,1882.77,2508.68
LD00003883,2117.69,2386.07,1658.76
LD00003884,1962.81,1218.74,2648.18
LD00003885,1935.28,1418.65,2465.09
LD00003886,2504.1,2068.6,1620.28
LD00003887,1510.98,1981.2,2014.91
LD00003888,1677.02,2156.59,1996.12
LD00003889,2984.54,1210.48,2523.79
LD00003890,2242.49,1450.13,2154.81
LD00003891,2201.19,1615.89,2563.15
LD00003892,2985.18,2089.69,2273.02
LD00003893,2790.12,2067.62,2550.53
LD00003894,1977.46,1615.38,1774.03
LD00003895,1552.85,2443.85,1738.61
LD00003896,2149.17,2063.15,2798.57
LD00003897,2354.77,1503.85,2152.16
LD00003898,1639.3,1285.05,2551.81
LD00003899,2753.66,2230.96,2496.82
LD00003900,2480.56,2316.26,1811.68
LD00003901,2268.58,1444.17,1974.16
LD00003902,2928.41,1534.56,2061.7
LD00003903,2154.27,1995.98,2424.32
LD00003904,2717.9,1428.45,1748.73
LD00003905,2915.66,2428.13,2176.28
LD00003906,1903.48,1642.03,2566.01
LD00003907,2961.12,2308.33,2287.04
LD00003908,2413.17,2342.88,2689.63
LD00003909,1873.11,1755.0,2666.03
LD00003910,1990.14,1619.53,1534.58
LD00003911,1992.21,1536.2,1574.44
LD00003912,1506.8,2190.63,2517.44
LD00003913,2325.72,2434.4,1697.17
LD00003914,2500.44,1871.25,2007.09
LD00003915,2185.48,1731.16,1549.09
LD00003916,2808.27,2326.5,2006.52
LD00003917,2431.84,2380.64,1513.11
LD00003918,2694.18,2436.42,2705.28
LD00003919,2088.28,2278.05,1986.36
LD00003920,2478.93,1299.55,2419.16
LD00003921,2076.54,2060.84,1765.06
LD00003922,1806.62,2102.58,2757.52
LD00003923,2363.23,1625.97,2636.12
LD00003924,2468.57,2216.0,1971.94
LD00003925,2226.71,1604.13,1590.0
LD00003926,2851.86,2234.03,2008.49
LD00003927,2849.26,2242.0,1574.12
LD00003928,1583.55,2320.87,2602.97
LD00003929,2141.75,1424.16,1926.95
LD00003930,2443.78,2188.77,1749.12
LD00003931,2638.11,1729.37,2183.0
LD00003932,1793.79,1865.79,1709.03
LD00003933,2654.67,2305.2,1597.82
LD00003934,2401.62,1309.28,2529.12
LD00003935,2638.64,2035.51,2105.2
LD00003936,2189.5,1881.44,2462.58
LD00003937,1991.32,1390.69,2723.5
LD00003938,1880.59,2084.0,1695.8
LD00003939,2263.01,1977.07,2446.09
LD00003940,1657.43,1293.52,2748.21
LD00003941,2159.62,1748.18,2067.49
LD00003942,2172.74,1485.79,1573.64
LD00003943,2799.58,1799.28,2640.6
LD00003944,2835.29,1704.56,2720.48
LD00003945,2544.93,1862.27,2662.42
LD00003946,2720.58,1544.46,2094.11
LD00003947,2526.21,2045.08,2717.33
LD00003948,1707.51,1660.38,1666.36
LD00003949,2817.27,2329.98,2747.22
LD00003950,2083.94,1745.86,2065.45
LD00003951,1533.79,2326.55,1989.75
LD00003952,2395.16,1655.95,1817.27
LD00003953,2649.8,2047.26,1691.15
LD00003954,2683.15,2036.35,1465.12
LD00003955,2694.46,1684.38,1899.9
LD00003956,2617.3,2139.06,1880.77
LD00003957,2048.19,1644.54,1652.41
LD00003958,2912.23,1758.79,1444.65
LD00003959,2792.55,1247.86,2052.98
LD00003960,1605.21,2156.3,2540.91
LD00003961,2736.71,1301.14,2240.01
LD00003962,2750.32,2491.7,1521.47
LD00003963,2253.57,2173.54,2026.95
LD00003964,1614.75,2149.22,2058.54
LD00003965,2266.68,2069.61,1792.93
LD00003966,2099.84,2046.17,2494.76
LD00003967,2562.25,1220.57,1922.01
LD00003968,2014.64,1980.52,1924.9
LD00003969,1914.34,1413.29,1725.74
LD00003970,2361.38,1441.72,1991.94
LD00003971,1917.36,1825.53,1738.76
LD00003972,2871.94,1287.21,1476.71
LD00003973,2297.9,1688.93,1831.66
LD00003974,1819.82,1968.02,1526.4
LD00003975,1751.49,1791.77,2610.64
LD00003976,1781.97,1987.42,1794.84
LD00003977,2874.49,1493.71,2106.37
LD00003978,2988.17,1898.45,2446.81
LD00003979,1965.14,2327.18,2095.66
LD00003980,1635.26,1464.62,1913.06
LD00003981,1512.99,1661.94,1923.44
LD00003982,2301.77,1302.1,1694.05
LD00003983,2456.54,2101.9,2084.54
LD00003984,2815.24,2248.75,1481.04
LD00003985,2558.82,2080.64,2762.85
LD00003986,1995.44,2249.95,2575.3
LD00003987,2191.07,2185.27,1648.94
LD00003988,2381.39,1604.36,2467.09
LD00003989,2598.51,2490.58,2744.72
LD00003990,1783.62,1365.28,2249.38
LD00003991,2872.09,1333.64,2251.57
LD00003992,2616.84,1514.81,2468.38
LD00003993,1760.08,1869.51,1616.63
LD00003994,2985.22,1584.44,1962.21
LD00003995,1998.51,2033.45,1907.42
LD00003996,1981.09,1250.69,1482.44
LD00003997,2174.67,1892.67,2340.41
LD00003998,2040.84,1913.74,2329.1
LD00003999,2110.17,2291.23,2005.02
LD00004000,2981.93,1594.65,2496.32
LD00004001,1712.04,2420.39,2600.76
LD00004002,1729.05,1742.07,2358.21
LD00004003,1534.36,2463.21,2684.81
LD00004004,2535.03,1321.27,1482.42
LD00004005,1740.06,1525.08,2520.09
LD00004006,2126.1,1854.5,1576.32
LD00004007,2033.76,2029.45,1638.7
LD00004008,2931.91,1239.62,1670.97
LD00004009,2618.63,1214.46,2196.18
LD00004010,2238.41,2188.08,2171.78
LD00004011,1736.85,1239.66,2744.23
LD00004012,2338.29,2000.39,2429.02
LD00004013,2908.91,1388.17,1889.51
LD00004014,2851.45,2254.82,1863.66
LD00004015,2559.75,1391.65,2284.45
LD00004016,2709.02,1257.09,2173.39
LD00004017,1519.19,2218.13,2586.08
LD00004018,2931.93,1718.88,2771.62
LD00004019,1885.76,1308.46,2103.75
LD00004020,2153.48,2451.82,1763.42
LD00004021,1993.84,2293.3,2003.98
LD00004022,2296.26,2404.77,2019.92
LD00004023,2545.89,2384.72,2258.68
LD00004024,1809.01,2056.7,1473.45
LD00004025,2765.02,1229.94,1523.46
LD00004026,2334.02,1211.86,1791.22
LD00004027,2498.11,1781.38,2635.09
LD00004028,1821.48,1221.68,1860.98
LD00004029,2785.26,1877.37,2516.69
LD00004030,2340.18,2435.96,2197.35
LD00004031,1889.42,2251.54,2423.51
LD00004032,2160.75,1929.03,2223.93
LD00004033,2211.35,2031.49,2548.1
LD00004034,1689.14,2149.2,2090.79
LD00004035,2796.8,2186.88,1965.62
LD00004036,2752.07,1631.25,2364.27
LD00004037,2051.34,2062.59,2327.4
LD00004038,2288.31,1414.17,2151.13
LD00004039,1731.39,1685.57,1458.43
LD00004040,2140.64,2145.74,2354.11
LD00004041,2859.97,2030.88,2103.33
LD00004042,1985.92,1917.16,2071.48
LD00004043,2361.8,2280.24,2064.92
LD00004044,2036.12,1460.87,2712.68
LD00004045,2399.55,1406.23,2104.12
LD00004046,2306.17,1794.56,1787.01
LD00004047,2956.1,1701.5,2642.25
LD00004048,1984.85,1356.39,2447.47
LD00004049,2136.6,1635.04,1775.51
LD00004050,1607.91,1665.65,2297.86
LD00004051,2160.9,1978.51,1732.62
LD00004052,2348.59,1468.51,2430.96
LD00004053,2752.61,1714.8,1668.34
LD00004054,2363.41,2047.87,1617.33
LD00004055,2286.49,2187.12,2508.63
LD00004056,2219.4,1733.27,1468.35
LD00004057,2153.84,2102.41,2736.88
LD00004058,1911.89,2231.72,1675.15
LD00004059,1607.98,2310.63,2618.65
LD00004060,2062.09,2345.49,1958.78
LD00004061,2892.82,1624.18,1781.59
LD00004062,2378.66,2360.25,1457.26
LD00004063,2897.09,2272.1,1964.06
LD00004064,1704.05,2017.86,2449.14
LD00004065,2436.08,1281.86,2239.02
LD00004066,2113.15,2160.55,2695.68
LD00004067,2606.79,1421.93,1519.69
LD00004068,2335.62,2319.16,2343.01
LD00004069,2323.53,1316.14,1622.2
LD00004070,1826.32,1989.54,1956.73
LD00004071,1932.86,1714.05,2024.14
LD00004072,2746.78,2279.18,1515.06
LD00004073,2410.72,1284.08,2076.58
LD00004074,1729.77,2080.86,1788.27
LD00004075,2406.02,1414.77,1688.41
LD00004076,2876.48,2005.89,1648.98
LD00004077,2276.02,2037.32,2328.15
LD00004078,2159.96,1764.68,1930.93
LD00004079,2222.11,1670.14,1824.19
LD00004080,2472.96,2120.87,2294.11
LD00004081,2975.99,1761.48,2059.05
LD00004082,2004.43,1733.69,2189.15
LD00004083,2745.1,1545.32,2257.49
LD00004084,2107.37,2434.3,1737.39
LD00004085,2018.66,1667.92,2049.34
LD00004086,2495.99,1342.73,2729.65
LD00004087,2193.52,2316.45,2473.1
LD00004088,1860.59,1293.28,2652.2
LD00004089,1700.24,1658.12,1911.4
LD00004090,2101.94,1335.02,1879.65
LD00004091,1963.53,1711.56,1860.32
LD00004092,2201.39,2005.45,1839.7
LD00004093,2304.61,2456.76,1889.33
LD00004094,2228.98,1977.15,2566.01
LD00004095,2480.43,1723.19,1617.54
LD00004096,2442.1,1352.83,1670.78
LD00004097,1820.11,2156.88,2501.94
LD00004098,2166.06,1590.76,2051.02
LD00004099,2710.3,2496.22,2022.42
LD00004100,1881.73,2472.79,2337.22
LD00004101,2961.29,1361.83,1889.02
LD00004102,2992.04,1873.66,1703.45
LD00004103,2570.83,1723.15,1571.73
LD00004104,2412.72,1704.8,1427.01
LD00004105,2423.66,1240.61,2584.94
LD00004106,2157.49,1245.85,1936.5
LD00004107,2361.94,1835.55,2005.47
LD00004108,2916.24,1606.38,2351.87
LD00004109,1664.76,2237.56,2209.62
LD00004110,2496.87,2201.85,2692.69
LD00004111,2102.71,1524.98,2797.5
LD00004112,2230.21,1512.2,2630.87
LD00004113,2554.85,1972.65,1463.67
LD00004114,1692.13,1894.17,1700.16
LD00004115,2950.56,1499.63,1883.57
LD00004116,2418.14,1296.73,1665.39
LD00004117,2866.16,1602.85,2089.5
LD00004118,2148.32,2306.39,2692.04
LD00004119,2568.4,2145.33,1979.66
LD00004120,2926.04,1548.44,2748.57
LD00004121,2496.29,2388.42,2342.96
LD00004122,2661.27,1768.04,1910.66
LD00004123,2084.75,1232.75,1643.75
LD00004124,1772.21,2489.16,1981.11
LD00004125,2714.67,2429.77,2390.56
LD00004126,1712.24,1858.55,2469.02
LD00004127,2908.46,1334.79,2534.35
LD00004128,2935.37,2235.79,1632.75
LD00004129,1983.41,1406.79,1928.66
LD00004130,2684.58,1910.52,2528.44
LD00004131,2715.02,2324.69,1952.04
LD00004132,2177.26,1543.34,2280.76
LD00004133,2550.1,1435.12,2361.02
LD00004134,1929.62,1299.33,2129.08
LD00004135,1627.99,1696.66,2030.2
LD00004136,2530.72,1387.7,1688.51
LD00004137,2535.03,1481.3,2572.5
LD00004138,2269.49,2214.42,2151.88
LD00004139,2908.65,1538.22,2339.06
LD00004140,2919.18,1539.35,2131.12
LD00004141,1985.46,2467.21,2659.16
LD00004142,2164.37,1904.21,2675.99
LD00004143,1502.43,1826.19,2488.8
LD00004144,2861.91,1260.07,2202.21
LD00004145,2153.24,2462.72,1732.13
LD00004146,1716.57,1984.81,1403.62
LD00004147,2533.56,1285.38,1982.45
LD00004148,1720.92,1566.52,2132.97
LD00004149,2341.37,2053.8,1544.17
LD00004150,1567.07,2351.86,2339.8
LD00004151,2481.51,2234.6,1759.38
LD00004152,1947.77,1965.47,1516.64
LD00004153,2576.89,2090.09,1722.97
LD00004154,2080.36,2385.24,2514.52
LD00004155,2947.88,2135.11,2450.96
LD00004156,1844.2,1369.89,2540.09
LD00004157,2524.02,1360.4,1496.81
LD00004158,2337.98,1329.79,1955.95
LD00004159,2369.37,1803.91,1415.08
LD00004160,1676.8,1631.75,1745.24
LD00004161,2456.42,1717.37,1593.97
LD00004162,2928.9,1721.99,1404.83
LD00004163,2135.17,2155.46,2459.42
LD00004164,2050.26,1559.25,1414.65
LD00004165,1798.48,2491.75,2163.33
LD00004166,1788.19,2290.95,2294.29
LD00004167,2043.13,1511.11,2524.81
LD00004168,2220.03,1639.49,1755.21
LD00004169,2657.23,2117.82,1570.96
LD00004170,1956.39,2379.55,2471.22
LD00004171,1784.1,1942.76,1914.7
LD00004172,2349.39,1215.51,1708.77
LD00004173,1649.95,2407.63,1514.02
LD00004174,1788.37,1649.02,2100.44
LD00004175,1610.57,1529.74,2706.0
LD00004176,1994.94,2452.13,1754.72
LD00004177,2641.15,2020.56,2226.84
LD00004178,2172.33,1926.2,1561.42
LD00004179,2645.95,1724.83,2050.7
LD00004180,2786.56,1212.21,1791.74
LD00004181,2912.61,2052.87,2400.17
LD00004182,2514.48,2068.79,1726.45
LD00004183,2640.46,1257.99,1716.12
LD00004184,2622.63,2139.33,2031.66
LD00004185,2844.21,1543.24,2615.59
LD00004186,1953.29,1565.18,2146.66
LD00004187,2551.36,2478.18,2415.51
LD00004188,2312.1,2488.08,1941.82
LD00004189,2767.69,1410.86,1472.05
LD00004190,2726.44,2133.55,1818.45
LD00004191,2747.93,1336.74,1471.71
LD00004192,2088.31,2345.45,1906.88
LD00004193,2127.49,1799.74,2116.43
LD00004194,1727.55,1703.62,2207.26
LD00004195,1902.54,2485.67,1434.62
LD00004196,2413.28,1535.17,2359.39
LD00004197,2612.46,1214.83,2007.42
LD00004198,2883.25,2440.02,2404.96
LD00004199,1827.73,1371.88,1973.67
LD00004200,1550.66,2197.79,2020.0
LD00004201,2158.55,1686.96,1457.23
LD00004202,2354.25,2361.0,1968.78
LD00004203,2245.5,1966.04,2631.08
LD00004204,1604.64,2220.92,1477.24
LD00004205,2982.53,1360.16,2175.46
LD00004206,1781.15,2230.87,1969.61
LD00004207,1931.13,1413.15,1669.63
LD00004208,1577.83,1386.03,2263.5
LD00004209,1919.88,1229.32,1961.59
LD00004210,2751.78,2437.51,1928.98
LD00004211,2520.08,1203.0,2256.76
LD00004212,1786.09,1768.94,2631.94
LD00004213,2398.18,1317.45,2108.19
LD00004214,2573.1,1263.13,2499.66
LD00004215,1880.71,2351.52,2177.96
LD00004216,2669.81,1642.84,1549.29
LD00004217,1883.89,1670.74,2748.32
LD00004218,1985.98,2466.75,1974.28
LD00004219,2047.75,2240.93,2071.54
LD00004220,2325.97,2028.8,2025.28
LD00004221,2518.1,1254.66,2410.95
LD00004222,1683.51,2354.03,2683.87
LD00004223,2432.15,2132.21,1856.44
LD00004224,2883.76,2436.85,2485.96
LD00004225,2309.92,1813.57,2134.28
LD00004226,2879.53,1875.21,1684.18
LD00004227,1877.4,1404.76,1833.6
LD00004228,1760.52,2262.66,2063.45
LD00004229,1964.56,1349.31,1411.68
LD00004230,2312.85,1858.53,2059.41
LD00004231,1617.87,1253.73,2137.9
LD00004232,2527.16,1395.08,1429.68
LD00004233,2595.93,2052.91,1405.08
LD00004234,2041.28,1676.55,1780.23
LD00004235,2294.74,2005.37,2321.97
LD00004236,1583.33,2354.46,1968.11
LD00004237,1979.31,2161.64,2491.89
LD00004238,2108.63,2084.71,2026.24
LD00004239,2737.85,1498.76,2409.83
LD00004240,2301.83,2197.1,1809.3
LD00004241,1802.49,1944.72,1921.45
LD00004242,2853.13,2095.43,1702.63
LD00004243,2139.37,2234.31,2610.2
LD00004244,2966.73,1399.59,1588.42
LD00004245,1901.84,2062.76,1879.14
LD00004246,2431.44,1798.39,1533.92
LD00004247,2348.24,1845.26,2773.7
LD00004248,1541.56,1367.86,1503.06
LD00004249,1678.74,1931.06,2169.59
LD00004250,1689.49,1494.9,1609.15
LD00004251,2762.67,2280.74,2205.49
LD00004252,2630.93,1961.14,2107.73
LD00004253,2015.51,2454.07,2284.29
LD00004254,2715.83,1300.52,2579.24
LD00004255,1624.92,1982.0,2763.03
LD00004256,2001.37,2417.22,1823.79
LD00004257,2992.38,2452.12,2680.64
LD00004258,2740.09,1957.67,1621.83
LD00004259,2401.94,1872.27,2163.58
LD00004260,1766.73,2049.08,2733.46
LD00004261,2591.43,1506.32,2693.61
LD00004262,2220.02,2346.43,1761.04
LD00004263,1796.33,2348.34,2603.9
LD00004264,2278.34,1414.23,2764.28
LD00004265,2214.83,1638.83,1968.54
LD00004266,1834.2,1874.09,2346.89
LD00004267,2420.08,1942.76,2468.06
LD00004268,2892.14,2041.46,2296.99
LD00004269,2206.35,2323.39,2745.41
LD00004270,2581.49,1937.91,1413.28
LD00004271,2548.5,1827.81,2069.04
LD00004272,2818.47,1727.17,2372.33
LD00004273,1688.84,1540.21,1615.31
LD00004274,2118.89,1979.47,1474.27
LD00004275,2576.75,1548.96,2562.26
LD00004276,2518.15,1392.8,1738.42
LD00004277,2628.21,1439.65,1655.19
LD00004278,1887.94,2448.0,1859.56
LD00004279,2818.2,2024.37,2130.38
LD00004280,1826.14,1628.95,2138.48
LD00004281,2172.56,1598.03,1621.08
LD00004282,2751.1,2451.68,2306.33
LD00004283,2526.59,2385.07,2073.82
LD00004284,2974.41,1523.96,2233.18
LD00004285,1749.25,2199.89,1628.94
LD00004286,2592.89,1507.16,1854.23
LD00004287,1714.87,1931.6,2204.51
LD00004288,2148.49,2295.15,1969.21
LD00004289,1951.66,1787.09,2084.45
LD00004290,1977.15,2056.26,1473.5
LD00004291,2461.95,1362.42,2266.94
LD00004292,2586.18,2174.9,2428.59
LD00004293,2717.14,1547.93,2199.27
LD00004294,1958.67,1500.56,2204.4
LD00004295,1915.76,2309.77,2435.08
LD00004296,2686.78,2095.56,1644.32
LD00004297,2001.56,1457.57,2558.13
LD00004298,2837.91,1520.16,2707.96
LD00004299,2010.58,2017.79,2573.56
LD00004300,1771.18,1499.0,1834.32
LD00004301,1728.79,2185.6,2706.77
LD00004302,1786.32,2264.61,1620.2
LD00004303,2020.26,1621.46,1501.67
LD00004304,1872.81,1371.69,1534.17
LD00004305,2563.05,1675.33,1899.09
LD00004306,1581.21,1964.09,2752.9
LD00004307,1910.07,1398.01,2306.68
LD00004308,2919.45,1711.25,1499.69
LD00004309,2057.0,1683.94,1522.64
LD00004310,2266.04,2256.46,2717.93
LD00004311,2379.57,2297.82,2551.21
LD00004312,2855.13,1654.09,2440.09
LD00004313,2416.86,1530.11,2466.93
LD00004314,1665.11,2099.61,2601.65
LD00004315,2244.27,1357.66,2704.55
LD00004316,1760.52,1869.41,2309.43
LD00004317,1869.05,2291.86,2002.82
LD00004318,1701.19,2307.7,2339.89
LD00004319,2837.67,2130.95,1732.43
LD00004320,2811.0,1201.01,2010.15
LD00004321,1562.3,1400.0,1840.15
LD00004322,2251.46,1666.05,2312.98
LD00004323,2190.87,1300.55,1665.79
LD00004324,1535.97,2413.25,1458.85
LD00004325,1663.96,1302.24,1798.34
LD00004326,2599.1,2304.45,2425.75
LD00004327,2228.39,1867.48,2101.17
LD00004328,1557.4,2239.02,2654.16
LD00004329,2078.81,1515.99,2132.2
LD00004330,2561.58,2154.02,1524.03
LD00004331,2898.89,2410.25,1464.04
LD00004332,2491.26,1696.35,2790.57
LD00004333,2070.29,1428.93,1447.98
LD00004334,2571.8,1403.57,1402.49
LD00004335,2509.84,2426.73,1806.54
LD00004336,2187.15,1657.22,1795.81
LD00004337,2590.73,2125.5,1440.29
LD00004338,1574.58,1720.44,2020.82
LD00004339,1654.86,1531.89,2767.72
LD00004340,2117.48,2359.21,1764.3
LD00004341,2346.45,2426.97,1930.49
LD00004342,2174.16,1288.89,2185.66
LD00004343,2839.82,1309.2,1826.05
LD00004344,2026.64,1989.91,1911.62
LD00004345,2995.37,1523.63,2450.69
LD00004346,2874.16,2052.57,1693.31
LD00004347,2579.64,1375.11,2140.96
LD00004348,1996.91,2228.31,1736.32
LD00004349,2223.17,1514.54,2347.81
LD00004350,2242.69,1924.37,1551.57
LD00004351,2759.47,1340.05,1796.44
LD00004352,1518.92,1334.55,1767.67
LD00004353,2930.9,2441.9,1806.1
LD00004354,2487.28,2495.82,1814.1
LD00004355,2498.71,1961.99,2170.79
LD00004356,2102.19,1795.72,2128.6
LD00004357,1964.78,1326.62,1700.38
LD00004358,1873.1,1485.69,2339.75
LD00004359,2370.39,1578.36,1838.02
LD00004360,2427.69,1493.83,1424.86
LD00004361,1659.53,2489.07,2192.95
LD00004362,1971.14,1552.91,2456.43
LD00004363,2539.78,1666.99,2130.62
LD00004364,1735.14,1637.87,2033.28
LD00004365,1583.53,1415.71,1749.74
LD00004366,2844.96,1573.06,1921.19
LD00004367,2177.41,2302.41,2734.84
LD00004368,1618.22,1679.65,2189.41
LD00004369,1653.43,1871.56,2280.65
LD00004370,2005.22,1736.66,2003.9
LD00004371,2774.7,1482.76,1577.93
LD00004372,2656.99,1831.69,2259.9
LD00004373,2699.49,1741.17,1856.94
LD00004374,2417.25,2277.87,2534.44
LD00004375,1954.12,1401.88,1602.65
LD00004376,2541.12,1393.93,2151.37
LD00004377,1787.09,1291.65,2615.63
LD00004378,1615.21,1677.09,1716.91
LD00004379,2870.1,1241.04,1613.5
LD00004380,2446.95,2255.83,2688.12
LD00004381,2406.42,1523.1,2203.25
LD00004382,1627.9,1542.8,2702.95
LD00004383,2810.04,1938.22,2442.1
LD00004384,2721.87,2245.51,2261.89
LD00004385,2770.5,1691.87,2320.89
LD00004386,2832.59,2144.17,1972.89
LD00004387,1934.2,2459.47,1708.62
LD00004388,1639.85,2182.3,2121.94
LD00004389,1968.08,2433.41,1878.53
LD00004390,1734.86,2027.04,2022.91
LD00004391,1964.58,1785.57,2103.26
LD00004392,2358.79,1557.36,1466.87
LD00004393,1650.13,2058.76,2104.66
LD00004394,1603.81,1457.31,1767.75
LD00004395,2644.39,1706.64,1840.58
LD00004396,2186.59,2059.81,2061.36
LD00004397,2182.49,1548.05,1711.48
LD00004398,1898.29,2003.71,2212.87
LD00004399,1505.56,2425.34,1745.71
LD00004400,2089.78,2460.57,2260.82
LD00004401,2723.73,1725.88,1820.64
LD00004402,1525.38,1418.18,2462.71
LD00004403,1850.61,1284.98,2304.27
LD00004404,2233.37,2432.34,1738.01
LD00004405,1621.82,2495.39,2243.58
LD00004406,1942.98,2222.85,1632.04
LD00004407,1556.18,2410.33,1429.85
LD00004408,1935.89,1877.37,2049.43
LD00004409,2662.35,2026.99,2542.83
LD00004410,2263.15,1871.79,2054.22
LD00004411,2107.93,1338.48,2783.52
LD00004412,1505.89,1293.36,2080.8
LD00004413,2480.76,1607.16,2670.43
LD00004414,2713.42,2260.64,2707.92
LD00004415,1665.97,2350.46,2019.29
LD00004416,2748.22,2490.51,1789.24
LD00004417,2882.87,1548.46,1811.21
LD00004418,2001.28,1969.49,2026.83
LD00004419,1849.94,2060.57,1824.25
LD00004420,2977.39,2403.3,1923.64
LD00004421,2351.32,1341.57,2486.62
LD00004422,2590.34,1668.25,2669.62
LD00004423,1966.68,2103.15,2219.93
LD00004424,2439.76,2473.93,1700.22
LD00004425,2935.87,1997.45,2306.63
LD00004426,1655.65,1790.76,2746.14
LD00004427,2645.02,2102.81,1616.68
LD00004428,2576.49,1397.91,2685.55
LD00004429,2768.7,1688.95,1861.4
LD00004430,2753.39,1399.46,2070.83
LD00004431,2330.11,2062.92,1765.08
LD00004432,1910.22,1460.99,1574.12
LD00004433,2876.12,1707.67,2712.12
LD00004434,2047.94,1926.98,1541.78
LD00004435,2737.13,1801.26,1575.41
LD00004436,2082.87,1640.7,1950.48
LD00004437,2901.69,1682.29,1768.16
LD00004438,1812.94,1970.29,2371.55
LD00004439,1652.44,1584.76,2768.05
LD00004440,2040.93,1206.37,2623.5
LD00004441,1875.81,1372.02,2373.85
LD00004442,2096.3,2171.57,2750.83
LD00004443,1689.21,2283.88,2307.83
LD00004444,2431.71,1425.72,2778.88
LD00004445,2500.21,2218.9,2514.78
LD00004446,1624.75,1624.71,1503.32
LD00004447,1788.79,1535.3,1753.33
LD00004448,1708.97,1314.04,1723.38
LD00004449,2482.72,1451.18,2595.17
LD00004450,2748.31,2011.84,2469.83
LD00004451,2217.11,1455.63,2705.03
LD00004452,1895.54,1541.12,1574.82
LD00004453,2923.03,1518.52,2788.6
LD00004454,2954.14,2142.03,1498.29
LD00004455,2981.74,2203.73,2142.43
LD00004456,1531.49,1477.32,1514.26
LD00004457,2732.92,1358.03,1938.17
LD00004458,2742.7,1402.2,1978.84
LD00004459,2535.42,1767.27,1734.23
LD00004460,1975.3,2013.38,2227.48
LD00004461,2151.82,1219.44,1741.35
LD00004462,2569.53,2154.42,2322.02
LD00004463,2682.59,1893.76,2639.72
LD00004464,2707.56,2384.96,1644.73
LD00004465,2191.64,1538.05,2584.0
LD00004466,2768.49,1415.04,1661.1
LD00004467,2642.42,1535.58,2357.31
LD00004468,2702.15,2171.09,2000.89
LD00004469,2260.94,2333.74,2637.31
LD00004470,2674.73,1489.33,1464.87
LD00004471,2407.5,1875.66,1848.66
LD00004472,1627.76,1634.13,2383.47
LD00004473,2656.39,2382.8,2378.04
LD00004474,2295.97,2407.79,1472.98
LD00004475,2532.14,1220.55,2421.63
LD00004476,2201.94,1351.1,1650.01
LD00004477,2092.9,1229.23,1604.06
LD00004478,1608.69,2235.2,1645.29
LD00004479,2486.84,1966.27,2731.94
LD00004480,2582.23,2461.22,2515.32
LD00004481,2965.12,2308.53,1842.19
LD00004482,2346.49,2036.55,1604.47
LD00004483,1904.15,1310.94,1490.15
LD00004484,2981.46,2452.13,2038.47
LD00004485,1722.63,1661.69,2740.98
LD00004486,1656.11,1408.41,2727.3
LD00004487,1807.93,1239.82,1420.18
LD00004488,2096.88,1524.02,2440.36
LD00004489,2367.05,1415.97,1753.84
LD00004490,2266.91,1490.12,2672.76
LD00004491,2699.06,1251.11,2060.38
LD00004492,1624.84,2027.68,1721.34
LD00004493,2643.75,1577.79,1888.51
LD00004494,2207.9,1208.56,2264.06
LD00004495,2325.62,1379.04,2057.94
LD00004496,2155.28,2131.41,2086.08
LD00004497,2643.05,1472.14,1953.78
LD00004498,2437.06,2149.86,1894.88
LD00004499,1527.48,1672.46,1513.07
LD00004500,2427.67,2095.23,2476.02
LD00004501,1693.23,2340.25,1691.19
LD00004502,1814.71,1213.96,2032.52
LD00004503,1983.36,1399.6,2315.87
LD00004504,2558.08,1447.52,1780.4
LD00004505,1796.24,1793.97,2529.63
LD00004506,2970.92,2197.78,1598.16
LD00004507,2796.7,1345.41,1981.76
LD00004508,1685.95,2292.3,2498.38
LD00004509,2754.22,1812.62,2346.49
LD00004510,1809.51,1201.87,1923.34
LD00004511,2914.3,1706.4,2010.25
LD00004512,1506.43,2091.51,1802.35
LD00004513,2328.48,1329.81,2420.42
LD00004514,2110.83,1385.51,2723.52
LD00004515,2273.59,1962.25,1814.01
LD00004516,1509.11,2263.55,2315.88
LD00004517,2422.91,2471.69,1981.98
LD00004518,1683.25,2287.39,2391.69
LD00004519,2547.2,2105.21,1586.42
LD00004520,1986.57,2288.69,1670.35
LD00004521,2453.94,1505.52,2689.73
LD00004522,2931.97,2306.08,1828.49
LD00004523,2907.63,2170.0,2346.91
LD00004524,1570.08,1338.46,1562.14
LD00004525,2725.61,1615.14,2360.15
LD00004526,2194.51,2115.36,2173.03
LD00004527,1560.57,1307.19,2023.2
LD00004528,2954.05,1225.83,2671.87
LD00004529,2560.05,1970.91,1564.83
LD00004530,1601.11,2355.5,2580.75
LD00004531,1767.14,2489.15,1708.26
LD00004532,2939.44,2198.62,2325.05
LD00004533,1567.79,2157.39,1893.67
LD00004534,1981.76,1844.7,2250.17
LD00004535,1660.46,1444.88,2028.9
LD00004536,1527.48,1597.09,1863.9
LD00004537,2163.23,1525.15,2473.88
LD00004538,1631.64,1705.77,2169.29
LD00004539,2951.97,1941.57,2676.19
LD00004540,2817.29,2057.09,2749.96
LD00004541,2664.88,1461.84,2393.05
LD00004542,1591.18,2390.04,1674.06
LD00004543,2521.14,1291.45,2340.27
LD00004544,1510.55,2484.91,2094.18
LD00004545,2610.71,2172.01,2422.73
LD00004546,2365.97,2318.39,2232.15
LD00004547,2450.1,2407.73,2374.3
LD00004548,1816.87,2079.79,2447.44
LD00004549,2823.77,1389.19,1911.69
LD00004550,2268.79,1336.39,2482.16
LD00004551,2953.73,1807.64,2375.35
LD00004552,2467.57,1811.34,2095.02
LD00004553,2672.75,1606.42,2357.59
LD00004554,2804.32,1602.62,1554.45
LD00004555,2104.49,2377.31,1638.5
LD00004556,2078.4,2202.54,1880.7
LD00004557,1946.58,1787.5,1896.52
LD00004558,2534.05,1240.29,2520.47
LD00004559,2011.32,2047.94,2121.55
LD00004560,2932.21,2027.88,2607.11
LD00004561,2193.09,1987.76,2495.94
LD00004562,2259.42,1608.49,2110.34
LD00004563,1994.8,2065.79,2516.32
LD00004564,2215.43,1602.26,2553.34
LD00004565,2233.21,2441.82,1694.72
LD00004566,2709.56,2292.26,2051.97
LD00004567,2820.24,2091.91,2603.83
LD00004568,2462.88,1203.4,2111.01
LD00004569,2375.8,1393.2,1676.32
LD00004570,1923.78,1507.19,1664.73
LD00004571,1694.84,1920.62,2354.97
LD00004572,1836.31,2194.47,2746.81
LD00004573,1972.59,1406.21,1733.05
LD00004574,2713.29,1570.17,2030.69
LD00004575,1782.56,2459.15,1743.93
LD00004576,1612.25,1751.05,2257.32
LD00004577,2565.54,1608.15,1882.55
LD00004578,2869.87,1393.44,1457.34
LD00004579,1877.21,1452.93,2764.13
LD00004580,2345.4,2239.12,2518.87
LD00004581,1661.66,1932.83,2698.04
LD00004582,2934.83,1391.72,2347.8
LD00004583,2764.11,1622.41,2012.64
LD00004584,2859.19,1419.52,1609.2
LD00004585,2484.32,2022.02,1910.55
LD00004586,2128.87,2103.47,1747.67
LD00004587,2056.47,1620.99,2715.41
LD00004588,1576.58,2460.38,1697.14
LD00004589,1509.93,1847.94,2475.42
LD00004590,2884.4,1481.3,2304.63
LD00004591,2786.74,1449.19,2412.44
LD00004592,2517.56,1734.38,1440.92
LD00004593,2100.46,1690.14,2324.97
LD00004594,2922.06,1751.32,2700.78
LD00004595,2920.42,1438.89,1486.9
LD00004596,2923.35,2079.49,1960.58
LD00004597,2147.5,2420.12,2047.12
LD00004598,2934.28,2081.68,1641.7
LD00004599,2376.03,1471.42,1833.07
LD00004600,2154.64,1818.31,1629.03
LD00004601,1773.48,1296.05,2308.67
LD00004602,2632.36,2263.27,2223.43
LD00004603,2610.95,1404.82,2687.81
LD00004604,1668.71,2305.13,1714.06
LD00004605,1739.42,2395.54,1458.97
LD00004606,2826.69,1864.18,2313.31
LD00004607,1772.75,2213.22,1841.78
LD00004608,2236.49,1903.92,2644.79
LD00004609,2836.0,2413.59,1487.0
LD00004610,1738.17,2058.3,2562.83
LD00004611,2939.98,2475.11,1634.38
LD00004612,2852.31,1536.29,2385.16
LD00004613,1706.03,2345.35,2087.5
LD00004614,2727.71,2268.49,2305.43
LD00004615,2159.94,2103.21,1759.9
LD00004616,1765.33,1799.34,2034.27
LD00004617,2203.91,1911.69,2150.88
LD00004618,1505.41,2105.94,2248.39
LD00004619,2217.83,1795.59,2614.54
LD00004620,1713.42,1999.27,2100.17
LD00004621,2318.63,1401.58,2131.43
LD00004622,2268.97,2485.58,2651.01
LD00004623,2561.17,2182.66,1760.02
LD00004624,1501.96,1454.64,2089.77
LD00004625,1549.91,1703.35,2404.13
LD00004626,2692.35,1296.55,2575.06
LD00004627,2067.0,2499.29,2757.18
LD00004628,2453.97,1387.65,2215.69
LD00004629,2820.18,2189.26,2795.39
LD00004630,1857.33,1685.0,2359.94
LD00004631,2687.7,1310.16,2245.5
LD00004632,2334.25,1878.99,1403.87
LD00004633,2206.92,2099.78,2491.22
LD00004634,2228.85,2367.94,1913.83
LD00004635,2201.01,1334.5,2728.67
LD00004636,1587.32,1493.92,1994.51
LD00004637,2598.01,1976.23,2034.22
LD00004638,2118.43,2070.6,1858.53
LD00004639,1552.48,2277.28,2695.22
LD00004640,1576.49,1337.98,2177.37
LD00004641,2589.77,1215.37,1467.29
LD00004642,2348.02,1412.51,2467.64
LD00004643,2554.99,2003.11,1445.88
LD00004644,2430.16,2351.4,1910.26
LD00004645,1903.55,1798.93,2369.95
LD00004646,2460.01,2328.6,1991.17
LD00004647,2622.25,1530.73,2464.12
LD00004648,2075.37,2081.66,2261.74
LD00004649,2503.42,1415.49,1793.79
LD00004650,1669.51,2212.13,1695.66
LD00004651,2911.74,2222.98,2591.1
LD00004652,1857.53,2418.66,2776.62
LD00004653,2802.6,2226.24,2514.71
LD00004654,2068.98,1349.78,2346.48
LD00004655,2756.22,1616.3,2094.97
LD00004656,1951.77,2054.49,2519.91
LD00004657,2423.07,1708.28,2112.8
LD00004658,2382.35,1245.32,1481.64
LD00004659,2254.97,1422.19,2428.26
LD00004660,2166.31,1545.19,1437.53
LD00004661,1813.65,1535.97,2470.79
LD00004662,2961.02,2157.63,1552.99
LD00004663,2537.21,1273.78,2381.59
LD00004664,2943.24,1525.37,2348.4
LD00004665,2394.68,2264.06,1506.92
LD00004666,1676.68,2065.81,1473.24
LD00004667,2584.82,1458.13,1785.0
LD00004668,2816.38,1251.85,1618.68
LD00004669,1897.05,1650.02,2754.93
LD00004670,1512.98,2307.03,1815.11
LD00004671,2733.95,1872.15,2638.12
LD00004672,2577.39,1383.18,1489.93
LD00004673,2205.72,2088.02,2252.39
LD00004674,2170.28,1702.58,1812.56
LD00004675,2903.21,2445.93,2074.49
LD00004676,2523.29,2482.67,2631.41
LD00004677,2144.67,1795.41,2098.65
LD00004678,2713.01,1647.38,1601.68
LD00004679,2135.73,2323.55,2574.5
LD00004680,2384.52,1904.29,2045.43
LD00004681,1939.79,1628.21,1761.18
LD00004682,2949.71,1506.28,1405.98
LD00004683,2583.07,1955.62,2368.69
LD00004684,2992.08,2392.02,2367.76
LD00004685,1772.99,1789.78,2328.88
LD00004686,1876.75,2364.56,2122.31
LD00004687,1729.79,1562.44,2768.44
LD00004688,2217.78,1515.12,2406.27
LD00004689,2110.69,2397.46,1497.87
LD00004690,2331.58,1722.68,2387.35
LD00004691,2801.72,1280.73,2718.65
LD00004692,2485.85,1635.87,1753.25
LD00004693,2951.7,1332.78,1449.17
LD00004694,2174.27,2400.94,1737.78
LD00004695,2755.5,2448.29,1646.77
LD00004696,1601.11,1738.01,2308.18
LD00004697,2184.85,2336.64,1985.72
LD00004698,2699.7,1336.68,2275.76
LD00004699,2237.31,2301.67,2180.64
LD00004700,2859.26,1741.06,1846.53
LD00004701,2433.87,1863.85,2119.04
LD00004702,2030.46,1623.93,2566.73
LD00004703,1747.87,2310.87,2352.93
LD00004704,1709.26,2419.58,2680.82
LD00004705,2149.19,1253.95,2695.46
LD00004706,2085.17,2399.05,2248.01
LD00004707,1763.4,1851.95,1618.85
LD00004708,2173.51,1246.8,1615.76
LD00004709,2504.77,2291.66,1634.59
LD00004710,1636.76,2153.66,2610.82
LD00004711,2876.95,1470.38,2005.63
LD00004712,2970.24,1364.81,2019.52
LD00004713,2317.71,1377.04,2722.64
LD00004714,1779.23,1387.23,2047.88
LD00004715,2583.56,1394.41,2108.15
LD00004716,2341.56,2280.51,2012.68
LD00004717,2110.05,2065.59,1718.58
LD00004718,2456.59,1651.05,2618.12
LD00004719,2220.51,1644.76,1995.4
LD00004720,2788.17,2306.78,2034.08
LD00004721,1583.9,1629.77,1875.52
LD00004722,1827.49,2423.97,2486.33
LD00004723,1755.32,1647.71,2694.25
LD00004724,1968.26,1412.18,1756.4
LD00004725,1996.6,1639.08,2671.54
LD00004726,2971.66,2234.49,2649.32
LD00004727,1939.76,1335.2,2067.35
LD00004728,2039.53,1958.92,2292.68
LD00004729,2099.6,2038.4,1725.99
LD00004730,2070.17,1213.21,2749.47
LD00004731,2619.19,1760.6,2444.56
LD00004732,2567.51,2010.68,1498.77
LD00004733,1925.14,1982.97,1893.15
LD00004734,1543.51,2057.01,1992.54
LD00004735,2516.09,1540.3,1837.9
LD00004736,2938.33,1748.27,1444.48
LD00004737,2454.27,1973.03,1688.86
LD00004738,2916.08,1261.36,2603.24
LD00004739,2540.71,1513.72,2723.45
LD00004740,2800.72,1688.7,2162.02
LD00004741,2136.45,2011.92,1848.66
LD00004742,1557.29,2075.76,2725.3
LD00004743,1810.06,1564.26,2531.36
LD00004744,2187.58,1368.09,2318.31
LD00004745,2267.24,1799.05,2797.18
LD00004746,2412.23,2058.07,1915.33
LD00004747,2030.18,1843.03,2195.68
LD00004748,2964.39,1233.04,1879.64
LD00004749,2532.49,1702.74,2188.4
LD00004750,2164.67,1590.47,1910.37
LD00004751,2846.36,1926.9,2273.97
LD00004752,1696.47,2309.21,2655.64
LD00004753,2913.61,2362.49,2483.1
LD00004754,2662.26,1296.6,2310.16
LD00004755,2415.39,2122.7,1529.54
LD00004756,2237.14,2123.69,1847.54
LD00004757,1560.54,2248.88,1589.71
LD00004758,2647.55,2346.22,2048.52
LD00004759,1950.28,1273.69,2551.55
LD00004760,1758.45,2418.35,2500.08
LD00004761,2817.08,1571.45,2431.5
LD00004762,2998.0,1767.46,1805.39
LD00004763,2363.81,1317.33,2516.1
LD00004764,2042.55,2279.59,1630.67
LD00004765,2374.49,1279.47,1437.67
LD00004766,2411.67,1528.74,1590.81
LD00004767,2856.36,1622.39,1969.29
LD00004768,2932.22,2216.25,1685.52
LD00004769,1892.98,1853.04,1913.65
LD00004770,1821.51,2197.28,2272.78
LD00004771,2838.74,1755.77,1982.42
LD00004772,1858.82,2265.2,1562.36
LD00004773,1538.88,1415.05,1520.84
LD00004774,2253.75,2492.11,1455.21
LD00004775,2340.73,1411.59,2135.9
LD00004776,2334.09,2038.14,2395.97
LD00004777,2516.14,1592.62,1904.65
LD00004778,2736.75,1340.0,2206.0
LD00004779,2269.71,1291.13,1703.74
LD00004780,2946.34,2145.18,2374.67
LD00004781,2938.65,1503.56,2003.45
LD00004782,2233.58,2489.21,2763.32
LD00004783,2866.93,1310.6,2601.56
LD00004784,2427.57,2354.21,2510.46
LD00004785,1553.65,2257.08,1442.24
LD00004786,2672.58,1229.8,2642.3
LD00004787,2929.03,1542.55,1915.03
LD00004788,1614.92,2362.68,2064.65
LD00004789,1587.05,2130.23,2035.29
LD00004790,2037.16,2317.56,2042.92
LD00004791,2738.26,2182.67,1692.55
LD00004792,2752.87,2060.78,2743.55
LD00004793,1639.23,2464.15,2340.57
LD00004794,1973.19,2355.46,2457.06
LD00004795,2931.16,2187.6,2202.66
LD00004796,1590.64,1718.62,2046.32
LD00004797,2390.71,1565.22,2679.6
LD00004798,2095.82,1985.97,2605.82
LD00004799,1827.3,1799.58,1440.99
LD00004800,2284.37,1211.57,1437.0
LD00004801,1911.52,1263.12,1989.2
LD00004802,1824.3,1480.14,1442.87
LD00004803,2006.47,1894.87,2087.29
LD00004804,2434.58,2046.42,1740.77
LD00004805,2761.09,1840.75,1599.0
LD00004806,2870.0,2290.01,1597.92
LD00004807,2614.04,1662.89,2798.51
LD00004808,2430.31,1348.63,2206.55
LD00004809,2945.78,2395.14,2127.13
LD00004810,2142.55,1905.46,2672.43
LD00004811,1793.18,2341.44,2577.66
LD00004812,2929.27,1891.46,1445.56
LD00004813,2116.79,1770.67,2126.43
LD00004814,2847.88,1555.51,2003.02
LD00004815,1647.4,1500.15,2473.41
LD00004816,2100.49,1337.34,1866.08
LD00004817,2221.18,1248.51,1764.21
LD00004818,1507.31,1334.47,2449.02
LD00004819,2698.88,1680.83,1649.57
LD00004820,2567.01,2113.96,2648.29
LD00004821,2308.52,1353.74,1829.68
LD00004822,2816.18,1298.97,2122.96
LD00004823,2622.77,1228.78,1865.99
LD00004824,2068.63,1655.82,1761.49
LD00004825,2251.16,1520.84,2109.18
LD00004826,2249.75,1316.36,1773.68
LD00004827,1935.1,2239.08,1781.77
LD00004828,1921.21,1639.35,2193.24
LD00004829,2681.89,1237.26,1723.21
LD00004830,1639.07,2441.87,2300.94
LD00004831,2244.81,1394.79,1708.77
LD00004832,2699.79,1813.05,1773.88
LD00004833,2477.45,2144.81,2472.33
LD00004834,2085.87,1889.49,2149.11
LD00004835,2913.45,1622.3,2350.85
LD00004836,2969.76,1961.12,1762.09
LD00004837,2109.58,2394.34,1905.0
LD00004838,1604.45,1735.42,2370.44
LD00004839,1860.82,2261.12,2279.71
LD00004840,1783.23,2169.16,2063.41
LD00004841,1523.39,1745.96,2534.66
LD00004842,2568.79,1949.32,2626.78
LD00004843,2716.95,1972.09,1897.56
LD00004844,2141.62,1628.09,1593.46
LD00004845,2763.85,2107.61,1895.22
LD00004846,2211.98,1419.12,1410.85
LD00004847,2122.36,2409.28,2644.59
LD00004848,2472.54,1780.88,1779.26
LD00004849,2545.68,1614.6,1657.77
LD00004850,2724.17,2125.08,2171.12
LD00004851,2133.84,2382.28,2120.14
LD00004852,2530.28,2088.57,1464.66
LD00004853,1519.14,1923.04,2724.32
LD00004854,2454.39,1639.19,1967.05
LD00004855,1561.43,1551.76,2798.7
LD00004856,2339.16,1316.82,2689.4
LD00004857,2438.27,2358.34,2586.93
LD00004858,1970.07,1655.79,1609.65
LD00004859,2459.86,1828.41,2344.3
LD00004860,2569.41,2317.28,2321.81
LD00004861,2489.32,1262.76,1593.93
LD00004862,1910.88,1793.25,2395.37
LD00004863,2012.48,1928.48,2636.94
LD00004864,2753.69,2324.9,2744.19
LD00004865,1609.48,2137.99,1402.84
LD00004866,1673.99,1741.48,1506.49
LD00004867,1881.87,2126.33,1514.42
LD00004868,1590.53,1949.53,1908.54
LD00004869,2597.18,1592.57,2685.64
LD00004870,2955.1,1440.14,2095.86
LD00004871,2955.73,1927.44,2574.3
LD00004872,2187.74,1273.46,2184.44
LD00004873,2010.96,1424.36,2703.99
LD00004874,2626.45,2145.2,2176.9
LD00004875,2632.43,1728.03,2200.45
LD00004876,2421.76,2065.6,1976.71
LD00004877,2311.71,1668.76,2406.49
LD00004878,2743.42,2040.56,1905.41
LD00004879,1961.16,2185.37,2336.09
LD00004880,2652.8,1201.51,1419.42
LD00004881,1514.44,2184.12,2231.22
LD00004882,1569.96,1519.76,2128.26
LD00004883,2878.57,2116.56,2008.5
LD00004884,1746.33,1848.32,2576.91
LD00004885,2355.96,2356.09,2120.79
LD00004886,2390.8,2074.1,2368.19
LD00004887,2311.24,2324.8,2707.42
LD00004888,2021.42,2308.15,2517.82
LD00004889,2718.11,1713.46,2018.3
LD00004890,2092.75,2080.08,1525.74
LD00004891,2253.22,1780.77,2220.37
LD00004892,2366.09,1204.54,2687.21
LD00004893,1961.0,2194.13,2456.71
LD00004894,2156.19,1433.42,2256.04
LD00004895,1825.06,2298.7,1944.52
LD00004896,1757.75,2404.33,2733.43
LD00004897,1515.16,2383.68,2462.51
LD00004898,2663.34,1250.99,1933.54
LD00004899,2149.02,1645.68,2306.21
LD00004900,2099.57,1822.23,1571.04
LD00004901,2223.28,2022.74,2230.98
LD00004902,2580.18,1665.61,2573.6
LD00004903,2584.99,2197.19,2240.67
LD00004904,1704.0,1764.82,1703.94
LD00004905,1724.17,2426.78,2376.01
LD00004906,2198.03,2363.77,2566.06
LD00004907,2245.94,1429.73,1871.83
LD00004908,1653.01,1503.0,1721.2
LD00004909,1510.36,2100.8,1837.07
LD00004910,1876.47,2364.95,1686.18
LD00004911,1900.65,1448.41,2641.64
LD00004912,2448.38,1898.63,2534.98
LD00004913,2050.7,2025.0,2755.57
LD00004914,2468.5,2358.11,2276.31
LD00004915,2197.11,1771.85,2229.42
LD00004916,2629.11,2093.21,1559.14
LD00004917,2310.53,2361.74,2313.57
LD00004918,2054.29,2117.83,1830.03
LD00004919,1643.79,1836.31,2375.42
LD00004920,2195.35,2069.33,2009.11
LD00004921,1809.39,1389.11,2553.47
LD00004922,2283.59,1671.46,1685.85
LD00004923,2289.26,1922.92,2289.92
LD00004924,1831.42,1793.86,2674.25
LD00004925,2516.58,1304.39,1921.21
LD00004926,1641.9,1862.75,2460.59
LD00004927,2945.93,2237.23,2491.13
LD00004928,1691.65,1215.19,2010.28
LD00004929,2456.84,2197.64,1964.58
LD00004930,2985.7,1842.48,2059.44
LD00004931,2743.26,1950.11,2144.65
LD00004932,2339.27,1665.89,2261.89
LD00004933,1846.67,1635.43,1834.59
LD00004934,2071.7,1398.52,1855.36
LD00004935,1863.02,2080.11,1812.94
LD00004936,1841.78,1984.83,2261.12
LD00004937,1510.83,1923.23,1887.01
LD00004938,2122.14,1766.12,2327.53
LD00004939,1611.73,1275.67,2086.84
LD00004940,1724.43,2307.82,1421.98
LD00004941,2910.02,1694.22,1926.46
LD00004942,2026.39,1707.68,2512.62
LD00004943,1755.02,2148.63,1799.11
LD00004944,1901.85,1477.98,2771.56
LD00004945,1507.63,1324.85,1573.38
LD00004946,1953.55,1875.22,1954.86
LD00004947,2621.68,1470.23,2602.4
LD00004948,1964.31,2401.17,2026.18
LD00004949,2496.71,1868.33,2259.65
LD00004950,1637.05,2489.24,2512.94
LD00004951,2399.21,1844.34,2685.84
LD00004952,2457.75,1927.0,1420.27
LD00004953,2721.91,2130.5,1985.85
LD00004954,1882.41,1841.88,1698.77
LD00004955,2652.17,2346.84,2441.88
LD00004956,1696.15,2426.4,1441.99
LD00004957,2155.11,2393.91,1523.03
LD00004958,2313.48,2362.11,2436.21
LD00004959,2390.12,2399.07,2155.64
LD00004960,1910.16,2259.87,1896.66
LD00004961,2262.17,2004.66,2104.71
LD00004962,2620.36,1275.09,1735.64
LD00004963,1920.63,2242.88,2733.22
LD00004964,2895.51,1587.62,2624.81
LD00004965,2292.58,1973.32,1647.53
LD00004966,2730.37,2091.84,1944.43
LD00004967,2256.61,1282.55,2129.56
LD00004968,1995.18,1603.44,2270.66
LD00004969,1501.04,1589.55,2523.33
LD00004970,2103.54,1773.68,2043.38
LD00004971,2485.61,2345.74,1996.44
LD00004972,1673.69,1639.44,2779.02
LD00004973,2548.13,2472.74,2171.75
LD00004974,2457.71,2373.82,1462.18
LD00004975,1683.93,1877.47,1710.26
LD00004976,1696.53,1906.95,2400.51
LD00004977,1501.9,2259.4,2121.87
LD00004978,2649.63,1233.69,2220.57
LD00004979,1789.53,1874.26,1548.3
LD00004980,1776.54,1582.59,1895.35
LD00004981,2944.66,1320.44,1924.7
LD00004982,2621.51,2050.3,1526.86
LD00004983,1784.54,1721.52,2498.17
LD00004984,2815.63,1636.86,2205.82
LD00004985,2749.97,1949.3,2145.16
LD00004986,2692.43,1840.19,2076.24
LD00004987,2463.02,1993.42,1606.64
LD00004988,2560.7,2176.58,2726.82
LD00004989,1525.91,2393.93,2382.79
LD00004990,1625.59,2451.69,1708.0
LD00004991,1611.34,1453.13,2207.08
LD00004992,1563.14,2332.99,2603.45
LD00004993,1562.02,1267.81,2788.84
LD00004994,2809.17,1294.95,2700.48
LD00004995,2283.23,1653.38,1616.3
LD00004996,2311.35,1705.26,1548.7
LD00004997,2857.67,2225.69,2436.92
LD00004998,2474.5,2391.91,2792.55
LD00004999,2914.79,1758.12,2086.54
LD00005000,1665.25,1920.68,1467.29
LD00005001,2313.06,2368.98,2334.12
LD00005002,2812.2,1998.96,2252.18
LD00005003,1588.93,1621.91,2217.2
LD00005004,2371.21,2389.86,1483.39
LD00005005,1831.74,2227.93,2542.39
LD00005006,2332.46,2093.78,2381.56
LD00005007,2768.73,2345.92,2385.45
LD00005008,2356.08,1725.93,2166.6
LD00005009,1546.26,1412.26,1491.14
LD00005010,2763.82,2230.39,1408.24
LD00005011,2679.04,2208.77,2717.99
LD00005012,1879.76,2171.3,2530.18
LD00005013,2814.66,2111.91,2368.51
LD00005014,1884.98,2245.78,2172.54
LD00005015,2137.28,1623.39,1792.69
LD00005016,2730.34,1215.02,2352.15
LD00005017,2742.95,2385.24,1448.62
LD00005018,2538.47,1793.75,1876.67
LD00005019,2526.39,2028.98,2680.37
LD00005020,2230.67,1384.16,2775.92
LD00005021,1714.61,2004.26,1422.51
LD00005022,2181.45,2317.21,2310.76
LD00005023,1974.29,1447.69,2465.53
LD00005024,2181.21,2178.57,2246.75
LD00005025,1792.88,1324.44,2713.42
LD00005026,1708.48,2474.53,1961.2
LD00005027,2508.44,1687.92,2126.25
LD00005028,1702.13,2217.01,2360.93
LD00005029,2935.97,1310.24,2461.98
LD00005030,2653.09,1902.19,2009.54
LD00005031,1962.66,1878.72,1778.1
LD00005032,2224.68,1259.76,1954.17
LD00005033,2758.78,2169.81,2550.13
LD00005034,1737.21,2365.9,2550.6
LD00005035,1809.42,2131.84,1606.52
LD00005036,1768.97,1464.0,1611.92
LD00005037,2746.71,1200.89,1849.44
LD00005038,2400.31,2342.14,2033.66
LD00005039,2933.68,1273.53,2481.8
LD00005040,2862.29,2366.22,1862.64
LD00005041,1782.63,1354.74,1781.07
LD00005042,1994.08,2448.88,2273.15
LD00005043,1863.3,1364.94,2404.96
LD00005044,2406.8,2348.15,2689.9
LD00005045,2874.63,2355.84,1716.71
LD00005046,2863.16,2032.88,1505.15
LD00005047,2711.17,1899.72,2506.03
LD00005048,1897.86,2379.01,2601.37
LD00005049,2813.93,1826.23,2466.88
LD00005050,1567.7,1393.16,2699.16
LD00005051,1842.13,1482.11,2271.79
LD00005052,2253.37,2049.09,2744.16
LD00005053,1725.91,1603.95,2762.79
LD00005054,2278.98,2001.52,2527.75
LD00005055,2518.92,1670.11,2062.86
LD00005056,2800.26,1742.11,2474.14
LD00005057,1793.13,2184.35,2091.59
LD00005058,1971.85,1584.06,1659.95
LD00005059,1803.9,1351.78,2658.65
LD00005060,2330.31,1630.45,2778.87
LD00005061,2048.29,1920.22,2138.17
LD00005062,1738.26,2483.11,2017.93
LD00005063,2069.54,1692.52,1461.97
LD00005064,1948.84,2118.8,2558.91
LD00005065,2584.44,1368.2,2276.08
LD00005066,1608.38,2294.61,1701.21
LD00005067,2406.27,1333.54,2487.99
LD00005068,2094.2,1323.87,2316.78
LD00005069,2567.81,2422.74,1759.69
LD00005070,1505.69,2264.75,1421.32
LD00005071,1916.04,1572.0,1599.27
LD00005072,2897.06,1658.29,2045.91
LD00005073,1820.3,1973.71,2257.26
LD00005074,2716.16,2088.58,1907.39
LD00005075,2830.75,2221.14,2705.97
LD00005076,2763.0,1807.62,1529.13
LD00005077,2619.47,2229.37,1823.56
LD00005078,2399.63,1845.23,2434.45
LD00005079,2720.58,2132.02,2277.66
LD00005080,2756.8,1819.01,1964.86
LD00005081,1673.41,1944.49,1614.82
LD00005082,1826.03,1768.24,2685.64
LD00005083,2236.57,1575.01,2614.48
LD00005084,1676.29,1417.59,1720.76
LD00005085,1896.06,1253.24,2631.76
LD00005086,2175.7,2091.49,2772.78
LD00005087,2696.33,1922.25,1833.52
LD00005088,1883.76,1796.76,1709.65
LD00005089,2789.44,2476.62,1894.55
LD00005090,2508.32,1784.07,2747.3
LD00005091,2782.21,1914.51,1616.52
LD00005092,2681.17,2038.52,1577.88
LD00005093,2788.08,1854.48,2611.3
LD00005094,2221.14,2227.18,2467.58
LD00005095,1892.14,2227.58,2238.18
LD00005096,2859.47,2138.5,1904.21
LD00005097,2354.88,2060.93,1451.36
LD00005098,2490.2,1716.22,2642.42
LD00005099,2982.81,1322.85,1683.34
LD00005100,1808.38,1642.07,2535.92
LD00005101,1668.7,1877.11,1833.0
LD00005102,2027.23,1400.23,1765.94
LD00005103,2809.38,2174.17,2054.76
LD00005104,2210.76,2119.78,1829.7
LD00005105,2683.93,1528.15,2729.57
LD00005106,2533.95,2144.59,2211.14
LD00005107,2359.07,1535.41,1502.55
LD00005108,2360.71,1456.53,1546.16
LD00005109,1790.13,2096.15,1871.04
LD00005110,2233.29,1799.58,2127.53
LD00005111,2049.16,1472.48,2503.64
LD00005112,1812.93,2208.23,1525.02
LD00005113,2377.24,1486.08,2539.64
LD00005114,2939.9,2048.06,2519.23
LD00005115,2679.93,2311.45,1668.78
LD00005116,2519.37,1837.01,1968.46
LD00005117,1549.74,1297.49,1713.52
LD00005118,1961.92,2457.12,1830.94
LD00005119,2119.05,1526.45,2265.86
LD00005120,1892.32,1960.53,1417.87
LD00005121,1645.87,2413.9,2488.27
LD00005122,2738.28,2115.25,1425.97
LD00005123,2013.94,2377.46,1713.84
LD00005124,2072.13,1997.03,2201.21
LD00005125,2080.66,1435.96,1451.2
LD00005126,1677.26,2241.25,2466.35
LD00005127,2148.52,1490.84,1642.83
LD00005128,2351.42,1770.48,1621.52
LD00005129,2430.67,1809.66,2330.4
LD00005130,2042.87,2086.63,2265.29
LD00005131,2200.36,1354.11,2353.81
LD00005132,2750.31,1806.51,2098.79
LD00005133,2595.24,2305.06,1406.44
LD00005134,2261.96,1728.19,2172.55
LD00005135,2631.49,1245.41,2458.66
LD00005136,1800.7,1650.8,1929.9
LD00005137,2743.92,2433.56,2682.13
LD00005138,1910.71,2348.82,1471.48
LD00005139,1725.57,1714.3,2089.91
LD00005140,2391.79,2251.02,2517.89
LD00005141,2277.36,2052.57,1942.14
LD00005142,2728.9,2022.92,2761.43
LD00005143,2023.31,2294.55,2532.81
LD00005144,2780.5,2379.26,2608.95
LD00005145,2575.35,1368.62,1432.93
LD00005146,2164.03,1420.55,2306.43
LD00005147,2518.84,2172.45,2255.6
LD00005148,2462.52,1536.31,2628.54
LD00005149,2707.09,1654.22,2175.55
LD00005150,2287.47,1686.98,2144.93
LD00005151,2887.37,1954.45,1661.14
LD00005152,1871.51,1981.09,1824.12
LD00005153,2544.94,1559.71,2493.12
LD00005154,2187.9,1271.97,2524.1
LD00005155,2027.62,2138.22,1940.85
LD00005156,2757.65,1608.49,1464.25
LD00005157,2111.42,1871.48,2617.09
LD00005158,1808.96,2358.11,2694.34
LD00005159,2471.58,1546.42,2776.83
LD00005160,2795.65,2169.24,1746.7
LD00005161,2855.14,1455.54,2497.31
LD00005162,1896.68,1636.38,1605.29
LD00005163,2727.24,1290.76,2627.98
LD00005164,2442.43,1767.07,2076.11
LD00005165,2523.09,1975.22,1560.98
LD00005166,2387.85,1799.93,2192.09
LD00005167,2277.55,2494.6,2608.26
LD00005168,1630.79,1527.09,2645.23
LD00005169,1904.39,2430.42,2139.35
LD00005170,1534.39,2251.13,1881.51
LD00005171,2114.84,1441.45,2054.28
LD00005172,2791.08,1811.48,2005.8
LD00005173,2221.33,2027.46,2680.02
LD00005174,2912.16,1979.63,1734.82
LD00005175,2883.66,2321.5,2197.98
LD00005176,2237.98,1529.62,2237.51
LD00005177,2939.93,1333.19,2430.99
LD00005178,2247.34,2415.73,2024.25
LD00005179,2233.92,1285.98,1462.82
LD00005180,2767.53,1672.37,2641.03
LD00005181,1900.99,1844.75,2751.87
LD00005182,2642.03,2084.95,1821.95
LD00005183,2268.44,1455.16,1414.88
LD00005184,2193.66,1762.72,2612.5
LD00005185,2535.15,1209.41,1807.48
LD00005186,2218.81,1868.29,2260.07
LD00005187,2800.31,1920.31,2546.83
LD00005188,2705.38,1533.23,2435.1
LD00005189,2238.67,1875.03,2444.56
LD00005190,2922.25,2492.0,2644.26
LD00005191,2994.77,1963.91,1433.54
LD00005192,2191.75,2353.7,2010.0
LD00005193,1731.77,2005.11,2493.73
LD00005194,1738.43,2283.43,2308.56
LD00005195,2071.65,1484.63,2743.15
LD00005196,2865.38,1665.68,2750.06
LD00005197,2953.58,2472.01,1441.09
LD00005198,2704.87,1557.73,2512.79
LD00005199,2523.93,1471.02,1628.69
LD00005200,2799.57,2016.34,1900.2
LD00005201,1506.57,1579.87,1680.67
LD00005202,2549.67,2185.48,2370.01
LD00005203,2711.62,1272.11,2139.68
LD00005204,2349.92,2383.06,1478.28
LD00005205,2296.03,2121.46,1704.52
LD00005206,2165.2,2271.92,2240.0
LD00005207,1906.34,2131.7,2293.32
LD00005208,2289.4,1336.47,2601.23
LD00005209,2229.03,2317.43,1662.91
LD00005210,2154.89,1556.83,1584.11
LD00005211,2256.66,1440.07,1907.27
LD00005212,2528.34,2206.21,2496.82
LD00005213,2004.82,1639.98,1457.43
LD00005214,2362.78,2146.31,2593.35
LD00005215,2767.45,1540.34,2102.53
LD00005216,2512.81,1640.16,2554.38
LD00005217,2268.75,1566.24,2435.23
LD00005218,2605.64,1863.55,1590.72
LD00005219,2110.83,1577.63,1732.26
LD00005220,2165.43,2305.88,2233.92
LD00005221,2675.78,1981.73,2519.89
LD00005222,2791.41,1860.79,1508.92
LD00005223,2496.07,1780.63,2486.35
LD00005224,2651.46,1787.63,2095.31
LD00005225,2058.16,2336.04,1917.91
LD00005226,1689.29,1868.61,1607.74
LD00005227,2223.79,1810.92,1453.95
LD00005228,2566.04,2336.42,2649.79
LD00005229,2321.13,1603.7,2363.18
LD00005230,2844.58,2398.63,2583.63
LD00005231,2139.56,1456.72,2189.1
LD00005232,2488.49,1835.15,1615.65
LD00005233,2015.26,1238.83,1636.26
LD00005234,2170.13,2011.28,2507.73
LD00005235,1685.89,1401.32,2486.13
LD00005236,1721.29,1827.48,1904.63
LD00005237,2912.87,2262.15,2727.81
LD00005238,1914.46,1845.37,2700.44
LD00005239,1583.82,1567.79,1910.35
LD00005240,2685.46,1659.15,2271.48
LD00005241,2885.45,2241.85,2741.51
LD00005242,1805.31,2232.63,2698.91
LD00005243,2122.14,1270.16,2548.52
LD00005244,2637.94,1591.98,2524.95
LD00005245,1544.95,1742.59,2404.56
LD00005246,1619.19,1315.43,2675.0
LD00005247,2338.73,2195.75,1530.89
LD00005248,2374.61,1489.99,2178.38
LD00005249,2805.51,2068.7,1988.33
LD00005250,2469.34,1231.78,1523.19
LD00005251,2685.08,1917.43,2236.1
LD00005252,2054.14,1465.99,1461.19
LD00005253,1572.73,1994.42,1665.8
LD00005254,2561.42,2422.56,2006.8
LD00005255,1777.41,1203.17,2336.76
LD00005256,2278.14,2426.73,2792.0
LD00005257,2292.32,1568.32,2714.78
LD00005258,2629.04,1735.88,2033.93
LD00005259,2621.6,1554.86,2580.65
LD00005260,2315.52,1588.67,2379.1
LD00005261,1779.52,2195.7,2008.95
LD00005262,1723.35,2261.02,1829.74
LD00005263,1886.49,2042.72,1671.77
LD00005264,2642.44,1979.05,2007.73
LD00005265,2390.82,2046.57,2125.6
LD00005266,2165.44,2311.16,1781.68
LD00005267,1966.65,1884.42,2329.25
LD00005268,2076.03,1992.82,2775.86
LD00005269,1873.98,2253.49,1862.39
LD00005270,1966.43,1387.42,2261.07
LD00005271,2439.91,2229.91,2216.67
LD00005272,1902.4,2441.7,1944.04
LD00005273,2938.11,1358.26,2780.89
LD00005274,2364.81,2227.87,1740.19
LD00005275,1899.43,1928.24,1592.32
LD00005276,2201.57,1499.52,2389.8
LD00005277,1579.85,1702.85,2397.22
LD00005278,2237.91,1591.04,2636.55
LD00005279,2243.66,1517.99,2699.54
LD00005280,1991.79,1700.55,2520.12
LD00005281,2493.89,2047.24,2332.52
LD00005282,2738.51,1798.49,1939.52
LD00005283,1581.17,1658.33,1493.95
LD00005284,2874.85,2028.36,2070.57
LD00005285,2458.72,2422.83,1769.55
LD00005286,1748.41,1247.35,1975.52
LD00005287,2032.7,2347.65,2519.49
LD00005288,1592.18,1396.2,2772.96
LD00005289,2164.62,1792.69,1539.65
LD00005290,1576.06,1623.54,2284.2
LD00005291,2506.0,2054.62,2526.25
LD00005292,2441.02,1506.06,1843.24
LD00005293,1574.49,1313.87,1768.36
LD00005294,2749.43,2122.44,2100.99
LD00005295,2116.13,2493.63,1660.63
LD00005296,2669.12,1367.51,1686.24
LD00005297,2103.32,2396.12,2441.58
LD00005298,2605.02,1838.39,1453.42
LD00005299,2404.71,1887.37,1889.4
LD00005300,2370.57,2196.61,1906.59
LD00005301,2000.63,1372.52,1426.52
LD00005302,2424.63,1757.98,2740.47
LD00005303,1823.35,2374.64,2105.32
LD00005304,1968.17,2327.55,2278.52
LD00005305,1685.25,1252.19,1507.53
LD00005306,2845.68,2471.87,1552.23
LD00005307,1931.25,2244.65,1681.63
LD00005308,1923.77,1781.11,2753.0
LD00005309,1925.13,1307.49,1576.76
LD00005310,2699.77,1433.5,1994.98
LD00005311,2783.84,1428.19,1681.74
LD00005312,2952.03,1641.68,1431.04
LD00005313,1875.82,1623.62,1873.72
LD00005314,2910.26,2362.52,2344.23
LD00005315,2621.08,1387.17,2413.63
LD00005316,1511.56,2448.21,2664.79
LD00005317,2324.79,1254.17,2210.67
LD00005318,2935.4,2204.38,2760.06
LD00005319,2774.09,1789.73,2363.42
LD00005320,2957.76,1674.47,2514.04
LD00005321,2640.36,2394.76,1423.38
LD00005322,1908.97,1566.44,2215.87
LD00005323,2806.31,1744.18,2062.31
LD00005324,2372.52,1444.85,2604.96
LD00005325,1548.1,1552.83,1954.32
LD00005326,2624.81,2219.36,2279.31
LD00005327,2608.82,1945.6,1599.76
LD00005328,1603.24,2207.26,2668.29
LD00005329,2316.56,1242.61,1842.49
LD00005330,1785.54,1708.76,1911.03
LD00005331,2970.78,1464.01,1733.36
LD00005332,2563.0,1678.8,1823.72
LD00005333,1504.35,2265.52,2659.59
LD00005334,2656.6,1542.61,2031.17
LD00005335,2459.68,1390.74,2500.81
LD00005336,2161.25,1344.71,1657.51
LD00005337,2327.7,2083.95,2526.99
LD00005338,2880.64,2015.86,2191.56
LD00005339,2173.62,2292.74,2154.71
LD00005340,2181.02,1986.67,1924.97
LD00005341,2240.37,2161.35,2755.02
LD00005342,1545.79,2111.88,2773.44
LD00005343,2581.66,2360.22,2225.53
LD00005344,2409.86,1912.66,1746.29
LD00005345,2232.19,1475.45,2645.11
LD00005346,1541.89,1982.81,2543.27
LD00005347,1564.74,1655.5,2404.33
LD00005348,2892.11,2331.15,2559.25
LD00005349,2356.4,2410.81,1916.05
LD00005350,2778.74,2487.61,2611.01
LD00005351,2087.94,2330.15,2056.56
LD00005352,2138.07,2048.32,2409.73
LD00005353,2371.45,2264.41,1974.94
LD00005354,2967.29,2279.25,2320.71
LD00005355,1681.92,1766.94,2605.04
LD00005356,1539.58,1988.27,2715.01
LD00005357,2757.66,1963.93,1495.2
LD00005358,2721.87,1287.42,2054.29
LD00005359,2992.0,1849.47,1968.7
LD00005360,2017.09,2297.21,2335.66
LD00005361,2197.41,1838.23,2094.07
LD00005362,1916.3,1965.27,1587.78
LD00005363,2821.41,1330.72,2188.44
LD00005364,1958.86,1236.62,2087.2
LD00005365,2942.63,1670.62,2373.51
LD00005366,2985.73,2262.67,1609.01
LD00005367,2956.4,1678.91,1736.22
LD00005368,2695.62,2149.79,2495.41
LD00005369,2027.56,1263.32,1899.69
LD00005370,2620.51,2343.06,2411.47
LD00005371,1783.71,1903.74,2171.4
LD00005372,2235.1,1845.63,2113.43
LD00005373,2176.69,1510.39,2608.64
LD00005374,2481.91,1598.96,2151.87
LD00005375,2406.62,1967.33,2452.42
LD00005376,1716.89,1246.93,1512.36
LD00005377,2545.54,2359.68,1996.1
LD00005378,1723.06,2252.81,1556.71
LD00005379,2943.25,1947.75,1695.15
LD00005380,1819.33,1299.19,2470.52
LD00005381,1559.41,2033.81,2142.52
LD00005382,2060.87,1506.05,2580.34
LD00005383,2534.32,1269.24,2237.51
LD00005384,1880.37,1855.44,1559.23
LD00005385,2104.85,2310.84,2224.93
LD00005386,1683.33,1499.99,2762.98
LD00005387,1706.17,1487.34,2016.69
LD00005388,2003.47,2412.51,2510.5
LD00005389,2528.49,2254.45,2015.13
LD00005390,1974.4,2455.07,2369.81
LD00005391,2671.46,1931.31,2042.15
LD00005392,2871.94,2070.11,1696.36
LD00005393,1809.59,1521.93,2694.99
LD00005394,2534.9,1843.44,1444.32
LD00005395,2849.9,1797.26,1470.23
LD00005396,2599.61,1444.52,2228.13
LD00005397,2176.06,1658.04,1984.79
LD00005398,1795.62,1949.6,1969.71
LD00005399,2964.72,2248.56,2151.95
LD00005400,2099.6,2186.72,1718.96
LD00005401,1899.03,1338.0,2500.19
LD00005402,1949.76,2315.54,2491.33
LD00005403,1890.66,1450.84,1789.77
LD00005404,1672.1,2445.04,1549.53
LD00005405,2257.39,2340.48,2260.93
LD00005406,1821.19,1402.31,2586.53
LD00005407,2054.57,2462.47,1849.34
LD00005408,2694.86,2354.06,1508.59
LD00005409,2574.96,1248.86,1664.11
LD00005410,2093.43,2035.93,2618.91
LD00005411,1929.44,2412.93,2361.96
LD00005412,1952.83,2423.05,2672.03
LD00005413,2983.71,1204.22,1649.02
LD00005414,2012.52,1525.86,1945.14
LD00005415,1716.13,1524.95,1798.29
LD00005416,2626.12,1519.96,1813.15
LD00005417,2074.54,1280.68,2732.35
LD00005418,2749.8,1536.94,2359.25
LD00005419,2125.68,2234.94,1749.77
LD00005420,1577.21,1951.52,2483.31
LD00005421,1784.83,1373.5,1763.66
LD00005422,2610.32,1200.59,1638.64
LD00005423,2231.41,1719.17,1936.16
LD00005424,2154.18,2063.79,1520.25
LD00005425,1904.72,1449.27,2343.76
LD00005426,2039.48,2244.7,1596.67
LD00005427,1993.11,1760.42,2462.63
LD00005428,2158.87,1996.41,2333.78
LD00005429,2323.21,1935.57,2385.45
LD00005430,2388.97,1421.24,2540.22
LD00005431,2464.69,1333.44,1796.4
LD00005432,2255.67,1577.25,1797.94
LD00005433,1824.6,1867.2,1906.54
LD00005434,2851.92,1955.41,2212.68
LD00005435,2118.28,1399.99,2668.07
LD00005436,2731.19,1239.69,2030.31
LD00005437,1577.46,2372.82,2305.24
LD00005438,2153.76,2473.6,2118.89
LD00005439,2104.87,2011.51,2161.26
LD00005440,2195.03,2421.34,2239.8
LD00005441,2185.59,2068.43,2729.19
LD00005442,1968.26,1555.04,2294.97
LD00005443,1787.08,1394.39,1559.15
LD00005444,2838.65,1327.89,1486.29
LD00005445,1826.59,1667.1,2560.35
LD00005446,2830.82,1506.57,1656.24
LD00005447,2590.9,1391.82,2417.14
LD00005448,2091.8,2425.47,2067.26
LD00005449,2998.61,1405.53,2792.99
LD00005450,2104.02,1951.0,1666.59
LD00005451,2125.04,1434.14,1719.67
LD00005452,1818.27,1829.29,1577.93
LD00005453,2710.49,1332.94,2732.41
LD00005454,2163.36,1386.77,2433.88
LD00005455,1656.48,2087.31,1653.62
LD00005456,1749.16,2161.69,1871.42
LD00005457,2675.88,2215.43,1716.13
LD00005458,2343.62,2336.33,1680.67
LD00005459,2753.79,1481.3,2478.47
LD00005460,1922.6,1569.68,2608.8
LD00005461,2526.34,1763.89,2311.79
LD00005462,1713.98,1543.27,1833.88
LD00005463,2280.76,1581.34,2773.91
LD00005464,1933.57,2464.9,1604.42
LD00005465,2325.82,1544.65,1932.75
LD00005466,2995.82,1895.71,2552.33
LD00005467,2866.6,1875.04,2218.7
LD00005468,2043.24,2290.45,2480.84
LD00005469,2376.12,2409.1,1598.48
LD00005470,2724.91,1824.69,2594.33
LD00005471,2717.59,1436.84,2355.7
LD00005472,1911.36,2454.25,2349.28
LD00005473,2088.21,2177.18,1656.7
LD00005474,2472.05,1222.93,1781.35
LD00005475,2681.86,1822.16,1709.69
LD00005476,2416.99,2335.89,2553.97
LD00005477,2227.61,1251.66,2603.68
LD00005478,2257.24,2114.41,1726.1
LD00005479,2503.56,2190.09,2488.74
LD00005480,2435.33,2437.51,2059.07
LD00005481,2912.89,2255.6,2159.6
LD00005482,2478.71,2056.81,1759.26
LD00005483,2483.23,1926.8,2580.1
LD00005484,2072.77,1884.64,2603.78
LD00005485,2831.08,2205.17,1771.12
LD00005486,1504.27,1787.83,2684.7
LD00005487,2330.45,1511.32,1978.22
LD00005488,1519.77,2256.29,2518.0
LD00005489,1981.53,1641.54,2091.72
LD00005490,2697.96,1462.04,2542.14
LD00005491,2287.03,1479.63,2170.1
LD00005492,2626.63,1355.43,1651.65
LD00005493,2700.09,1565.49,2511.39
LD00005494,2430.21,1903.25,1817.34
LD00005495,2265.27,1713.39,1929.88
LD00005496,2350.28,1857.87,2238.15
LD00005497,2004.37,2497.55,1928.54
LD00005498,2493.27,1958.61,2285.15
LD00005499,1887.06,2360.7,2174.04
LD00005500,2675.67,1893.0,1516.45
LD00005501,1973.59,1410.94,2748.62
LD00005502,2199.86,2000.69,2669.69
LD00005503,1672.46,2199.63,1959.84
LD00005504,2661.86,2144.92,2075.22
LD00005505,2435.39,2159.32,1850.17
LD00005506,2839.4,2087.9,1666.88
LD00005507,2767.16,1222.85,2340.8
LD00005508,2607.02,1957.8,1696.4
LD00005509,2010.26,1352.23,2025.35
LD00005510,1883.72,2039.58,2219.37
LD00005511,1689.11,2308.92,2656.53
LD00005512,2834.4,1961.57,1409.57
LD00005513,2970.28,2146.44,1893.48
LD00005514,2716.47,1264.43,1623.82
LD00005515,2910.05,2423.63,2260.56
LD00005516,2716.17,1200.81,2655.06
LD00005517,2207.51,2073.8,2702.46
LD00005518,1669.41,1403.29,1920.33
LD00005519,2968.55,2092.96,2526.08
LD00005520,1506.8,2176.46,1848.84
LD00005521,1863.81,1419.16,1623.45
LD00005522,2471.41,1313.65,2088.15
LD00005523,1841.93,1437.53,1989.43
LD00005524,1960.14,1689.28,2279.59
LD00005525,2919.28,2058.25,1622.87
LD00005526,2785.92,1852.0,2458.23
LD00005527,2892.66,2376.11,2660.67
LD00005528,2219.1,1717.84,2794.18
LD00005529,2358.52,1713.34,2397.8
LD00005530,1977.63,2156.94,1597.52
LD00005531,2054.75,1647.8,2231.46
LD00005532,1518.7,1408.33,1958.98
LD00005533,1813.3,2118.42,2435.74
LD00005534,2226.23,2450.08,2713.33
LD00005535,2164.43,2285.99,1517.48
LD00005536,1855.33,1977.66,2319.38
LD00005537,2837.13,2405.92,2702.32
LD00005538,2134.5,1580.14,1669.39
LD00005539,1961.12,1607.61,1730.34
LD00005540,1649.8,2326.12,2602.16
LD00005541,1804.34,2273.59,2389.67
LD00005542,1698.01,2119.47,1715.29
LD00005543,2739.86,2472.83,1419.49
LD00005544,2825.81,2372.64,1528.27
LD00005545,2194.84,1930.7,1684.22
LD00005546,2619.66,1235.37,2590.18
LD00005547,2321.06,2143.18,2407.24
LD00005548,1618.49,2236.56,1894.52
LD00005549,2045.6,2328.49,2063.46
LD00005550,2762.48,1753.32,2520.95
LD00005551,2380.19,1950.17,2384.46
LD00005552,2518.33,2090.34,1727.9
LD00005553,2227.41,1386.53,2032.02
LD00005554,1862.73,1723.15,2658.05
LD00005555,1836.92,2159.04,2296.72
LD00005556,1831.16,2394.96,2730.66
LD00005557,2292.49,1531.09,1492.19
LD00005558,2418.72,1582.12,2460.61
LD00005559,2938.83,1622.53,2773.24
LD00005560,2690.16,2237.86,1498.71
LD00005561,2968.54,2082.48,2581.99
LD00005562,2305.05,2306.61,2486.42
LD00005563,2749.43,1327.33,2687.18
LD00005564,2575.33,2338.61,2247.25
LD00005565,1911.34,1886.58,1913.42
LD00005566,1917.31,1201.19,1629.87
LD00005567,1873.93,1646.75,2458.46
LD00005568,2734.33,1230.64,1488.16
LD00005569,2185.66,2363.16,1576.18
LD00005570,2349.34,1287.74,2538.56
LD00005571,2756.7,1578.89,2488.07
LD00005572,2440.56,1284.28,1757.38
LD00005573,2980.47,2084.12,1760.47
LD00005574,1844.38,2177.33,1951.99
LD00005575,2566.83,1417.1,2164.32
LD00005576,1825.38,1682.85,1602.86
LD00005577,2367.88,2271.16,2338.36
LD00005578,2175.78,1415.95,1482.84
LD00005579,2626.38,1805.31,2413.66
LD00005580,2190.23,1600.7,2648.6
LD00005581,2914.16,1407.96,2425.58
LD00005582,2771.79,2109.32,2287.56
LD00005583,2569.1,1931.19,1605.78
LD00005584,1616.85,2421.11,1806.78
LD00005585,2901.26,1252.95,1880.83
LD00005586,2212.33,1219.22,1784.18
LD00005587,2389.52,1271.91,2512.56
LD00005588,2452.81,1545.13,2598.02
LD00005589,2766.38,2447.77,1646.52
LD00005590,2649.27,1853.09,1800.12
LD00005591,2343.38,1269.58,2780.42
LD00005592,1555.12,2131.28,2662.28
LD00005593,2013.24,2063.9,2590.23
LD00005594,2182.62,1831.31,1808.29
LD00005595,2273.83,1604.45,1493.08
LD00005596,2865.24,1954.26,1668.78
LD00005597,2659.22,1295.19,1887.12
LD00005598,1693.47,2216.42,2323.7
LD00005599,1684.41,2331.63,2707.13
LD00005600,2320.87,2090.18,2053.28
LD00005601,2295.82,2307.24,2394.31
LD00005602,2345.6,1518.87,2224.68
LD00005603,2362.01,1910.41,2685.12
LD00005604,2940.99,2047.86,2245.39
LD00005605,2893.92,1821.96,1815.58
LD00005606,2913.27,1490.84,1953.66
LD00005607,2098.64,1482.52,1491.1
LD00005608,2923.02,1856.21,2660.61
LD00005609,1762.07,2392.97,1486.9
LD00005610,2839.98,1834.33,2600.41
LD00005611,2548.79,1536.38,2070.32
LD00005612,2731.91,1421.42,1469.86
LD00005613,1810.05,1649.05,2286.9
LD00005614,1634.98,1689.22,2657.02
LD00005615,1700.98,1214.61,2786.82
LD00005616,2199.0,1804.41,1574.28
LD00005617,1986.51,2231.64,2522.79
LD00005618,1589.68,2286.7,2796.02
LD00005619,2236.39,1763.69,1738.11
LD00005620,2353.08,2074.04,2126.22
LD00005621,1673.46,2278.7,1521.06
LD00005622,2543.66,2013.56,2192.83
LD00005623,2379.58,1247.47,2187.54
LD00005624,1622.95,2483.69,2487.95
LD00005625,2117.71,2352.72,1952.83
LD00005626,2173.6,1443.22,2254.23
LD00005627,2297.11,1319.59,2154.17
LD00005628,1987.32,1764.58,1857.95
LD00005629,2498.7,2136.13,2332.51
LD00005630,2088.31,1433.95,2697.53
LD00005631,2557.56,2467.85,2720.63
LD00005632,2710.68,1349.76,2705.8
LD00005633,2882.16,1637.1,1609.08
LD00005634,2339.57,2428.82,1451.59
LD00005635,2408.94,2108.83,1819.64
LD00005636,1591.41,2107.39,2000.13
LD00005637,2321.29,1482.79,2689.09
LD00005638,1697.34,1858.05,2334.19
LD00005639,2418.38,1907.95,1512.11
LD00005640,1959.37,2168.75,1911.22
LD00005641,2853.76,2449.28,2679.02
LD00005642,1912.11,1406.65,2276.96
LD00005643,2802.77,1677.14,1974.02
LD00005644,2790.53,2409.22,1821.67
LD00005645,2837.22,2113.3,2593.52
LD00005646,1956.05,1607.22,1496.23
LD00005647,1792.21,1406.61,1599.61
LD00005648,2200.08,1636.55,2308.2
LD00005649,1831.51,2069.35,2481.8
LD00005650,2032.92,1210.5,1780.92
LD00005651,2968.18,1265.98,2720.21
LD00005652,2010.51,1842.45,2529.42
LD00005653,2938.55,1940.41,2526.85
LD00005654,1652.31,1872.22,2572.8
LD00005655,2199.9,2380.37,1866.97
LD00005656,2018.87,1307.38,1513.49
LD00005657,2506.22,1286.4,1843.97
LD00005658,2827.84,2423.81,1743.33
LD00005659,2621.02,1405.35,2082.42
LD00005660,2940.61,1308.51,1843.81
LD00005661,2153.42,1202.15,2109.24
LD00005662,2639.24,1835.12,1522.01
LD00005663,2374.37,1554.21,1868.38
LD00005664,2882.67,2390.0,1708.16
LD00005665,2538.01,1735.19,2586.08
LD00005666,2103.33,2255.85,1542.73
LD00005667,2573.67,2191.48,1543.43
LD00005668,2072.84,1985.96,1978.04
LD00005669,1828.31,1685.11,2558.51
LD00005670,2758.0,2368.73,2169.33
LD00005671,2433.12,1705.36,2507.59
LD00005672,2874.0,1809.77,2643.62
LD00005673,1659.45,1471.25,2191.2
LD00005674,2584.17,2426.2,2233.18
LD00005675,1561.75,2433.25,1547.87
LD00005676,2186.9,2062.74,1763.82
LD00005677,2902.05,2109.22,2642.49
LD00005678,2233.55,2204.94,2623.34
LD00005679,2247.34,2242.54,2144.96
LD00005680,1617.68,1272.05,1820.39
LD00005681,2414.53,2036.47,1764.99
LD00005682,2825.64,1898.11,1727.69
LD00005683,2338.17,1964.75,2574.96
LD00005684,2107.48,2078.63,2526.39
LD00005685,2206.01,2155.73,1610.24
LD00005686,1872.02,1888.6,1709.18
LD00005687,1927.81,2043.77,2203.72
LD00005688,1596.06,2111.14,2130.74
LD00005689,2170.35,1693.78,2528.37
LD00005690,2877.11,2474.23,2219.33
LD00005691,1554.23,1307.88,2144.87
LD00005692,2190.7,1301.06,1849.23
LD00005693,2847.65,2475.51,2283.21
LD00005694,2064.56,2351.6,2403.9
LD00005695,2460.19,1743.82,2626.7
LD00005696,2819.34,2348.66,2029.2
LD00005697,1713.09,1896.04,2404.73
LD00005698,2017.07,1292.58,1955.1
LD00005699,1771.55,1806.05,1527.95
LD00005700,2202.23,2296.64,1923.77
LD00005701,1630.83,2248.84,1631.34
LD00005702,1854.94,1603.33,2033.12
LD00005703,1814.83,1295.8,1805.38
LD00005704,2874.11,1848.82,2510.98
LD00005705,2805.82,2427.07,2176.23
LD00005706,2381.68,2494.21,1670.84
LD00005707,2951.63,1561.19,1799.46
LD00005708,2117.5,2264.94,2333.75
LD00005709,2550.37,2329.98,2092.62
LD00005710,2650.82,1355.56,2581.69
LD00005711,1910.17,1478.15,2003.4
LD00005712,2328.52,1295.63,2078.81
LD00005713,2922.12,1932.98,1598.62
LD00005714,2827.39,1333.78,2670.82
LD00005715,1825.74,1298.1,1728.12
LD00005716,1841.64,1711.87,2697.09
LD00005717,1949.74,1235.74,2340.41
LD00005718,1787.06,2050.47,1846.2
LD00005719,2633.9,1284.89,1687.41
LD00005720,1980.6,2034.57,1657.54
LD00005721,1608.23,1479.18,2177.87
LD00005722,1837.96,1952.63,1796.56
LD00005723,2239.02,2267.32,1815.77
LD00005724,2224.97,1999.82,1583.76
LD00005725,2849.15,1961.25,2007.99
LD00005726,2752.47,2257.65,2452.25
LD00005727,2650.7,1339.82,1787.26
LD00005728,2840.92,1693.96,2191.99
LD00005729,1633.75,2044.96,1775.67
LD00005730,1607.2,1629.7,2187.4
LD00005731,1797.05,1792.34,2143.38
LD00005732,1925.33,2303.05,1749.06
LD00005733,1730.09,1770.77,1564.15
LD00005734,2743.82,2146.53,2253.29
LD00005735,2495.88,2161.07,1718.29
LD00005736,1593.8,2024.6,2467.95
LD00005737,1678.55,1919.92,2372.61
LD00005738,2304.61,1581.38,1796.68
LD00005739,1786.84,1656.06,1772.15
LD00005740,1905.17,2394.28,2398.78
LD00005741,2350.22,2461.07,1908.24
LD00005742,2174.12,1963.13,2583.45
LD00005743,1813.53,2094.36,2605.07
LD00005744,1676.52,2307.84,1652.38
LD00005745,1717.7,1608.82,2272.04
LD00005746,2396.98,1343.97,2526.6
LD00005747,2071.67,1459.81,1820.93
LD00005748,2498.52,1767.08,1863.93
LD00005749,1997.2,1919.71,1561.22
LD00005750,2532.49,1381.37,2676.27
LD00005751,2347.4,2360.29,1698.45
LD00005752,2638.94,1496.63,2391.4
LD00005753,2797.22,1956.4,1933.71
LD00005754,2396.42,2333.4,1566.51
LD00005755,2480.34,1746.7,1931.18
LD00005756,1539.26,1247.78,2040.93
LD00005757,2276.1,2335.66,2677.3
LD00005758,1592.09,1756.51,2781.19
LD00005759,2605.65,1990.63,2726.56
LD00005760,2807.79,1739.02,1887.83
LD00005761,2450.99,1228.78,1415.11
LD00005762,1508.42,1499.26,1590.31
LD00005763,2224.15,1707.68,2133.07
LD00005764,2110.41,1246.12,2792.98
LD00005765,2072.24,1886.11,2792.16
LD00005766,2736.57,2317.73,1837.87
LD00005767,1974.37,2449.12,2360.07
LD00005768,1770.08,1947.55,1899.91
LD00005769,1944.65,1724.25,1546.24
LD00005770,2942.92,1767.22,1501.15
LD00005771,2465.94,1587.63,2494.45
LD00005772,1557.96,2166.95,1992.05
LD00005773,2627.72,2355.93,1667.29
LD00005774,2790.31,1953.85,2135.64
LD00005775,2577.81,1652.79,2466.24
LD00005776,1816.0,2205.55,1739.8
LD00005777,2506.85,1420.88,2433.67
LD00005778,1794.02,1470.66,1690.08
LD00005779,2364.49,1535.65,2281.23
LD00005780,2275.67,1887.85,2351.27
LD00005781,1658.47,2341.53,1595.16
LD00005782,1821.01,2121.5,2564.96
LD00005783,2404.96,1294.87,2021.33
LD00005784,1859.24,1863.26,2656.49
LD00005785,2829.55,2070.03,1646.22
LD00005786,2854.44,1780.58,2424.5
LD00005787,2094.54,2249.25,2152.5
LD00005788,2982.76,1342.87,1726.08
LD00005789,1940.95,2290.88,2711.7
LD00005790,2007.84,1426.65,2606.07
LD00005791,1723.79,2102.92,1575.28
LD00005792,2885.03,2315.72,1665.35
LD00005793,2702.47,2354.47,1465.33
LD00005794,2320.52,2011.95,1470.57
LD00005795,2256.69,1791.95,1745.44
LD00005796,1839.64,1988.19,2645.03
LD00005797,1561.41,1669.96,1657.2
LD00005798,1858.43,2053.09,2271.7
LD00005799,2887.93,1338.01,1695.08
LD00005800,2762.26,1407.54,1527.47
LD00005801,1651.28,2305.05,1517.86
LD00005802,2258.66,2418.64,2276.98
LD00005803,2430.11,2336.87,2323.75
LD00005804,1900.93,1483.11,1531.22
LD00005805,2846.89,1806.37,1738.78
LD00005806,1558.68,1349.18,2717.31
LD00005807,1552.78,2285.8,2637.36
LD00005808,2939.64,2146.31,1829.14
LD00005809,1894.71,1640.71,2339.89
LD00005810,2604.8,1295.45,2091.91
LD00005811,1852.2,1521.39,1497.68
LD00005812,2362.34,2487.52,2610.07
LD00005813,2658.49,1555.42,2634.86
LD00005814,1696.57,2214.25,2668.96
LD00005815,1952.82,2247.33,1438.7
LD00005816,2448.22,2398.74,2287.17
LD00005817,1629.84,1548.4,1711.1
LD00005818,2046.17,2003.84,1760.96
LD00005819,2765.71,2275.59,1802.65
LD00005820,2693.52,1259.64,2117.82
LD00005821,2717.34,2101.51,1950.14
LD00005822,2357.32,1753.93,1620.76
LD00005823,2978.81,1737.09,2585.01
LD00005824,2486.39,2132.57,1883.44
LD00005825,2413.33,1886.56,1909.02
LD00005826,2139.16,2384.71,1949.82
LD00005827,1742.99,1406.04,1431.39
LD00005828,2003.3,1204.18,1635.89
LD00005829,1934.63,1644.19,2270.89
LD00005830,1970.32,1817.46,2502.71
LD00005831,2073.3,1341.52,2434.2
LD00005832,1728.39,2245.05,2129.13
LD00005833,2649.01,1938.37,1404.44
LD00005834,2254.3,1453.06,2416.77
LD00005835,2737.52,2169.84,1978.26
LD00005836,2858.73,1371.81,1454.7
LD00005837,2787.28,1873.89,2351.45
LD00005838,2210.24,1473.72,2428.01
LD00005839,2537.08,2337.22,2443.27
LD00005840,2778.36,1964.88,1465.5
LD00005841,1906.36,1799.23,1854.77
LD00005842,2364.12,1552.93,2669.82
LD00005843,2464.45,1726.96,1803.23
LD00005844,1713.65,1827.94,1950.86
LD00005845,2953.67,1698.54,1832.9
LD00005846,1527.38,2193.14,2002.73
LD00005847,1899.51,1247.18,1417.98
LD00005848,2123.79,2093.41,2160.98
LD00005849,1501.03,1324.36,1526.39
LD00005850,1949.7,2311.96,1622.86
LD00005851,2053.29,2315.79,1566.78
LD00005852,2549.99,1569.7,1903.26
LD00005853,2783.97,2319.41,1630.79
LD00005854,1648.01,2206.28,2550.7
LD00005855,2466.19,1859.96,2063.46
LD00005856,1990.41,1533.86,2652.47
LD00005857,2539.06,1500.11,2788.42
LD00005858,2767.14,2303.63,1469.58
LD00005859,1636.43,1568.05,2714.44
LD00005860,2285.78,1278.34,2610.77
LD00005861,2151.72,1717.02,1622.58
LD00005862,2510.66,1245.77,1978.34
LD00005863,2962.21,2196.57,2004.64
LD00005864,2004.97,1708.21,1844.68
LD00005865,2838.71,2256.39,2727.3
LD00005866,2082.83,1770.77,2745.84
LD00005867,2854.87,1927.12,2314.42
LD00005868,2131.84,1533.99,1644.88
LD00005869,1720.86,1570.49,1824.25
LD00005870,1558.86,2206.87,2795.9
LD00005871,2701.3,1233.59,1495.52
LD00005872,1534.14,1456.76,2732.63
LD00005873,1884.87,2177.61,1931.79
LD00005874,1669.79,1616.31,1813.15
LD00005875,2114.81,1758.09,1993.76
LD00005876,2599.67,2435.59,2250.7
LD00005877,2340.76,1536.88,1845.52
LD00005878,2880.66,1941.2,1649.49
LD00005879,1747.59,1392.02,2637.31
LD00005880,2622.32,1920.73,2639.78
LD00005881,2085.94,1663.39,2067.73
LD00005882,2065.13,1554.81,2050.93
LD00005883,2601.01,1939.77,1584.32
LD00005884,2412.86,1709.69,1637.98
LD00005885,2281.26,2459.32,2261.65
LD00005886,2986.4,2110.99,2304.48
LD00005887,2626.35,2418.98,1446.41
LD00005888,2529.09,2159.21,1725.69
LD00005889,1707.67,1482.22,2780.78
LD00005890,2518.97,1872.94,2332.23
LD00005891,2003.13,1414.04,1462.44
LD00005892,2758.08,1537.0,2472.11
LD00005893,1863.69,1290.88,1841.04
LD00005894,2211.8,2431.2,2400.35
LD00005895,1710.39,1824.56,2584.6
LD00005896,2814.52,1348.71,2598.26
LD00005897,1839.07,1619.96,2392.52
LD00005898,1567.89,2128.67,1955.3
LD00005899,2187.39,1613.62,1811.68
LD00005900,2182.47,1908.62,1590.03
LD00005901,2891.25,1739.6,1426.23
LD00005902,2491.62,1831.19,2597.27
LD00005903,1810.51,2248.56,2746.41
LD00005904,2081.99,1577.54,2713.96
LD00005905,2154.45,1381.32,1655.02
LD00005906,2096.53,1408.63,1965.15
LD00005907,1847.6,1813.1,1812.58
LD00005908,2478.25,2349.73,2165.49
LD00005909,2364.45,2488.86,2622.52
LD00005910,1514.74,2200.87,1463.12
LD00005911,1873.87,2116.51,2459.89
LD00005912,2316.98,1442.7,2105.45
LD00005913,2162.34,2284.33,2728.31
LD00005914,1768.38,1723.09,2236.12
LD00005915,2529.87,1679.36,2763.95
LD00005916,2932.89,1685.18,2058.89
LD00005917,2575.76,2252.7,2134.61
LD00005918,2548.53,2271.39,1613.04
LD00005919,2993.47,1249.19,2505.04
LD00005920,2579.65,1224.23,2759.95
LD00005921,2550.49,1729.55,2035.63
LD00005922,1911.32,2354.71,1669.86
LD00005923,2883.25,1736.83,2214.21
LD00005924,1751.54,1725.56,1464.96
LD00005925,1705.51,1582.03,1453.28
LD00005926,2235.36,1867.6,1893.96
LD00005927,2972.32,1755.51,2440.06
LD00005928,1645.38,1932.83,2044.85
LD00005929,1806.78,2390.83,2354.11
LD00005930,2634.13,1855.72,2469.3
LD00005931,1804.57,1680.63,1854.49
LD00005932,1966.5,1887.04,2754.7
LD00005933,1981.06,2077.6,2636.03
LD00005934,2094.45,1830.94,2480.98
LD00005935,2907.72,1645.78,1982.07
LD00005936,2609.56,2041.02,1681.08
LD00005937,1772.93,2013.28,2379.46
LD00005938,1631.47,2344.33,2482.74
LD00005939,2091.81,1500.1,2789.76
LD00005940,2490.08,2340.33,1936.1
LD00005941,1652.52,1459.26,2765.79
LD00005942,2376.4,1201.19,1700.89
LD00005943,2731.35,1593.22,2444.31
LD00005944,1786.86,1938.75,2573.03
LD00005945,1590.32,1691.83,2772.5
LD00005946,2349.83,1708.67,2179.37
LD00005947,1564.15,1800.27,1931.55
LD00005948,2374.98,2453.18,1832.16
LD00005949,1675.79,2320.13,2743.47
LD00005950,2257.03,1492.19,2388.51
LD00005951,2739.44,1337.88,1450.11
LD00005952,2653.9,2276.59,1736.16
LD00005953,2177.57,2044.75,2521.03
LD00005954,1641.89,2243.09,2145.39
LD00005955,1650.12,2486.62,1464.61
LD00005956,2226.69,2376.79,2704.01
LD00005957,2920.24,1546.95,1438.78
LD00005958,2263.12,1822.4,1511.9
LD00005959,2846.59,1649.94,1922.35
LD00005960,1673.3,1379.81,2639.37
LD00005961,1917.16,1277.36,2278.45
LD00005962,2103.85,2296.55,1695.24
LD00005963,2003.32,1327.15,2544.25
LD00005964,1848.72,1968.52,2603.07
LD00005965,2816.62,1310.04,1857.87
LD00005966,2860.01,1941.68,2650.74
LD00005967,2174.36,2398.41,2200.88
LD00005968,2045.28,2450.63,1721.42
LD00005969,2097.89,1733.7,2544.04
LD00005970,2297.19,1369.61,2054.6
LD00005971,2422.41,2016.06,2310.1
LD00005972,1564.52,1606.17,2451.32
LD00005973,1664.21,1526.43,2251.94
LD00005974,2156.98,1810.62,2014.52
LD00005975,2093.01,1709.86,1696.92
LD00005976,2602.95,1742.43,1558.01
LD00005977,2423.34,1654.65,2254.53
LD00005978,2105.28,1757.08,2516.06
LD00005979,2457.29,1702.5,1552.71
LD00005980,2880.16,1683.59,2462.49
LD00005981,2306.08,2234.32,2728.11
LD00005982,2750.8,1262.03,1737.64
LD00005983,2211.95,1878.69,2733.02
LD00005984,2347.2,1698.38,2022.72
LD00005985,1789.85,1515.64,2723.9
LD00005986,1887.42,2325.64,2745.05
LD00005987,2359.69,1881.88,1585.15
LD00005988,2957.5,1444.08,1975.04
LD00005989,2424.05,1683.69,1505.46
LD00005990,1531.28,1953.38,1801.55
LD00005991,2680.37,1235.7,2093.42
LD00005992,2242.5,2042.09,1580.3
LD00005993,1976.18,2113.45,1616.75
LD00005994,2777.06,1568.88,2536.24
LD00005995,2333.0,1421.87,2610.21
LD00005996,2429.47,1544.41,1938.44
LD00005997,2022.79,1275.26,2771.65
LD00005998,2894.4,2307.54,1601.88
LD00005999,2226.67,1689.44,2726.44
LD00006000,2794.77,2188.12,1718.42
LD00006001,1571.61,1697.74,1774.57
LD00006002,2154.57,1636.87,2123.01
LD00006003,1891.34,2315.89,1612.88
LD00006004,1818.92,2389.97,2533.43
LD00006005,1890.61,1690.76,2131.28
LD00006006,2552.94,1383.13,2686.07
LD00006007,2799.21,1922.29,2098.63
LD00006008,2219.49,2321.37,2706.64
LD00006009,2991.21,1436.12,2449.19
LD00006010,1843.09,1693.78,1945.24
LD00006011,2739.07,2022.3,2068.85
LD00006012,2925.11,1358.32,2775.28
LD00006013,1758.58,1454.06,2508.75
LD00006014,2207.1,1794.68,1669.22
LD00006015,1866.85,1672.86,2191.07
LD00006016,2356.23,1978.2,2573.86
LD00006017,2193.19,1385.44,1937.89
LD00006018,2528.06,1478.28,2480.36
LD00006019,2688.81,1318.91,2124.18
LD00006020,2848.47,1353.31,1680.86
LD00006021,2881.33,1257.48,1964.98
LD00006022,2347.03,2111.57,1978.78
LD00006023,2226.86,2459.37,2484.46
LD00006024,2757.42,1798.35,2188.81
LD00006025,2029.71,2346.12,1553.2
LD00006026,2312.66,1873.29,2092.86
LD00006027,2053.91,2348.95,1410.18
LD00006028,2529.14,2347.2,1701.96
LD00006029,2926.43,1658.5,1411.22
LD00006030,1735.54,1578.52,1591.72
LD00006031,2090.34,1320.39,2674.34
LD00006032,2509.33,1653.36,1927.08
LD00006033,2947.64,2490.33,2541.51
LD00006034,2063.41,1250.03,1803.22
LD00006035,1552.44,1736.88,2251.58
LD00006036,1714.65,2058.88,2208.14
LD00006037,1826.91,1584.09,2660.0
LD00006038,1761.9,1420.56,1878.7
LD00006039,1755.84,2184.61,2206.41
LD00006040,2077.84,1331.54,2632.26
LD00006041,2458.08,1530.41,1442.08
LD00006042,2883.31,1299.91,2346.11
LD00006043,1778.64,1507.45,1622.47
LD00006044,2577.15,1487.28,2704.99
LD00006045,2593.84,2157.24,1419.5
LD00006046,2861.59,1478.8,2620.75
LD00006047,2956.2,1738.35,2766.07
LD00006048,2354.13,1434.29,2402.97
LD00006049,2668.7,2321.56,2341.1
LD00006050,2891.71,2314.28,2736.31
LD00006051,2011.21,1567.83,2791.28
LD00006052,2930.36,1980.69,1431.65
LD00006053,2603.11,1250.62,2051.82
LD00006054,1593.21,1780.56,1761.22
LD00006055,2322.03,1338.94,2336.97
LD00006056,2509.8,1775.83,1493.95
LD00006057,1634.89,2323.97,2077.0
LD00006058,2288.29,2023.22,1966.35
LD00006059,2969.19,2144.93,1474.24
LD00006060,1877.81,1622.58,2329.35
LD00006061,2126.11,2283.12,1729.82
LD00006062,2005.84,1523.41,2232.5
LD00006063,1652.2,2487.22,2652.55
LD00006064,1543.93,1873.81,1574.53
LD00006065,2985.31,1980.43,1646.54
LD00006066,2185.6,1701.7,2296.44
LD00006067,2962.42,2209.76,2453.5
LD00006068,2582.69,1221.14,2156.25
LD00006069,1626.81,1626.96,2022.26
LD00006070,2595.74,1954.18,2372.98
LD00006071,2904.13,1985.12,1919.37
LD00006072,2950.45,2047.63,2661.11
LD00006073,2511.85,1690.94,1671.02
LD00006074,2778.06,1559.23,1921.36
LD00006075,1829.28,2361.1,2204.47
LD00006076,1825.7,2032.07,2673.73
LD00006077,2064.05,1669.51,1707.81
LD00006078,1670.17,2379.43,2000.82
LD00006079,2949.44,1405.86,2061.74
LD00006080,2557.11,1414.45,1727.45
LD00006081,2366.09,1901.06,1802.65
LD00006082,2454.49,1486.56,2776.3
LD00006083,2612.84,1562.65,2084.25
LD00006084,1730.02,1963.61,2035.06
LD00006085,1517.22,1473.55,1466.96
LD00006086,2697.35,2274.07,1561.64
LD00006087,1709.38,1629.58,2785.8
LD00006088,2735.65,2028.14,2266.24
LD00006089,2226.05,1902.53,1989.84
LD00006090,2000.52,1632.55,1586.44
LD00006091,2397.34,1874.35,2661.43
LD00006092,1731.73,1359.51,1802.37
LD00006093,2932.0,2023.64,1724.11
LD00006094,2051.58,1673.55,2264.34
LD00006095,2350.16,2348.89,1643.58
LD00006096,2805.8,2332.73,2742.32
LD00006097,1564.46,2200.83,1584.16
LD00006098,2384.95,2090.82,2218.07
LD00006099,2052.51,1892.71,1733.89
LD00006100,1711.79,1871.86,1921.39
LD00006101,2544.98,1216.59,1751.19
LD00006102,2454.64,1714.04,1663.32
LD00006103,1729.91,1902.33,1582.74
LD00006104,2051.06,1412.79,1747.95
LD00006105,2820.1,1746.8,1560.08
LD00006106,2973.13,1321.86,2674.59
LD00006107,1865.53,2072.47,2061.39
LD00006108,2283.87,2287.81,2411.0
LD00006109,1754.65,1635.63,1577.3
LD00006110,2827.74,2068.13,1519.9
LD00006111,2701.84,1498.34,2048.9
LD00006112,1570.28,1937.41,2247.52
LD00006113,1856.46,1378.24,2459.8
LD00006114,2588.1,1209.58,2216.36
LD00006115,1766.63,2316.05,2678.55
LD00006116,1639.77,1717.25,1494.53
LD00006117,2934.96,2093.37,1770.38
LD00006118,2793.21,1411.48,2293.66
LD00006119,2383.44,1937.51,2609.2
LD00006120,1536.14,1957.56,2700.05
LD00006121,1651.95,2094.96,2518.75
LD00006122,1789.06,2159.4,2367.69
LD00006123,2092.65,1452.63,2097.26
LD00006124,2323.06,1667.21,2411.23
LD00006125,1617.89,1861.63,2593.35
LD00006126,1628.56,1448.01,2450.67
LD00006127,1675.57,1438.46,2282.34
LD00006128,2753.03,2010.01,1886.72
LD00006129,2111.24,2335.46,1807.86
LD00006130,1935.59,1778.4,1876.11
LD00006131,1635.4,1383.41,2585.88
LD00006132,2495.5,1409.92,1524.73
LD00006133,2919.12,1771.48,2220.11
LD00006134,2600.07,1657.51,1716.37
LD00006135,2484.3,2137.4,1925.56
LD00006136,2803.79,1235.75,1404.57
LD00006137,2727.83,1952.77,2795.75
LD00006138,2013.7,2447.26,1699.21
LD00006139,2026.56,2453.79,2591.07
LD00006140,2705.73,1813.26,2500.99
LD00006141,2613.04,1540.14,1547.92
LD00006142,2621.49,2085.04,1791.45
LD00006143,1615.33,1267.34,2469.11
LD00006144,2710.65,1772.71,2039.33
LD00006145,1600.5,1332.36,2522.75
LD00006146,2030.06,2091.02,2712.3
LD00006147,2814.44,1527.39,2418.27
LD00006148,2237.53,2225.49,1830.51
LD00006149,1952.89,2022.14,1744.66
LD00006150,2160.43,1980.4,2717.59
LD00006151,2743.32,1424.49,1709.0
LD00006152,2808.76,2024.13,1690.2
LD00006153,2892.21,2071.28,1595.52
LD00006154,2842.33,1560.08,1976.62
LD00006155,1877.84,1526.24,2086.83
LD00006156,2402.87,1339.89,2061.3
LD00006157,1825.65,2264.52,2530.71
LD00006158,1904.5,1817.25,1670.48
LD00006159,2921.28,2072.28,2688.05
LD00006160,2374.9,1658.74,1590.99
LD00006161,2755.61,1586.19,1789.56
LD00006162,2074.22,2410.31,2214.71
LD00006163,2490.77,2058.75,1959.74
LD00006164,2101.56,2379.74,1501.09
LD00006165,2550.39,1885.87,2700.62
LD00006166,1923.92,2246.21,2066.12
LD00006167,2677.75,2165.41,2649.09
LD00006168,1813.19,2003.61,1759.04
LD00006169,1794.83,1423.67,1501.59
LD00006170,2332.49,1952.59,2217.79
LD00006171,1702.58,2261.89,2003.79
LD00006172,2516.12,1973.66,2212.05
LD00006173,2520.18,1880.47,2527.81
LD00006174,2293.03,2450.52,2135.69
LD00006175,2749.21,1388.66,2517.33
LD00006176,1997.65,1878.37,2337.82
LD00006177,2308.52,1471.43,2583.22
LD00006178,2709.85,1726.79,2760.19
LD00006179,2444.93,1583.85,2395.9
LD00006180,1711.89,2354.4,1522.92
LD00006181,2654.14,2219.41,1905.81
LD00006182,1535.14,1833.6,1694.6
LD00006183,1747.08,1992.87,1570.73
LD00006184,1946.5,1569.67,1968.54
LD00006185,1552.6,1946.39,1906.83
LD00006186,2437.51,2211.19,1535.71
LD00006187,1606.52,2208.49,2113.32
LD00006188,2071.56,1600.48,2429.49
LD00006189,2236.83,1381.9,1449.36
LD00006190,2475.48,1968.71,1862.6
LD00006191,2731.98,1477.47,2219.61
LD00006192,2915.66,1800.42,1568.34
LD00006193,2579.99,1864.14,1872.08
LD00006194,2430.03,1473.41,2400.92
LD00006195,1704.34,1367.51,2757.58
LD00006196,2273.82,2346.77,1624.09
LD00006197,2258.31,1892.0,2528.11
LD00006198,1825.29,2208.25,1849.71
LD00006199,1899.21,1811.3,1504.4
LD00006200,1870.09,1814.56,2759.11
LD00006201,2247.26,1288.67,2488.63
LD00006202,2724.93,2397.36,2642.37
LD00006203,1689.37,1520.48,1937.28
LD00006204,2289.11,1676.74,2496.13
LD00006205,2765.14,2352.94,1588.62
LD00006206,2819.32,2131.1,2787.15
LD00006207,1664.3,1416.31,2185.62
LD00006208,2113.96,1951.28,2474.79
LD00006209,2415.17,2311.63,2638.99
LD00006210,1895.98,1641.15,1575.83
LD00006211,2105.04,2107.51,2004.19
LD00006212,2997.75,1324.32,1745.81
LD00006213,1615.72,1956.68,2774.8
LD00006214,2388.55,2058.46,1456.56
LD00006215,2414.34,2285.58,2386.86
LD00006216,2271.47,2345.18,1900.54
LD00006217,2762.18,1405.47,2167.27
LD00006218,1839.7,1467.38,2012.97
LD00006219,2217.24,2196.71,2604.69
LD00006220,2916.79,2287.53,2718.82
LD00006221,1741.91,1813.1,2722.35
LD00006222,2082.33,1919.6,2184.11
LD00006223,2524.96,2036.05,1642.5
LD00006224,1958.19,1960.77,1991.09
LD00006225,2834.24,2448.37,2392.09
LD00006226,2214.99,1486.56,1695.5
LD00006227,2096.55,2104.59,1590.66
LD00006228,1718.14,1815.24,2137.11
LD00006229,2375.25,1713.07,2565.95
LD00006230,2429.89,2028.78,2017.19
LD00006231,2925.46,2322.95,1752.41
LD00006232,2789.3,2390.79,2401.37
LD00006233,2561.47,1935.56,2768.84
LD00006234,1742.17,1327.62,2342.25
LD00006235,2921.85,2260.85,2157.8
LD00006236,2403.98,1768.45,1892.46
LD00006237,2754.18,1555.39,1990.52
LD00006238,1990.44,2365.52,1850.09
LD00006239,2638.03,1629.22,2567.56
LD00006240,2027.84,2380.31,1555.42
LD00006241,2834.54,2115.32,1952.08
LD00006242,1711.44,1412.46,2533.12
LD00006243,2230.83,2050.74,2518.69
LD00006244,1837.75,1716.58,2255.35
LD00006245,1658.1,2429.17,2053.63
LD00006246,2694.45,1944.27,2066.43
LD00006247,2625.39,1689.03,2061.81
LD00006248,2818.16,2122.32,1826.73
LD00006249,2311.66,1809.94,1427.37
LD00006250,2958.01,2316.56,2211.24
LD00006251,2305.11,1494.88,2781.68
LD00006252,2578.25,1300.47,2452.17
LD00006253,1565.31,1774.22,2556.03
LD00006254,1560.0,1276.16,2184.17
LD00006255,2737.5,1580.19,2079.5
LD00006256,1518.06,2292.29,1975.28
LD00006257,1772.71,1526.66,2020.85
LD00006258,1836.54,1364.31,2423.88
LD00006259,2788.37,1540.19,2082.96
LD00006260,2172.95,1201.28,1810.54
LD00006261,2638.25,1733.09,2625.2
LD00006262,2775.71,2340.91,2098.03
LD00006263,1782.17,1627.61,2645.95
LD00006264,2356.19,2197.21,1819.99
LD00006265,1718.25,2312.28,1972.42
LD00006266,2454.28,2318.93,2732.11
LD00006267,1776.58,1427.55,1796.52
LD00006268,2097.26,1234.04,1895.01
LD00006269,2064.39,1792.04,1767.67
LD00006270,2322.95,2328.86,2431.24
LD00006271,1988.78,1333.3,2541.94
LD00006272,2331.19,1451.28,2742.61
LD00006273,2059.86,2288.8,1837.15
LD00006274,2428.39,2356.51,2031.2
LD00006275,1907.96,2124.07,2605.24
LD00006276,2748.91,2334.25,1538.91
LD00006277,1742.1,2074.91,2505.09
LD00006278,1959.04,2171.98,2014.08
LD00006279,1510.69,1787.97,2260.94
LD00006280,2876.85,1439.01,2738.82
LD00006281,2487.34,1668.7,2214.19
LD00006282,2394.53,2227.49,1895.86
LD00006283,1689.18,2140.71,2762.94
LD00006284,1505.11,1849.03,2315.61
LD00006285,2994.89,1784.29,2252.12
LD00006286,2275.9,1493.68,2704.99
LD00006287,1611.87,2431.1,2668.14
LD00006288,2363.08,2419.99,1778.78
LD00006289,2751.05,1495.99,1817.78
LD00006290,2731.96,1509.21,2001.85
LD00006291,2925.48,2234.21,2362.04
LD00006292,2764.71,1692.29,1542.34
LD00006293,1514.68,2029.39,1965.2
LD00006294,1508.69,2375.05,1906.18
LD00006295,2009.87,2451.72,2687.11
LD00006296,1644.22,1452.69,2779.95
LD00006297,2441.07,1953.61,2320.85
LD00006298,1638.27,1250.71,1758.27
LD00006299,2553.17,1252.93,2133.62
LD00006300,1525.72,2274.17,2259.44
LD00006301,2409.16,2252.68,2104.82
LD00006302,2361.87,1341.34,2202.87
LD00006303,2728.97,2358.4,1992.83
LD00006304,2561.76,1276.03,1563.39
LD00006305,2875.84,2224.56,2097.29
LD00006306,2104.41,2327.36,2025.25
LD00006307,2766.68,1928.08,2032.01
LD00006308,2734.54,2252.13,1639.55
LD00006309,1620.21,1916.11,2026.27
LD00006310,1862.98,1627.61,2148.42
LD00006311,2598.87,2001.92,2322.7
LD00006312,1546.36,1220.63,1619.86
LD00006313,2151.81,1874.26,2008.64
LD00006314,2693.83,2027.66,1946.53
LD00006315,2167.58,1951.66,2795.37
LD00006316,2783.73,2309.15,2643.35
LD00006317,2453.86,1903.37,1651.13
LD00006318,2793.75,2350.21,2231.08
LD00006319,1902.79,1707.39,2075.61
LD00006320,2499.75,1594.61,1693.03
LD00006321,2609.27,2213.74,1465.32
LD00006322,2328.25,1734.48,1801.64
LD00006323,2622.55,1670.54,2784.98
LD00006324,2692.76,1865.28,1920.46
LD00006325,1554.87,2267.51,1417.36
LD00006326,2079.41,1982.72,2478.24
LD00006327,2734.43,1771.19,1843.24
LD00006328,2300.85,1241.29,1636.38
LD00006329,2240.2,1889.0,1422.69
LD00006330,2256.44,2290.2,1665.47
LD00006331,2710.62,1260.92,2708.17
LD00006332,1967.87,2229.04,2644.52
LD00006333,2246.24,1745.85,2219.4
LD00006334,1749.39,2379.4,2649.18
LD00006335,2373.07,1606.84,2235.34
LD00006336,1663.99,2051.44,2486.38
LD00006337,2320.04,2416.57,1984.7
LD00006338,2985.19,1474.34,2719.73
LD00006339,1667.55,1864.78,2351.51
LD00006340,2199.36,1324.04,2478.78
LD00006341,2638.09,1462.53,2465.61
LD00006342,2291.44,1693.18,2108.02
LD00006343,2918.3,2254.86,2770.04
LD00006344,2907.29,1284.51,1605.33
LD00006345,1603.93,1225.47,2073.02
LD00006346,1894.22,2151.79,2716.43
LD00006347,2012.51,1753.83,2426.72
LD00006348,2318.01,2354.98,2249.28
LD00006349,1517.7,1379.49,2186.17
LD00006350,1762.39,1950.85,2120.86
LD00006351,1655.09,1371.57,1481.56
LD00006352,1545.59,1903.66,2066.53
LD00006353,1786.03,1398.1,2424.48
LD00006354,2005.64,1617.39,1971.85
LD00006355,2449.51,2280.6,2624.82
LD00006356,2779.7,2351.63,2627.11
LD00006357,2298.77,1836.16,2776.04
LD00006358,2848.61,2291.14,2277.25
LD00006359,1702.27,2450.6,2028.14
LD00006360,2801.57,1208.19,1932.51
LD00006361,2269.8,1496.75,2206.86
LD00006362,2650.04,1638.46,2356.2
LD00006363,2146.03,1300.09,1591.68
LD00006364,1796.87,1219.71,1729.99
LD00006365,2858.01,2249.38,2597.21
LD00006366,2744.87,1869.54,2216.97
LD00006367,2143.83,2341.88,2361.13
LD00006368,2803.7,1444.16,2657.62
LD00006369,1523.77,1971.25,2268.51
LD00006370,1749.57,2495.01,2722.39
LD00006371,2403.97,2100.09,2238.39
LD00006372,2768.84,1695.42,2434.56
LD00006373,2551.27,1381.61,1563.49
LD00006374,2736.16,1740.88,2230.27
LD00006375,2936.32,1849.89,2774.75
LD00006376,2541.98,1956.57,1572.68
LD00006377,2002.85,2063.94,2089.85
LD00006378,2774.53,1718.48,2622.76
LD00006379,2746.09,2275.76,2638.55
LD00006380,2606.05,1650.49,1650.32
LD00006381,2972.04,1249.94,1687.33
LD00006382,2211.12,2405.93,1441.57
LD00006383,2864.22,1433.03,2472.46
LD00006384,1637.4,2379.84,2513.7
LD00006385,1663.93,1800.4,2612.49
LD00006386,2278.54,1513.67,2664.18
LD00006387,2480.94,1447.94,2175.83
LD00006388,1891.66,2444.61,2351.77
LD00006389,2923.53,1639.9,2792.93
LD00006390,2292.88,2232.8,1823.25
LD00006391,1540.54,1975.94,1707.33
LD00006392,2132.26,1598.43,2288.7
LD00006393,2438.57,1678.72,1418.59
LD00006394,2297.28,2122.15,2511.88
LD00006395,2663.11,1677.3,2391.92
LD00006396,2393.29,2006.75,1811.48
LD00006397,1644.1,1253.34,1480.51
LD00006398,2924.94,1559.3,2489.56
LD00006399,2346.29,1449.15,2336.76
LD00006400,2908.14,1319.27,2319.24
LD00006401,1688.68,2081.37,2424.93
LD00006402,2032.64,1361.04,1486.92
LD00006403,1845.02,1624.99,1447.0
LD00006404,2362.72,2124.55,1658.9
LD00006405,1789.12,2272.37,2178.79
LD00006406,1740.26,1941.27,1687.89
LD00006407,1949.67,2288.16,2442.45
LD00006408,2086.48,1495.94,1627.5
LD00006409,2793.34,2483.65,2363.34
LD00006410,2229.66,1937.61,2480.13
LD00006411,2223.86,1274.51,2296.67
LD00006412,2390.59,2273.31,1894.2
LD00006413,2825.41,1467.35,2044.4
LD00006414,2665.2,1688.92,1905.65
LD00006415,2790.73,1513.02,2538.43
LD00006416,2566.45,1395.44,2717.87
LD00006417,2145.97,1793.78,2610.31
LD00006418,1993.75,2066.57,2225.62
LD00006419,2405.51,1434.19,2300.79
LD00006420,2809.78,1421.57,2766.14
LD00006421,2207.85,2466.93,1812.31
LD00006422,2401.72,1714.9,1786.15
LD00006423,1636.61,2363.04,1986.41
LD00006424,1520.15,2063.37,2391.68
LD00006425,2500.43,1618.0,2082.49
LD00006426,2146.37,2157.49,2106.14
LD00006427,2065.99,1879.67,2531.16
LD00006428,2650.13,1291.76,1791.79
LD00006429,2338.57,1750.75,1539.32
LD00006430,1899.91,1644.26,2525.24
LD00006431,1727.19,1278.19,1548.8
LD00006432,2828.7,2038.59,2764.54
LD00006433,1903.78,1271.44,1560.65
LD00006434,2158.26,1610.86,1628.14
LD00006435,2314.25,1617.45,2680.34
LD00006436,2214.39,2339.94,2232.31
LD00006437,2845.8,1629.83,2171.6
LD00006438,2478.59,1577.01,1937.23
LD00006439,2255.12,1351.5,2151.92
LD00006440,1564.64,1954.6,2165.34
LD00006441,2400.68,2378.76,2742.28
LD00006442,2924.79,2100.71,2134.14
LD00006443,2876.09,1590.84,2777.6
LD00006444,1855.7,2295.71,2229.1
LD00006445,2562.63,1277.16,2386.1
LD00006446,2523.42,1679.02,2705.28
LD00006447,2861.77,1916.5,2786.48
LD00006448,2504.88,1448.88,2767.54
LD00006449,2737.23,1938.59,1594.24
LD00006450,2646.67,1836.33,1634.74
LD00006451,2672.44,2129.42,2472.3
LD00006452,2442.09,2077.03,1774.94
LD00006453,1996.33,1284.24,2042.41
LD00006454,1843.45,1981.83,2100.82
LD00006455,1573.15,2437.99,2768.95
LD00006456,2008.18,2443.96,2181.99
LD00006457,2262.61,2494.33,2570.08
LD00006458,2593.06,1297.56,2521.39
LD00006459,2569.4,1561.89,1477.36
LD00006460,1530.14,1697.03,2448.72
LD00006461,2363.79,1246.87,1836.32
LD00006462,1667.4,1930.61,2156.91
LD00006463,1782.4,1646.09,1667.22
LD00006464,2710.25,1859.1,1768.14
LD00006465,2337.33,2130.97,2290.51
LD00006466,2297.4,1429.02,2571.38
LD00006467,1842.26,2326.79,2588.44
LD00006468,2905.96,2029.31,2366.87
LD00006469,1826.7,2414.64,1992.21
LD00006470,2498.24,1632.53,2115.91
LD00006471,2098.42,1852.68,2507.11
LD00006472,1627.85,2325.19,2259.98
LD00006473,2354.57,1322.68,1791.94
LD00006474,2133.7,1352.24,2570.63
LD00006475,2811.56,2224.82,2428.5
LD00006476,1877.93,1688.72,1852.42
LD00006477,2950.29,1598.17,2698.39
LD00006478,2355.36,1675.19,1652.27
LD00006479,1781.88,1405.73,1481.06
LD00006480,2860.62,2100.79,1488.57
LD00006481,1568.23,1726.17,2684.47
LD00006482,1921.98,1646.53,2493.9
LD00006483,2646.35,1505.2,2064.97
LD00006484,2185.8,1783.26,2743.27
LD00006485,2665.66,1513.46,1511.9
LD00006486,2089.0,2399.36,1453.59
LD00006487,1598.77,2495.58,2289.42
LD00006488,2115.0,2093.47,1501.19
LD00006489,2246.51,1364.94,1605.73
LD00006490,1577.59,1788.0,2301.08
LD00006491,2830.6,2037.71,2158.82
LD00006492,2703.03,1252.76,1602.8
LD00006493,1863.59,1903.83,1744.84
LD00006494,2411.02,1319.77,1930.69
LD00006495,2600.88,2019.47,2344.83
LD00006496,2535.77,1930.82,2538.57
LD00006497,2971.07,2007.23,2177.9
LD00006498,1753.15,1303.91,1503.79
LD00006499,2921.17,1640.33,2714.9
LD00006500,2498.55,2451.34,1705.28
LD00006501,2460.51,2224.29,2106.45
LD00006502,2600.59,2065.94,2194.91
LD00006503,1675.45,2371.74,2388.1
LD00006504,1566.5,1984.65,1858.82
LD00006505,2284.44,2257.54,2716.29
LD00006506,1700.33,1423.54,2082.63
LD00006507,1955.39,1421.11,1553.54
LD00006508,1940.15,1423.55,2748.39
LD00006509,2903.62,1271.42,2464.83
LD00006510,2204.14,2131.44,1677.19
LD00006511,2594.84,1329.59,2158.83
LD00006512,2111.77,1324.28,1655.63
LD00006513,2679.08,1619.83,2012.17
LD00006514,1583.75,1226.71,1465.69
LD00006515,1950.41,1315.74,2783.79
LD00006516,2824.69,2193.35,2735.47
LD00006517,2347.53,1227.52,2035.92
LD00006518,1569.48,2475.58,1403.77
LD00006519,2674.49,1287.16,1988.88
LD00006520,2102.88,2353.43,2091.58
LD00006521,2843.5,1777.17,2484.03
LD00006522,1954.58,1930.96,2647.37
LD00006523,2896.83,1373.96,2206.3
LD00006524,2315.6,1372.36,2760.1
LD00006525,2011.01,1651.31,2176.38
LD00006526,2893.51,2304.94,2213.29
LD00006527,2122.83,1882.76,2014.94
LD00006528,1546.1,1622.71,1605.38
LD00006529,1608.08,1659.09,1873.37
LD00006530,2727.59,1644.04,2375.05
LD00006531,2828.68,2440.07,1614.32
LD00006532,2101.36,1968.27,2377.98
LD00006533,2064.86,1906.76,2527.89
LD00006534,1526.15,2431.43,2027.68
LD00006535,2482.92,1470.67,1745.41
LD00006536,2607.48,2230.32,1868.37
LD00006537,1958.18,1820.31,1558.62
LD00006538,1637.1,1991.38,2404.11
LD00006539,2665.11,2466.82,1507.32
LD00006540,2719.77,1861.5,2528.83
LD00006541,1908.24,1235.59,2521.97
LD00006542,2478.66,2277.06,2546.08
LD00006543,1501.85,1689.43,2097.93
LD00006544,2860.07,1256.79,1959.97
LD00006545,2650.8,1470.58,2189.83
LD00006546,2745.72,1614.58,2527.74
LD00006547,2230.24,1783.17,2377.2
LD00006548,1770.0,1363.92,1498.1
LD00006549,2474.95,2334.6,2526.62
LD00006550,2230.64,2448.61,1559.21
LD00006551,2070.16,1352.99,2754.41
LD00006552,2565.4,2226.01,1641.11
LD00006553,1648.48,2229.13,1413.34
LD00006554,1937.63,1634.89,2792.24
LD00006555,2957.91,2241.38,2168.14
LD00006556,2283.39,1238.81,2614.16
LD00006557,1969.01,1285.32,2499.58
LD00006558,1926.33,2402.49,1842.8
LD00006559,2772.19,1383.84,2717.42
LD00006560,2189.64,1631.22,2779.63
LD00006561,2651.95,1428.76,1568.78
LD00006562,1541.15,1231.95,1698.94
LD00006563,1822.83,1991.13,2744.72
LD00006564,1852.43,1510.61,1565.07
LD00006565,1789.54,1595.34,2306.21
LD00006566,2304.59,1656.74,2649.03
LD00006567,1556.19,2190.82,2515.02
LD00006568,1637.38,1247.06,2295.53
LD00006569,1602.99,2399.02,1579.04
LD00006570,2256.61,1648.53,2623.37
LD00006571,2073.64,1714.06,2247.49
LD00006572,2580.63,2049.58,2429.81
LD00006573,2413.74,1472.19,2640.02
LD00006574,2920.41,2391.0,2160.34
LD00006575,2297.61,1847.44,2502.45
LD00006576,2324.08,1566.63,2414.52
LD00006577,2536.06,2245.17,1896.46
LD00006578,2041.86,1214.04,2691.25
LD00006579,2150.96,1353.84,2178.7
LD00006580,1611.56,2408.31,2791.68
LD00006581,2678.88,1748.34,1883.3
LD00006582,2279.54,1261.24,2109.19
LD00006583,2437.39,1495.83,2723.87
LD00006584,2036.72,1982.74,2771.22
LD00006585,2869.37,1853.2,1642.29
LD00006586,1949.03,1391.45,1704.08
LD00006587,2140.38,2341.44,2693.9
LD00006588,1921.87,1637.23,2797.42
LD00006589,2508.31,1711.31,2533.69
LD00006590,2368.98,1827.49,2392.97
LD00006591,1876.05,1825.24,1753.86
LD00006592,1696.6,1567.38,1757.59
LD00006593,2436.66,1373.94,2476.16
LD00006594,1920.51,1921.68,2788.44
LD00006595,1899.36,2443.08,2230.62
LD00006596,2430.02,1544.0,1951.13
LD00006597,2669.17,1448.41,1661.66
LD00006598,2159.89,2171.05,1815.31
LD00006599,2488.0,2039.49,2789.23
LD00006600,2789.26,2379.35,1475.23
LD00006601,2845.08,1850.47,2050.91
LD00006602,2188.14,2142.39,2247.49
LD00006603,2048.36,2019.75,2474.85
LD00006604,1537.4,2217.11,2138.51
LD00006605,2270.36,1632.39,1574.81
LD00006606,2635.33,1556.72,2209.75
LD00006607,1924.66,1344.99,2532.11
LD00006608,2931.5,1328.39,2594.17
LD00006609,2900.93,1523.57,1992.26
LD00006610,1937.83,2149.04,2315.36
LD00006611,2246.98,2140.19,2539.41
LD00006612,1670.64,2493.42,1445.32
LD00006613,2860.32,1824.89,2121.93
LD00006614,1579.08,2085.74,2283.54
LD00006615,2279.85,2212.87,2491.03
LD00006616,2605.1,1743.58,1729.64
LD00006617,1540.38,1293.65,1923.23
LD00006618,2368.95,1770.33,2571.89
LD00006619,1567.64,2400.55,1716.77
LD00006620,2010.4,1499.21,1903.6
LD00006621,2387.36,1460.45,2761.73
LD00006622,2517.48,1973.54,2088.81
LD00006623,1614.93,1258.77,1716.53
LD00006624,2854.72,2440.6,1618.82
LD00006625,2167.65,2151.76,2317.41
LD00006626,2594.24,1561.89,2696.93
LD00006627,2282.06,1684.96,2322.15
LD00006628,2504.52,1349.41,2313.72
LD00006629,2677.77,2175.88,1437.04
LD00006630,2233.19,2188.33,2540.76
LD00006631,1612.41,2178.16,2325.15
LD00006632,1758.14,2039.96,1413.98
LD00006633,2463.99,2063.96,1698.19
LD00006634,2664.41,1517.96,2724.0
LD00006635,2996.42,1448.04,2171.51
LD00006636,2228.35,2002.03,2335.93
LD00006637,2626.18,1634.78,2350.43
LD00006638,2889.7,1455.56,1655.3
LD00006639,2550.96,2077.08,2494.53
LD00006640,2013.3,1705.0,2224.02
LD00006641,2876.7,2059.84,2080.15
LD00006642,1793.59,2228.7,1469.95
LD00006643,2169.82,2224.85,2080.98
LD00006644,2821.65,2034.88,1447.4
LD00006645,1730.78,2004.57,2244.85
LD00006646,2297.09,2257.93,1623.23
LD00006647,2309.19,1797.98,1599.17
LD00006648,1626.13,2165.1,2392.46
LD00006649,2179.36,1289.54,2394.23
LD00006650,2523.84,2330.67,2499.95
LD00006651,2248.11,1858.7,2146.18
LD00006652,2659.89,2087.14,1916.35
LD00006653,2181.05,1249.99,2304.59
LD00006654,1581.98,2227.87,2002.9
LD00006655,2903.41,1988.13,2486.56
LD00006656,2405.08,2442.24,2272.59
LD00006657,2053.18,1850.4,1760.54
LD00006658,1546.03,2350.14,1604.24
LD00006659,2080.85,1761.11,1989.05
LD00006660,2866.3,2263.32,2083.66
LD00006661,2574.59,1928.35,2107.22
LD00006662,1812.41,2478.01,2328.99
LD00006663,1953.63,2094.25,1607.48
LD00006664,2400.76,2218.45,1896.97
LD00006665,2689.61,2234.52,1809.51
LD00006666,2870.5,1503.39,1922.08
LD00006667,2798.61,2366.32,1853.91
LD00006668,2642.74,1370.07,2741.77
LD00006669,2132.48,1568.89,2225.09
LD00006670,2960.51,1368.06,2731.69
LD00006671,2814.91,1523.31,2590.85
LD00006672,1521.33,2302.53,2367.82
LD00006673,2548.12,1857.42,1862.79
LD00006674,2917.46,1657.85,1466.22
LD00006675,2222.61,1277.23,1895.79
LD00006676,2713.48,1869.5,2516.85
LD00006677,2459.34,2354.68,1949.33
LD00006678,2340.12,1546.17,2129.1
LD00006679,2256.27,2390.28,2475.58
LD00006680,1950.91,2475.37,2268.89
LD00006681,1520.42,2411.85,1959.9
LD00006682,2826.43,2017.85,2769.98
LD00006683,2586.52,1353.0,2117.6
LD00006684,2420.06,1552.35,1843.05
LD00006685,2049.98,1906.62,1965.98
LD00006686,2751.38,1625.97,2190.0
LD00006687,1543.45,1431.17,1680.88
LD00006688,2579.61,2318.09,1495.87
LD00006689,2913.86,1343.02,1891.12
LD00006690,1645.64,2170.87,2152.19
LD00006691,2097.74,1333.18,2289.33
LD00006692,1740.7,2067.39,2735.17
LD00006693,1758.39,1416.84,2084.13
LD00006694,2292.57,1896.61,2271.34
LD00006695,1828.78,2376.35,1552.63
LD00006696,2015.2,1972.97,2663.23
LD00006697,2934.45,2023.67,2542.01
LD00006698,2493.4,1864.97,2120.23
LD00006699,2325.11,1570.36,2092.28
LD00006700,2098.92,2238.98,2480.83
LD00006701,2128.52,2391.31,1540.51
LD00006702,2000.53,1837.14,2008.72
LD00006703,2659.18,1746.23,2292.05
LD00006704,2225.66,2184.58,2320.03
LD00006705,2998.06,2372.22,1987.45
LD00006706,2015.08,2278.9,1468.5
LD00006707,2676.23,2172.73,1485.98
LD00006708,2153.26,2397.04,1884.3
LD00006709,2467.49,2484.29,2649.76
LD00006710,2627.88,2172.85,2124.49
LD00006711,1908.1,1299.58,2585.72
LD00006712,2068.83,1310.78,2214.56
LD00006713,2099.84,2476.89,2280.99
LD00006714,2514.02,2102.84,1906.03
LD00006715,1692.95,2041.26,2072.05
LD00006716,1820.69,2391.68,2382.48
LD00006717,1909.76,1553.41,2500.64
LD00006718,1533.92,1971.77,2623.11
LD00006719,2072.83,2318.24,2503.2
LD00006720,2386.72,1201.92,1819.1
LD00006721,1800.93,1658.0,2229.67
LD00006722,2429.84,2366.8,2023.77
LD00006723,1812.61,1937.77,2481.44
LD00006724,1889.05,1811.42,1554.16
LD00006725,1835.76,1215.31,2274.36
LD00006726,2069.52,1915.1,2016.61
LD00006727,2007.92,2298.83,1845.35
LD00006728,1978.85,1278.48,2331.74
LD00006729,1953.7,1790.31,1917.6
LD00006730,1752.9,1632.45,2555.25
LD00006731,2417.16,2376.34,2293.47
LD00006732,2839.14,1632.59,2299.97
LD00006733,2890.47,1511.68,2733.56
LD00006734,2610.75,2397.85,2480.15
LD00006735,1722.64,2154.67,2387.1
LD00006736,2491.89,2263.2,2770.68
LD00006737,2813.94,1585.01,2180.91
LD00006738,2942.25,1993.84,2463.1
LD00006739,2868.58,2033.82,1484.13
LD00006740,2589.81,1640.28,2458.04
LD00006741,2785.09,2320.3,2686.37
LD00006742,1659.18,2336.31,1912.15
LD00006743,1520.74,1380.19,2456.53
LD00006744,2298.46,1573.12,1602.86
LD00006745,2899.28,1398.43,1649.66
LD00006746,1968.04,2062.42,2025.08
LD00006747,1601.43,1780.83,2526.95
LD00006748,1637.67,2063.51,2623.27
LD00006749,1852.73,1869.2,1948.88
LD00006750,2598.98,1315.47,2614.8
LD00006751,1971.65,2198.8,2123.82
LD00006752,2990.65,1544.53,2277.19
LD00006753,1768.7,2108.9,2064.08
LD00006754,2298.26,1726.01,2344.36
LD00006755,2361.53,2036.44,2053.58
LD00006756,2360.49,1409.42,1736.41
LD00006757,2847.78,1525.54,1909.57
LD00006758,2860.41,2239.5,2201.89
LD00006759,2995.57,2251.81,1733.21
LD00006760,2476.35,2400.11,2112.53
LD00006761,2933.76,1281.28,1606.73
LD00006762,2138.29,1846.14,2489.59
LD00006763,2687.23,1476.68,1526.62
LD00006764,2060.56,1408.91,1712.88
LD00006765,2634.82,1660.81,2778.45
LD00006766,2697.9,2158.75,2541.96
LD00006767,2225.22,1970.61,2741.16
LD00006768,2390.85,2316.29,2415.67
LD00006769,2700.04,2203.45,1969.72
LD00006770,1614.67,1789.71,2431.04
LD00006771,2579.19,2067.84,2389.46
LD00006772,2255.24,1570.29,2428.23
LD00006773,2344.59,2162.28,2517.93
LD00006774,2293.44,1496.22,2538.94
LD00006775,1819.52,1262.74,1846.22
LD00006776,1732.51,1915.67,2509.63
LD00006777,2345.42,1817.02,2712.46
LD00006778,1632.2,1214.9,2369.46
LD00006779,2414.72,2395.48,2697.56
LD00006780,1776.68,1544.59,2171.81
LD00006781,2643.32,2089.56,2543.84
LD00006782,1738.87,1534.36,2541.79
LD00006783,1740.46,2047.23,2635.66
LD00006784,1817.8,1762.27,2416.03
LD00006785,1654.4,2488.01,2637.99
LD00006786,1685.08,1947.42,1712.1
LD00006787,2497.58,1984.37,2304.95
LD00006788,2301.85,1812.98,1908.47
LD00006789,2831.59,1521.28,2414.09
LD00006790,2015.82,2361.06,2585.17
LD00006791,2697.81,1789.15,2556.53
LD00006792,2046.55,2073.27,2561.95
LD00006793,2553.19,2243.48,2025.69
LD00006794,2316.03,2409.32,2342.67
LD00006795,2577.57,1277.8,2630.93
LD00006796,2975.7,1293.96,1790.0
LD00006797,2229.96,1287.91,2729.46
LD00006798,1907.73,1525.92,1674.95
LD00006799,2822.19,1973.02,2635.74
LD00006800,2987.18,2076.07,2150.45
LD00006801,1828.57,2383.36,1725.49
LD00006802,2961.85,1526.8,2124.95
LD00006803,1518.46,2149.42,1748.74
LD00006804,1594.66,2268.17,2455.32
LD00006805,2641.68,1312.34,2402.51
LD00006806,2932.94,2048.84,2725.05
LD00006807,1715.99,1942.48,2324.18
LD00006808,1652.89,1377.14,1712.29
LD00006809,2885.06,1907.91,2621.29
LD00006810,2309.83,1435.04,2139.27
LD00006811,2672.19,1581.12,1767.01
LD00006812,2796.4,2303.59,1472.19
LD00006813,1844.33,1668.04,1446.73
LD00006814,2555.56,1917.88,2188.91
LD00006815,1923.36,1835.7,2152.54
LD00006816,1874.82,1241.58,1641.15
LD00006817,2813.69,1825.11,2310.67
LD00006818,2180.7,1860.79,1588.24
LD00006819,1697.73,1876.04,2236.24
LD00006820,1505.68,1483.62,1630.48
LD00006821,1955.52,2185.33,2718.6
LD00006822,2172.07,2407.94,1481.91
LD00006823,1618.11,2020.19,2114.91
LD00006824,2772.49,2048.42,2268.32
LD00006825,1696.3,1365.86,2438.49
LD00006826,2698.8,1476.8,1829.61
LD00006827,2763.95,1665.83,1945.48
LD00006828,2692.35,1370.89,1542.27
LD00006829,2061.33,2327.89,1718.58
LD00006830,2745.82,1742.88,1778.09
LD00006831,1681.41,2494.08,2629.38
LD00006832,2377.48,2426.88,1913.95
LD00006833,2463.91,1598.5,1806.73
LD00006834,1866.72,1514.43,2475.82
LD00006835,1789.61,1730.72,1899.54
LD00006836,2949.0,1520.83,1445.36
LD00006837,2468.66,2029.65,2006.92
LD00006838,1743.63,1209.88,2467.08
LD00006839,1662.73,2465.14,2576.38
LD00006840,1779.81,1567.3,2448.72
LD00006841,2749.4,1799.25,2631.47
LD00006842,2532.81,1795.11,1887.29
LD00006843,1783.09,1231.39,2053.28
LD00006844,2331.83,1225.15,1737.41
LD00006845,2992.88,2235.78,2386.66
LD00006846,2824.72,1601.92,1790.62
LD00006847,2821.36,2470.79,2635.99
LD00006848,1922.21,1764.71,2278.24
LD00006849,2332.33,2186.01,2037.16
LD00006850,2494.04,1430.08,2750.88
LD00006851,2975.22,1301.4,1526.87
LD00006852,2083.07,1440.35,1415.88
LD00006853,2152.59,1506.14,2310.41
LD00006854,2405.88,2032.56,2751.2
LD00006855,2600.38,2395.66,2445.0
LD00006856,2255.06,1813.27,2027.54
LD00006857,1586.99,1643.76,2534.04
LD00006858,1871.48,1461.54,1886.25
LD00006859,2436.41,1384.93,1495.95
LD00006860,2536.98,2408.48,1455.69
LD00006861,1851.33,2416.06,1658.08
LD00006862,2134.16,1727.04,1478.92
LD00006863,2074.75,1298.84,1896.47
LD00006864,2857.0,1423.26,1461.21
LD00006865,2936.16,2485.15,2328.42
LD00006866,2809.34,2163.36,1636.64
LD00006867,2624.2,2347.57,1823.81
LD00006868,2616.61,2298.24,2105.2
LD00006869,2890.09,1650.98,2387.9
LD00006870,2173.97,1410.74,2414.74
LD00006871,2975.84,1794.44,1853.5
LD00006872,2473.77,2476.2,2735.41
LD00006873,1625.29,2016.81,2419.31
LD00006874,2312.12,1654.67,1578.52
LD00006875,1686.4,1991.18,2175.52
LD00006876,1599.16,1744.11,2589.26
LD00006877,2838.59,2061.21,1989.71
LD00006878,1584.55,1878.71,2777.22
LD00006879,2349.33,1431.16,2167.5
LD00006880,2254.67,2206.99,2681.69
LD00006881,2879.25,2412.63,2216.69
LD00006882,2325.7,1632.2,1958.42
LD00006883,2795.04,2278.24,2441.39
LD00006884,1816.94,1392.02,2239.08
LD00006885,2081.77,1508.74,2322.73
LD00006886,2329.27,1645.42,2490.37
LD00006887,2645.86,2421.4,1924.67
LD00006888,1649.99,1373.93,2157.6
LD00006889,2938.88,1768.03,2019.46
LD00006890,1867.43,2285.12,1992.42
LD00006891,1645.5,1547.76,2061.34
LD00006892,1619.28,2458.55,2368.34
LD00006893,2270.14,1796.68,2746.91
LD00006894,2157.09,1271.31,2235.88
LD00006895,2185.51,2175.02,1516.04
LD00006896,1905.1,1601.61,2333.0
LD00006897,2101.3,2151.8,2411.0
LD00006898,2156.98,1667.34,1430.15
LD00006899,2660.53,1422.67,2126.24
LD00006900,2784.61,1427.37,2514.58
LD00006901,1690.7,2021.0,1838.74
LD00006902,1979.25,1830.47,1769.84
LD00006903,1849.19,1390.63,1879.17
LD00006904,2600.06,1599.34,1701.17
LD00006905,2633.67,1312.05,1918.42
LD00006906,1609.94,1700.15,2595.08
LD00006907,1534.07,1777.8,2788.71
LD00006908,2326.84,1645.27,1457.97
LD00006909,1700.71,1595.06,2571.1
LD00006910,2684.34,1616.91,1401.79
LD00006911,1870.78,2397.96,2461.07
LD00006912,2807.97,1809.44,2796.92
LD00006913,1592.52,1316.83,1712.56
LD00006914,1608.82,1892.39,2238.01
LD00006915,2214.28,2404.74,2692.78
LD00006916,2065.47,2160.04,2059.28
LD00006917,1749.88,2079.0,1488.99
LD00006918,2511.68,1965.44,1689.24
LD00006919,1935.23,1592.7,2664.42
LD00006920,1964.62,1745.76,2175.11
LD00006921,1607.85,1964.68,2623.72
LD00006922,2223.18,1973.73,1580.17
LD00006923,1742.33,2261.0,1528.51
LD00006924,2151.95,1958.53,2393.47
LD00006925,2437.44,1889.75,1600.0
LD00006926,2056.58,2073.73,1480.06
LD00006927,1600.43,1220.53,2299.28
LD00006928,2165.04,1613.66,2131.35
LD00006929,1986.35,1641.93,2466.07
LD00006930,2689.36,1514.82,2671.51
LD00006931,2023.79,2156.69,2707.86
LD00006932,2660.53,2175.41,1711.96
LD00006933,1812.08,1852.72,2166.16
LD00006934,1832.33,2175.99,2408.03
LD00006935,1607.9,2080.73,1663.99
LD00006936,1972.81,2047.83,1417.79
LD00006937,2040.36,1704.5,1648.18
LD00006938,2037.42,1593.55,2786.74
LD00006939,2791.42,2237.1,1557.9
LD00006940,1791.33,2457.72,1794.09
LD00006941,2095.77,2101.65,1443.77
LD00006942,2792.7,1481.51,2700.1
LD00006943,1794.43,1991.94,2354.75
LD00006944,1967.28,1552.78,1787.44
LD00006945,1595.1,1983.78,2726.71
LD00006946,2756.15,2395.59,2033.67
LD00006947,2958.3,2452.89,2697.59
LD00006948,2112.75,1578.55,1489.43
LD00006949,1523.0,1266.25,2533.19
LD00006950,2924.43,1440.31,1574.31
LD00006951,1619.53,2069.59,2176.53
LD00006952,2623.83,1661.3,1822.8
LD00006953,2402.44,2324.12,2232.95
LD00006954,2394.33,2496.37,2362.48
LD00006955,1774.31,1342.62,1566.78
LD00006956,2846.42,1662.23,2680.16
LD00006957,1510.76,1294.71,2525.88
LD00006958,2852.14,1490.18,2537.18
LD00006959,2663.98,2170.33,2266.76
LD00006960,2350.86,1668.92,1864.08
LD00006961,2613.28,1683.82,2013.7
LD00006962,2274.78,1368.53,1771.43
LD00006963,2237.22,2266.28,2420.61
LD00006964,2747.37,1722.19,1594.59
LD00006965,2104.38,1744.56,2288.4
LD00006966,1562.84,2214.02,1782.74
LD00006967,1814.34,2446.65,1552.62
LD00006968,2680.9,2170.22,2782.32
LD00006969,2203.15,1902.68,2285.17
LD00006970,2390.06,1240.46,2753.47
LD00006971,2967.42,1972.42,2077.21
LD00006972,2863.89,1651.19,2735.91
LD00006973,1519.03,2175.6,1623.56
LD00006974,1927.07,1781.23,2257.89
LD00006975,1891.28,1252.84,2411.4
LD00006976,1788.27,2154.28,1569.19
LD00006977,2457.81,1741.91,2594.87
LD00006978,1897.67,2415.03,2046.85
LD00006979,2870.89,2150.76,1440.58
LD00006980,2880.96,2178.89,2605.72
LD00006981,1930.65,1819.66,1638.22
LD00006982,2124.84,1430.23,2136.93
LD00006983,2743.79,2049.56,2397.21
LD00006984,1734.1,1926.33,2620.9
LD00006985,1505.68,1868.83,1908.56
LD00006986,1718.71,1374.31,1491.35
LD00006987,2054.41,1341.03,2522.05
LD00006988,2385.86,2280.71,2040.59
LD00006989,2710.15,2408.99,2695.31
LD00006990,1664.57,1372.22,2575.44
LD00006991,1996.3,1999.55,1758.34
LD00006992,2356.33,1780.64,2765.64
LD00006993,1991.87,2228.59,2006.92
LD00006994,2769.3,1691.68,2232.39
LD00006995,2944.63,2150.11,1936.7
LD00006996,2684.98,2395.9,2744.3
LD00006997,2883.89,1208.56,2049.29
LD00006998,1653.93,2005.05,1623.67
LD00006999,2948.67,2372.22,1607.87
LD00007000,2809.52,2394.42,2764.73
LD00007001,2623.93,2015.97,2027.28
LD00007002,2861.48,1235.69,1448.97
LD00007003,1761.21,1236.3,1544.99
LD00007004,1741.53,1865.11,1593.52
LD00007005,2950.97,2308.02,2732.55
LD00007006,2984.53,2482.75,2728.32
LD00007007,1707.66,1553.16,1456.14
LD00007008,2189.88,1739.92,2323.81
LD00007009,2975.1,2201.2,1920.54
LD00007010,2382.59,2270.47,2374.27
LD00007011,2225.04,1986.04,2750.69
LD00007012,2127.05,2291.66,1674.94
LD00007013,2724.99,1516.04,2726.42
LD00007014,2533.78,1660.95,1627.61
LD00007015,1696.68,1689.57,2362.47
LD00007016,2068.54,2186.77,2510.76
LD00007017,1745.48,1920.53,1447.05
LD00007018,2072.62,1242.08,2335.6
LD00007019,1738.77,1698.95,1741.7
LD00007020,2707.66,2388.51,1516.43
LD00007021,1952.07,1599.14,2598.97
LD00007022,2656.86,1401.77,2117.79
LD00007023,2093.42,1869.78,2542.69
LD00007024,2247.45,1401.95,2177.1
LD00007025,2200.63,1427.66,1676.56
LD00007026,2004.28,1347.66,2704.64
LD00007027,1849.4,1725.87,2406.17
LD00007028,2300.92,1322.21,1507.21
LD00007029,2267.73,1695.77,2576.67
LD00007030,2239.59,2191.4,1799.02
LD00007031,2297.3,1866.59,1847.02
LD00007032,2002.01,1343.76,2068.46
LD00007033,1610.04,2222.75,1907.43
LD00007034,2306.32,1291.47,2260.24
LD00007035,2955.62,1932.95,2595.35
LD00007036,2048.85,1658.39,2678.38
LD00007037,1715.54,2319.16,1632.15
LD00007038,2155.03,2041.72,1599.04
LD00007039,2513.64,1736.57,2524.07
LD00007040,1525.51,1606.34,2254.36
LD00007041,2885.57,1200.43,1780.76
LD00007042,1971.02,1407.45,1932.72
LD00007043,1713.67,2353.92,1845.11
LD00007044,2388.57,1921.22,2429.07
LD00007045,2740.74,1955.25,2345.44
LD00007046,2907.2,1432.24,1444.09
LD00007047,2727.08,1227.3,2698.61
LD00007048,2191.7,1705.98,2111.26
LD00007049,2955.56,2032.66,1970.47
LD00007050,2007.45,1260.75,1787.75
LD00007051,2276.28,1728.32,2358.03
LD00007052,2092.17,1218.28,2092.57
LD00007053,2991.0,1643.33,2163.0
LD00007054,1749.31,1791.15,1635.67
LD00007055,2257.75,1341.5,1904.61
LD00007056,1593.15,2321.88,1642.35
LD00007057,2353.16,1876.02,1850.92
LD00007058,1665.39,1388.35,2467.43
LD00007059,1557.29,1361.1,1931.96
LD00007060,2366.55,1496.45,1655.2
LD00007061,2199.32,2433.19,2018.67
LD00007062,1935.67,2400.22,1796.56
LD00007063,1974.07,1658.66,1809.19
LD00007064,2126.79,1696.41,1626.75
LD00007065,2637.23,1909.12,2108.66
LD00007066,1900.62,1887.58,2286.63
LD00007067,1545.72,1289.61,2610.11
LD00007068,1694.88,1959.45,2346.06
LD00007069,2456.59,1893.8,2376.58
LD00007070,1767.82,2127.78,2713.37
LD00007071,2955.58,1640.52,2249.19
LD00007072,2089.84,1433.15,1631.74
LD00007073,1670.03,1772.92,1676.12
LD00007074,1734.47,2291.4,2256.03
LD00007075,1602.8,2489.26,2280.33
LD00007076,2512.42,1294.25,2063.5
LD00007077,2906.78,1863.86,1967.04
LD00007078,1762.15,1812.66,2701.57
LD00007079,2391.34,1509.65,1456.3
LD00007080,2456.9,1302.78,2139.01
LD00007081,2827.3,2127.71,2050.53
LD00007082,2542.72,1473.45,2090.7
LD00007083,2652.97,2332.3,1789.15
LD00007084,2514.42,1975.21,2285.26
LD00007085,2105.76,1591.53,1966.05
LD00007086,1927.34,1248.14,2483.76
LD00007087,1996.34,2093.64,2488.78
LD00007088,1821.18,1564.42,1926.36
LD00007089,2302.89,1543.9,1987.71
LD00007090,2469.36,2140.13,1721.11
LD00007091,2730.43,1720.73,2412.06
LD00007092,1518.71,1950.41,2251.45
LD00007093,2625.16,2269.34,1689.36
LD00007094,2370.34,1365.82,1517.45
LD00007095,2318.26,2402.79,1563.15
LD00007096,1618.23,2199.37,1937.48
LD00007097,2597.17,1534.36,2165.26
LD00007098,2116.17,2415.94,2458.96
LD00007099,2551.96,2161.03,1775.01
LD00007100,2711.95,2207.58,2226.92
LD00007101,1994.99,1251.03,2343.82
LD00007102,1698.47,2230.91,1470.84
LD00007103,1569.42,1661.43,1957.39
LD00007104,1836.21,2220.21,1885.67
LD00007105,2464.46,1322.42,1498.03
LD00007106,1542.6,1887.8,2146.02
LD00007107,1588.94,2288.02,2244.73
LD00007108,2433.96,1458.14,1456.61
LD00007109,2546.05,1252.07,1682.7
LD00007110,1791.29,1209.07,1487.5
LD00007111,1891.3,2177.9,2522.62
LD00007112,2763.0,1573.27,1511.37
LD00007113,1686.8,1766.46,2528.94
LD00007114,2180.16,1496.45,1701.68
LD00007115,2965.79,2471.55,1459.98
LD00007116,2637.39,2046.0,2239.1
LD00007117,1627.12,2393.15,2192.18
LD00007118,2374.66,1348.43,1808.84
LD00007119,2873.86,1239.74,1464.24
LD00007120,2423.06,1358.81,2573.82
LD00007121,1576.84,1838.91,2085.58
LD00007122,2102.53,2371.97,2061.42
LD00007123,2280.05,1612.39,1711.65
LD00007124,2671.35,1412.09,2350.83
LD00007125,1601.11,1996.01,2695.79
LD00007126,1764.81,1438.18,2292.78
LD00007127,2020.66,2129.12,2753.08
LD00007128,2920.74,2176.78,2641.48
LD00007129,1612.56,1268.87,2535.84
LD00007130,2472.26,2100.57,2082.82
LD00007131,2675.58,1327.1,2771.27
LD00007132,1631.46,2119.48,2595.52
LD00007133,2452.25,1741.57,1610.59
LD00007134,1811.84,1241.45,1712.17
LD00007135,2076.52,1484.23,2690.86
LD00007136,2404.24,2336.37,1998.94
LD00007137,2710.12,1636.13,2735.78
LD00007138,2586.62,2481.91,2554.09
LD00007139,2374.15,2182.28,2531.74
LD00007140,2867.77,2103.6,2381.37
LD00007141,2993.98,1982.74,2605.35
LD00007142,2873.13,1496.35,2370.13
LD00007143,1891.27,1399.19,2113.32
LD00007144,2944.48,2381.51,2207.9
LD00007145,2101.35,1354.17,1726.19
LD00007146,1968.21,1290.44,2757.04
LD00007147,2644.54,2144.66,1887.82
LD00007148,2239.95,1770.81,2201.67
LD00007149,1770.15,2239.12,1507.47
LD00007150,2003.64,1455.46,2087.16
LD00007151,1808.86,1786.97,2486.44
LD00007152,2482.78,2406.73,2719.42
LD00007153,2777.83,1854.98,1743.85
LD00007154,2632.07,1221.43,2326.78
LD00007155,2320.18,1502.25,2273.52
LD00007156,1971.85,2322.97,2284.01
LD00007157,1818.7,2048.1,2305.67
LD00007158,2974.99,1533.11,2621.21
LD00007159,2007.79,1823.91,2646.59
LD00007160,1859.46,1746.35,2775.68
LD00007161,1933.85,1896.54,2673.24
LD00007162,2019.87,1773.31,1467.42
LD00007163,2085.21,2217.05,2758.64
LD00007164,2524.18,1725.01,2385.18
LD00007165,2477.22,2365.78,2636.7
LD00007166,2936.09,1611.19,2178.7
LD00007167,1992.96,1233.63,2470.2
LD00007168,2819.94,1387.0,2002.77
LD00007169,1510.83,2008.72,2159.13
LD00007170,2393.86,1241.03,1922.37
LD00007171,2794.84,1911.83,1515.84
LD00007172,1698.05,1222.12,2444.92
LD00007173,1943.82,2206.83,2025.17
LD00007174,2628.99,2068.08,2579.36
LD00007175,1897.53,1463.75,2278.58
LD00007176,2700.15,2157.89,2268.93
LD00007177,2374.57,1313.73,2219.22
LD00007178,2062.47,2131.79,1857.81
LD00007179,2438.07,1323.71,2190.86
LD00007180,2169.9,1200.99,2329.07
LD00007181,2469.43,2406.71,2199.37
LD00007182,1590.18,1860.24,1446.21
LD00007183,2373.7,2021.86,1406.85
LD00007184,2881.74,2277.9,1419.03
LD00007185,1887.54,1860.98,1883.17
LD00007186,1576.18,2151.11,1848.17
LD00007187,2735.55,1791.53,1900.19
LD00007188,1598.24,1693.21,2736.2
LD00007189,1734.91,1864.58,1462.27
LD00007190,2502.25,1883.4,1834.94
LD00007191,2029.28,2238.62,2745.28
LD00007192,1803.92,2000.72,2561.68
LD00007193,1519.89,1575.15,2307.12
LD00007194,2822.28,2096.5,2668.18
LD00007195,2529.59,1810.46,2406.84
LD00007196,1795.83,2013.65,1929.38
LD00007197,2721.54,2173.01,2241.89
LD00007198,1786.05,1533.23,2418.09
LD00007199,1863.19,1602.13,2255.01
LD00007200,2818.77,1370.9,1896.19
LD00007201,2510.44,2115.08,1924.51
LD00007202,2069.86,1478.7,1441.66
LD00007203,1821.42,1739.75,2265.14
LD00007204,2211.71,2133.24,2318.32
LD00007205,2512.48,1584.38,2031.35
LD00007206,2658.14,1564.37,2290.17
LD00007207,2807.4,1465.78,2765.43
LD00007208,1915.4,2266.54,1402.13
LD00007209,1943.06,1981.16,1901.52
LD00007210,1854.79,1509.74,2150.58
LD00007211,1623.16,1585.43,1951.84
LD00007212,2105.83,2217.74,2419.17
LD00007213,2332.25,1983.15,2668.16
LD00007214,1793.77,1637.09,1980.87
LD00007215,2889.94,1512.86,1681.56
LD00007216,2917.43,1768.78,2183.17
LD00007217,2193.42,1735.18,1787.1
LD00007218,2893.55,2185.02,2365.03
LD00007219,2040.43,1569.54,2543.82
LD00007220,2142.51,1323.48,2303.57
LD00007221,1887.99,1836.78,2702.67
LD00007222,2098.87,1769.1,1923.86
LD00007223,2749.93,1257.68,2639.45
LD00007224,2955.86,1591.1,2670.91
LD00007225,2764.96,2057.23,1515.72
LD00007226,1520.91,1571.65,1559.47
LD00007227,2414.49,1311.53,2528.64
LD00007228,1956.8,2363.72,1566.58
LD00007229,2752.73,1915.99,2775.48
LD00007230,1972.83,1953.06,2139.78
LD00007231,2281.72,1690.35,1952.11
LD00007232,2374.32,2028.81,1498.73
LD00007233,2046.2,1689.43,2540.41
LD00007234,2198.68,2253.27,1907.17
LD00007235,1641.53,1840.02,2422.35
LD00007236,2604.55,1896.35,2074.69
LD00007237,2516.25,1841.41,2135.72
LD00007238,2438.75,2406.13,2443.44
LD00007239,2189.45,2364.09,2453.02
LD00007240,1749.17,2193.71,2023.89
LD00007241,2985.87,1684.01,1950.35
LD00007242,2718.93,1955.78,1543.43
LD00007243,2221.65,1579.38,1939.94
LD00007244,1569.0,1771.73,2676.7
LD00007245,2520.79,1597.48,1997.58
LD00007246,1571.93,2251.16,1496.13
LD00007247,1730.2,1979.42,2118.73
LD00007248,2339.19,1636.0,2334.07
LD00007249,1919.1,1870.0,2089.69
LD00007250,1572.92,1384.68,2304.96
LD00007251,2775.0,1535.68,2300.8
LD00007252,1964.43,2161.14,1727.12
LD00007253,2479.22,2453.48,1694.99
LD00007254,2425.37,2485.94,1993.12
LD00007255,1658.89,1728.28,2237.35
LD00007256,1709.03,2114.01,1990.76
LD00007257,1970.66,1208.74,2343.99
LD00007258,2850.22,2033.86,1918.65
LD00007259,1548.74,1265.52,1548.18
LD00007260,2493.24,2051.44,1416.95
LD00007261,1976.68,1508.18,1968.96
LD00007262,1748.79,1982.89,1576.59
LD00007263,1829.3,1723.64,1598.71
LD00007264,2831.24,2498.95,2443.65
LD00007265,1814.02,1215.07,1879.83
LD00007266,1536.62,2336.22,1560.45
LD00007267,2801.54,1537.0,1799.47
LD00007268,1975.66,1228.19,1747.33
LD00007269,1980.07,1861.58,2086.86
LD00007270,2100.1,2266.3,1911.58
LD00007271,2250.44,1242.92,2188.27
LD00007272,2289.31,2078.32,2044.4
LD00007273,1672.03,1612.57,2495.23
LD00007274,2585.23,2139.75,1490.17
LD00007275,2895.43,1829.21,1675.64
LD00007276,2998.74,1717.76,1623.13
LD00007277,1569.42,1976.08,1459.23
LD00007278,2430.36,2086.17,2657.55
LD00007279,2393.4,1493.01,1930.71
LD00007280,1956.86,1796.27,1967.02
LD00007281,1609.61,1906.79,2754.59
LD00007282,1512.9,2208.96,1433.11
LD00007283,2453.92,2012.59,2693.83
LD00007284,1501.58,1569.51,1895.5
LD00007285,1793.29,1376.82,1567.75
LD00007286,2632.7,2092.78,2585.63
LD00007287,1585.36,2350.67,2515.98
LD00007288,1560.39,1834.43,2574.51
LD00007289,1799.95,1864.7,2215.45
LD00007290,1927.87,1444.11,1643.72
LD00007291,1956.47,2240.68,1990.23
LD00007292,2622.17,1350.87,2106.36
LD00007293,1711.25,1660.25,1883.0
LD00007294,2152.51,2315.92,2308.03
LD00007295,2442.78,2005.17,2206.93
LD00007296,1737.78,2276.82,1697.66
LD00007297,1530.14,1645.94,1844.55
LD00007298,1999.9,1290.11,2790.47
LD00007299,1689.91,1584.82,2073.9
LD00007300,1741.65,1379.58,1963.02
LD00007301,1677.92,1723.07,2261.79
LD00007302,2931.87,2206.88,2242.22
LD00007303,2158.07,1456.85,2296.86
LD00007304,2265.43,2408.72,1559.82
LD00007305,2463.75,1710.6,2143.48
LD00007306,2756.62,2249.25,2263.9
LD00007307,2146.63,1657.0,1919.92
LD00007308,2846.06,2466.3,2175.95
LD00007309,2145.71,1829.9,1741.29
LD00007310,2807.82,2110.11,1668.21
LD00007311,2020.59,1384.62,2165.85
LD00007312,1981.8,1620.65,1876.42
LD00007313,2698.21,2495.83,2179.7
LD00007314,2935.79,1803.35,1661.99
LD00007315,2404.41,1800.97,1740.24
LD00007316,1574.08,1527.48,1474.15
LD00007317,2932.11,1642.54,1447.35
LD00007318,1509.85,2313.13,2352.05
LD00007319,2150.31,2088.67,2420.44
LD00007320,2162.97,2050.98,1406.5
LD00007321,1863.73,2490.95,1482.26
LD00007322,1571.29,1358.72,1699.18
LD00007323,1977.75,1834.48,1641.99
LD00007324,2030.58,2413.76,1730.63
LD00007325,2359.17,2134.65,1737.35
LD00007326,2833.05,1394.54,2390.59
LD00007327,2982.74,1792.25,2178.92
LD00007328,1864.5,1579.13,2552.35
LD00007329,2089.24,2400.72,1601.3
LD00007330,2839.78,1790.49,2692.09
LD00007331,2538.12,2347.95,2656.28
LD00007332,2374.98,1620.7,2731.42
LD00007333,2257.52,2450.05,2789.79
LD00007334,2831.75,2281.57,1847.84
LD00007335,2621.19,1920.1,2071.51
LD00007336,2095.85,1391.77,2705.37
LD00007337,1513.14,1608.12,2210.86
LD00007338,2546.12,2117.07,2073.94
LD00007339,2619.17,1225.52,1789.22
LD00007340,2498.49,1856.8,2668.99
LD00007341,1611.56,1545.02,1986.83
LD00007342,1922.29,2067.52,2232.76
LD00007343,2195.12,1839.69,1494.97
LD00007344,2866.33,1997.78,2793.53
LD00007345,1526.97,2072.53,2423.21
LD00007346,2671.46,2344.42,2277.34
LD00007347,2854.01,1939.65,1539.44
LD00007348,2936.55,2154.19,1696.84
LD00007349,2067.42,1337.79,2168.14
LD00007350,2310.94,1966.2,1486.5
LD00007351,2063.6,1768.81,1404.51
LD00007352,2884.52,1917.6,1895.6
LD00007353,2039.44,1336.47,1987.69
LD00007354,1684.91,1473.14,1779.36
LD00007355,2050.3,1725.2,1806.44
LD00007356,1677.81,1701.53,1612.06
LD00007357,2764.0,1646.74,1908.59
LD00007358,1931.52,1404.32,1732.38
LD00007359,2899.46,1515.65,1452.72
LD00007360,2966.63,1591.36,2010.78
LD00007361,2202.17,1213.89,1995.86
LD00007362,1544.62,1745.3,2704.12
LD00007363,2930.01,1614.71,2723.49
LD00007364,2533.81,2065.73,2192.15
LD00007365,2718.23,1221.22,2714.65
LD00007366,1752.5,2249.25,2501.3
LD00007367,2130.03,1834.45,1870.3
LD00007368,2076.31,1407.81,2526.8
LD00007369,2839.33,1343.63,2173.76
LD00007370,2270.14,2083.49,2460.68
LD00007371,1516.31,2462.42,2494.79
LD00007372,2077.48,1458.01,1906.59
LD00007373,2891.24,1955.61,1717.61
LD00007374,1712.02,1605.91,1825.33
LD00007375,1840.47,2400.91,2142.79
LD00007376,2056.9,2291.0,2340.46
LD00007377,1510.33,1358.05,2552.65
LD00007378,1703.48,1305.22,2366.07
LD00007379,2017.6,1984.32,1829.55
LD00007380,2431.41,1642.78,1900.97
LD00007381,2044.56,1629.67,1489.24
LD00007382,2623.99,2263.89,2134.04
LD00007383,2838.77,1559.33,2126.46
LD00007384,2649.41,1359.86,1830.84
LD00007385,1719.19,1690.55,2661.31
LD00007386,2362.45,1258.72,2445.22
LD00007387,1995.72,2098.25,1437.75
LD00007388,1811.71,1439.33,1619.86
LD00007389,2364.02,1684.91,1634.79
LD00007390,2160.69,1540.25,2749.55
LD00007391,2736.65,1388.96,2634.82
LD00007392,1982.1,1268.57,2524.38
LD00007393,2544.11,1248.15,2457.52
LD00007394,1556.93,1292.35,1931.55
LD00007395,1744.54,1698.86,1885.69
LD00007396,2333.16,2465.34,2347.19
LD00007397,2424.02,1750.15,1451.98
LD00007398,2267.62,2106.24,2332.23
LD00007399,1873.72,1247.91,2383.4
LD00007400,2247.1,2290.7,2353.43
LD00007401,1826.81,1839.56,1876.72
LD00007402,2478.55,1448.69,2347.36
LD00007403,2999.45,1510.02,1827.49
LD00007404,1967.15,1562.16,2116.57
LD00007405,1925.05,1726.09,2133.39
LD00007406,2435.26,1223.62,2503.79
LD00007407,2150.03,1839.38,2558.09
LD00007408,1901.84,1890.16,2344.56
LD00007409,2802.35,2422.27,1931.08
LD00007410,2893.08,1823.5,1625.2
LD00007411,2161.37,1626.82,2436.02
LD00007412,2698.99,1614.14,2511.14
LD00007413,2269.84,2315.65,1497.12
LD00007414,2467.24,1235.86,1820.55
LD00007415,1636.87,1978.87,1880.64
LD00007416,1849.13,2378.37,1798.59
LD00007417,2665.36,1269.94,1448.07
LD00007418,1539.72,1231.64,2140.21
LD00007419,2222.96,1244.76,2280.71
LD00007420,2904.17,1779.14,1417.42
LD00007421,2437.57,2093.97,2750.7
LD00007422,2714.61,2269.66,2186.17
LD00007423,2777.51,1327.52,2435.67
LD00007424,2922.09,2184.52,2054.6
LD00007425,2294.5,2464.35,2475.29
LD00007426,1839.1,1823.66,1951.08
LD00007427,2965.14,1782.83,2523.52
LD00007428,2763.34,2405.12,2686.3
LD00007429,2373.15,1956.21,2737.57
LD00007430,1900.31,1266.77,2007.65
LD00007431,1837.76,1738.65,2328.73
LD00007432,2988.45,1391.18,1410.01
LD00007433,2373.14,1958.9,2203.45
LD00007434,2308.16,1578.89,1540.21
LD00007435,1984.35,1455.92,2110.92
LD00007436,2102.28,2463.9,2027.96
LD00007437,2245.21,1522.26,2183.29
LD00007438,1731.11,2332.82,2640.84
LD00007439,2921.17,2237.05,2650.75
LD00007440,2041.47,1627.57,2149.57
LD00007441,2106.59,2375.37,2792.15
LD00007442,2174.47,1908.88,1743.9
LD00007443,2064.94,1667.77,2312.04
LD00007444,2387.41,2287.53,1621.19
LD00007445,2533.22,2301.64,2331.63
LD00007446,1523.58,2464.95,1990.03
LD00007447,2100.94,2497.18,2301.19
LD00007448,2195.29,1440.38,2658.23
LD00007449,2204.26,1624.99,1638.76
LD00007450,2913.24,2107.62,2262.15
LD00007451,2639.41,1776.62,2192.38
LD00007452,2985.04,2451.0,2740.09
LD00007453,1754.06,1736.91,1615.67
LD00007454,2473.32,1957.97,1679.41
LD00007455,1747.16,1504.97,2116.11
LD00007456,2283.25,2169.41,2675.63
LD00007457,2250.55,1603.56,2097.22
LD00007458,2151.26,1605.44,2302.3
LD00007459,1766.87,2149.72,1420.31
LD00007460,2872.63,2496.95,2210.88
LD00007461,2464.95,1533.85,1439.06
LD00007462,2247.45,1789.04,2418.54
LD00007463,2674.48,2274.77,1895.72
LD00007464,2076.99,1250.72,2749.74
LD00007465,2859.65,1312.84,2024.33
LD00007466,1589.1,1858.81,2313.88
LD00007467,2814.65,1391.44,2339.49
LD00007468,2844.23,1685.65,2537.54
LD00007469,2359.08,1949.17,2002.94
LD00007470,1651.1,1512.55,1585.08
LD00007471,2929.34,1465.88,2157.7
LD00007472,2065.38,2432.28,1829.83
LD00007473,2660.89,1812.96,1436.98
LD00007474,1818.59,1821.17,2556.61
LD00007475,2940.8,2111.06,2508.34
LD00007476,2899.69,1722.96,1635.03
LD00007477,2003.62,2144.57,1603.0
LD00007478,2228.71,1970.8,1531.29
LD00007479,2848.92,1974.11,1685.6
LD00007480,1853.55,1996.65,2438.34
LD00007481,2147.41,1488.46,2744.65
LD00007482,2960.22,1855.69,2756.43
LD00007483,2624.71,1341.35,2728.55
LD00007484,1853.72,2049.02,1586.57
LD00007485,2626.88,1473.2,2452.57
LD00007486,1975.87,2393.65,1593.8
LD00007487,1925.4,2397.84,1632.16
LD00007488,2615.7,1947.0,1477.33
LD00007489,1518.86,2354.61,2559.01
LD00007490,2242.57,1967.22,2750.93
LD00007491,2108.79,2190.01,1995.96
LD00007492,2476.35,1907.32,2568.73
LD00007493,1850.25,2274.27,1834.38
LD00007494,2595.26,1768.61,2673.75
LD00007495,1594.04,1507.55,1619.99
LD00007496,2243.89,1941.17,2364.28
LD00007497,1996.86,1205.62,2479.81
LD00007498,1638.57,2284.38,1694.81
LD00007499,1848.88,1746.76,2584.28
LD00007500,2745.31,1232.42,1767.13
LD00007501,1879.02,2099.69,2423.33
LD00007502,2843.34,1928.81,1530.01
LD00007503,1681.38,1656.58,1933.07
LD00007504,1500.71,2115.2,1552.9
LD00007505,2583.16,2230.39,2231.26
LD00007506,1971.45,2085.17,1522.12
LD00007507,2877.66,2372.63,2575.99
LD00007508,2281.68,2281.19,1822.43
LD00007509,2184.05,1271.28,1660.04
LD00007510,1930.69,1379.46,1687.62
LD00007511,2137.9,1583.11,2104.13
LD00007512,2282.52,2151.41,1486.68
LD00007513,2564.05,2329.31,2546.36
LD00007514,2241.28,1483.65,2570.3
LD00007515,2944.85,2004.29,1999.95
LD00007516,2629.07,2178.71,1822.34
LD00007517,1935.74,1536.88,2495.55
LD00007518,2853.05,1429.63,2203.65
LD00007519,2287.54,1405.92,1854.76
LD00007520,2658.19,1402.02,2776.19
LD00007521,1685.51,1299.9,2067.81
LD00007522,2813.39,2428.16,2226.22
LD00007523,2579.98,1903.68,2473.33
LD00007524,2610.37,1405.37,1467.86
LD00007525,2239.01,1201.88,1915.06
LD00007526,1765.16,1374.43,2353.62
LD00007527,1915.27,1323.39,1550.15
LD00007528,1591.04,1719.37,2418.47
LD00007529,2600.06,2434.79,1621.4
LD00007530,2133.05,1628.88,2170.41
LD00007531,2124.89,1397.54,1787.62
LD00007532,1579.24,1423.92,2457.27
LD00007533,1594.04,1519.32,2530.08
LD00007534,2096.64,1375.76,2427.71
LD00007535,2087.98,2210.01,2055.86
LD00007536,1512.53,2473.68,2137.06
LD00007537,1862.39,1232.59,1499.51
LD00007538,2135.13,1420.71,2293.43
LD00007539,2774.74,1500.43,1520.95
LD00007540,1955.08,1316.75,2018.59
LD00007541,2933.15,2053.03,1607.06
LD00007542,2037.88,2230.69,2448.84
LD00007543,2050.97,1846.04,2230.12
LD00007544,1996.55,1675.03,1905.01
LD00007545,2547.24,1282.32,1578.41
LD00007546,1676.12,1988.67,2095.84
LD00007547,1919.54,1535.79,1546.54
LD00007548,1600.93,2349.59,1421.24
LD00007549,2346.39,1650.67,1654.48
LD00007550,2006.57,2317.23,1972.12
LD00007551,1833.32,2132.01,2708.16
LD00007552,1542.8,2161.84,1908.05
LD00007553,1543.0,1791.33,2708.83
LD00007554,1611.1,2085.79,1628.04
LD00007555,2839.78,2198.23,2683.18
LD00007556,1613.17,1566.55,2595.71
LD00007557,2007.27,2420.83,2243.94
LD00007558,2882.32,2097.17,2350.67
LD00007559,2027.22,1481.6,2210.87
LD00007560,1781.66,1537.95,1685.58
LD00007561,1852.07,1323.12,2318.23
LD00007562,2869.05,1202.38,1784.51
LD00007563,2970.61,2269.7,2231.56
LD00007564,2314.99,1811.21,2132.13
LD00007565,2521.82,2028.94,2094.75
LD00007566,1756.53,1305.07,2330.47
LD00007567,2875.11,2178.18,1849.43
LD00007568,1970.81,1681.2,2172.66
LD00007569,2063.57,1707.42,2534.01
LD00007570,2327.57,1252.9,1764.15
LD00007571,1751.71,2263.72,1482.0
LD00007572,1886.62,2251.69,1707.5
LD00007573,2754.15,1717.31,1728.04
LD00007574,2001.96,2421.48,2441.94
LD00007575,1942.19,2433.56,2517.19
LD00007576,2428.55,2397.51,1773.92
LD00007577,1837.42,1612.84,2113.26
LD00007578,2176.26,1625.12,1586.47
LD00007579,1924.76,2380.56,2459.37
LD00007580,1874.45,1824.33,2681.58
LD00007581,2198.41,2335.46,1635.05
LD00007582,2032.99,1714.54,1671.92
LD00007583,2194.76,1454.89,2188.9
LD00007584,1868.36,1639.59,1951.28
LD00007585,1903.28,1406.92,1490.32
LD00007586,1677.45,1863.67,1807.75
LD00007587,2941.17,2048.91,2373.48
LD00007588,2254.19,1904.23,1695.22
LD00007589,2275.06,1230.05,1802.28
LD00007590,1775.39,2044.72,1575.97
LD00007591,2841.43,2473.02,2052.22
LD00007592,2288.93,1702.72,2452.42
LD00007593,2854.84,1613.03,1580.37
LD00007594,2461.13,2063.01,1497.58
LD00007595,2406.83,1255.84,2292.51
LD00007596,2382.81,1882.65,1549.8
LD00007597,2123.11,2213.43,1640.67
LD00007598,2651.23,1890.04,2037.12
LD00007599,2940.61,1449.29,1677.84
LD00007600,1787.01,1409.8,2795.42
LD00007601,1600.65,1919.21,1754.68
LD00007602,2103.34,1491.81,1672.06
LD00007603,1578.94,2191.48,2486.74
LD00007604,1918.68,2391.27,1790.61
LD00007605,1679.73,2318.22,2065.93
LD00007606,1737.94,1999.38,1506.98
LD00007607,2162.69,1614.15,1487.38
LD00007608,1855.05,2284.52,1576.55
LD00007609,1572.04,2083.35,1459.46
LD00007610,2974.05,2414.55,2694.24
LD00007611,2626.31,2051.9,1962.79
LD00007612,2680.05,2044.6,2095.28
LD00007613,2728.07,2154.17,2200.56
LD00007614,1694.72,1204.05,2205.87
LD00007615,2092.85,1392.63,1450.87
LD00007616,2460.31,1997.02,2728.36
LD00007617,1883.61,1427.44,2343.18
LD00007618,2921.61,1822.06,2593.33
LD00007619,1789.87,1743.56,2540.3
LD00007620,2683.81,1786.2,2402.55
LD00007621,2211.0,1634.63,1496.45
LD00007622,2717.77,1901.48,2650.58
LD00007623,1558.74,2043.66,2009.28
LD00007624,1639.11,2206.41,2548.56
LD00007625,2372.4,2332.61,1811.68
LD00007626,2184.84,2414.89,2308.14
LD00007627,1999.3,2440.52,1701.15
LD00007628,2180.91,2322.05,1993.62
LD00007629,2972.28,1604.54,2231.0
LD00007630,2785.53,1743.31,1981.48
LD00007631,1529.95,2325.41,1978.51
LD00007632,2503.86,2226.84,1668.09
LD00007633,2091.9,2215.61,2576.79
LD00007634,2149.85,2473.79,2335.52
LD00007635,2711.63,1528.11,2479.79
LD00007636,2038.22,1462.17,1919.74
LD00007637,2232.86,1369.03,2581.98
LD00007638,1570.82,1293.39,2781.02
LD00007639,2858.41,2408.26,2655.88
LD00007640,1987.93,2207.8,1765.42
LD00007641,2610.33,1610.41,2417.51
LD00007642,2920.79,1443.43,2789.99
LD00007643,1848.23,1228.14,2748.78
LD00007644,2460.21,1884.9,1603.86
LD00007645,2618.87,2266.9,1577.51
LD00007646,2654.77,1270.91,2368.77
LD00007647,2517.95,1530.45,2072.57
LD00007648,2432.19,2431.99,2529.42
LD00007649,2014.15,1598.94,2755.07
LD00007650,1681.32,1398.69,2242.98
LD00007651,2722.09,2119.65,1559.91
LD00007652,2145.33,2193.53,2052.57
LD00007653,2740.51,1933.89,1950.34
LD00007654,2438.94,2492.07,2360.83
LD00007655,1682.49,1512.37,2388.19
LD00007656,1645.47,1279.74,2079.81
LD00007657,2004.04,1529.74,2121.78
LD00007658,2196.02,1526.82,2292.68
LD00007659,2395.88,1440.51,2416.42
LD00007660,1560.59,1998.09,1671.21
LD00007661,2008.62,2452.44,2076.35
LD00007662,2006.66,1839.11,2623.11
LD00007663,1918.56,2379.46,1492.24
LD00007664,2366.44,1845.95,1952.61
LD00007665,2999.85,2472.14,2441.79
LD00007666,1858.31,2010.5,2351.64
LD00007667,1906.9,1639.75,1590.02
LD00007668,2539.77,2278.47,2748.5
LD00007669,2530.02,1344.4,1761.48
LD00007670,2689.3,1272.98,2670.71
LD00007671,1861.56,1363.77,2297.91
LD00007672,2965.98,1733.35,1910.65
LD00007673,2276.08,1367.08,2410.05
LD00007674,2923.85,1536.64,2610.69
LD00007675,2544.16,1955.82,2578.36
LD00007676,1772.81,2182.11,1925.11
LD00007677,1963.21,1343.34,1786.28
LD00007678,1984.83,2460.58,1519.03
LD00007679,2068.23,1658.91,2074.0
LD00007680,2889.51,1603.33,2019.05
LD00007681,2055.9,1257.49,2126.81
LD00007682,1742.21,1962.36,1700.27
LD00007683,2603.55,1867.83,2258.28
LD00007684,2929.27,1534.16,1789.54
LD00007685,2830.8,1595.59,2650.49
LD00007686,2501.06,1711.24,1803.14
LD00007687,2137.25,2066.1,2248.91
LD00007688,2509.11,2483.83,2090.69
LD00007689,2960.05,2210.34,1970.7
LD00007690,1717.27,2442.06,1439.98
LD00007691,2592.77,2254.15,2400.62
LD00007692,2218.87,1993.57,2385.25
LD00007693,1894.0,2327.65,2546.69
LD00007694,1883.81,1338.01,2700.98
LD00007695,1844.21,1278.13,1649.12
LD00007696,1883.69,1594.09,2448.86
LD00007697,2053.78,1365.93,2289.57
LD00007698,2360.99,2138.47,2778.5
LD00007699,2696.9,1515.73,1825.24
LD00007700,1971.95,1673.53,2618.62
LD00007701,2650.31,2374.21,2156.62
LD00007702,2504.09,1353.37,1972.44
LD00007703,1789.41,2342.93,2585.19
LD00007704,2689.91,2389.19,2461.96
LD00007705,1936.64,1967.91,1967.75
LD00007706,2845.65,1793.93,2277.19
LD00007707,2517.23,1298.1,2541.38
LD00007708,2398.61,2488.53,2550.33
LD00007709,2155.11,1875.33,2569.79
LD00007710,1983.85,1461.91,1479.13
LD00007711,1752.85,2179.99,1660.06
LD00007712,1688.44,1746.59,1810.14
LD00007713,1708.73,1892.94,1511.64
LD00007714,2852.47,2128.56,1543.88
LD00007715,2039.88,1224.16,1810.61
LD00007716,1858.95,2019.03,1443.32
LD00007717,1610.39,1896.73,2148.05
LD00007718,2413.12,2189.23,2054.44
LD00007719,2351.04,2037.9,2761.14
LD00007720,2216.48,2485.26,2084.88
LD00007721,1621.56,1388.62,2228.8
LD00007722,2041.44,1851.54,2370.51
LD00007723,1743.23,2212.68,1453.49
LD00007724,2314.59,1680.49,1451.74
LD00007725,1968.56,1285.59,1881.13
LD00007726,2996.39,1945.63,2111.04
LD00007727,2616.54,1742.32,1677.4
LD00007728,1938.43,1533.6,1401.58
LD00007729,2903.59,2114.27,1808.86
LD00007730,1593.3,1646.18,1668.8
LD00007731,1691.53,1814.25,1720.85
LD00007732,1626.91,1680.87,2356.61
LD00007733,2821.05,2371.21,2665.15
LD00007734,2630.5,2447.63,2510.75
LD00007735,2356.51,2490.84,1831.36
LD00007736,2873.94,1303.76,2080.37
LD00007737,2477.27,1415.96,1518.17
LD00007738,2739.91,1226.94,1702.01
LD00007739,1946.81,1547.07,1632.17
LD00007740,2084.59,1440.47,1795.45
LD00007741,2357.72,1813.77,1834.21
LD00007742,2076.24,2310.32,1765.57
LD00007743,1626.65,1385.78,2080.2
LD00007744,2865.99,1962.33,1797.21
LD00007745,2843.26,2369.05,1908.82
LD00007746,2061.95,1409.9,2421.06
LD00007747,2531.22,2052.85,1951.53
LD00007748,2579.78,1405.02,2706.14
LD00007749,2569.0,2442.08,2592.77
LD00007750,2793.58,1663.47,2131.92
LD00007751,2516.75,2019.91,2636.76
LD00007752,2185.37,1670.69,2334.27
LD00007753,2899.15,2365.41,2395.59
LD00007754,2974.27,2234.89,2527.11
LD00007755,1973.42,1720.39,2261.64
LD00007756,2359.69,1533.0,1525.86
LD00007757,2945.05,1842.26,2732.07
LD00007758,1947.08,2417.19,1850.45
LD00007759,1914.28,1808.57,2575.32
LD00007760,1622.95,2201.15,2023.25
LD00007761,2024.31,1832.52,2438.26
LD00007762,2408.32,1437.49,2500.37
LD00007763,2306.41,2061.44,2490.72
LD00007764,2866.29,1578.46,1748.58
LD00007765,2268.07,1520.31,2630.55
LD00007766,2227.35,2136.83,1691.94
LD00007767,2566.78,1908.88,2286.5
LD00007768,2854.19,2182.64,2466.79
LD00007769,2150.2,2360.33,2415.27
LD00007770,2931.9,2452.27,2641.16
LD00007771,2062.63,1607.52,2403.91
LD00007772,1796.91,1854.01,2793.98
LD00007773,1791.29,2021.21,2386.89
LD00007774,2229.26,1800.69,1572.75
LD00007775,1888.22,2183.08,1934.18
LD00007776,1898.82,1646.34,2371.68
LD00007777,1554.15,2474.56,2665.69
LD00007778,2966.24,1735.97,2184.58
LD00007779,2405.75,1609.5,1732.36
LD00007780,1655.07,2456.24,2042.42
LD00007781,2422.79,1723.02,1401.54
LD00007782,1886.54,1302.47,1543.3
LD00007783,2239.77,1451.93,2072.65
LD00007784,1905.21,1895.08,2330.77
LD00007785,1921.72,2236.32,1754.02
LD00007786,2043.59,1741.13,2164.42
LD00007787,2140.9,2008.08,2675.32
LD00007788,2203.19,1955.7,1721.75
LD00007789,1656.65,1770.98,2023.37
LD00007790,1728.81,2307.18,2471.29
LD00007791,1697.2,1882.9,2620.8
LD00007792,2732.45,1949.31,1624.02
LD00007793,1969.17,2167.28,2302.52
LD00007794,1575.96,2381.77,2527.29
LD00007795,2363.8,2407.57,1902.27
LD00007796,2029.84,2258.83,2309.98
LD00007797,2786.03,2282.91,2269.85
LD00007798,2256.19,1815.5,1615.02
LD00007799,1935.51,1591.8,1915.96
LD00007800,2355.05,1440.77,2210.41
LD00007801,2008.56,2277.83,1747.09
LD00007802,1852.45,2099.2,1461.99
LD00007803,1913.17,1994.62,2582.9
LD00007804,2697.56,1729.17,2466.23
LD00007805,2552.07,2078.52,2439.27
LD00007806,2946.46,2184.39,2575.02
LD00007807,2005.48,1377.58,1688.52
LD00007808,2307.98,2399.49,2447.96
LD00007809,1605.64,1781.79,2454.01
LD00007810,2160.38,1939.44,1629.12
LD00007811,2174.96,1590.9,1824.95
LD00007812,2113.33,1268.23,1459.46
LD00007813,1733.01,1708.16,2040.29
LD00007814,2161.54,1310.15,1476.06
LD00007815,1698.04,1514.77,1706.16
LD00007816,2177.97,1720.95,2678.76
LD00007817,2695.54,1349.46,1486.86
LD00007818,2880.87,1828.55,1495.29
LD00007819,1808.17,1462.19,1655.78
LD00007820,2162.17,1292.79,1491.55
LD00007821,1845.96,1543.08,2752.84
LD00007822,2190.78,1578.83,2649.78
LD00007823,2825.51,1524.19,2253.47
LD00007824,1896.44,1516.34,2631.86
LD00007825,2241.0,1374.98,2431.56
LD00007826,2383.16,1807.66,1469.41
LD00007827,2700.53,1394.4,2510.36
LD00007828,1631.2,1379.3,1737.72
LD00007829,1692.21,1521.76,2735.13
LD00007830,2104.79,2181.56,2609.97
LD00007831,2263.24,2032.26,1696.79
LD00007832,1808.86,1649.71,1404.69
LD00007833,2996.34,2102.86,2197.3
LD00007834,1625.68,1787.53,2227.1
LD00007835,1732.8,1803.97,1749.95
LD00007836,2266.41,2267.24,2520.79
LD00007837,2191.89,2230.37,1565.28
LD00007838,2286.81,2054.82,2554.62
LD00007839,1760.28,1858.45,2590.37
LD00007840,2808.38,1554.43,2320.97
LD00007841,2047.41,1234.47,2542.44
LD00007842,2352.95,2359.84,2751.78
LD00007843,2362.51,1355.07,1882.48
LD00007844,2465.36,2366.15,2135.13
LD00007845,1941.75,2099.21,2378.32
LD00007846,1796.77,1466.89,2525.59
LD00007847,2065.04,1545.76,1694.47
LD00007848,2295.17,1646.65,1909.85
LD00007849,2892.36,2456.85,1708.03
LD00007850,2239.18,1730.89,1643.75
LD00007851,2957.51,1346.97,2637.96
LD00007852,1628.44,1985.64,2611.84
LD00007853,2382.46,2250.15,2119.47
LD00007854,1797.92,2019.81,2438.14
LD00007855,2751.8,1389.18,1532.99
LD00007856,2322.36,2019.51,1707.5
LD00007857,1545.67,1530.67,2732.78
LD00007858,2327.52,1288.89,1595.1
LD00007859,2276.69,1602.47,2610.07
LD00007860,2138.65,2305.63,2789.2
LD00007861,2671.43,2390.83,2243.79
LD00007862,2986.98,1733.33,1999.27
LD00007863,2335.66,2341.85,1681.31
LD00007864,1961.63,1687.07,2605.61
LD00007865,2533.67,1978.87,2284.64
LD00007866,2308.12,1481.82,2412.46
LD00007867,2286.96,1857.07,1796.28
LD00007868,1572.67,1953.18,1455.77
LD00007869,2448.34,1695.51,2396.88
LD00007870,2109.97,1592.62,1568.7
LD00007871,1894.3,1359.36,2782.05
LD00007872,1816.91,1806.84,2298.07
LD00007873,2762.48,2297.73,2031.23
LD00007874,2588.79,2100.46,2411.9
LD00007875,1691.01,2067.91,2242.11
LD00007876,2411.19,2477.19,2659.44
LD00007877,1609.19,1292.31,1718.62
LD00007878,2511.21,1597.44,2596.7
LD00007879,2905.18,2300.18,2123.88
LD00007880,2921.09,1743.69,2572.14
LD00007881,2059.58,1902.61,1961.33
LD00007882,1899.95,1674.54,1917.07
LD00007883,2393.13,2104.93,1656.27
LD00007884,2717.21,1291.35,2402.59
LD00007885,1788.16,1480.27,2183.51
LD00007886,2328.95,2358.03,2513.95
LD00007887,2251.15,1284.49,2163.43
LD00007888,2846.8,2400.64,2781.85
LD00007889,1868.93,2119.32,2303.63
LD00007890,1928.05,2202.8,2712.81
LD00007891,2360.89,2139.86,1854.0
LD00007892,1924.47,2025.97,2704.97
LD00007893,1679.35,1207.95,1560.74
LD00007894,1728.98,1437.65,1991.02
LD00007895,2820.08,1696.19,2339.02
LD00007896,2317.77,1255.02,2347.26
LD00007897,1942.23,1997.45,2755.55
LD00007898,2301.36,1923.07,1782.9
LD00007899,1761.18,1599.73,2312.94
LD00007900,2276.19,1327.46,1570.46
LD00007901,2724.11,2164.17,2121.07
LD00007902,1926.53,1606.83,1927.16
LD00007903,2926.18,1465.93,1548.07
LD00007904,2961.03,2447.36,1886.63
LD00007905,1939.68,1780.9,2391.87
LD00007906,2310.76,1687.53,2322.29
LD00007907,2861.16,2018.16,2079.36
LD00007908,2603.1,1735.75,2494.3
LD00007909,1537.98,1808.98,2639.56
LD00007910,2243.54,1486.56,1668.4
LD00007911,2666.19,1675.12,2680.25
LD00007912,2704.66,2447.2,1771.29
LD00007913,1772.77,1613.98,1814.39
LD00007914,2125.24,1558.5,2301.51
LD00007915,1681.4,2162.63,1448.49
LD00007916,2129.33,2119.83,2254.85
LD00007917,2039.65,1447.08,2665.95
LD00007918,2482.12,1370.3,1887.8
LD00007919,2220.49,2145.02,1648.57
LD00007920,2352.1,1734.69,2024.6
LD00007921,2460.39,2016.88,1680.03
LD00007922,1640.45,1914.25,2091.54
LD00007923,2860.42,1240.89,2326.71
LD00007924,2622.34,1774.98,1958.39
LD00007925,2727.95,2313.55,2419.41
LD00007926,1544.06,1987.76,2409.06
LD00007927,2648.03,2456.74,2563.44
LD00007928,2207.12,1674.29,1587.58
LD00007929,2213.27,1993.57,2107.72
LD00007930,1987.35,1996.79,2478.38
LD00007931,2803.27,2312.12,2174.38
LD00007932,2912.15,2385.95,2771.34
LD00007933,1629.58,1689.84,2681.66
LD00007934,2723.03,1372.48,2791.85
LD00007935,1634.16,1647.14,1601.34
LD00007936,2170.89,2032.74,2766.39
LD00007937,2450.21,1429.33,1570.72
LD00007938,2647.35,2346.24,1484.96
LD00007939,1738.92,2118.39,2445.83
LD00007940,2804.97,2298.89,2687.79
LD00007941,2834.64,1542.42,1743.17
LD00007942,2092.47,1344.31,2203.64
LD00007943,2925.03,2132.52,2138.28
LD00007944,2449.98,2281.57,2671.96
LD00007945,2895.89,2008.93,2188.46
LD00007946,1578.28,1932.71,2424.96
LD00007947,2779.23,1650.47,2682.22
LD00007948,2630.38,2025.81,1598.21
LD00007949,1792.01,1676.14,1575.58
LD00007950,2881.5,1712.03,1629.1
LD00007951,2369.49,1772.76,2028.84
LD00007952,2598.19,1739.98,1973.28
LD00007953,2554.94,2226.35,2659.13
LD00007954,2085.41,1734.83,2255.84
LD00007955,2624.61,2086.76,2325.02
LD00007956,2293.5,2274.27,2419.83
LD00007957,2507.23,2176.69,1488.88
LD00007958,2961.62,1923.25,1871.11
LD00007959,1936.7,2270.49,2277.61
LD00007960,2214.94,2083.5,2260.54
LD00007961,2342.7,1575.79,1663.14
LD00007962,2746.15,1713.33,2049.22
LD00007963,2667.7,1552.39,2545.61
LD00007964,2692.44,1663.29,1894.08
LD00007965,1733.35,2421.53,2441.98
LD00007966,1965.84,2257.25,2676.86
LD00007967,1721.9,2469.38,2178.71
LD00007968,1632.33,1609.68,2674.31
LD00007969,2378.1,1356.9,2364.21
LD00007970,2426.71,2294.55,2077.65
LD00007971,1728.16,2063.03,1602.32
LD00007972,1817.94,1395.36,2233.89
LD00007973,2401.4,1681.44,1536.98
LD00007974,2895.36,1684.93,2589.39
LD00007975,1950.66,1906.12,1538.06
LD00007976,1730.5,1398.26,2249.1
LD00007977,2100.59,1546.34,2028.79
LD00007978,2437.31,1246.87,2482.4
LD00007979,1897.28,2315.8,2753.5
LD00007980,2821.77,2150.43,2472.29
LD00007981,1761.14,1500.84,2402.22
LD00007982,1824.2,1619.67,1820.68
LD00007983,2577.86,2199.36,1633.88
LD00007984,1671.18,1556.45,1651.01
LD00007985,2173.23,1915.92,2510.58
LD00007986,2995.59,1711.17,2661.72
LD00007987,2958.6,1674.23,2277.46
LD00007988,2305.54,2066.3,1599.1
LD00007989,2377.75,1852.11,2438.25
LD00007990,2449.7,1741.09,1593.92
LD00007991,2747.79,2481.95,2447.72
LD00007992,1937.46,1201.63,1663.41
LD00007993,2185.64,1727.67,1835.21
LD00007994,1961.72,2024.26,2136.77
LD00007995,2569.98,1780.22,1962.29
LD00007996,1782.26,1904.59,2777.19
LD00007997,2684.07,1653.49,2419.92
LD00007998,2581.33,1918.05,1734.53
LD00007999,1672.66,2325.03,1920.87
LD00008000,1923.53,1801.81,1481.3
LD00008001,1660.86,1659.48,1792.97
LD00008002,2973.68,1340.31,1831.89
LD00008003,1853.77,1432.77,1855.95
LD00008004,2133.11,1530.65,2637.81
LD00008005,1956.06,2181.14,1436.9
LD00008006,1688.65,1627.04,2326.79
LD00008007,2736.35,1465.43,1875.41
LD00008008,2834.91,1431.96,2246.92
LD00008009,2073.92,1496.35,2114.91
LD00008010,1546.43,1426.35,1442.28
LD00008011,2581.71,2399.39,2441.01
LD00008012,2926.83,1541.11,1549.86
LD00008013,1996.96,2192.44,2136.64
LD00008014,2637.79,1292.75,2140.48
LD00008015,1883.34,1814.84,1672.61
LD00008016,2668.5,1671.22,2550.75
LD00008017,2556.59,1411.96,2241.47
LD00008018,2633.55,1411.43,1726.82
LD00008019,2780.92,2439.7,2645.97
LD00008020,2966.15,2285.82,2257.69
LD00008021,2843.96,1315.33,1640.85
LD00008022,1697.67,1784.49,1665.14
LD00008023,1666.56,1655.69,2647.41
LD00008024,2388.61,2142.28,2045.48
LD00008025,1520.66,1462.56,2161.98
LD00008026,2693.73,2385.5,1679.89
LD00008027,2072.63,2054.05,1944.59
LD00008028,2072.86,2055.04,1597.59
LD00008029,1619.0,1224.1,1833.5
LD00008030,2973.13,1597.75,1527.34
LD00008031,2725.51,2048.58,2694.01
LD00008032,1796.41,1336.6,2173.12
LD00008033,1774.76,1478.53,2568.92
LD00008034,1962.27,1400.14,2373.72
LD00008035,2131.88,1263.44,2165.02
LD00008036,2656.76,1266.31,1826.47
LD00008037,2013.35,1285.37,2124.19
LD00008038,2747.27,1917.21,1747.23
LD00008039,2392.38,1643.06,1433.97
LD00008040,2568.23,1469.19,2114.13
LD00008041,1568.31,1739.09,1428.73
LD00008042,2184.73,1721.72,2185.28
LD00008043,2685.16,2409.21,2327.38
LD00008044,1624.6,2099.71,2584.02
LD00008045,1810.99,1489.33,2681.92
LD00008046,2886.6,2381.5,1780.86
LD00008047,2775.51,1221.23,1603.64
LD00008048,2248.05,1314.08,2217.77
LD00008049,1604.75,1595.86,1506.73
LD00008050,2497.94,1359.23,1974.16
LD00008051,2199.75,1726.72,2477.66
LD00008052,2248.61,1371.33,2009.14
LD00008053,2592.89,1309.94,2492.96
LD00008054,2851.58,2230.2,2656.61
LD00008055,2279.52,1665.06,1402.14
LD00008056,2413.31,2419.91,2093.24
LD00008057,1845.08,1246.1,1628.06
LD00008058,1976.64,1540.85,2369.49
LD00008059,1871.06,1821.72,1464.64
LD00008060,2023.72,2334.4,1788.83
LD00008061,1514.82,2286.43,1879.56
LD00008062,2670.02,1438.6,2490.61
LD00008063,1818.18,2374.93,2630.11
LD00008064,2111.44,2085.39,1584.6
LD00008065,1914.98,1858.24,2068.01
LD00008066,2828.92,1596.33,1502.58
LD00008067,1591.91,1201.89,2026.3
LD00008068,1692.45,1928.71,1915.33
LD00008069,1894.36,1582.77,2136.61
LD00008070,2821.24,1646.78,1642.27
LD00008071,2208.25,1948.37,2732.29
LD00008072,2122.31,1822.37,2376.36
LD00008073,1834.31,2392.39,1818.47
LD00008074,2786.85,2070.43,1583.52
LD00008075,2994.69,2423.07,2359.08
LD00008076,2671.26,1425.43,2470.37
LD00008077,2826.48,2151.86,2386.52
LD00008078,1589.68,2235.89,1820.36
LD00008079,2142.95,1848.46,2070.52
LD00008080,1679.88,1244.33,1849.63
LD00008081,2207.69,1637.41,2435.12
LD00008082,2128.06,2099.38,2271.62
LD00008083,2911.5,2031.89,1439.18
LD00008084,2878.86,1661.63,2569.63
LD00008085,2604.33,1283.56,2024.19
LD00008086,2429.57,2382.95,2788.94
LD00008087,1760.65,1244.6,2014.41
LD00008088,2076.23,1875.82,1888.26
LD00008089,1501.81,2474.03,1784.66
LD00008090,2667.49,1392.32,2322.7
LD00008091,2636.75,2030.33,2117.86
LD00008092,1534.76,2127.35,2767.8
LD00008093,1711.13,2047.64,2003.31
LD00008094,2603.93,2190.9,2295.68
LD00008095,2461.06,2362.41,1769.27
LD00008096,2321.6,1942.99,1532.4
LD00008097,2567.18,2161.45,2111.98
LD00008098,2175.35,2152.72,1900.96
LD00008099,2481.78,2079.96,1528.45
LD00008100,1895.86,2171.12,2498.49
LD00008101,1786.05,1991.43,2720.48
LD00008102,1562.43,1490.82,1910.63
LD00008103,2372.57,2331.11,2763.61
LD00008104,1969.85,2357.46,2206.48
LD00008105,1621.48,1811.55,1541.98
LD00008106,1574.08,2334.61,1884.27
LD00008107,2012.08,2022.09,1621.06
LD00008108,2699.78,1695.13,2695.52
LD00008109,2166.95,2348.42,1778.75
LD00008110,2607.13,2330.72,2269.94
LD00008111,2257.52,2412.36,1867.1
LD00008112,2187.75,1812.03,2094.92
LD00008113,2715.89,2064.2,1633.2
LD00008114,2628.02,1725.96,1757.88
LD00008115,2983.9,1425.93,2199.17
LD00008116,2250.0,1953.66,1478.93
LD00008117,2987.5,2348.71,1586.2
LD00008118,1513.65,1348.41,1626.8
LD00008119,1600.61,2323.15,2092.35
LD00008120,2715.24,1369.84,2535.79
LD00008121,1967.47,2357.35,2393.86
LD00008122,2538.84,1504.58,1550.59
LD00008123,1536.19,2130.4,1851.51
LD00008124,2626.23,2445.12,1514.46
LD00008125,2856.87,1279.7,2312.61
LD00008126,2986.64,1676.4,1874.39
LD00008127,2295.71,1792.97,2736.98
LD00008128,1888.73,1572.03,2486.67
LD00008129,2888.44,1498.94,2459.74
LD00008130,2754.1,2082.48,2709.12
LD00008131,2726.17,1239.61,1652.94
LD00008132,2471.99,1787.73,2794.93
LD00008133,2848.42,1925.35,2273.57
LD00008134,2197.2,1746.14,1702.92
LD00008135,1955.13,2004.67,1767.39
LD00008136,2499.95,1208.56,1522.66
LD00008137,1760.35,1438.16,2616.38
LD00008138,2565.3,1434.49,2520.87
LD00008139,1756.07,2025.78,2304.12
LD00008140,1551.41,1491.08,2073.99
LD00008141,2359.59,1516.29,1689.89
LD00008142,2221.09,1911.68,1891.27
LD00008143,2100.11,1595.07,2171.62
LD00008144,2077.36,1457.25,1481.54
LD00008145,2419.85,2399.07,2620.97
LD00008146,1724.7,1934.41,2128.36
LD00008147,2768.22,1348.95,1802.33
LD00008148,2231.05,2465.13,2376.21
LD00008149,1563.65,1335.86,2700.4
LD00008150,2542.96,1429.38,2105.64
LD00008151,2471.69,1679.37,2604.62
LD00008152,2157.59,1811.33,1480.92
LD00008153,2098.17,2379.24,2022.18
LD00008154,2210.85,1556.27,1698.0
LD00008155,2808.0,2200.3,2556.8
LD00008156,1676.72,1781.49,2246.0
LD00008157,2417.24,1325.13,2092.31
LD00008158,2952.71,2150.1,1764.17
LD00008159,2098.05,1256.23,1561.71
LD00008160,1964.1,2275.74,1808.38
LD00008161,2423.46,2109.14,2089.6
LD00008162,1834.15,2439.66,1586.74
LD00008163,2260.98,1792.79,1406.7
LD00008164,2170.19,2108.3,1677.41
LD00008165,1713.68,2455.53,2621.81
LD00008166,1546.36,1858.95,2345.05
LD00008167,2125.18,1515.23,2577.93
LD00008168,1618.68,2226.97,2164.0
LD00008169,2804.95,2023.25,2529.1
LD00008170,1941.23,1799.97,2453.09
LD00008171,1728.46,2384.55,2744.62
LD00008172,1921.28,1366.97,2561.91
LD00008173,1764.4,2370.56,1872.34
LD00008174,2268.19,1764.64,1549.26
LD00008175,1768.3,2221.7,1767.54
LD00008176,1645.08,1689.69,2501.91
LD00008177,2065.97,1898.01,1913.4
LD00008178,1837.09,1478.77,2135.21
LD00008179,2202.01,1607.17,2555.58
LD00008180,2178.98,2448.84,2543.46
LD00008181,2395.23,1689.71,1721.68
LD00008182,2919.7,1352.72,2409.5
LD00008183,2932.5,1504.17,2189.87
LD00008184,2450.18,1947.58,2132.97
LD00008185,2221.81,1797.67,2682.32
LD00008186,2811.6,1721.37,1755.61
LD00008187,2398.77,1712.57,2409.93
LD00008188,2280.54,2122.63,2277.37
LD00008189,1566.48,2112.89,2021.34
LD00008190,1675.96,2336.39,1628.4
LD00008191,1513.97,1882.5,2515.16
LD00008192,1671.68,1678.08,1870.22
LD00008193,2054.61,2230.15,2313.55
LD00008194,1704.79,2441.0,1829.78
LD00008195,1542.8,2107.28,2375.3
LD00008196,2078.55,1376.41,2014.41
LD00008197,2398.06,1840.71,1498.67
LD00008198,2823.36,1846.67,2330.62
LD00008199,2772.37,2495.84,1756.64
LD00008200,1766.37,1656.16,2080.97
LD00008201,2675.4,1332.27,2063.61
LD00008202,2061.08,1835.74,2194.73
LD00008203,2714.28,1553.64,1859.13
LD00008204,2808.34,1965.33,2077.68
LD00008205,2076.66,2354.11,1821.17
LD00008206,1807.83,1950.55,2041.75
LD00008207,2379.59,2201.14,2225.56
LD00008208,2573.43,2234.47,2522.9
LD00008209,2432.6,1541.97,2076.06
LD00008210,2509.98,1703.63,1765.76
LD00008211,1944.81,2445.16,2526.33
LD00008212,2521.13,2321.25,2015.01
LD00008213,1798.16,1786.52,2387.77
LD00008214,2547.16,2453.51,1924.61
LD00008215,2677.0,1393.55,2316.15
LD00008216,2978.21,1383.03,2617.11
LD00008217,1502.79,1849.21,2105.57
LD00008218,2122.86,2335.16,1979.59
LD00008219,1550.89,2130.43,1975.11
LD00008220,2803.63,1399.41,1577.98
LD00008221,2342.95,2118.89,2500.59
LD00008222,2364.53,2470.0,2492.3
LD00008223,2851.5,2021.43,1695.04
LD00008224,2464.19,2084.29,1471.47
LD00008225,1708.84,1515.72,1867.95
LD00008226,2852.71,1379.09,1835.74
LD00008227,1794.43,2489.16,2564.19
LD00008228,2038.18,2185.06,2414.18
LD00008229,2582.65,1609.84,1665.58
LD00008230,2182.51,2293.5,2425.23
LD00008231,2940.33,1761.63,1911.67
LD00008232,1683.36,2237.14,1868.66
LD00008233,2120.55,2130.58,1499.59
LD00008234,2743.88,2001.29,1609.37
LD00008235,2333.68,2040.77,2224.04
LD00008236,2251.49,2484.67,2117.31
LD00008237,1947.58,1860.35,1644.76
LD00008238,1773.85,2227.34,1487.11
LD00008239,2847.4,2114.76,1635.07
LD00008240,1841.6,1985.5,1989.5
LD00008241,1870.35,2384.12,2735.6
LD00008242,1532.33,1740.88,1536.64
LD00008243,1800.78,1529.75,2019.84
LD00008244,1933.65,1252.11,2089.08
LD00008245,2289.84,1843.01,1799.09
LD00008246,1994.3,1483.19,1636.09
LD00008247,1676.66,1938.24,2216.89
LD00008248,2532.19,1866.89,2082.58
LD00008249,2289.05,2136.64,2120.01
LD00008250,2462.73,1546.69,2674.32
LD00008251,1717.77,1337.97,2504.35
LD00008252,2658.1,1265.5,2509.97
LD00008253,2451.76,2030.97,2689.94
LD00008254,1821.5,1592.39,1561.0
LD00008255,2908.06,1956.22,2419.52
LD00008256,2051.4,1771.11,2701.8
LD00008257,2929.92,1410.28,2413.85
LD00008258,1790.7,1790.67,2766.3
LD00008259,1706.02,1595.64,1918.16
LD00008260,2232.21,1313.69,1933.46
LD00008261,2625.78,1440.56,2648.62
LD00008262,2053.02,2190.14,1555.3
LD00008263,2612.84,1807.7,1706.87
LD00008264,2435.4,2006.1,1606.66
LD00008265,2474.85,1585.16,2006.82
LD00008266,2108.68,2071.44,1839.52
LD00008267,1915.87,1436.31,2091.26
LD00008268,1883.99,1506.87,2370.33
LD00008269,1857.39,1967.17,2663.85
LD00008270,2370.97,1251.33,1670.99
LD00008271,2277.67,2168.34,2783.81
LD00008272,2498.23,1263.11,2280.35
LD00008273,2489.9,1567.38,1540.7
LD00008274,2144.69,1860.87,1527.0
LD00008275,1750.96,1837.41,2031.26
LD00008276,2703.01,2414.84,2205.64
LD00008277,2985.43,1409.69,2636.02
LD00008278,1907.01,2465.06,2244.75
LD00008279,1638.57,2031.92,1895.0
LD00008280,2682.8,2128.06,2183.28
LD00008281,2717.11,1694.09,2657.43
LD00008282,2899.03,1653.11,2565.41
LD00008283,1697.37,1703.3,2654.43
LD00008284,2917.33,1727.49,2334.68
LD00008285,2347.99,2471.7,2604.25
LD00008286,2398.2,2064.69,1673.1
LD00008287,2544.02,2480.27,1567.06
LD00008288,1701.42,1831.93,1465.5
LD00008289,2715.67,2065.4,1586.49
LD00008290,2284.41,1555.11,1788.44
LD00008291,2446.55,1572.45,1753.71
LD00008292,2620.26,1622.57,2340.66
LD00008293,1639.95,1673.69,1558.46
LD00008294,1866.22,2195.74,2672.73
LD00008295,1803.64,1376.94,2753.6
LD00008296,2659.7,1940.42,2780.17
LD00008297,1633.19,1953.98,2553.6
LD00008298,2884.91,2420.17,2006.16
LD00008299,2594.16,1387.71,2201.93
LD00008300,2607.05,1444.69,2414.83
LD00008301,2820.7,2037.54,2757.78
LD00008302,2876.39,2284.67,2003.8
LD00008303,1811.05,1619.33,2294.38
LD00008304,2485.31,1709.39,1414.33
LD00008305,2559.64,2198.82,1465.68
LD00008306,2886.25,1939.65,2467.58
LD00008307,1823.75,1424.65,2385.08
LD00008308,2413.06,1667.46,1527.89
LD00008309,2556.53,1498.81,1624.5
LD00008310,2420.09,2125.12,2549.79
LD00008311,1985.13,2483.28,1571.01
LD00008312,2493.82,2081.11,2031.25
LD00008313,2054.97,1789.51,2555.78
LD00008314,1835.73,1538.18,1745.28
LD00008315,1657.21,1687.19,2476.02
LD00008316,1535.26,1608.37,1424.08
LD00008317,2926.66,1428.35,2328.36
LD00008318,2198.77,1934.93,1549.46
LD00008319,2970.85,2045.67,2042.05
LD00008320,2063.89,2339.39,2547.65
LD00008321,2311.5,1471.85,1758.84
LD00008322,2510.41,1476.15,2415.48
LD00008323,1921.79,1526.32,2097.41
LD00008324,2882.2,1340.11,1828.25
LD00008325,2980.64,1710.36,2380.49
LD00008326,1574.97,1441.11,2526.92
LD00008327,2984.32,1254.06,2699.5
LD00008328,1841.61,1360.52,1758.61
LD00008329,1990.41,1789.29,2486.5
LD00008330,1518.15,2098.62,2011.75
LD00008331,1546.99,1632.81,2416.74
LD00008332,1753.03,2237.42,2035.43
LD00008333,2471.31,2390.23,2499.49
LD00008334,2851.36,1600.12,2526.84
LD00008335,1844.3,2035.97,1821.14
LD00008336,2458.95,1484.65,1819.07
LD00008337,2296.31,1250.16,2132.49
LD00008338,2348.24,1449.93,2680.29
LD00008339,2194.32,1948.08,2044.67
LD00008340,2054.49,2406.82,1727.3
LD00008341,2112.42,1826.19,2087.7
LD00008342,2525.97,1259.43,2273.1
LD00008343,2772.45,1372.84,1577.2
LD00008344,2932.14,2033.46,2379.61
LD00008345,2550.74,1650.99,2489.8
LD00008346,2190.68,1337.96,2693.57
LD00008347,1855.76,1536.57,2559.1
LD00008348,1893.32,1555.45,2437.94
LD00008349,2360.73,1871.39,2338.33
LD00008350,2899.33,1385.2,1644.3
LD00008351,2017.4,2409.84,1705.06
LD00008352,2726.75,2135.06,2439.38
LD00008353,2377.0,2200.78,2639.04
LD00008354,2916.0,1245.11,1553.29
LD00008355,1771.14,1689.96,1996.8
LD00008356,2272.99,2218.78,1881.09
LD00008357,2355.91,2302.3,2667.05
LD00008358,2897.43,1535.16,2430.37
LD00008359,1542.47,1691.73,1937.89
LD00008360,2897.66,2119.59,1859.38
LD00008361,2557.15,2294.9,1659.44
LD00008362,2717.95,1242.97,2332.47
LD00008363,2465.94,1426.94,1988.0
LD00008364,2953.71,1775.97,2541.26
LD00008365,2259.22,1318.99,2552.58
LD00008366,1603.26,2270.62,2087.4
LD00008367,1789.62,1351.35,1684.31
LD00008368,2788.98,1548.05,2377.57
LD00008369,1873.23,1978.37,2466.6
LD00008370,2764.89,2194.48,1584.77
LD00008371,2547.22,1829.84,2227.45
LD00008372,2459.38,1434.13,1711.27
LD00008373,1979.52,1582.2,2165.49
LD00008374,2297.82,1234.2,1919.01
LD00008375,2009.63,1590.51,2666.5
LD00008376,2153.14,1441.19,2566.59
LD00008377,2943.36,1865.89,2232.3
LD00008378,1642.95,1719.84,2223.15
LD00008379,2011.85,1499.76,2567.07
LD00008380,1767.31,1784.35,2471.16
LD00008381,2292.33,1683.8,2418.1
LD00008382,1561.08,1453.58,2699.97
LD00008383,1965.6,1559.6,1892.22
LD00008384,2229.54,1427.53,2300.56
LD00008385,1685.7,1892.68,1874.27
LD00008386,2783.52,1827.09,2039.98
LD00008387,2702.29,1645.03,1488.68
LD00008388,2401.75,2249.67,2427.56
LD00008389,2008.3,1328.79,2260.36
LD00008390,2580.16,2208.71,2651.57
LD00008391,2559.67,1364.62,2406.75
LD00008392,2789.81,2444.16,1791.91
LD00008393,1542.33,2316.43,2523.86
LD00008394,2875.74,1633.8,2428.29
LD00008395,2544.72,1728.75,2193.34
LD00008396,2400.35,1785.28,1579.25
LD00008397,2155.17,2206.14,1968.26
LD00008398,2707.95,1951.17,2253.2
LD00008399,2164.88,1209.02,2190.63
LD00008400,2881.97,1788.7,2376.85
LD00008401,1794.86,1848.5,1953.01
LD00008402,1621.89,1680.04,2394.44
LD00008403,2398.77,2016.15,2258.57
LD00008404,1613.51,1632.66,2152.44
LD00008405,2234.62,1593.88,1412.94
LD00008406,2509.73,2049.35,2270.38
LD00008407,1913.09,2237.5,2728.19
LD00008408,1659.39,1718.34,2045.99
LD00008409,2429.75,2243.42,1735.56
LD00008410,2780.0,1871.98,1766.5
LD00008411,2657.3,1940.66,2387.34
LD00008412,2121.75,1554.69,2069.19
LD00008413,2182.67,1616.68,1655.64
LD00008414,1958.31,1547.76,2784.72
LD00008415,1969.02,2428.74,2095.88
LD00008416,1834.27,1243.51,2430.34
LD00008417,2189.32,2246.16,1948.47
LD00008418,2096.91,1257.09,2700.07
LD00008419,2207.3,2016.16,2431.55
LD00008420,2915.26,1367.79,1630.62
LD00008421,2643.1,1618.96,1957.67
LD00008422,1753.87,2077.09,2427.81
LD00008423,2500.6,1738.48,2797.59
LD00008424,1861.1,1753.55,2286.74
LD00008425,2951.33,1710.15,2558.44
LD00008426,2719.74,1849.94,1732.17
LD00008427,2739.19,2443.0,2753.45
LD00008428,2714.78,1434.5,2083.64
LD00008429,1796.15,2180.4,2788.52
LD00008430,2018.56,2027.06,2290.6
LD00008431,1804.64,1358.3,1910.03
LD00008432,2590.66,1221.94,1509.3
LD00008433,1500.53,1607.3,2718.37
LD00008434,2416.24,2403.25,1485.54
LD00008435,2024.77,1538.51,2372.0
LD00008436,2239.13,1367.66,1632.62
LD00008437,2210.73,2383.98,1748.34
LD00008438,2909.53,1964.54,2621.23
LD00008439,2820.95,2172.81,2232.12
LD00008440,2144.96,2304.08,1551.53
LD00008441,2390.48,2268.9,1929.33
LD00008442,2219.66,2262.85,2476.96
LD00008443,2027.81,1200.28,2517.05
LD00008444,2694.09,2103.73,2642.93
LD00008445,2191.75,1366.84,1466.14
LD00008446,2975.59,1718.52,2544.04
LD00008447,2933.02,1685.02,2574.56
LD00008448,2137.53,2224.53,2277.4
LD00008449,2251.51,2366.83,2120.09
LD00008450,2825.98,1629.98,2465.84
LD00008451,2062.11,2325.03,2217.83
LD00008452,2818.08,1291.29,1450.57
LD00008453,2549.11,2130.05,2107.04
LD00008454,2913.69,2490.64,2603.69
LD00008455,2239.13,2411.62,2523.01
LD00008456,2203.24,1303.74,2377.15
LD00008457,1515.89,2380.58,1462.93
LD00008458,2088.46,2323.3,2291.0
LD00008459,2130.48,2466.62,2357.61
LD00008460,2747.94,1610.66,1889.64
LD00008461,1886.05,1762.87,2319.25
LD00008462,1782.79,2005.91,2083.45
LD00008463,1569.01,1634.21,2767.63
LD00008464,1935.01,2067.09,1973.32
LD00008465,1660.82,1480.65,1425.62
LD00008466,2600.76,2386.69,1764.48
LD00008467,1968.47,1512.06,1870.16
LD00008468,1872.98,2080.97,1657.65
LD00008469,1950.96,1987.85,1785.08
LD00008470,1876.54,1719.84,1990.96
LD00008471,1709.12,1989.92,2767.51
LD00008472,2277.68,1200.13,2357.62
LD00008473,1954.89,1811.5,1684.9
LD00008474,2165.37,1846.94,2258.49
LD00008475,2967.77,2297.14,1683.03
LD00008476,2950.32,1528.03,2390.3
LD00008477,2425.09,1853.41,2715.92
LD00008478,1826.74,2363.54,2321.34
LD00008479,2892.63,1447.2,1664.79
LD00008480,2209.35,1755.63,2234.47
LD00008481,2252.89,2446.27,1596.04
LD00008482,2574.39,2207.2,2296.25
LD00008483,1850.46,1732.58,2573.62
LD00008484,1570.08,1619.33,1400.04
LD00008485,2324.03,2390.63,1977.72
LD00008486,2414.45,1941.21,2202.97
LD00008487,2427.13,2160.93,1698.19
LD00008488,2996.44,1812.33,1515.21
LD00008489,1785.97,2179.3,1566.67
LD00008490,1863.1,1368.08,1695.4
LD00008491,2171.57,1388.71,2627.49
LD00008492,2091.41,1796.9,2689.71
LD00008493,2952.67,2466.37,1639.41
LD00008494,2543.31,1546.65,2384.13
LD00008495,1935.47,2117.64,2428.61
LD00008496,1754.24,1934.9,2704.49
LD00008497,1993.19,2130.9,2571.11
LD00008498,2592.88,1624.29,2429.82
LD00008499,2553.65,2087.55,2430.86
LD00008500,2507.51,1392.43,2256.24
LD00008501,2555.46,1462.63,2487.34
LD00008502,1937.73,2066.52,2406.43
LD00008503,2982.61,2380.2,2153.55
LD00008504,1875.54,1972.79,2264.12
LD00008505,2636.85,1657.53,1532.54
LD00008506,2079.98,1227.16,1847.89
LD00008507,1997.49,2438.5,1917.18
LD00008508,2425.83,1692.67,1998.06
LD00008509,2843.14,2076.48,1597.99
LD00008510,1893.82,1826.68,1840.64
LD00008511,1824.9,1650.35,2078.22
LD00008512,2297.76,1441.81,2321.44
LD00008513,2785.95,1998.17,2687.63
LD00008514,1936.1,1769.13,1687.53
LD00008515,1738.97,2004.56,2354.03
LD00008516,2074.84,2145.66,2411.73
LD00008517,2606.78,1692.35,2726.79
LD00008518,2716.62,1618.89,2112.89
LD00008519,1519.7,1959.57,1518.45
LD00008520,2554.52,1667.11,1723.61
LD00008521,2282.76,2246.81,1587.8
LD00008522,2727.97,1398.6,2353.36
LD00008523,2553.38,1847.96,2026.28
LD00008524,2217.4,1660.9,1723.29
LD00008525,1502.28,2096.88,2319.49
LD00008526,1988.39,2101.3,1849.83
LD00008527,1788.74,2470.94,2102.25
LD00008528,1912.91,2480.49,1814.24
LD00008529,2445.98,1378.93,2190.95
LD00008530,2597.73,1239.17,2180.15
LD00008531,2408.43,2493.7,2194.71
LD00008532,2423.47,2473.84,2619.52
LD00008533,2918.47,2481.87,1993.77
LD00008534,1513.1,2308.38,2399.53
LD00008535,1665.07,2227.68,2427.33
LD00008536,1796.78,1542.9,1526.44
LD00008537,2001.74,1532.54,2592.88
LD00008538,2939.11,1724.49,2476.44
LD00008539,1534.18,1821.47,2172.88
LD00008540,2789.48,2242.39,1626.08
LD00008541,2301.84,2244.86,1856.4
LD00008542,2661.24,1825.85,1474.73
LD00008543,2229.98,2049.67,2161.92
LD00008544,1554.2,1281.27,2154.15
LD00008545,2306.51,1358.45,1518.82
LD00008546,2668.64,1704.4,1958.39
LD00008547,2857.75,1309.83,2107.02
LD00008548,2103.18,1682.45,2557.89
LD00008549,2871.62,2292.36,1563.94
LD00008550,1822.38,1308.2,2167.95
LD00008551,2350.58,1665.99,2661.86
LD00008552,2939.63,2455.3,2734.64
LD00008553,1825.4,2142.93,1525.64
LD00008554,1831.97,2349.69,2097.65
LD00008555,1749.78,2052.68,1681.85
LD00008556,1943.48,2070.12,1431.04
LD00008557,2134.37,1348.46,1424.83
LD00008558,1689.85,2276.26,2623.86
LD00008559,1827.19,1304.35,1490.55
LD00008560,2109.06,1490.68,2765.07
LD00008561,1857.47,2482.15,2401.25
LD00008562,1648.94,1270.41,1611.63
LD00008563,1969.8,1813.45,1799.67
LD00008564,2157.2,1995.55,1521.1
LD00008565,2951.65,1822.38,1841.51
LD00008566,2254.32,2341.17,1521.56
LD00008567,1994.22,1425.21,2695.22
LD00008568,1999.46,2125.02,1454.03
LD00008569,2654.92,1316.63,1754.1
LD00008570,1753.97,1292.98,2179.55
LD00008571,2075.74,1389.41,2396.27
LD00008572,1719.05,2417.73,2493.89
LD00008573,2515.69,1925.51,1679.03
LD00008574,2955.15,2433.2,2054.58
LD00008575,2206.05,2191.06,1482.14
LD00008576,2362.88,1997.55,2084.84
LD00008577,2072.19,2365.22,2755.56
LD00008578,1770.22,2425.11,1636.92
LD00008579,2185.8,2429.8,2606.65
LD00008580,1783.51,1617.97,2171.7
LD00008581,2050.3,1695.9,2004.36
LD00008582,1686.77,1464.58,2150.05
LD00008583,2539.64,1758.43,1920.17
LD00008584,2006.81,2325.53,2533.12
LD00008585,2032.82,2129.2,1986.92
LD00008586,2416.59,1877.55,1677.4
LD00008587,1713.81,1861.17,2237.82
LD00008588,2312.2,2071.56,2595.26
LD00008589,1532.84,1558.36,2430.9
LD00008590,2995.63,1905.76,1717.75
LD00008591,1762.91,1424.27,1951.39
LD00008592,2791.96,1534.06,2587.06
LD00008593,2018.01,1803.88,1770.87
LD00008594,2687.25,1401.98,1767.26
LD00008595,2776.96,2027.26,2216.0
LD00008596,2630.35,1641.56,2526.45
LD00008597,2065.01,1459.53,2159.16
LD00008598,1919.48,2411.12,2152.05
LD00008599,2016.81,2163.43,2761.85
LD00008600,2492.08,1827.0,1977.18
LD00008601,2894.58,2349.72,1623.85
LD00008602,1790.78,1675.49,1755.23
LD00008603,2241.45,1958.35,1412.42
LD00008604,2227.55,1413.41,2249.4
LD00008605,2338.47,2242.85,2749.24
LD00008606,2711.46,1361.11,2231.92
LD00008607,2413.33,2398.57,2065.38
LD00008608,2201.66,1388.6,1730.3
LD00008609,2189.91,2057.26,2591.74
LD00008610,1657.96,2278.83,1617.96
LD00008611,1873.15,1486.28,1589.33
LD00008612,1772.05,1921.0,2472.01
LD00008613,1810.13,1409.9,2230.83
LD00008614,2805.39,1515.46,1754.62
LD00008615,2785.42,1410.25,2469.49
LD00008616,2677.86,2332.44,1741.75
LD00008617,2943.25,1952.3,2413.93
LD00008618,2571.86,1319.6,1935.78
LD00008619,2982.23,1584.42,1505.61
LD00008620,1760.41,1411.56,2050.95
LD00008621,2150.87,1873.86,2067.31
LD00008622,2908.33,2151.61,1437.73
LD00008623,2749.68,1603.6,1670.2
LD00008624,2541.06,1854.18,2181.85
LD00008625,1657.71,1524.11,1752.59
LD00008626,2068.98,1399.97,1957.05
LD00008627,2593.5,2380.13,2487.44
LD00008628,1851.2,2383.05,2226.94
LD00008629,2616.81,1758.16,1574.75
LD00008630,2378.48,1959.2,2646.66
LD00008631,1790.06,2212.36,1874.75
LD00008632,1645.69,1341.37,2796.96
LD00008633,2198.88,1914.12,2663.5
LD00008634,2288.47,1445.62,2252.52
LD00008635,2416.6,1317.15,2057.8
LD00008636,1986.96,2496.64,2728.16
LD00008637,1589.35,1559.49,2485.99
LD00008638,2904.44,1325.97,2322.85
LD00008639,1534.67,2162.54,1626.03
LD00008640,1779.46,2209.75,2338.47
LD00008641,1942.64,1454.76,2210.7
LD00008642,2480.32,1754.45,2564.42
LD00008643,2101.96,1713.0,2569.4
LD00008644,1959.72,2133.7,2131.22
LD00008645,2697.18,1714.08,2054.46
LD00008646,1728.89,2152.66,2315.79
LD00008647,2768.73,1992.82,1616.54
LD00008648,2997.46,2157.06,1845.22
LD00008649,2628.05,1345.5,2292.75
LD00008650,2898.22,1807.64,2375.77
LD00008651,2908.78,1857.55,2780.68
LD00008652,2989.56,1657.33,2527.91
LD00008653,1925.89,1745.01,1728.75
LD00008654,2884.62,2034.16,1918.74
LD00008655,2961.85,1790.14,1652.75
LD00008656,2077.6,1632.19,2254.74
LD00008657,2276.7,1220.25,2124.02
LD00008658,2332.99,1404.92,1849.2
LD00008659,2765.07,2230.52,2138.16
LD00008660,2571.54,1425.32,2159.55
LD00008661,1929.96,1933.51,2528.21
LD00008662,1976.21,1700.58,2248.48
LD00008663,2048.56,2341.35,2369.51
LD00008664,2672.05,2287.89,2059.12
LD00008665,2696.14,1542.15,2650.19
LD00008666,1896.82,2353.24,1400.4
LD00008667,2690.23,2361.3,2605.63
LD00008668,1533.2,1752.08,2104.79
LD00008669,2997.76,2440.23,1922.96
LD00008670,2204.17,1732.24,2455.56
LD00008671,1787.27,1967.02,2696.51
LD00008672,2997.31,1469.57,1753.77
LD00008673,1641.58,1693.53,2668.21
LD00008674,1722.96,1343.85,2042.82
LD00008675,2352.34,2431.76,1672.05
LD00008676,2804.73,2259.69,2221.74
LD00008677,1936.2,1377.36,2615.6
LD00008678,2480.88,1993.64,1624.06
LD00008679,2311.08,1347.84,2350.34
LD00008680,2003.13,1536.01,2709.0
LD00008681,1512.25,2450.7,1480.41
LD00008682,2183.28,1943.88,2330.96
LD00008683,1988.01,1643.25,1429.63
LD00008684,1577.92,1764.17,1742.74
LD00008685,1883.08,2055.45,2707.59
LD00008686,1845.29,2107.89,1863.57
LD00008687,1818.64,1578.29,1864.05
LD00008688,1765.67,2354.42,1464.43
LD00008689,1888.85,2351.22,1542.52
LD00008690,2315.37,2089.94,1917.53
LD00008691,2314.48,2394.91,1976.51
LD00008692,2962.44,2155.82,1582.08
LD00008693,1659.97,1482.89,2146.42
LD00008694,2486.82,1426.06,2343.99
LD00008695,2352.58,1347.7,1738.49
LD00008696,2937.95,2401.94,1828.7
LD00008697,1757.96,2327.12,2510.82
LD00008698,2962.04,1238.87,2399.91
LD00008699,2535.3,2088.38,1429.36
LD00008700,2156.41,2120.14,1482.75
LD00008701,2589.23,2194.94,2614.67
LD00008702,1845.26,2017.74,2600.15
LD00008703,2128.28,1732.55,2712.89
LD00008704,2194.65,2381.46,1904.59
LD00008705,2043.45,2162.03,1941.88
LD00008706,2434.77,2379.2,2284.91
LD00008707,2881.49,2443.48,1553.92
LD00008708,2768.61,1717.2,1463.32
LD00008709,1691.82,1949.77,2403.7
LD00008710,2527.87,1923.35,2664.12
LD00008711,1775.36,1407.51,2250.87
LD00008712,1977.19,1689.21,2081.28
LD00008713,1709.34,2266.35,2368.59
LD00008714,2101.28,2172.2,2298.57
LD00008715,1884.25,2172.65,2166.04
LD00008716,1599.09,2026.39,1583.45
LD00008717,2517.76,1373.89,2095.85
LD00008718,1818.69,1771.2,1979.96
LD00008719,2733.13,2000.66,1944.87
LD00008720,1914.99,1806.02,2703.75
LD00008721,2358.13,1663.07,2003.28
LD00008722,2142.99,1635.37,2691.55
LD00008723,2542.1,1204.91,2666.14
LD00008724,1755.4,2455.35,1836.62
LD00008725,1690.29,2322.55,2786.29
LD00008726,2511.85,2133.56,1667.71
LD00008727,2074.98,1239.76,2210.41
LD00008728,2142.95,2197.13,2573.6
LD00008729,2464.03,2467.16,2234.29
LD00008730,2375.35,1557.19,2018.73
LD00008731,2955.72,1707.93,2484.26
LD00008732,1663.88,1875.95,2422.79
LD00008733,2513.39,1283.13,2572.77
LD00008734,2202.21,2201.69,2360.58
LD00008735,2931.66,1497.61,1519.95
LD00008736,1926.06,2160.09,2120.91
LD00008737,2356.07,2250.96,1635.76
LD00008738,2370.25,2455.63,1759.44
LD00008739,2411.5,1359.55,1680.14
LD00008740,2457.27,2291.71,2477.91
LD00008741,2353.9,1839.14,1545.48
LD00008742,2843.17,1423.86,1759.71
LD00008743,1817.86,1843.9,1652.65
LD00008744,1600.4,1685.62,2738.23
LD00008745,1894.23,1230.25,2796.69
LD00008746,2395.18,1301.05,2409.99
LD00008747,2301.92,2013.82,2296.67
LD00008748,1850.95,1893.11,1467.28
LD00008749,2501.92,1753.76,2322.59
LD00008750,2465.02,2213.31,2546.09
LD00008751,1691.09,1604.38,2214.55
LD00008752,1977.1,1677.48,2416.86
LD00008753,2506.96,2264.34,1747.1
LD00008754,1841.23,2401.71,1783.34
LD00008755,2179.86,2031.41,1759.7
LD00008756,2287.54,2054.24,1820.96
LD00008757,1583.59,2456.91,2454.88
LD00008758,2393.05,2350.02,1427.86
LD00008759,2142.06,2245.34,1631.7
LD00008760,1632.65,1440.13,1706.87
LD00008761,2902.51,2159.75,2001.87
LD00008762,1554.15,2137.61,2030.02
LD00008763,2081.94,1632.56,2084.75
LD00008764,1535.28,1349.85,2684.02
LD00008765,2641.61,1435.05,2011.08
LD00008766,1545.73,1528.75,2082.3
LD00008767,1930.85,1563.51,1838.08
LD00008768,1996.94,2382.38,2513.25
LD00008769,2201.82,2004.42,2407.75
LD00008770,1505.78,1788.01,1785.19
LD00008771,2053.47,1395.84,1658.12
LD00008772,2344.91,1317.73,2287.0
LD00008773,2854.31,1850.35,2755.45
LD00008774,2425.3,1510.3,2097.99
LD00008775,1754.39,1544.95,1638.19
LD00008776,1730.7,1864.86,2666.2
LD00008777,2653.18,2079.4,2085.4
LD00008778,2680.9,1471.33,2291.69
LD00008779,2337.05,2449.84,1421.9
LD00008780,1772.88,2052.52,2625.24
LD00008781,2716.94,1772.79,2330.26
LD00008782,2986.69,1431.45,2190.4
LD00008783,2432.08,1533.98,1958.09
LD00008784,2168.66,1377.02,2456.58
LD00008785,2688.82,1491.44,2551.07
LD00008786,2533.11,1858.15,2363.95
LD00008787,2679.45,1813.06,1781.91
LD00008788,2113.66,1890.09,2607.59
LD00008789,2842.88,2217.6,2140.76
LD00008790,1674.5,2101.05,2194.6
LD00008791,1870.61,1851.1,1931.2
LD00008792,1996.98,2134.63,1902.35
LD00008793,1820.69,1720.29,1586.23
LD00008794,1961.26,1959.21,1537.51
LD00008795,1767.59,1475.23,1926.6
LD00008796,2391.37,1785.69,2692.07
LD00008797,2688.87,1905.91,2713.25
LD00008798,2426.67,2415.02,2292.67
LD00008799,2520.8,1934.44,2235.0
LD00008800,1795.71,1490.25,1467.53
LD00008801,2067.79,1827.9,1852.0
LD00008802,2220.32,1731.09,1623.1
LD00008803,1581.23,1324.0,2461.48
LD00008804,2398.49,2086.51,1783.84
LD00008805,1947.28,1680.52,2321.85
LD00008806,2668.23,2040.34,1578.44
LD00008807,2397.83,1368.4,2094.29
LD00008808,1505.7,1791.42,1987.11
LD00008809,2948.18,1269.8,2290.26
LD00008810,2498.35,2473.53,1656.49
LD00008811,2742.25,1390.23,1707.58
LD00008812,2333.46,2476.03,2650.56
LD00008813,1522.49,1876.42,2251.59
LD00008814,1720.92,2101.7,2018.26
LD00008815,2959.31,1548.08,1661.63
LD00008816,2712.33,2089.59,2368.96
LD00008817,1542.78,2343.85,2698.12
LD00008818,2700.66,1644.56,1439.77
LD00008819,2032.29,2446.5,2337.79
LD00008820,2082.9,1617.72,1860.14
LD00008821,2924.58,1962.23,2183.22
LD00008822,2106.35,2267.41,1616.45
LD00008823,1609.42,2315.37,2543.55
LD00008824,2227.59,1519.12,2792.98
LD00008825,2294.56,1908.83,1809.96
LD00008826,2794.81,1236.97,1531.86
LD00008827,1929.25,2230.93,1440.51
LD00008828,2721.74,1394.68,1620.95
LD00008829,2910.7,2432.95,2510.98
LD00008830,1837.34,1273.85,2122.38
LD00008831,1539.0,2444.8,2206.17
LD00008832,2500.3,1279.35,1735.59
LD00008833,2731.61,1515.47,2773.53
LD00008834,2334.37,1617.71,2632.16
LD00008835,1764.23,1380.65,2504.92
LD00008836,1828.91,2134.23,2675.54
LD00008837,1628.94,1585.07,2287.33
LD00008838,2363.93,1795.56,1998.95
LD00008839,2666.36,1882.0,1666.83
LD00008840,1631.75,2257.62,2199.21
LD00008841,1663.06,2326.71,2218.34
LD00008842,2910.26,1271.03,2082.05
LD00008843,2280.56,2295.17,1539.86
LD00008844,2725.46,1427.05,2291.63
LD00008845,1544.9,1542.6,1774.01
LD00008846,2461.59,2252.99,2306.37
LD00008847,2546.05,1216.06,1893.41
LD00008848,1623.05,1425.85,2148.98
LD00008849,2411.97,2242.16,2792.43
LD00008850,2573.01,2378.12,2423.67
LD00008851,2433.74,2246.54,1719.31
LD00008852,2975.47,1651.05,1607.91
LD00008853,1797.04,1814.62,2153.46
LD00008854,1614.61,1735.17,2123.54
LD00008855,2058.26,1772.81,2763.69
LD00008856,1527.53,2252.14,2011.0
LD00008857,2404.18,1209.8,1944.68
LD00008858,2798.52,1443.76,1634.15
LD00008859,2729.64,1342.02,1964.7
LD00008860,2948.18,2362.88,2035.83
LD00008861,2201.19,1274.35,1906.46
LD00008862,1509.84,1807.63,2686.53
LD00008863,1635.47,1378.11,1802.55
LD00008864,2221.98,2409.61,2245.88
LD00008865,1997.74,1580.79,2369.2
LD00008866,2760.57,1251.77,2158.51
LD00008867,2576.8,2093.39,1799.8
LD00008868,1808.0,1624.1,1566.58
LD00008869,2053.26,2391.69,2116.8
LD00008870,2751.8,1704.06,2180.91
LD00008871,2700.97,2050.37,2052.89
LD00008872,2230.18,2233.0,1907.99
LD00008873,1622.15,1939.71,1861.01
LD00008874,2134.35,1266.78,1840.51
LD00008875,2960.49,2323.41,2585.15
LD00008876,1810.36,1614.92,1731.15
LD00008877,2203.01,1637.65,1552.08
LD00008878,2793.09,1549.97,1942.41
LD00008879,2772.35,1300.02,2470.4
LD00008880,1746.15,2341.49,2771.39
LD00008881,1623.94,2122.05,2156.04
LD00008882,2155.33,1875.2,1571.57
LD00008883,2436.35,2044.06,1613.58
LD00008884,2205.8,1677.86,2332.64
LD00008885,2876.44,1527.03,2241.39
LD00008886,1808.06,1974.64,1563.69
LD00008887,1754.94,1620.8,2631.63
LD00008888,2531.75,2229.75,2359.44
LD00008889,2498.14,1317.28,1950.77
LD00008890,1952.49,1516.59,1752.39
LD00008891,2120.4,1953.98,1799.85
LD00008892,2380.85,1901.02,1611.99
LD00008893,1625.79,1203.33,2626.43
LD00008894,2774.8,1465.53,2325.02
LD00008895,2544.99,1310.15,2438.21
LD00008896,2285.06,1336.53,1704.13
LD00008897,1780.92,1419.08,2375.57
LD00008898,1757.0,1822.46,1614.34
LD00008899,2042.31,1930.03,1836.86
LD00008900,1979.37,1949.29,2381.71
LD00008901,2692.43,1554.18,2667.5
LD00008902,2331.89,1729.36,1745.78
LD00008903,2577.06,2146.3,1998.37
LD00008904,2093.11,1527.53,1679.98
LD00008905,2875.92,1259.81,1539.78
LD00008906,2404.04,1554.6,1917.28
LD00008907,1714.33,1637.11,1564.77
LD00008908,1882.68,1964.99,1558.61
LD00008909,1674.92,1363.43,1451.24
LD00008910,1804.98,1270.33,2203.46
LD00008911,2228.12,2317.98,2629.04
LD00008912,2843.77,2313.8,1830.11
LD00008913,2511.73,2225.76,1580.86
LD00008914,2049.81,2039.29,1731.44
LD00008915,1957.65,2358.71,2587.44
LD00008916,2894.72,1941.78,1843.74
LD00008917,2185.88,1938.69,1927.27
LD00008918,2344.98,1721.44,2357.74
LD00008919,2890.33,1723.5,2443.19
LD00008920,2232.26,1995.42,1724.81
LD00008921,2198.65,1833.32,1960.11
LD00008922,1698.27,1801.06,1511.32
LD00008923,2017.38,1499.59,2562.44
LD00008924,1564.34,1368.93,2110.87
LD00008925,2127.33,2043.29,2285.03
LD00008926,1743.37,1965.9,1872.34
LD00008927,2594.26,1537.42,1935.05
LD00008928,2657.31,1922.66,2064.1
LD00008929,1656.6,2461.9,2630.05
LD00008930,2081.28,1718.85,2199.4
LD00008931,1694.89,1911.0,2606.57
LD00008932,2361.23,2040.93,1624.59
LD00008933,2059.68,1278.87,2353.49
LD00008934,2759.14,2477.19,1453.78
LD00008935,1553.61,1373.2,1587.71
LD00008936,2790.88,1646.81,1931.35
LD00008937,2536.78,1395.78,1916.24
LD00008938,2697.9,1721.73,1700.54
LD00008939,2371.71,1205.27,2569.25
LD00008940,1990.54,1281.94,1827.19
LD00008941,2758.42,1725.2,2477.45
LD00008942,2397.33,1335.87,2497.75
LD00008943,2310.35,2459.6,2419.26
LD00008944,1925.18,1749.29,2287.16
LD00008945,1929.98,1213.98,1838.64
LD00008946,2336.67,2379.23,2452.99
LD00008947,2517.81,1859.76,2028.85
LD00008948,2690.28,1765.31,1411.73
LD00008949,1809.93,1812.81,2158.16
LD00008950,2057.83,1682.39,1877.4
LD00008951,1930.94,1254.07,1443.94
LD00008952,1863.89,2257.07,1897.16
LD00008953,2903.96,1273.07,1797.37
LD00008954,2606.83,1237.57,1772.61
LD00008955,2668.57,1335.13,2054.64
LD00008956,2903.08,2174.78,1811.26
LD00008957,2312.98,1927.29,2251.76
LD00008958,2850.73,1545.25,1675.33
LD00008959,2720.56,1306.32,2624.7
LD00008960,2988.07,2003.89,2085.58
LD00008961,1625.98,1703.2,1556.09
LD00008962,2146.03,1906.64,2587.16
LD00008963,2151.03,1801.81,2334.74
LD00008964,1776.59,1462.65,2609.09
LD00008965,2090.43,2288.7,1636.65
LD00008966,2197.28,1367.0,2666.98
LD00008967,2752.1,2007.07,1604.54
LD00008968,1674.11,1271.04,2048.75
LD00008969,2812.41,1217.26,1713.46
LD00008970,1817.51,1991.52,1574.7
LD00008971,2188.41,2057.65,2028.79
LD00008972,2111.65,1286.59,2321.1
LD00008973,2775.31,2489.23,2658.18
LD00008974,2325.82,1631.67,1635.33
LD00008975,1616.43,1613.67,2499.14
LD00008976,2644.06,2305.93,2091.8
LD00008977,1566.1,1398.57,2743.88
LD00008978,2428.52,2125.67,1954.82
LD00008979,2565.86,2008.1,1866.43
LD00008980,2088.94,1694.61,1628.93
LD00008981,2119.91,1882.01,2239.23
LD00008982,2223.95,2395.84,1701.12
LD00008983,2878.9,1883.64,2325.56
LD00008984,2655.92,2306.74,2344.55
LD00008985,1979.52,1542.68,2635.04
LD00008986,2216.54,1235.41,2528.42
LD00008987,2003.38,2368.26,2251.61
LD00008988,1595.51,1847.72,2365.34
LD00008989,2725.46,1549.27,2367.46
LD00008990,2606.74,2402.57,1435.61
LD00008991,2024.66,2281.37,1452.35
LD00008992,2114.71,1254.98,1616.16
LD00008993,2436.41,2201.49,2667.38
LD00008994,1822.66,1968.77,2520.18
LD00008995,1562.33,1807.06,2192.43
LD00008996,1757.43,1771.49,2005.42
LD00008997,2512.01,2314.43,1608.94
LD00008998,2929.45,2279.3,2066.54
LD00008999,2793.19,1429.0,2481.13
LD00009000,2993.89,2348.04,2716.11
LD00009001,2792.57,2057.33,2791.84
LD00009002,2658.11,2077.36,2445.63
LD00009003,2127.36,1236.61,2107.75
LD00009004,2391.06,2027.96,2537.67
LD00009005,2188.06,1888.38,2601.37
LD00009006,1813.24,1437.45,1489.65
LD00009007,2469.14,1267.69,2370.43
LD00009008,1699.44,2176.17,2740.62
LD00009009,2684.99,2300.86,1968.86
LD00009010,1870.71,1295.35,1614.9
LD00009011,1650.58,1341.73,2661.27
LD00009012,2877.81,2136.34,1667.65
LD00009013,1778.94,2225.35,2420.74
LD00009014,2697.05,1316.3,2421.48
LD00009015,1522.33,2431.76,1627.96
LD00009016,2264.66,1203.97,2275.7
LD00009017,1951.97,1748.94,1892.35
LD00009018,1855.46,2098.93,1972.02
LD00009019,2315.8,2091.0,1618.39
LD00009020,1979.12,1358.35,1710.22
LD00009021,2920.24,1403.46,1889.59
LD00009022,2888.01,2021.91,2157.36
LD00009023,1607.78,1264.4,2589.18
LD00009024,2515.09,1956.12,1720.9
LD00009025,1980.6,1644.33,2073.86
LD00009026,1516.9,1859.51,2185.13
LD00009027,1590.17,1453.42,2657.38
LD00009028,2026.24,1903.82,2682.52
LD00009029,2822.05,2265.83,1617.78
LD00009030,1540.74,1223.82,2380.8
LD00009031,1521.07,2332.03,2587.52
LD00009032,2901.16,1346.7,1836.82
LD00009033,2602.33,1207.02,2728.99
LD00009034,2528.35,1691.58,1885.18
LD00009035,2298.09,1508.47,2305.32
LD00009036,1521.24,1642.81,1911.11
LD00009037,1714.16,1803.29,2128.11
LD00009038,2392.76,1608.78,1985.0
LD00009039,2550.71,2358.25,2032.38
LD00009040,1975.96,2106.16,2279.36
LD00009041,1596.7,1910.14,1802.57
LD00009042,1752.19,1276.99,1867.67
LD00009043,2099.42,2482.08,1406.04
LD00009044,1649.31,1551.43,2416.45
LD00009045,2809.43,1365.12,1464.57
LD00009046,2224.04,2235.81,2681.05
LD00009047,2599.96,1257.68,1557.65
LD00009048,1596.03,2225.31,2799.12
LD00009049,1671.33,1643.95,1777.55
LD00009050,1634.48,1601.71,1548.79
LD00009051,2025.43,1510.62,2213.18
LD00009052,2602.75,1273.22,1654.39
LD00009053,1593.76,1790.68,2340.16
LD00009054,2966.4,1299.57,1785.93
LD00009055,2694.49,1403.5,1409.52
LD00009056,1703.34,2428.24,2033.46
LD00009057,1523.58,2033.17,2656.43
LD00009058,1641.37,1277.63,1551.32
LD00009059,2811.4,2259.05,1418.67
LD00009060,2828.92,1594.96,2791.47
LD00009061,2258.83,1382.5,2065.2
LD00009062,2861.56,1992.16,2015.08
LD00009063,2759.83,2310.75,1994.39
LD00009064,1991.05,2068.2,2502.62
LD00009065,1836.95,2078.52,2716.14
LD00009066,2360.52,1973.54,2622.29
LD00009067,2932.07,1697.33,2171.81
LD00009068,1780.33,2040.49,1593.76
LD00009069,2546.31,2114.59,2129.03
LD00009070,2905.03,2153.64,2697.63
LD00009071,2551.91,1854.47,2104.85
LD00009072,2047.97,2047.07,1941.56
LD00009073,2443.75,1612.78,1705.66
LD00009074,2408.9,1774.94,2352.13
LD00009075,2684.54,1906.84,2713.94
LD00009076,2489.56,1217.44,2483.31
LD00009077,2285.26,1283.37,2198.68
LD00009078,2062.89,1638.63,2780.42
LD00009079,2768.47,2064.89,2281.22
LD00009080,2710.11,1387.12,2692.56
LD00009081,2248.91,1652.6,2349.44
LD00009082,1686.25,2191.09,2155.24
LD00009083,2070.73,1730.94,2495.54
LD00009084,2880.28,2085.59,1583.73
LD00009085,2324.65,1656.39,2223.77
LD00009086,1658.91,1434.63,1614.96
LD00009087,2625.32,1432.13,1832.08
LD00009088,2325.12,2442.53,2164.88
LD00009089,2343.83,1398.56,2589.43
LD00009090,2951.07,1502.26,1438.18
LD00009091,2371.07,1756.4,1898.45
LD00009092,2921.2,1842.65,2228.38
LD00009093,1633.79,1668.53,2469.75
LD00009094,2331.37,2190.75,2358.68
LD00009095,2455.7,2142.76,1421.96
LD00009096,1592.85,1890.08,2672.34
LD00009097,2564.95,1835.05,2346.01
LD00009098,1999.64,1348.52,2349.8
LD00009099,2180.47,2154.46,1778.83
LD00009100,1751.27,1261.05,2409.57
LD00009101,1779.88,1591.17,2326.24
LD00009102,2058.14,1209.84,2099.97
LD00009103,2751.21,2030.06,2669.71
LD00009104,2776.65,1303.72,2401.63
LD00009105,2948.8,1441.75,1595.25
LD00009106,2359.82,1974.36,1549.93
LD00009107,1773.24,1763.56,1947.52
LD00009108,2453.3,1510.02,1712.23
LD00009109,2187.28,1995.42,2303.25
LD00009110,2253.08,1331.61,2613.97
LD00009111,1797.68,2011.41,1700.4
LD00009112,2469.18,1428.65,1744.01
LD00009113,2007.21,1706.63,2759.51
LD00009114,2933.21,1893.37,2765.8
LD00009115,1542.32,2364.34,1577.7
LD00009116,2051.26,2150.17,1533.63
LD00009117,2199.23,1925.13,1943.82
LD00009118,2688.21,1658.28,2438.83
LD00009119,1916.25,2355.18,2261.12
LD00009120,2500.32,1583.34,1653.22
LD00009121,1748.43,1282.94,1946.73
LD00009122,2709.09,2000.85,2024.3
LD00009123,2545.05,1532.39,2352.92
LD00009124,1770.32,2201.21,2424.42
LD00009125,2753.04,1368.64,1877.18
LD00009126,2059.25,1295.88,2533.55
LD00009127,2216.67,1425.59,2372.15
LD00009128,1603.21,1901.8,1945.69
LD00009129,2844.16,1370.08,1699.27
LD00009130,2209.34,2485.57,2352.2
LD00009131,2435.48,2212.17,2004.91
LD00009132,2255.79,1815.34,2630.51
LD00009133,2870.08,1374.02,2587.42
LD00009134,2353.77,1871.59,1402.45
LD00009135,2823.39,2290.2,1407.98
LD00009136,2351.56,2382.99,1577.97
LD00009137,2925.34,1469.52,2469.54
LD00009138,2257.19,2230.69,1857.17
LD00009139,1900.22,2469.77,2585.57
LD00009140,2529.85,1798.15,2615.22
LD00009141,1507.8,1572.96,1961.24
LD00009142,2493.2,1365.39,2119.6
LD00009143,1654.44,2244.85,1676.71
LD00009144,2415.54,1365.43,1496.91
LD00009145,1822.45,1342.51,1941.56
LD00009146,1511.29,1265.57,2594.37
LD00009147,2883.46,1811.29,2545.58
LD00009148,2413.95,1205.44,2360.6
LD00009149,1997.23,2323.21,2695.93
LD00009150,2397.59,2384.59,1774.15
LD00009151,2141.57,1434.78,2021.44
LD00009152,1665.56,2153.85,2628.6
LD00009153,2751.17,1767.57,2628.22
LD00009154,1514.6,2018.2,2327.4
LD00009155,1948.41,2405.68,1756.7
LD00009156,2123.16,1432.61,1631.81
LD00009157,2394.54,1426.21,1671.12
LD00009158,1511.91,1799.33,2422.34
LD00009159,2668.39,1884.11,1692.89
LD00009160,1736.04,1704.77,2286.25
LD00009161,1816.39,1580.56,2797.82
LD00009162,2075.77,1638.72,2297.46
LD00009163,2132.4,1287.98,1886.48
LD00009164,2410.77,2366.96,1981.53
LD00009165,1881.06,1534.41,2428.77
LD00009166,2890.11,2493.98,1836.77
LD00009167,1823.35,1740.52,2777.41
LD00009168,2523.52,2115.9,2005.88
LD00009169,1936.22,1955.84,1643.64
LD00009170,1716.27,1970.9,2278.99
LD00009171,1754.06,2265.5,1756.23
LD00009172,2344.45,1369.47,2632.5
LD00009173,1805.15,2292.58,2029.93
LD00009174,2889.96,1591.53,2310.25
LD00009175,1797.89,1415.55,2677.8
LD00009176,2759.87,2109.94,2771.03
LD00009177,2767.33,1728.52,1502.69
LD00009178,2734.56,1735.08,1980.73
LD00009179,2342.43,1298.62,2129.52
LD00009180,1678.96,2391.82,2106.81
LD00009181,2707.93,1838.7,2030.37
LD00009182,2071.41,1973.1,1978.36
LD00009183,2965.09,2107.93,1804.66
LD00009184,1667.73,2495.74,1691.4
LD00009185,1863.87,2455.7,1820.85
LD00009186,2398.69,1390.66,1729.03
LD00009187,2255.42,1618.41,2614.95
LD00009188,2152.52,1250.42,2532.51
LD00009189,1721.26,2389.64,1997.98
LD00009190,2800.2,1941.82,1420.97
LD00009191,1966.36,1254.2,1862.8
LD00009192,1636.45,1791.14,1904.26
LD00009193,2200.26,2058.88,1406.33
LD00009194,2703.05,1409.49,2313.68
LD00009195,2762.74,2200.42,1888.23
LD00009196,2264.17,1648.25,1755.36
LD00009197,2014.95,1968.51,2267.61
LD00009198,2263.31,2348.53,2343.57
LD00009199,2275.7,1699.35,2548.09
LD00009200,2378.92,1917.73,1969.47
LD00009201,2126.26,2008.94,2207.66
LD00009202,2548.71,1311.12,1989.21
LD00009203,2117.27,1381.87,2761.89
LD00009204,2122.08,1630.53,1948.16
LD00009205,2157.85,1625.8,1406.88
LD00009206,1776.31,2196.58,2264.89
LD00009207,2890.19,2061.39,1457.99
LD00009208,2591.02,1444.34,2279.34
LD00009209,1698.62,1756.67,1687.09
LD00009210,2093.47,2263.6,1677.94
LD00009211,2960.6,1739.06,1492.04
LD00009212,2194.19,1966.86,2567.67
LD00009213,1596.37,1930.58,2288.94
LD00009214,2035.76,1582.1,1536.23
LD00009215,1925.58,1854.95,1934.55
LD00009216,1621.37,1964.33,2511.34
LD00009217,2810.24,2450.49,1663.47
LD00009218,2975.3,1781.23,2276.97
LD00009219,2783.27,2282.82,2431.59
LD00009220,1750.57,1534.66,2579.78
LD00009221,1578.94,1320.08,1406.37
LD00009222,2418.72,1418.19,1796.34
LD00009223,1556.18,1345.13,2508.32
LD00009224,1591.88,1824.31,1673.99
LD00009225,2407.5,1374.25,1490.67
LD00009226,2083.12,1857.06,2450.01
LD00009227,1633.25,2249.03,2545.65
LD00009228,2731.33,2168.31,2041.71
LD00009229,1745.4,2137.75,2385.02
LD00009230,1645.02,2479.6,2669.99
LD00009231,2004.68,2122.93,2098.42
LD00009232,2543.07,1600.6,2182.02
LD00009233,2903.19,1566.3,2068.09
LD00009234,1657.01,2139.32,2738.41
LD00009235,2114.7,2471.1,1681.69
LD00009236,1618.68,1264.53,2574.36
LD00009237,2412.03,1492.95,2606.58
LD00009238,2928.87,1462.81,2507.91
LD00009239,2442.85,1525.77,1705.28
LD00009240,2158.22,1378.39,1729.16
LD00009241,2973.95,1962.77,2393.12
LD00009242,1848.01,1931.77,2182.15
LD00009243,2830.01,2356.16,2609.71
LD00009244,1591.85,2378.34,2110.66
LD00009245,2966.09,1399.54,1801.08
LD00009246,2477.23,1813.86,2683.09
LD00009247,2314.28,2367.97,1810.32
LD00009248,2045.54,2483.04,1785.46
LD00009249,2085.88,2049.16,2155.41
LD00009250,2868.29,1520.89,1691.91
LD00009251,2700.41,1330.42,2302.93
LD00009252,2924.24,1569.88,1463.61
LD00009253,1680.8,2487.8,1672.59
LD00009254,2149.39,1360.8,2730.74
LD00009255,2385.23,2058.31,1450.83
LD00009256,2999.99,1859.76,2666.43
LD00009257,2423.89,2358.47,2024.36
LD00009258,2954.72,2153.16,2095.33
LD00009259,1996.22,1877.08,2495.01
LD00009260,1759.71,1418.15,2698.02
LD00009261,2487.52,2398.12,2702.49
LD00009262,2102.57,1427.23,1554.81
LD00009263,2992.08,1314.13,1850.62
LD00009264,1753.89,2308.8,2057.79
LD00009265,2735.04,1587.38,2553.17
LD00009266,1834.0,2460.62,2207.72
LD00009267,2943.91,1932.92,2117.06
LD00009268,2964.87,2393.21,1633.71
LD00009269,2767.3,2188.01,1778.48
LD00009270,2097.02,1795.3,1684.93
LD00009271,1619.24,2137.91,1951.24
LD00009272,2243.83,1886.08,2103.9
LD00009273,2401.87,1668.83,2272.96
LD00009274,2721.64,1804.95,2478.89
LD00009275,2753.76,1401.3,1883.71
LD00009276,2175.23,2298.4,2779.06
LD00009277,2505.19,1680.72,2787.03
LD00009278,2940.84,2252.77,1588.31
LD00009279,1784.49,1208.95,1856.75
LD00009280,2038.77,1847.84,1691.33
LD00009281,2499.37,1643.31,1638.9
LD00009282,1810.07,1763.98,1857.09
LD00009283,2464.58,1330.78,1444.1
LD00009284,2119.24,2220.12,1653.61
LD00009285,2700.62,1482.13,2442.43
LD00009286,1855.81,2406.03,1790.27
LD00009287,2304.9,2342.99,2573.31
LD00009288,2983.99,2445.38,1751.24
LD00009289,2500.57,1815.55,2182.74
LD00009290,1576.29,1819.35,2454.09
LD00009291,1929.57,1268.58,2386.4
LD00009292,1992.01,2324.76,1558.47
LD00009293,2072.15,1864.95,2267.73
LD00009294,2959.53,2025.39,1592.63
LD00009295,1825.46,1660.29,1649.03
LD00009296,1651.24,1567.71,2461.91
LD00009297,1906.39,1668.91,2620.02
LD00009298,2981.18,1601.86,2625.74
LD00009299,1560.5,1875.48,2534.85
LD00009300,2334.24,2061.53,1730.46
LD00009301,2953.16,1601.21,2343.34
LD00009302,1827.38,2220.53,1997.31
LD00009303,2630.54,1634.2,1749.5
LD00009304,2215.72,1716.59,1861.2
LD00009305,1804.22,1762.05,2458.67
LD00009306,1875.74,1284.42,1572.19
LD00009307,1781.61,1247.63,2050.05
LD00009308,1615.59,1668.05,1707.38
LD00009309,2618.59,2111.27,1577.65
LD00009310,2669.16,2300.47,1686.4
LD00009311,2519.29,1788.12,2797.66
LD00009312,2486.01,1467.04,1482.0
LD00009313,2709.89,2206.16,1990.32
LD00009314,1752.54,1796.16,2375.85
LD00009315,2761.41,2237.69,2305.36
LD00009316,2405.72,1977.98,2590.58
LD00009317,2047.22,2076.31,1662.33
LD00009318,2414.18,1992.93,2117.02
LD00009319,2177.44,1312.29,2024.01
LD00009320,2088.64,1348.31,1562.42
LD00009321,1566.67,1343.8,2710.53
LD00009322,2333.29,1513.92,1767.33
LD00009323,1630.5,2452.56,1991.45
LD00009324,2530.2,2133.79,2557.41
LD00009325,1621.34,2003.33,2650.51
LD00009326,1693.83,2062.62,2415.57
LD00009327,2874.26,1255.76,1507.26
LD00009328,2508.95,2324.84,2040.21
LD00009329,2015.88,2183.69,1685.49
LD00009330,2571.46,1832.24,1785.44
LD00009331,2034.3,2486.49,1952.2
LD00009332,2482.39,1202.8,2721.55
LD00009333,1974.41,1905.39,2679.87
LD00009334,1582.65,1921.87,2300.53
LD00009335,2603.29,1935.41,1647.11
LD00009336,2860.5,2010.86,2623.54
LD00009337,2996.75,2398.41,2415.14
LD00009338,2699.48,1975.06,2274.27
LD00009339,2778.26,2214.66,2094.45
LD00009340,2150.85,1422.02,1691.47
LD00009341,2068.0,1841.57,2687.79
LD00009342,2740.05,1891.93,1476.78
LD00009343,2908.02,2059.32,1739.45
LD00009344,2320.93,1287.32,2658.02
LD00009345,2383.39,2129.28,2012.69
LD00009346,2273.43,1920.37,1680.39
LD00009347,2466.14,1923.76,1768.96
LD00009348,2496.57,1297.87,2678.55
LD00009349,2864.19,1243.18,2586.05
LD00009350,2885.53,1902.84,2102.57
LD00009351,2273.36,1326.66,2223.76
LD00009352,1558.51,1610.39,2737.07
LD00009353,2270.92,2087.4,2761.56
LD00009354,2913.4,1805.2,1860.13
LD00009355,1865.66,1873.2,2385.13
LD00009356,2859.79,1905.76,1975.76
LD00009357,2992.31,2167.3,1402.68
LD00009358,2418.38,1666.84,2452.89
LD00009359,1685.86,1542.28,1828.02
LD00009360,2434.14,2490.35,1757.11
LD00009361,2350.82,2372.06,1597.65
LD00009362,2430.55,1206.02,1967.02
LD00009363,1939.23,2415.15,2547.37
LD00009364,2787.06,2428.19,2273.99
LD00009365,2712.1,1608.74,1605.45
LD00009366,2030.37,1468.77,1717.54
LD00009367,2404.15,1451.7,1453.83
LD00009368,1956.82,1663.26,2115.69
LD00009369,2763.7,2488.69,2669.93
LD00009370,2822.71,2201.32,2093.35
LD00009371,2563.89,2195.81,1927.13
LD00009372,1683.84,2131.11,1821.69
LD00009373,2575.68,1741.56,1900.44
LD00009374,1886.71,1569.97,2112.81
LD00009375,2192.6,2196.1,2559.68
LD00009376,2358.55,2335.34,2159.18
LD00009377,2946.08,1290.75,1757.46
LD00009378,2451.26,1615.16,2697.08
LD00009379,1870.45,1804.57,2241.63
LD00009380,2158.87,2406.35,2674.78
LD00009381,1950.09,1271.23,2698.63
LD00009382,2658.34,1367.76,1870.47
LD00009383,2901.27,2470.74,1632.35
LD00009384,2931.9,2238.94,2029.9
LD00009385,1875.24,1539.3,1603.19
LD00009386,2845.57,1520.5,2571.43
LD00009387,2065.55,1484.51,2178.58
LD00009388,2968.7,2129.75,1724.7
LD00009389,2077.22,2461.23,2514.04
LD00009390,1525.44,1794.42,1501.09
LD00009391,2010.51,1758.3,1424.22
LD00009392,2758.94,2188.04,1451.85
LD00009393,2035.18,1472.54,2269.73
LD00009394,2498.41,2069.09,2762.85
LD00009395,2258.05,2462.85,1585.98
LD00009396,2305.73,2068.07,2200.35
LD00009397,1545.57,2360.97,2221.47
LD00009398,2141.41,1872.94,1790.77
LD00009399,1800.13,1967.63,1438.14
LD00009400,2141.15,1656.19,1532.18
LD00009401,2414.41,1674.2,2332.92
LD00009402,1510.58,2016.41,2537.11
LD00009403,2024.64,1590.28,1773.88
LD00009404,2102.35,1865.38,2568.82
LD00009405,2789.59,2371.65,2175.33
LD00009406,1967.98,2459.49,1508.01
LD00009407,2214.44,2032.12,1639.14
LD00009408,1827.74,1988.66,1772.05
LD00009409,2194.98,1768.91,1492.84
LD00009410,2856.56,2475.19,1883.12
LD00009411,2975.63,1942.49,1402.34
LD00009412,2521.34,1781.25,2571.17
LD00009413,2021.67,1398.49,2228.24
LD00009414,2560.6,2029.78,2031.72
LD00009415,1728.6,1260.03,2146.29
LD00009416,2025.92,1502.13,1816.63
LD00009417,2621.88,2050.09,2320.1
LD00009418,2886.49,2062.97,1612.83
LD00009419,2883.21,1433.09,1933.94
LD00009420,1976.85,2455.45,2746.39
LD00009421,2102.54,1987.8,2480.52
LD00009422,1933.95,1383.9,2365.21
LD00009423,2750.03,2203.7,1510.33
LD00009424,1663.4,1909.4,1677.47
LD00009425,2159.9,2306.77,2474.68
LD00009426,2775.85,2230.54,1700.66
LD00009427,2658.95,2332.04,1775.16
LD00009428,2113.06,1457.54,1569.58
LD00009429,2806.73,1465.03,1807.91
LD00009430,1526.98,2156.09,1819.51
LD00009431,2416.61,1956.64,2047.54
LD00009432,2861.94,2104.94,2544.51
LD00009433,2872.52,2331.26,2723.31
LD00009434,2718.32,1524.85,1821.41
LD00009435,2321.13,1324.9,2704.01
LD00009436,1519.23,2004.6,2603.88
LD00009437,2319.02,1475.43,2436.48
LD00009438,2477.47,1286.07,2047.19
LD00009439,2454.31,2482.57,2718.99
LD00009440,1763.73,1819.26,2661.25
LD00009441,1520.78,2337.27,1862.33
LD00009442,2874.44,1850.81,2679.05
LD00009443,2347.61,2019.14,1805.14
LD00009444,1898.24,1862.12,1987.04
LD00009445,1508.24,1277.57,1851.13
LD00009446,2095.53,2305.57,2500.58
LD00009447,2879.48,1238.96,2766.5
LD00009448,1722.23,1388.05,2078.52
LD00009449,2963.31,1474.95,2345.93
LD00009450,1816.62,2215.04,1887.17
LD00009451,1964.64,1251.9,2332.84
LD00009452,2548.47,2095.24,2254.25
LD00009453,2866.8,1385.37,2738.23
LD00009454,2810.2,2094.55,2486.48
LD00009455,2030.94,1748.57,1464.13
LD00009456,2720.2,1405.01,2227.8
LD00009457,2316.28,2386.49,1545.67
LD00009458,2806.38,1345.6,2629.6
LD00009459,2994.34,1888.67,2284.64
LD00009460,2424.35,2463.5,1965.17
LD00009461,1799.34,1408.99,1683.91
LD00009462,2700.7,2337.5,1631.31
LD00009463,1978.26,1982.43,1507.38
LD00009464,2994.72,2304.24,2779.08
LD00009465,2144.29,2387.73,2688.6
LD00009466,2014.89,2342.32,1688.83
LD00009467,2193.04,2332.96,1560.7
LD00009468,1945.26,1605.54,2708.26
LD00009469,2107.4,2108.53,2253.71
LD00009470,1746.82,1312.25,2115.62
LD00009471,1507.17,1576.04,1552.82
LD00009472,2528.81,2239.62,2365.49
LD00009473,2734.67,1546.16,1823.76
LD00009474,2539.18,2112.92,1911.99
LD00009475,2297.78,1788.53,2739.36
LD00009476,2642.04,2191.34,1458.64
LD00009477,2037.13,1679.64,2121.94
LD00009478,2109.96,1724.19,2302.46
LD00009479,2223.31,1210.93,1752.65
LD00009480,2076.81,2362.34,1412.59
LD00009481,1911.52,2475.78,1481.47
LD00009482,2257.66,2272.66,2289.91
LD00009483,2655.65,2379.6,1703.86
LD00009484,2770.18,1763.09,2372.34
LD00009485,1832.38,2140.86,2599.78
LD00009486,2434.54,2327.59,2443.49
LD00009487,1616.49,1776.45,1603.19
LD00009488,1553.2,2486.87,1744.68
LD00009489,2735.23,2259.8,2799.37
LD00009490,2490.8,1458.58,1530.8
LD00009491,1934.21,1386.32,1410.91
LD00009492,1840.86,1795.36,1863.69
LD00009493,2177.66,2196.6,2653.3
LD00009494,2472.69,2223.49,2119.12
LD00009495,2343.99,2428.45,2754.84
LD00009496,2746.17,1582.0,2264.88
LD00009497,2063.48,1518.58,2344.04
LD00009498,1683.95,2035.09,1837.49
LD00009499,1737.39,1823.09,2330.31
LD00009500,2766.73,1348.12,2296.59
LD00009501,1505.35,1706.82,1905.22
LD00009502,2811.47,2012.5,2132.26
LD00009503,2028.31,1491.85,2215.1
LD00009504,2645.91,2209.28,1889.01
LD00009505,2339.48,1566.41,1869.05
LD00009506,2337.12,2491.15,2437.53
LD00009507,1653.29,1727.67,1755.75
LD00009508,2740.94,2135.39,2161.76
LD00009509,2544.34,1265.29,1578.43
LD00009510,2740.85,1747.34,2445.07
LD00009511,1645.04,1592.02,1420.95
LD00009512,2454.02,2017.36,1846.25
LD00009513,2253.94,2445.72,1706.78
LD00009514,2585.98,1980.92,2632.03
LD00009515,2164.8,1254.42,2186.97
LD00009516,2722.61,1980.18,2360.89
LD00009517,1750.69,1616.8,2056.2
LD00009518,2266.92,1353.98,1883.73
LD00009519,2723.94,2028.86,1800.57
LD00009520,1921.1,1683.65,2589.88
LD00009521,2927.23,2378.1,1829.65
LD00009522,2723.14,1259.58,2136.2
LD00009523,2143.49,1800.51,2352.9
LD00009524,2858.84,2339.0,2280.5
LD00009525,1713.29,1397.78,2499.67
LD00009526,1508.19,1213.01,2274.84
LD00009527,2322.7,1581.25,2233.39
LD00009528,1921.09,1558.54,2472.84
LD00009529,2687.27,2330.65,2282.79
LD00009530,1583.24,1612.55,1866.23
LD00009531,2895.96,2393.2,2057.06
LD00009532,2627.43,1276.05,2207.84
LD00009533,1749.49,1870.62,1920.33
LD00009534,1857.31,1607.01,1483.59
LD00009535,1903.48,2231.49,1860.26
LD00009536,2756.43,1739.44,2331.05
LD00009537,1787.06,2055.48,2239.31
LD00009538,2405.49,2196.37,1537.62
LD00009539,1876.12,1783.08,2346.17
LD00009540,2481.38,2271.46,1449.07
LD00009541,1500.84,1498.36,1636.1
LD00009542,2025.91,1409.38,1883.63
LD00009543,2142.95,1222.56,2634.61
LD00009544,2118.01,1343.98,2369.34
LD00009545,1563.77,2067.13,2189.54
LD00009546,2855.23,2482.73,2779.95
LD00009547,2509.12,1229.08,2205.84
LD00009548,1644.56,1627.33,2366.21
LD00009549,1655.4,1689.91,1644.76
LD00009550,2620.63,1722.54,1482.38
LD00009551,2256.99,1895.52,1763.69
LD00009552,1943.47,1541.81,2292.45
LD00009553,2585.07,1203.29,2711.37
LD00009554,2599.97,2298.04,2081.99
LD00009555,2632.64,1440.73,2084.11
LD00009556,2418.74,2120.19,2558.22
LD00009557,1707.37,1952.59,2763.25
LD00009558,1788.57,1535.38,2741.29
LD00009559,2306.56,2232.02,2710.4
LD00009560,1833.3,1240.83,1513.76
LD00009561,2699.32,1372.74,2539.71
LD00009562,2033.21,1755.51,2603.87
LD00009563,1803.71,2228.33,2174.66
LD00009564,2166.61,1460.67,1717.82
LD00009565,1642.08,1348.16,2742.46
LD00009566,1916.7,1578.44,1783.81
LD00009567,2003.58,2232.39,2250.37
LD00009568,2438.27,1372.58,2691.37
LD00009569,2069.19,2172.83,2692.76
LD00009570,2402.35,2355.01,2724.93
LD00009571,2369.03,2296.41,1562.5
LD00009572,2320.98,2097.73,1961.28
LD00009573,2503.33,1224.37,2142.87
LD00009574,1757.4,1602.64,1647.49
LD00009575,1588.26,1775.28,2633.61
LD00009576,1841.72,1453.05,2537.33
LD00009577,1750.52,1833.05,1765.55
LD00009578,2841.92,1873.14,2218.25
LD00009579,2775.88,1389.62,2630.29
LD00009580,2102.68,1750.84,2703.78
LD00009581,1572.73,2224.45,1846.38
LD00009582,2518.38,1317.0,2262.36
LD00009583,2377.75,1512.94,2667.83
LD00009584,1795.29,1661.71,1935.75
LD00009585,2121.48,2250.9,2166.53
LD00009586,2229.56,2007.12,2196.83
LD00009587,1932.75,2397.13,2285.38
LD00009588,2295.97,1377.25,1587.98
LD00009589,2648.17,2209.71,2512.48
LD00009590,2348.74,2496.96,2515.51
LD00009591,2868.94,1241.52,2142.6
LD00009592,2449.53,1277.63,2067.67
LD00009593,2122.89,1633.34,2310.6
LD00009594,2880.65,1948.15,1775.27
LD00009595,1647.09,2050.61,2205.13
LD00009596,2241.41,2142.87,2118.89
LD00009597,2951.91,1788.27,1718.15
LD00009598,2318.99,1323.74,2260.33
LD00009599,2050.76,2279.4,2054.31
LD00009600,2419.92,1917.45,1826.27
LD00009601,2595.09,1501.1,2043.33
LD00009602,2868.09,2267.56,2334.1
LD00009603,1879.76,1811.58,2538.03
LD00009604,2967.07,2472.76,1657.12
LD00009605,2741.12,2480.07,1774.16
LD00009606,2538.04,1693.85,2297.61
LD00009607,2753.23,1715.79,1488.77
LD00009608,1705.99,1894.94,1915.75
LD00009609,2144.25,1517.47,2672.6
LD00009610,1708.15,1544.42,2586.38
LD00009611,1825.05,1322.0,2052.86
LD00009612,2357.79,1709.36,2422.06
LD00009613,2980.1,1626.07,1646.1
LD00009614,2398.03,1699.07,2512.19
LD00009615,2234.89,1982.81,1726.39
LD00009616,2464.24,2448.86,2158.58
LD00009617,2630.96,2402.05,2212.09
LD00009618,2172.35,1442.28,2515.85
LD00009619,2178.3,1708.52,2015.09
LD00009620,2881.55,1424.48,2720.91
LD00009621,2309.18,1570.29,2036.7
LD00009622,2928.36,1332.14,2435.27
LD00009623,2524.15,2015.28,1887.09
LD00009624,2698.74,1487.29,2699.2
LD00009625,1504.31,1775.55,1857.43
LD00009626,1715.22,2049.94,2447.56
LD00009627,2230.76,1733.88,1403.55
LD00009628,2943.03,2140.97,1763.63
LD00009629,2831.53,1451.18,2179.34
LD00009630,2593.24,1444.32,1701.4
LD00009631,2355.56,2323.71,2632.57
LD00009632,2628.32,1205.68,2363.43
LD00009633,1754.35,1289.43,2488.44
LD00009634,2663.95,1370.91,1615.33
LD00009635,2398.75,2459.83,2125.05
LD00009636,2366.33,1990.1,1864.07
LD00009637,1673.81,1952.46,2415.88
LD00009638,1581.85,1861.86,1742.65
LD00009639,2344.43,1583.18,1835.43
LD00009640,2387.43,1514.89,1768.17
LD00009641,2880.27,1268.13,2468.74
LD00009642,2521.15,1993.21,1818.24
LD00009643,1718.57,1877.38,1638.86
LD00009644,1643.03,1329.73,2781.16
LD00009645,1833.48,1800.73,1865.67
LD00009646,1805.22,1484.65,2698.63
LD00009647,2415.68,1287.97,2510.65
LD00009648,2258.55,1478.82,1513.44
LD00009649,2053.53,2014.16,2638.68
LD00009650,2971.27,1818.71,2387.33
LD00009651,2799.12,1740.05,1617.79
LD00009652,2447.18,2136.24,2130.14
LD00009653,2115.36,2229.29,2068.87
LD00009654,2496.38,2069.54,2386.16
LD00009655,2446.64,1917.17,1967.81
LD00009656,2611.43,2273.58,2244.69
LD00009657,2906.55,1751.15,1666.94
LD00009658,1618.8,1339.14,1652.99
LD00009659,2509.99,2268.98,1874.72
LD00009660,1561.14,1688.98,2389.61
LD00009661,2866.34,2310.14,2462.4
LD00009662,2177.14,1834.47,2476.24
LD00009663,2641.8,2096.98,2118.87
LD00009664,1747.22,1621.53,2339.86
LD00009665,1931.1,1759.7,1575.66
LD00009666,1569.7,2202.42,2587.22
LD00009667,1630.86,1680.51,1600.17
LD00009668,2776.43,2389.33,2738.93
LD00009669,2214.43,1689.9,1921.1
LD00009670,1851.36,2386.52,1602.17
LD00009671,2645.58,1268.42,2187.06
LD00009672,2808.48,1983.53,1940.13
LD00009673,2583.09,2345.8,1583.68
LD00009674,1678.65,1448.48,1551.65
LD00009675,2488.15,2145.38,2212.0
LD00009676,2865.21,1703.2,2236.78
LD00009677,1783.56,1497.89,1519.83
LD00009678,2766.57,2454.53,1770.27
LD00009679,2179.74,1785.42,1675.91
LD00009680,2169.93,1520.37,1763.05
LD00009681,2819.18,2344.85,1848.38
LD00009682,2668.6,2140.92,2236.46
LD00009683,2293.19,1667.64,1950.94
LD00009684,2162.73,1350.95,2472.35
LD00009685,2810.26,2315.54,2547.99
LD00009686,2105.01,1938.29,1459.46
LD00009687,1686.98,1653.73,1600.66
LD00009688,2332.21,1646.11,2313.66
LD00009689,1703.57,1312.33,2456.52
LD00009690,2900.02,2191.95,2474.3
LD00009691,2941.98,1684.05,2626.87
LD00009692,2911.07,2114.75,2116.61
LD00009693,2969.63,2458.93,2085.61
LD00009694,2568.44,1972.4,2540.72
LD00009695,2101.53,2460.43,2514.72
LD00009696,2161.63,1665.25,2675.8
LD00009697,2907.06,2137.14,1593.16
LD00009698,1577.01,1812.71,1844.49
LD00009699,1719.98,1628.1,2580.63
LD00009700,2364.77,2424.44,2706.83
LD00009701,2864.68,1904.3,1526.81
LD00009702,2481.21,1692.01,1751.8
LD00009703,2607.48,2227.99,1646.67
LD00009704,2981.44,1975.32,2436.37
LD00009705,1842.4,1627.78,2138.54
LD00009706,2416.69,1319.74,2605.97
LD00009707,2350.52,1509.46,1493.67
LD00009708,2914.12,2495.23,2506.85
LD00009709,2939.12,1553.61,2462.23
LD00009710,2532.27,1900.09,2642.04
LD00009711,2378.59,2449.87,1752.71
LD00009712,1992.65,1370.62,2436.66
LD00009713,2167.73,2463.81,2729.42
LD00009714,2814.57,2381.21,1765.67
LD00009715,2684.39,1728.01,2618.54
LD00009716,2221.94,2197.0,1706.29
LD00009717,1578.4,2374.2,1827.83
LD00009718,1768.69,2081.02,1543.05
LD00009719,1870.77,1769.18,2603.97
LD00009720,1692.16,1473.31,1496.0
LD00009721,2058.56,1937.31,1882.8
LD00009722,2763.26,1210.01,1965.01
LD00009723,1559.05,1693.58,2249.27
LD00009724,1867.7,1971.6,2770.6
LD00009725,2741.13,1873.35,1956.24
LD00009726,1504.16,1785.19,1971.86
LD00009727,2206.71,1981.03,1646.62
LD00009728,1713.08,2386.96,2365.97
LD00009729,1794.66,1964.99,1958.15
LD00009730,2375.94,1300.56,1702.75
LD00009731,1539.18,1604.9,2431.17
LD00009732,2980.7,1797.0,2403.06
LD00009733,1906.09,2253.42,2198.43
LD00009734,2686.32,1830.04,2414.93
LD00009735,2463.3,1666.49,2736.89
LD00009736,2574.89,1508.4,2297.13
LD00009737,2268.79,1976.08,2199.54
LD00009738,2342.94,1749.22,2752.01
LD00009739,2055.88,2271.14,2239.58
LD00009740,1904.64,2242.41,2691.66
LD00009741,2346.9,2334.64,1533.03
LD00009742,1586.23,1402.14,1522.09
LD00009743,2258.16,1865.59,1652.1
LD00009744,1670.56,2126.48,2143.66
LD00009745,2088.74,1418.88,1569.61
LD00009746,2192.76,2178.14,1694.76
LD00009747,2297.81,1397.65,1832.16
LD00009748,1959.08,2243.48,1994.19
LD00009749,2534.58,2320.7,1583.36
LD00009750,2027.81,1801.46,2433.25
LD00009751,2777.74,1885.65,2252.25
LD00009752,2807.49,1885.38,2539.74
LD00009753,2073.18,1707.13,1450.53
LD00009754,2924.04,1896.24,2268.08
LD00009755,2582.3,2331.53,2717.33
LD00009756,2940.69,1604.11,1756.97
LD00009757,1547.33,2323.76,2127.53
LD00009758,2241.59,2200.21,1818.87
LD00009759,1503.01,1784.21,1619.54
LD00009760,2085.85,1752.44,2079.94
LD00009761,1802.45,1678.53,1744.38
LD00009762,2526.46,1946.52,1589.89
LD00009763,2132.93,1420.28,2570.7
LD00009764,1824.5,1256.09,2474.43
LD00009765,2475.65,1948.24,1870.89
LD00009766,2001.81,2172.0,1702.38
LD00009767,1637.67,1569.36,2098.14
LD00009768,2735.99,1945.02,1491.02
LD00009769,1827.9,2256.01,2614.3
LD00009770,2930.57,1647.0,2470.64
LD00009771,2047.0,2106.99,1762.9
LD00009772,1667.18,1437.89,1425.81
LD00009773,2217.27,1967.23,1626.99
LD00009774,1822.69,1862.96,2467.71
LD00009775,1649.45,1264.73,2121.77
LD00009776,2741.09,2033.74,2142.12
LD00009777,2839.4,2083.57,1933.71
LD00009778,1960.85,1503.12,2202.13
LD00009779,2753.29,2051.69,2309.49
LD00009780,2060.06,1446.84,1408.64
LD00009781,2670.52,1589.52,2460.93
LD00009782,1862.7,1571.88,2567.49
LD00009783,2356.71,1667.99,2484.56
LD00009784,2188.48,2059.39,2376.51
LD00009785,2269.74,1259.11,2321.82
LD00009786,1890.1,2478.41,1989.11
LD00009787,2383.11,1930.5,1846.41
LD00009788,2219.61,1571.69,1781.27
LD00009789,2237.49,2363.87,2035.68
LD00009790,2254.4,1523.95,1613.19
LD00009791,2150.61,1678.01,2693.68
LD00009792,1649.9,1254.86,2188.41
LD00009793,1792.15,1833.58,2239.63
LD00009794,2588.73,1559.15,2566.49
LD00009795,2250.09,2163.22,1886.06
LD00009796,2891.05,1663.77,2275.89
LD00009797,2663.76,1324.45,2682.82
LD00009798,1515.49,1612.93,2582.27
LD00009799,2534.19,2257.39,1992.16
LD00009800,2453.75,1329.68,2136.45
LD00009801,2980.3,1264.87,1865.69
LD00009802,2773.14,1790.41,1510.39
LD00009803,2514.75,2426.98,1930.99
LD00009804,2076.71,1809.13,1715.4
LD00009805,1734.25,1448.4,2018.49
LD00009806,1617.52,2158.31,2560.84
LD00009807,2912.9,1695.42,2264.72
LD00009808,1589.46,2077.05,1908.28
LD00009809,1907.56,1778.03,1483.28
LD00009810,2858.51,1387.05,2757.71
LD00009811,2503.18,1369.82,1706.11
LD00009812,2850.35,1666.18,2628.25
LD00009813,1532.88,1678.93,2542.54
LD00009814,2333.26,2427.35,2335.77
LD00009815,2478.12,1760.0,2157.06
LD00009816,1548.08,2205.95,1992.41
LD00009817,1771.48,2134.4,2705.67
LD00009818,1806.17,1377.79,1584.71
LD00009819,2620.33,2491.9,1472.09
LD00009820,2629.45,2023.81,2111.01
LD00009821,1865.52,1512.37,2083.29
LD00009822,2461.3,2429.6,1810.26
LD00009823,2797.65,2301.78,1470.2
LD00009824,2977.99,2149.18,1889.87
LD00009825,2055.51,2465.52,2175.55
LD00009826,2683.04,1246.22,2161.64
LD00009827,2243.6,2190.21,2489.58
LD00009828,2654.89,2461.11,2227.73
LD00009829,1876.93,1278.82,1627.85
LD00009830,2112.23,2459.37,2641.5
LD00009831,2900.19,1322.87,1931.98
LD00009832,2191.14,1237.25,1517.98
LD00009833,2017.59,1562.29,1843.3
LD00009834,2280.3,1445.55,2601.48
LD00009835,2297.51,2137.56,1734.69
LD00009836,1627.26,1994.68,1916.33
LD00009837,1674.22,1319.02,1894.88
LD00009838,2450.64,1795.57,1644.48
LD00009839,1900.14,2178.46,2195.52
LD00009840,1793.31,1763.45,1991.7
LD00009841,2315.16,2119.66,2591.61
LD00009842,1765.12,2466.53,2575.36
LD00009843,1539.13,1611.45,2327.14
LD00009844,1981.66,1328.28,2034.48
LD00009845,2372.65,1228.85,2787.62
LD00009846,2914.77,1759.1,2667.42
LD00009847,2477.85,1612.61,1840.27
LD00009848,2471.25,1966.89,1835.58
LD00009849,2159.07,1808.66,2348.69
LD00009850,2421.03,2480.43,2337.66
LD00009851,2421.33,2180.32,2089.18
LD00009852,1566.1,2127.54,2008.4
LD00009853,1800.91,1753.35,2455.48
LD00009854,1769.51,1561.94,2434.27
LD00009855,1736.0,2189.24,2343.1
LD00009856,1656.61,1756.38,1795.4
LD00009857,2699.29,2492.3,2679.49
LD00009858,2823.18,1746.49,2551.3
LD00009859,2061.5,1410.13,1897.57
LD00009860,1878.12,1717.91,1590.51
LD00009861,1654.21,2028.95,1407.93
LD00009862,2922.68,1870.87,2068.12
LD00009863,2389.86,2493.32,2177.98
LD00009864,2009.65,1672.2,2306.6
LD00009865,1633.14,1294.23,1421.75
LD00009866,2712.7,2078.11,2351.75
LD00009867,2346.5,1785.65,2000.84
LD00009868,2022.36,1375.38,1491.64
LD00009869,2543.49,1879.41,2495.12
LD00009870,1829.98,1930.63,2659.45
LD00009871,2580.21,1766.22,2435.65
LD00009872,2210.17,2293.25,1904.06
LD00009873,1917.8,2308.07,2034.71
LD00009874,2431.23,2488.04,1943.17
LD00009875,1957.02,1689.36,2474.75
LD00009876,1673.09,1616.87,2674.61
LD00009877,2143.15,2440.27,2205.77
LD00009878,1760.94,1475.5,2029.01
LD00009879,2275.29,1246.61,2028.34
LD00009880,2854.56,2233.98,1489.08
LD00009881,1560.14,2295.17,2216.67
LD00009882,1972.18,1501.28,2316.16
LD00009883,2965.23,1582.78,1812.3
LD00009884,2464.78,1508.97,2311.74
LD00009885,2527.23,2488.46,1920.31
LD00009886,2864.54,1522.92,1877.89
LD00009887,2918.34,1630.69,2100.61
LD00009888,2908.02,2368.79,2398.56
LD00009889,1876.3,1287.39,1806.38
LD00009890,1573.86,1771.27,1875.11
LD00009891,2553.23,2448.19,2203.47
LD00009892,1645.57,1468.02,2159.43
LD00009893,2241.65,2443.12,2014.8
LD00009894,1751.95,2196.11,2479.56
LD00009895,1947.8,2114.26,1833.24
LD00009896,1803.29,2396.46,1962.89
LD00009897,1804.27,1228.45,1611.3
LD00009898,2141.51,1996.9,1752.09
LD00009899,2218.6,2119.85,2423.53
LD00009900,2533.98,2360.86,1671.16
LD00009901,2767.16,1917.89,1842.29
LD00009902,2438.51,1357.98,1956.58
LD00009903,2851.92,1289.63,1443.54
LD00009904,2767.81,1867.85,2319.33
LD00009905,1913.65,1425.31,2253.33
LD00009906,1728.91,1670.07,1912.28
LD00009907,1989.31,1347.36,1960.57
LD00009908,1656.39,1928.69,1988.96
LD00009909,2773.62,1677.79,1767.47
LD00009910,2557.91,1933.99,2067.38
LD00009911,2096.48,2478.72,2324.27
LD00009912,2439.07,1403.37,1608.62
LD00009913,2861.67,2048.99,1416.8
LD00009914,2167.76,1980.58,1488.63
LD00009915,2239.71,1729.12,1687.95
LD00009916,1545.58,1487.12,1811.4
LD00009917,1684.24,1366.84,2696.26
LD00009918,2973.18,2105.09,2675.55
LD00009919,2395.04,1900.28,2147.27
LD00009920,1525.6,1596.3,1569.65
LD00009921,1794.38,2170.48,1720.45
LD00009922,1722.64,2282.4,2790.26
LD00009923,2685.75,1726.25,2033.08
LD00009924,2905.29,1880.09,2660.83
LD00009925,2698.04,1804.88,2112.34
LD00009926,1798.06,2167.81,2216.85
LD00009927,2968.87,1539.19,2653.56
LD00009928,1880.38,1978.35,2657.21
LD00009929,2459.35,1211.59,1718.61
LD00009930,2397.87,1372.98,1964.48
LD00009931,2405.12,2006.88,2229.3
LD00009932,2037.48,1741.4,1659.42
LD00009933,2926.0,2477.68,2432.4
LD00009934,1923.26,2305.69,1694.26
LD00009935,2545.02,1844.97,2356.81
LD00009936,1654.41,1883.27,1423.38
LD00009937,2537.47,2166.47,2314.2
LD00009938,2431.5,2021.15,1813.48
LD00009939,2039.42,2045.25,1474.1
LD00009940,2641.03,2200.34,1772.93
LD00009941,1815.39,2140.41,2667.26
LD00009942,2256.03,1806.66,1815.16
LD00009943,1973.39,2197.14,1452.46
LD00009944,2714.7,2209.74,2311.53
LD00009945,2720.54,1593.26,2778.19
LD00009946,1697.49,2137.12,2693.47
LD00009947,2107.56,1347.61,1538.37
LD00009948,2862.9,1511.56,2381.59
LD00009949,1586.05,1989.84,1692.9
LD00009950,2712.69,1552.31,2746.93
LD00009951,2441.14,2031.44,1403.51
LD00009952,2470.18,2419.29,1696.6
LD00009953,2354.74,1828.38,2087.24
LD00009954,2484.41,1883.29,2730.42
LD00009955,2131.57,1843.87,1625.02
LD00009956,2993.38,1496.67,1570.98
LD00009957,1810.51,1640.28,1483.15
LD00009958,1975.86,2033.05,1819.89
LD00009959,2391.64,1844.93,2422.46
LD00009960,2268.34,2051.37,2441.42
LD00009961,1905.38,1713.13,2486.88
LD00009962,2282.26,1353.36,1828.87
LD00009963,1897.2,1226.97,2423.98
LD00009964,2301.96,1759.4,1816.21
LD00009965,2595.15,2263.93,2755.69
LD00009966,1829.45,2155.33,2204.05
LD00009967,2525.93,2171.63,2428.53
LD00009968,2324.0,1811.05,1445.29
LD00009969,2357.96,1662.55,2482.7
LD00009970,1964.74,1889.45,2476.51
LD00009971,2479.82,1365.94,1497.21
LD00009972,2169.83,2221.56,1468.25
LD00009973,1822.75,2476.21,2111.18
LD00009974,1944.82,1959.27,1790.13
LD00009975,1881.1,2210.09,2791.37
LD00009976,2585.76,1977.5,2399.85
LD00009977,1944.63,1920.08,2675.95
LD00009978,2700.35,1695.58,1943.33
LD00009979,1781.3,2407.58,2688.83
LD00009980,1935.37,1464.19,1407.17
LD00009981,1996.3,2378.82,2628.35
LD00009982,1600.12,1471.54,1493.79
LD00009983,2006.76,1718.52,2394.57
LD00009984,2046.91,1932.91,2243.45
LD00009985,2389.02,2445.4,2332.55
LD00009986,1705.01,1522.39,1540.86
LD00009987,2297.82,2483.82,2639.23
LD00009988,1612.15,2435.82,2543.62
LD00009989,1544.26,2181.18,2271.87
LD00009990,1527.61,2203.0,1717.93
LD00009991,1516.57,1552.57,1504.49
LD00009992,1614.17,1768.56,2130.43
LD00009993,2091.9,2039.82,1425.24
LD00009994,2477.61,1272.59,1699.73
LD00009995,2484.73,1654.06,1686.96
LD00009996,2900.89,1772.3,2743.37
LD00009997,1648.34,1640.53,2008.01
LD00009998,2990.14,2088.66,1757.28
LD00009999,1621.04,1790.2,2580.77
LD00010000,2536.63,1238.03,2759.15
LD00010001,2456.0,1618.91,2184.68
LD00010002,1634.44,2035.06,1996.42
LD00010003,2016.43,2399.23,1784.58
LD00010004,1922.7,2103.85,1964.7
LD00010005,2329.97,1416.51,1933.33
LD00010006,2906.05,2276.36,1917.21
LD00010007,1590.21,1218.26,1551.71
LD00010008,2135.9,1854.27,1492.69
LD00010009,1590.17,1482.22,2302.3
LD00010010,2991.99,1417.15,2098.73
LD00010011,2936.74,2140.1,2754.81
LD00010012,2953.0,1475.78,2518.58
LD00010013,2077.82,2450.7,2553.93
LD00010014,1925.65,1253.49,1785.61
LD00010015,2278.58,2250.23,1733.99
LD00010016,2915.48,1506.51,2273.29
LD00010017,1873.38,1283.62,2060.52
LD00010018,1523.41,1363.69,2032.57
LD00010019,1761.87,2442.82,2696.2
LD00010020,2147.36,1936.08,2562.57
LD00010021,1973.58,1402.34,2268.51
LD00010022,1668.23,2383.71,1659.98
LD00010023,2040.44,2156.2,1854.5
LD00010024,2672.52,1207.79,2567.41
LD00010025,2281.37,2294.48,1842.01
LD00010026,2186.76,1518.72,2180.58
LD00010027,2644.92,2046.75,1451.6
LD00010028,1977.22,1589.35,2609.12
LD00010029,1806.21,1789.37,1598.97
LD00010030,2654.01,2266.8,1600.66
LD00010031,1827.5,1359.26,2310.96
LD00010032,2937.94,2100.07,2734.23
LD00010033,1792.55,2416.18,1535.48
LD00010034,2267.68,1755.95,1805.29
LD00010035,2640.24,1949.76,2795.74
LD00010036,2524.07,1607.33,2070.9
LD00010037,1592.91,2352.29,1774.97
LD00010038,1804.65,1954.04,1753.07
LD00010039,2210.61,2104.19,1507.27
LD00010040,2068.81,2423.05,2073.77
LD00010041,2245.67,1350.69,1714.83
LD00010042,1961.19,1440.59,2421.24
LD00010043,1875.86,1512.14,1898.01
LD00010044,1684.77,1248.73,1683.26
LD00010045,1680.92,1485.5,2315.6
LD00010046,2011.38,1724.92,2339.94
LD00010047,2221.51,1867.51,1450.9
LD00010048,2936.11,2051.35,2688.49
LD00010049,2698.74,1932.95,2192.27
LD00010050,2058.95,1574.59,2059.5
LD00010051,1922.9,1789.05,1520.22
LD00010052,2612.33,1982.95,1732.33
LD00010053,1587.19,2411.42,1438.18
LD00010054,2447.56,2427.24,1957.4
LD00010055,2416.26,1899.12,2570.68
LD00010056,2504.6,1524.83,1762.39
LD00010057,2792.13,2314.89,1884.08
LD00010058,2972.59,1927.8,2655.52
LD00010059,2302.9,1356.92,1939.69
LD00010060,1740.26,2389.14,2148.72
LD00010061,2565.76,2382.23,1475.54
LD00010062,2770.92,1396.06,1884.34
LD00010063,2815.07,1392.24,1545.47
LD00010064,2035.23,1958.57,1954.2
LD00010065,2709.75,1758.73,1416.56
LD00010066,2362.31,2496.12,2587.04
LD00010067,2526.52,1854.64,1446.95
LD00010068,2055.86,1964.86,1688.02
LD00010069,2253.47,1626.28,2292.34
LD00010070,2687.45,1514.07,2167.74
LD00010071,2408.22,1696.01,1608.97
LD00010072,1799.18,1236.31,2617.15
LD00010073,2355.78,1887.79,2192.33
LD00010074,2455.53,2405.71,2479.8
LD00010075,1629.01,1451.21,1807.4
LD00010076,2739.4,1632.73,1649.27
LD00010077,1766.68,2065.73,2407.48
LD00010078,2831.66,1943.57,2646.62
LD00010079,1619.28,1336.22,1842.64
LD00010080,1712.65,2318.1,2229.26
LD00010081,2023.73,2147.35,2176.23
LD00010082,1687.41,1525.87,1476.97
LD00010083,1755.42,1891.82,2344.14
LD00010084,2569.62,2429.44,2455.63
LD00010085,1542.0,2299.73,2752.87
LD00010086,2305.24,1399.11,2582.36
LD00010087,2829.41,1314.96,1471.06
LD00010088,2034.15,1974.11,2353.28
LD00010089,1708.81,1963.57,2201.54
LD00010090,2632.17,1783.73,2219.62
LD00010091,1938.63,2005.05,2276.85
LD00010092,2362.01,2023.47,1961.14
LD00010093,1790.39,2230.7,2246.05
LD00010094,1790.46,2182.72,1961.12
LD00010095,1930.09,1715.12,2042.48
LD00010096,1678.97,1762.31,2175.13
LD00010097,1962.1,1257.65,2593.82
LD00010098,2842.09,1943.34,1509.88
LD00010099,2749.2,1658.2,2564.18
LD00010100,2981.3,1440.07,1513.6
LD00010101,2391.7,1477.44,2727.44
LD00010102,2430.21,1841.81,2542.57
LD00010103,2256.89,2338.88,2194.86
LD00010104,2642.43,2323.57,1865.77
LD00010105,2571.52,1735.81,1481.49
LD00010106,2020.81,1725.35,2697.24
LD00010107,1501.25,1638.69,1658.33
LD00010108,1678.08,1323.17,2441.8
LD00010109,2156.88,1592.97,2645.04
LD00010110,2712.64,1823.12,1760.92
LD00010111,2906.28,1795.43,1805.78
LD00010112,2082.25,2444.26,1629.85
LD00010113,1621.78,1345.32,1470.72
LD00010114,2362.4,1427.26,2483.86
LD00010115,2449.89,1672.33,2650.05
LD00010116,2284.38,2149.38,2462.78
LD00010117,1645.44,1877.74,2589.89
LD00010118,2645.86,2236.0,2167.83
LD00010119,2282.64,1781.75,1863.55
LD00010120,1872.69,2066.06,1988.19
LD00010121,1760.8,1951.35,2388.22
LD00010122,2879.44,1940.67,1792.63
LD00010123,2957.52,1416.84,1625.21
LD00010124,2167.33,2108.22,2481.05
LD00010125,2630.11,2229.81,2033.66
LD00010126,2135.61,1243.37,1903.5
LD00010127,2781.85,1211.26,2112.71
LD00010128,2638.22,1432.12,1677.06
LD00010129,2908.27,1923.19,2328.59
LD00010130,1989.55,2330.97,1534.1
LD00010131,2119.67,2187.13,1674.94
LD00010132,2689.18,1537.3,2233.0
LD00010133,1665.86,2486.46,1940.49
LD00010134,2325.07,2057.87,1908.55
LD00010135,2933.87,1470.53,1926.81
LD00010136,1517.59,2097.78,1463.99
LD00010137,1690.51,1703.79,1851.9
LD00010138,1790.77,1341.79,1903.36
LD00010139,2601.51,1671.55,1445.43
LD00010140,1813.03,2449.11,1594.84
LD00010141,2933.72,2293.72,1498.9
LD00010142,2064.27,1972.49,2413.92
LD00010143,2453.31,2396.88,1496.01
LD00010144,1550.17,1234.97,1879.62
LD00010145,2431.34,2035.19,1492.61
LD00010146,2913.15,1650.89,1553.82
LD00010147,2373.03,1419.15,1587.45
LD00010148,2051.44,1766.91,1517.34
LD00010149,2537.68,1342.02,2079.54
LD00010150,1721.36,2448.85,2333.27
LD00010151,2771.62,1441.39,1972.3
LD00010152,1944.0,2136.64,2335.48
LD00010153,2646.06,1636.05,2557.8
LD00010154,2107.94,1541.73,2397.41
LD00010155,2551.7,1719.26,1859.18
LD00010156,1901.97,1994.11,1467.94
LD00010157,1527.19,2374.04,2741.32
LD00010158,1676.41,1586.38,1570.06
LD00010159,2111.85,1248.31,2404.3
LD00010160,1887.31,2278.52,2547.94
LD00010161,2711.47,1243.97,2432.75
LD00010162,1596.09,1836.74,1609.85
LD00010163,2181.61,2195.87,2777.65
LD00010164,2580.41,2165.59,2406.0
LD00010165,1551.56,1323.23,2689.8
LD00010166,2949.71,1949.63,2058.42
LD00010167,2857.77,2252.91,2193.99
LD00010168,1660.17,1854.45,2796.22
LD00010169,2549.11,2314.05,2389.01
LD00010170,2791.92,1538.3,2753.7
LD00010171,2164.8,1395.5,1442.46
LD00010172,2545.55,2433.99,2610.82
LD00010173,1520.31,2086.84,1672.05
LD00010174,2385.71,1279.03,1645.92
LD00010175,2594.29,1881.25,1948.16
LD00010176,1865.06,2276.45,1510.26
LD00010177,1530.72,1326.57,2638.47
LD00010178,2960.12,1988.16,1966.94
LD00010179,1563.38,2290.24,2513.89
LD00010180,1684.02,2106.04,2590.34
LD00010181,1500.21,1324.86,2470.9
LD00010182,2977.31,1394.1,1647.79
LD00010183,1608.29,2415.94,2008.6
LD00010184,2250.35,1788.81,1728.85
LD00010185,2968.35,1502.98,2128.89
LD00010186,1769.17,1872.38,2012.5
LD00010187,1991.23,2277.94,2374.66
LD00010188,2824.62,1766.88,1875.55
LD00010189,2829.02,2295.73,2256.1
LD00010190,1634.13,1369.68,2059.07
LD00010191,1601.41,1959.87,2083.89
LD00010192,1690.32,1338.57,2492.06
LD00010193,2030.78,1756.6,2347.82
LD00010194,1751.03,2319.28,2631.5
LD00010195,1658.91,1297.85,2155.69
LD00010196,2933.08,2118.76,2765.71
LD00010197,1736.71,1340.17,2524.05
LD00010198,1748.54,1745.77,2520.52
LD00010199,2470.94,2232.18,1959.94
LD00010200,1662.21,1760.64,1499.45
LD00010201,1632.17,1623.96,1786.53
LD00010202,2935.85,2182.33,2276.42
LD00010203,2969.43,1941.08,1867.0
LD00010204,2154.14,1212.41,2205.93
LD00010205,2950.1,2497.48,2232.43
LD00010206,1569.61,1291.76,1784.6
LD00010207,1504.02,1744.54,2251.36
LD00010208,2930.43,2100.3,2671.13
LD00010209,2144.56,1719.83,2687.23
LD00010210,2814.0,1499.15,2766.6
LD00010211,2441.33,1210.21,2510.94
LD00010212,2648.25,2080.96,1785.28
LD00010213,2270.73,1930.52,2029.44
LD00010214,1775.55,1276.53,2070.65
LD00010215,1704.14,2394.93,2319.66
LD00010216,2219.86,1292.98,1546.65
LD00010217,2489.22,1530.17,1972.43
LD00010218,2853.18,1898.57,2296.14
LD00010219,1580.8,2020.91,1658.58
LD00010220,1901.55,1414.54,1639.18
LD00010221,2051.03,1385.59,1500.01
LD00010222,2427.3,1411.71,1974.49
LD00010223,2800.16,1546.09,2469.44
LD00010224,2596.7,1510.92,2554.41
LD00010225,1817.26,1240.43,2292.6
LD00010226,2772.38,1737.57,1437.41
LD00010227,2175.06,2299.33,1516.78
LD00010228,2590.46,1259.03,1727.2
LD00010229,2349.45,1415.65,2332.9
LD00010230,2633.28,2475.51,2485.81
LD00010231,2957.44,1625.19,2420.25
LD00010232,1670.58,1757.04,2238.67
LD00010233,2438.04,1527.57,2347.86
LD00010234,2442.13,1735.85,2642.94
LD00010235,2616.37,1944.1,2009.26
LD00010236,2948.83,1470.99,1958.22
LD00010237,2784.29,1284.91,2566.72
LD00010238,1678.12,1755.23,2538.2
LD00010239,2486.08,1219.03,2210.96
LD00010240,2267.15,1471.81,1995.26
LD00010241,2840.14,2098.76,2162.07
LD00010242,2571.2,1500.69,2298.79
LD00010243,1830.11,1676.56,2659.01
LD00010244,1549.29,1603.95,1501.58
LD00010245,1941.15,1983.15,1898.91
LD00010246,2975.01,2004.85,2362.16
LD00010247,1654.23,1716.55,2047.21
LD00010248,2928.32,2080.33,2597.96
LD00010249,2872.41,1215.25,2726.76
LD00010250,2835.93,1954.2,1584.13
LD00010251,2397.54,2367.72,1863.44
LD00010252,2414.73,2349.61,1988.91
LD00010253,1736.2,2019.4,2648.83
LD00010254,2335.27,1324.29,2448.29
LD00010255,2980.1,2273.6,2785.93
LD00010256,2878.0,1575.24,2718.01
LD00010257,2778.25,1971.54,2275.62
LD00010258,2264.25,2110.16,2752.24
LD00010259,2558.66,1677.49,1979.32
LD00010260,2513.2,1353.48,2552.49
LD00010261,1614.79,2369.08,2259.02
LD00010262,2379.18,1277.23,2307.06
LD00010263,1909.73,1650.5,2252.35
LD00010264,1676.41,1700.84,2549.17
LD00010265,2128.98,2225.98,2418.17
LD00010266,2950.97,1991.36,1845.53
LD00010267,2537.35,1904.5,1729.04
LD00010268,2443.11,1472.14,1474.86
LD00010269,2174.76,1210.94,1721.15
LD00010270,2205.91,1555.93,2427.57
LD00010271,2298.64,2261.71,2075.4
LD00010272,2409.02,1926.92,2353.48
LD00010273,2250.08,2394.15,2418.72
LD00010274,1927.26,1921.77,2144.54
LD00010275,2063.8,1923.32,2720.34
LD00010276,1597.07,2144.27,1889.19
LD00010277,1573.59,1937.33,1641.04
LD00010278,1787.44,2141.21,1425.89
LD00010279,2299.07,1756.33,2078.8
LD00010280,1926.86,1585.13,2062.38
LD00010281,2158.61,2413.02,2018.78
LD00010282,1662.96,1881.3,2660.6
LD00010283,1555.38,1680.67,2378.35
LD00010284,2262.96,2052.52,1792.12
LD00010285,2934.16,1844.69,1599.44
LD00010286,2389.83,1214.49,2235.48
LD00010287,1920.94,1881.61,1865.14
LD00010288,2472.92,1781.2,1882.02
LD00010289,2926.09,1540.69,1556.81
LD00010290,1814.12,2459.15,2436.45
LD00010291,1979.61,2384.2,2064.66
LD00010292,2396.54,1202.2,2534.37
LD00010293,2871.88,2010.2,2349.94
LD00010294,1712.46,1223.84,2277.1
LD00010295,2867.68,1884.37,1986.2
LD00010296,2756.56,2309.89,2061.03
LD00010297,2038.46,2276.2,2481.18
LD00010298,2541.84,1512.38,1659.19
LD00010299,1891.62,2439.68,2507.61
LD00010300,2410.6,1646.56,2158.42
LD00010301,1545.71,1722.02,2793.44
LD00010302,2068.51,1301.77,1987.81
LD00010303,1994.41,1429.27,2076.35
LD00010304,2777.75,1909.08,1920.52
LD00010305,1662.72,1850.32,2716.01
LD00010306,1510.23,1842.05,2722.94
LD00010307,1567.62,2087.28,2374.1
LD00010308,1627.63,1838.15,1852.53
LD00010309,2681.67,1686.3,1565.15
LD00010310,2741.46,1547.51,2707.01
LD00010311,1927.83,1970.43,2024.48
LD00010312,1800.16,2003.87,2400.1
LD00010313,2027.98,1765.96,1752.57
LD00010314,1801.88,1213.55,2608.38
LD00010315,1905.34,1865.23,2677.69
LD00010316,2335.01,1408.01,1946.96
LD00010317,2537.28,1991.77,2096.88
LD00010318,1591.98,2338.68,1965.73
LD00010319,2986.14,1270.0,1548.48
LD00010320,2373.77,1274.59,1508.89
LD00010321,2819.45,2100.42,2660.25
LD00010322,2580.47,2087.62,2448.19
LD00010323,1874.33,1431.66,1893.77
LD00010324,2583.99,1603.25,2359.71
LD00010325,1641.85,2030.07,2779.56
LD00010326,2178.17,2099.43,2560.66
LD00010327,1823.88,2272.38,2551.78
LD00010328,1681.63,1514.95,2551.3
LD00010329,2886.02,2354.2,1588.15
LD00010330,2060.16,2079.17,1582.93
LD00010331,1772.82,1507.29,2309.27
LD00010332,2086.21,1513.61,1585.68
LD00010333,2250.83,2127.94,2410.6
LD00010334,1599.22,1628.12,1787.47
LD00010335,1826.69,1572.16,1534.69
LD00010336,2891.88,1454.59,2772.21
LD00010337,2817.26,2480.48,2523.9
LD00010338,2377.92,1410.1,1764.72
LD00010339,1677.49,1404.49,2541.97
LD00010340,2752.28,2405.23,2410.36
LD00010341,2618.79,2480.28,1993.94
LD00010342,1935.06,1741.71,1983.01
LD00010343,2251.93,2382.82,2701.74
LD00010344,1918.96,1428.65,1712.28
LD00010345,2681.82,2495.76,2617.98
LD00010346,2254.33,2032.03,2792.99
LD00010347,1678.49,1704.84,2649.66
LD00010348,2191.93,2487.7,2535.27
LD00010349,2661.71,1993.62,2617.07
LD00010350,1691.79,2294.42,1447.76
LD00010351,2072.46,1803.54,2100.45
LD00010352,1768.03,2040.98,1441.53
LD00010353,1528.29,2094.38,1510.54
LD00010354,2373.3,2275.89,2474.02
LD00010355,2090.38,1637.38,2678.28
LD00010356,2915.27,1415.68,1428.68
LD00010357,2136.67,1334.78,2749.03
LD00010358,1702.43,1760.04,2445.75
LD00010359,2160.32,1447.62,1423.22
LD00010360,2985.94,2197.92,2396.62
LD00010361,2150.18,1909.26,2217.9
LD00010362,2261.09,2295.52,1637.73
LD00010363,2519.23,2305.77,1590.24
LD00010364,1872.06,2017.07,1546.59
LD00010365,2182.69,2141.48,2011.89
LD00010366,2561.98,1911.53,2752.11
LD00010367,2125.4,1689.98,2652.37
LD00010368,2848.02,2134.58,2392.39
LD00010369,1929.58,1544.49,2065.95
LD00010370,2922.85,1592.64,1847.3
LD00010371,2370.86,1743.45,1889.32
LD00010372,2275.0,2152.99,2416.54
LD00010373,2154.72,1697.54,1566.88
LD00010374,1698.42,1934.53,1511.32
LD00010375,1754.31,1495.41,2735.28
LD00010376,2043.28,1859.01,2392.17
LD00010377,2672.69,1747.5,2421.73
LD00010378,1550.63,2132.39,2642.61
LD00010379,2863.84,2212.6,2009.09
LD00010380,1647.06,1495.93,1556.8
LD00010381,2039.31,1580.78,2371.14
LD00010382,2660.98,1431.19,2086.56
LD00010383,2726.43,2384.78,2111.33
LD00010384,2662.94,2369.35,2745.59
LD00010385,1873.03,1364.04,1662.05
LD00010386,1636.1,2141.19,1724.98
LD00010387,2498.6,1384.83,1924.42
LD00010388,2772.7,1913.13,1821.83
LD00010389,2404.17,2130.58,1718.02
LD00010390,1950.72,2417.09,2338.54
LD00010391,2446.36,1567.51,2017.48
LD00010392,1951.2,1838.94,1833.69
LD00010393,2468.88,2409.97,1661.89
LD00010394,1758.33,1480.33,2555.09
LD00010395,2875.08,2446.32,2749.5
LD00010396,1624.38,2233.42,2374.41
LD00010397,2334.14,1241.1,1451.7
LD00010398,2801.96,2420.67,1584.4
LD00010399,1923.04,2292.54,2147.95
LD00010400,2625.25,1933.54,2228.68
LD00010401,2452.47,2235.32,2529.62
LD00010402,1583.48,2257.73,2382.79
LD00010403,2480.53,1788.67,2089.46
LD00010404,1645.05,1454.28,1589.31
LD00010405,2882.66,1764.91,1620.85
LD00010406,2119.05,1267.34,1990.85
LD00010407,2666.07,1458.22,2387.46
LD00010408,2845.43,1898.89,2514.91
LD00010409,1691.58,2214.42,1551.16
LD00010410,2666.21,1236.35,2272.14
LD00010411,2618.12,2217.28,1936.6
LD00010412,2661.01,1407.95,1434.59
LD00010413,2088.06,2422.08,1479.67
LD00010414,2776.6,1849.4,1883.7
LD00010415,1894.89,1765.29,1920.79
LD00010416,2644.51,2410.9,2151.67
LD00010417,2810.12,1614.4,2265.63
LD00010418,2002.47,1933.17,2008.25
LD00010419,2467.92,1414.28,2516.27
LD00010420,2211.87,1741.67,1728.45
LD00010421,1829.58,1291.46,1871.82
LD00010422,2183.28,1947.38,2431.19
LD00010423,1962.79,2404.88,2286.62
LD00010424,1881.08,2153.04,1762.7
LD00010425,1904.68,1506.38,2691.59
LD00010426,1749.85,2171.92,1935.39
LD00010427,1816.68,1924.36,2589.03
LD00010428,2222.35,1309.95,2485.58
LD00010429,1547.33,1553.85,1857.66
LD00010430,2094.26,1504.08,2279.34
LD00010431,2002.2,1811.01,2232.52
LD00010432,1605.5,2435.05,2012.25
LD00010433,1861.99,1623.97,2080.76
LD00010434,2255.61,2300.83,2401.52
LD00010435,2488.51,1782.88,2622.8
LD00010436,1631.72,2133.49,2464.45
LD00010437,1861.3,2371.54,1943.09
LD00010438,2272.21,2257.77,2120.32
LD00010439,2498.32,2237.25,1813.96
LD00010440,1896.92,1569.98,1951.92
LD00010441,2282.64,1274.82,1445.64
LD00010442,1977.41,2280.55,1648.44
LD00010443,2879.75,2158.09,2719.7
LD00010444,2629.87,1663.4,2252.48
LD00010445,2132.39,1683.79,2602.48
LD00010446,1648.57,1443.81,1794.79
LD00010447,1948.48,1733.65,2205.73
LD00010448,2049.15,1760.33,2304.86
LD00010449,1905.89,1654.59,1882.89
LD00010450,1610.66,1946.54,2222.78
LD00010451,2305.34,2005.14,1741.55
LD00010452,2768.93,1312.24,1412.6
LD00010453,1504.39,1374.88,2170.77
LD00010454,1897.62,1830.13,1980.26
LD00010455,2327.0,2272.33,2458.57
LD00010456,2904.91,1406.02,2321.1
LD00010457,1628.21,1232.57,2379.36
LD00010458,1730.38,1541.76,1915.51
LD00010459,2589.41,1839.62,1665.33
LD00010460,2186.33,2219.01,2176.54
LD00010461,1557.91,1412.03,2668.12
LD00010462,2244.0,1449.99,2562.5
LD00010463,1599.07,1466.03,2498.25
LD00010464,1612.0,1330.03,2344.9
LD00010465,1729.72,1768.24,1496.37
LD00010466,2093.97,2281.29,2232.35
LD00010467,2223.03,2236.54,1504.45
LD00010468,1594.31,1229.84,2416.61
LD00010469,1695.99,1459.39,1861.74
LD00010470,1573.1,1200.24,1561.48
LD00010471,2182.93,2197.3,2635.03
LD00010472,2692.43,2239.08,2283.36
LD00010473,2929.08,1508.01,2632.44
LD00010474,2881.81,1737.58,2645.1
LD00010475,2646.61,1314.89,2361.55
LD00010476,1738.73,1638.16,2203.88
LD00010477,2078.66,2264.23,1592.36
LD00010478,2999.12,1286.17,2699.69
LD00010479,2942.41,2037.45,1835.49
LD00010480,2056.45,1861.55,1921.14
LD00010481,2147.86,1505.9,2627.57
LD00010482,1582.34,2126.57,1487.17
LD00010483,2417.94,1873.94,2226.51
LD00010484,2600.27,2469.12,2216.16
LD00010485,2418.85,1451.89,2094.34
LD00010486,2773.14,1779.54,2046.92
LD00010487,1876.89,1441.81,1403.55
LD00010488,1950.57,2119.48,1576.65
LD00010489,2182.05,1811.9,2100.51
LD00010490,2063.71,1976.97,2644.86
LD00010491,2852.47,1694.83,1438.59
LD00010492,2150.21,1617.61,2421.76
LD00010493,1970.39,2014.18,1822.89
LD00010494,2047.39,1779.55,1706.65
LD00010495,2030.64,1514.7,1932.83
LD00010496,2438.35,1279.95,2255.35
LD00010497,1873.02,2217.52,1741.46
LD00010498,1958.35,2457.94,2408.24
LD00010499,2328.09,1890.62,1671.82
LD00010500,2032.99,1987.32,2114.76
LD00010501,2645.32,1906.25,1879.2
LD00010502,2572.1,2168.93,2733.74
LD00010503,1776.48,2105.59,2140.67
LD00010504,2808.83,1825.75,1664.29
LD00010505,2060.23,1244.84,2474.61
LD00010506,2544.7,2407.2,2597.46
LD00010507,2840.29,1994.92,2432.72
LD00010508,1728.59,1360.6,1986.46
LD00010509,2085.42,2275.38,1492.83
LD00010510,2750.12,1358.77,2483.11
LD00010511,2150.15,2119.61,1571.22
LD00010512,2469.56,1640.27,2023.13
LD00010513,2289.58,1963.78,2724.34
LD00010514,1890.06,2185.25,1753.17
LD00010515,1797.64,1346.99,2040.75
LD00010516,2420.21,2060.86,1863.02
LD00010517,2681.5,2005.25,1719.37
LD00010518,1708.84,1743.99,2687.72
LD00010519,2134.44,1771.04,1849.81
LD00010520,2382.04,2060.53,2113.25
LD00010521,2524.6,2419.69,2183.85
LD00010522,2783.98,1534.62,2341.17
LD00010523,1710.07,2080.44,2109.03
LD00010524,1831.84,1946.06,2444.1
LD00010525,2447.66,1541.76,2495.36
LD00010526,2548.3,2123.84,2120.88
LD00010527,2148.46,2352.24,1814.03
LD00010528,2340.65,2081.08,2524.24
LD00010529,1791.33,1665.1,2632.81
LD00010530,2028.75,1875.78,2643.47
LD00010531,2801.59,2263.86,2796.08
LD00010532,2722.93,1295.39,2723.07
LD00010533,2762.24,2071.3,2195.69
LD00010534,2859.9,2464.69,2063.08
LD00010535,1696.3,1818.56,2276.61
LD00010536,2110.36,1261.2,2337.33
LD00010537,1818.38,1757.15,1995.11
LD00010538,2597.46,1469.39,1519.48
LD00010539,1975.27,1500.08,2086.36
LD00010540,1894.95,1922.51,1504.36
LD00010541,1611.42,1327.99,2619.54
LD00010542,2899.98,1387.52,2493.26
LD00010543,2118.59,1992.77,2035.44
LD00010544,1673.84,1521.88,1438.32
LD00010545,2379.6,1714.5,2214.39
LD00010546,2881.18,2389.12,1860.98
LD00010547,2496.18,2253.23,1785.03
LD00010548,2828.16,2046.09,2377.22
LD00010549,2091.05,1204.56,1966.97
LD00010550,1873.53,1997.32,2619.45
LD00010551,1973.84,1597.85,1879.23
LD00010552,1653.55,1648.66,2027.98
LD00010553,2702.02,1476.82,1944.67
LD00010554,1595.88,2336.61,2116.11
LD00010555,1993.93,1922.01,2188.33
LD00010556,1952.41,1752.55,2417.99
LD00010557,1739.25,2278.8,2422.4
LD00010558,1556.73,1964.38,1522.59
LD00010559,2057.53,1253.48,2020.38
LD00010560,1565.26,1806.83,1515.62
LD00010561,1849.99,1806.38,1663.44
LD00010562,2204.58,1713.02,1813.31
LD00010563,2117.55,1817.43,2724.54
LD00010564,2396.08,2253.71,2271.51
LD00010565,2287.82,1389.05,2047.76
LD00010566,2601.46,1238.99,2416.77
LD00010567,2178.34,1937.12,1527.99
LD00010568,2607.79,2486.85,1629.45
LD00010569,2428.67,2201.11,2218.73
LD00010570,2176.15,2086.52,1516.04
LD00010571,2615.15,1679.19,2530.29
LD00010572,2586.5,1210.07,1592.7
LD00010573,2820.54,2435.98,1750.09
LD00010574,1883.04,1334.64,2312.62
LD00010575,2143.29,2228.57,1740.93
LD00010576,1641.91,1237.87,1533.78
LD00010577,2497.6,1687.41,1691.73
LD00010578,2352.11,1858.7,2220.89
LD00010579,2827.03,2321.53,2680.17
LD00010580,2502.6,1620.1,2663.26
LD00010581,2866.53,2276.87,1825.75
LD00010582,2047.77,2059.18,2044.11
LD00010583,2086.15,2366.58,2452.89
LD00010584,2351.82,1307.05,1446.33
LD00010585,2569.92,1991.11,2796.29
LD00010586,2459.78,1709.32,2158.46
LD00010587,2618.92,2484.88,2498.1
LD00010588,1604.85,1637.54,2772.68
LD00010589,2432.56,1494.45,2085.34
LD00010590,2686.65,1831.49,1781.35
LD00010591,1913.08,1364.81,2207.27
LD00010592,1894.89,1922.27,2706.21
LD00010593,2350.84,2472.37,1407.01
LD00010594,2674.26,1397.41,2119.85
LD00010595,1887.04,1689.47,1853.88
LD00010596,1966.33,2036.8,2395.23
LD00010597,2604.43,1576.92,1643.66
LD00010598,1647.18,2019.78,1506.03
LD00010599,1733.04,1239.51,1551.5
LD00010600,2512.44,2107.78,2182.11
LD00010601,2665.56,1576.71,1453.37
LD00010602,2278.35,1985.62,2383.47
LD00010603,2512.64,1730.0,1783.13
LD00010604,2406.68,2093.05,1579.1
LD00010605,2344.08,2419.28,2568.26
LD00010606,1785.61,2281.38,2355.4
LD00010607,2546.56,1730.17,2454.33
LD00010608,1893.36,1556.96,2558.92
LD00010609,2312.38,2435.74,1490.39
LD00010610,2430.64,1293.09,1764.07
LD00010611,2614.39,1893.86,2731.58
LD00010612,2960.3,1730.84,2716.22
LD00010613,2776.72,1874.55,2174.94
LD00010614,2855.3,1515.17,2117.16
LD00010615,2810.86,2315.82,1508.99
LD00010616,1652.5,2167.11,2720.31
LD00010617,1986.59,1406.15,1820.71
LD00010618,2576.87,1563.1,2289.02
LD00010619,2784.16,2491.03,2025.65
LD00010620,1737.84,2481.23,2233.18
LD00010621,2866.6,2406.72,1405.5
LD00010622,2676.49,2328.61,2788.27
LD00010623,1532.66,2353.0,2031.98
LD00010624,2950.03,1776.66,2069.45
LD00010625,1775.74,1982.18,1617.29
LD00010626,1961.07,1458.94,2476.87
LD00010627,2456.09,1549.14,1467.68
LD00010628,2805.05,1649.51,1904.58
LD00010629,1599.46,1277.73,1488.07
LD00010630,1651.38,1521.06,2154.68
LD00010631,2901.55,2487.53,2470.56
LD00010632,2365.78,2336.04,1521.94
LD00010633,2690.94,1822.18,1721.37
LD00010634,2748.48,1340.07,1742.94
LD00010635,2540.58,1970.82,1799.89
LD00010636,2729.45,1869.06,1787.7
LD00010637,1534.82,1792.52,1613.21
LD00010638,1835.79,2249.1,1995.99
LD00010639,2002.21,2205.18,2678.65
LD00010640,2064.91,1534.74,2170.5
LD00010641,2326.89,1601.4,1767.12
LD00010642,2967.3,1406.6,2706.65
LD00010643,1508.81,1813.44,2583.18
LD00010644,2555.54,2411.21,1671.43
LD00010645,2872.84,2383.72,2746.79
LD00010646,1561.31,1358.92,2286.4
LD00010647,2725.24,2151.55,2565.19
LD00010648,2720.3,1397.23,2184.24
LD00010649,1556.53,1448.85,2729.35
LD00010650,1953.09,1407.57,1585.74
LD00010651,2553.49,2000.34,2305.32
LD00010652,2458.79,2366.36,2166.0
LD00010653,1542.22,1526.11,1660.06
LD00010654,2515.07,1491.68,1711.8
LD00010655,2787.14,2202.83,2500.07
LD00010656,1610.64,2436.87,2275.96
LD00010657,1572.47,1864.39,1680.08
LD00010658,1537.41,1763.51,2329.34
LD00010659,2121.42,1823.83,1558.88
LD00010660,2015.95,1813.8,1511.19
LD00010661,2519.55,2285.06,2734.41
LD00010662,2899.72,1631.58,1676.53
LD00010663,2022.09,1330.01,2623.39
LD00010664,2633.6,1729.15,2246.92
LD00010665,2444.6,1976.62,1564.46
LD00010666,2948.75,1849.98,1439.42
LD00010667,2983.43,2024.51,2683.8
LD00010668,1618.78,1823.8,1533.46
LD00010669,1760.65,2133.97,2785.51
LD00010670,2532.35,2167.82,2672.45
LD00010671,2732.83,2056.68,1460.39
LD00010672,2957.28,2197.32,2128.86
LD00010673,1765.9,1935.16,2006.13
LD00010674,2246.19,2077.92,1643.54
LD00010675,2891.2,2240.3,1421.96
LD00010676,2567.22,1373.63,1580.17
LD00010677,2416.42,2362.19,2528.96
LD00010678,1832.73,1917.03,2630.36
LD00010679,1576.16,2285.1,2621.2
LD00010680,2482.15,1770.86,2693.58
LD00010681,1696.34,1558.78,1694.04
LD00010682,2890.78,1570.23,2568.12
LD00010683,2115.23,2277.12,2235.88
LD00010684,2677.91,1768.32,2488.99
LD00010685,2910.55,1969.86,2567.74
LD00010686,2669.86,1583.16,1726.27
LD00010687,2352.9,2448.24,1850.14
LD00010688,2989.83,2204.49,1626.61
LD00010689,2696.16,2266.51,1421.49
LD00010690,2459.62,1891.95,1430.73
LD00010691,2341.27,2314.28,2782.96
LD00010692,1965.4,1501.17,1892.9
LD00010693,2204.75,1468.31,2238.34
LD00010694,1956.21,1426.65,1814.09
LD00010695,2897.32,2487.31,2007.96
LD00010696,2725.32,1453.66,1754.1
LD00010697,2756.88,1427.88,1792.38
LD00010698,1800.55,2102.04,2746.79
LD00010699,2335.78,2357.74,1747.64
LD00010700,2707.27,1509.35,1621.73
LD00010701,2030.6,2181.03,2365.23
LD00010702,2473.89,1590.08,2371.61
LD00010703,2221.9,1642.05,2477.41
LD00010704,1688.21,1703.68,1988.15
LD00010705,1710.83,1768.95,1824.02
LD00010706,1709.91,1296.96,1682.44
LD00010707,2695.88,1914.09,2498.52
LD00010708,2604.52,2226.53,2290.79
LD00010709,2143.13,1378.3,2681.57
LD00010710,2717.09,1403.75,2343.54
LD00010711,2750.56,2283.47,1442.4
LD00010712,1956.02,1647.85,1463.86
LD00010713,2530.85,1800.79,1939.84
LD00010714,2887.61,2332.67,2563.53
LD00010715,2061.26,1933.06,2253.65
LD00010716,2129.76,2142.78,1916.61
LD00010717,2317.65,2102.23,1406.69
LD00010718,2367.4,1779.09,2481.95
LD00010719,2190.71,1938.05,2213.83
LD00010720,2323.29,2226.91,1532.6
LD00010721,2578.85,1713.12,2284.04
LD00010722,2419.21,1209.82,2739.36
LD00010723,2396.62,2119.86,1763.4
LD00010724,1582.75,1834.97,2182.59
LD00010725,2329.77,1692.84,1538.49
LD00010726,2815.35,2229.16,2565.51
LD00010727,2045.75,2363.63,2087.57
LD00010728,1736.76,1498.37,1841.75
LD00010729,2671.77,1900.47,2679.34
LD00010730,2149.67,1987.92,2473.7
LD00010731,2882.73,1619.52,1952.8
LD00010732,1970.51,1628.33,2284.52
LD00010733,2927.9,2464.47,1781.91
LD00010734,2172.0,2145.31,1876.74
LD00010735,2087.22,1399.31,2543.49
LD00010736,1707.45,2096.58,1878.92
LD00010737,1688.47,1837.35,1866.92
LD00010738,1950.42,2072.1,2074.26
LD00010739,1887.14,2484.69,1757.15
LD00010740,2755.94,1518.25,2470.71
LD00010741,1782.06,2310.01,2785.19
LD00010742,1755.69,2379.37,2119.48
LD00010743,2238.41,1862.93,2257.5
LD00010744,2618.74,1678.7,2051.93
LD00010745,1943.11,1457.21,2080.18
LD00010746,2958.08,2208.76,1600.87
LD00010747,2164.48,1597.67,2717.62
LD00010748,2265.71,1745.61,2422.98
LD00010749,2954.21,2448.64,1695.43
LD00010750,2559.1,1355.91,2044.68
LD00010751,2605.87,2140.93,1521.66
LD00010752,2092.91,1861.76,2041.86
LD00010753,2298.8,1724.54,2396.3
LD00010754,2786.67,2392.68,2029.15
LD00010755,2364.79,1803.59,1533.91
LD00010756,1795.44,2165.74,2631.19
LD00010757,1682.33,2215.44,1582.81
LD00010758,2340.86,1602.86,2094.33
LD00010759,2430.34,2429.54,2624.04
LD00010760,1940.75,1273.53,2208.03
LD00010761,2734.33,1437.73,2242.65
LD00010762,2633.63,2421.14,1622.28
LD00010763,2421.6,2410.81,2702.58
LD00010764,1650.92,2333.16,1859.8
LD00010765,2112.4,2120.33,2459.43
LD00010766,1937.3,2450.05,1529.63
LD00010767,1707.22,2490.52,2389.24
LD00010768,1765.71,1994.04,2148.43
LD00010769,2098.1,1380.84,2698.68
LD00010770,1757.88,2347.66,1895.67
LD00010771,2170.18,1603.79,2757.1
LD00010772,1773.31,2216.69,2614.4
LD00010773,1778.34,2466.82,2742.52
LD00010774,1790.86,2029.73,1900.97
LD00010775,1885.4,1923.64,1757.4
LD00010776,2887.56,1219.27,2242.3
LD00010777,1919.6,1850.06,2501.0
LD00010778,2784.76,1368.14,2665.26
LD00010779,1715.66,1952.24,1690.25
LD00010780,2008.84,1963.3,2201.58
LD00010781,1731.49,1786.17,2578.38
LD00010782,2087.46,2378.22,1417.77
LD00010783,1617.81,1946.08,2420.63
LD00010784,2623.85,2443.42,2105.68
LD00010785,2992.56,1821.41,2088.24
LD00010786,2478.69,2092.95,2612.55
LD00010787,2908.33,1751.89,1405.71
LD00010788,2142.88,2092.18,1929.66
LD00010789,2585.72,1659.64,2564.94
LD00010790,2375.56,1420.25,1831.94
LD00010791,2392.38,2295.21,2623.5
LD00010792,1726.02,1637.52,2174.98
LD00010793,2541.97,2064.22,1792.01
LD00010794,2872.78,1712.28,2685.95
LD00010795,2544.68,2287.46,1557.69
LD00010796,2969.88,1311.39,1866.35
LD00010797,2246.13,1831.84,1898.79
LD00010798,2448.01,1246.78,2392.64
LD00010799,2948.72,2131.93,2481.5
LD00010800,1864.09,1439.62,2409.61
LD00010801,2476.62,2384.03,1791.18
LD00010802,2159.1,1267.48,2109.64
LD00010803,2553.96,1264.0,2694.31
LD00010804,2916.66,1401.92,1952.19
LD00010805,2959.48,2255.43,2119.54
LD00010806,2858.07,1764.9,2315.79
LD00010807,2743.85,1537.12,2717.9
LD00010808,2279.76,2189.09,2473.01
LD00010809,2053.72,1444.43,2326.38
LD00010810,2362.39,2244.37,2629.1
LD00010811,2407.49,1639.21,2439.71
LD00010812,2401.93,1858.94,2373.08
LD00010813,1683.07,1526.3,2662.38
LD00010814,1903.23,2365.66,1410.15
LD00010815,2497.7,1360.47,2500.74
LD00010816,2992.12,1567.58,1555.13
LD00010817,1813.31,1214.08,1999.65
LD00010818,1802.63,2154.75,1869.93
LD00010819,2605.3,1721.75,2519.83
LD00010820,1700.6,1893.71,2462.35
LD00010821,2194.1,1434.33,1472.43
LD00010822,1953.89,1856.68,1852.39
LD00010823,2427.99,1731.52,1434.81
LD00010824,2197.21,1324.42,1667.27
LD00010825,2490.88,2177.51,2444.41
LD00010826,2651.89,1735.27,2015.93
LD00010827,1765.9,2190.89,1559.3
LD00010828,2229.26,1881.86,2394.26
LD00010829,1557.13,2009.13,2494.62
LD00010830,2682.61,1314.2,1495.71
LD00010831,2374.89,1939.48,2167.26
LD00010832,2347.12,1878.05,2161.44
LD00010833,2579.63,2153.73,2177.2
LD00010834,2419.13,1578.15,1800.03
LD00010835,1594.38,1240.47,1911.52
LD00010836,2278.96,2052.75,2549.47
LD00010837,2298.31,2399.22,2090.44
LD00010838,1995.7,2305.69,1816.68
LD00010839,1884.13,2496.8,2231.0
LD00010840,2081.62,1748.36,1568.42
LD00010841,1572.57,2042.17,1579.28
LD00010842,1969.3,1940.79,2213.48
LD00010843,2406.11,1687.12,2091.21
LD00010844,2092.83,2364.53,2692.19
LD00010845,2612.07,2106.83,2125.66
LD00010846,1930.68,1767.76,2409.59
LD00010847,2149.66,2496.51,2669.1
LD00010848,2405.48,2342.53,2753.8
LD00010849,2477.37,1667.36,2722.86
LD00010850,2934.99,1778.64,1966.59
LD00010851,2171.63,1263.93,2159.28
LD00010852,2329.52,1769.86,2026.18
LD00010853,2771.01,1779.74,1443.32
LD00010854,2860.56,2289.33,2321.32
LD00010855,2849.47,1364.4,2303.28
LD00010856,2618.2,2183.48,1566.9
LD00010857,1622.63,1852.31,1413.02
LD00010858,1793.23,1328.27,2303.93
LD00010859,2763.22,2261.16,2407.84
LD00010860,1687.03,2304.11,2792.31
LD00010861,2738.06,2403.09,2080.05
LD00010862,1575.75,1866.18,2260.83
LD00010863,2774.38,2113.12,2429.89
LD00010864,2484.17,1477.24,1651.06
LD00010865,2873.31,2155.17,2002.48
LD00010866,2535.29,1310.8,2608.26
LD00010867,2974.94,2066.07,2432.79
LD00010868,1850.66,1858.89,1905.32
LD00010869,2159.73,1292.88,1854.89
LD00010870,2033.56,2407.25,2530.62
LD00010871,2004.3,1546.3,2150.08
LD00010872,1937.15,2365.17,2121.31
LD00010873,1501.87,1457.8,1450.33
LD00010874,2087.48,1254.8,2722.54
LD00010875,2434.47,2358.91,2436.22
LD00010876,1609.9,1370.53,2184.2
LD00010877,2028.82,1999.64,2487.85
LD00010878,1684.88,1457.96,2149.25
LD00010879,2380.68,1479.84,2453.09
LD00010880,2211.88,1207.09,2520.1
LD00010881,2538.42,1922.99,2471.73
LD00010882,2303.56,1504.73,1598.7
LD00010883,1998.25,1304.58,2736.23
LD00010884,1516.75,2077.29,1716.51
LD00010885,2513.48,1739.52,2629.9
LD00010886,2130.59,2243.25,1792.47
LD00010887,2006.72,1216.33,1531.75
LD00010888,2089.6,1251.66,2761.26
LD00010889,2364.22,2358.48,2616.66
LD00010890,2941.54,1800.18,2337.7
LD00010891,2241.0,2236.42,2725.07
LD00010892,2479.78,1856.87,1407.44
LD00010893,1827.95,1388.34,2350.48
LD00010894,2700.97,1701.59,2534.83
LD00010895,1735.95,1598.32,1464.82
LD00010896,1960.56,2471.58,1836.97
LD00010897,1871.85,2030.6,2564.39
LD00010898,2765.12,2294.14,1736.59
LD00010899,2196.31,1588.61,2721.73
LD00010900,2565.15,2341.49,2502.95
LD00010901,1867.91,2110.61,1407.02
LD00010902,2338.01,1935.86,2154.43
LD00010903,2244.5,2225.1,2081.76
LD00010904,2875.36,2307.9,2596.45
LD00010905,2177.6,2002.83,2119.21
LD00010906,2317.39,1654.97,2354.55
LD00010907,1570.5,2493.53,1828.9
LD00010908,1971.23,1215.76,2026.14
LD00010909,1958.9,2348.4,2526.35
LD00010910,1883.53,1512.33,1843.83
LD00010911,1731.83,1967.11,1791.14
LD00010912,2431.77,2402.81,1500.39
LD00010913,2080.21,2264.27,1468.39
LD00010914,1556.27,2106.06,2581.63
LD00010915,2076.34,1884.56,2414.66
LD00010916,2010.15,1814.32,1540.81
LD00010917,1953.8,1998.65,1465.79
LD00010918,2893.3,1454.37,2227.28
LD00010919,1658.09,1466.96,1646.16
LD00010920,2681.44,1915.97,2285.99
LD00010921,2982.84,1843.98,2732.17
LD00010922,1551.36,2249.32,2534.26
LD00010923,1707.77,2448.71,1478.32
LD00010924,2328.58,1713.98,2355.51
LD00010925,2702.14,1686.46,2688.58
LD00010926,1966.25,2003.36,1613.06
LD00010927,2667.68,1881.76,1589.85
LD00010928,1658.97,1594.82,1538.23
LD00010929,1535.86,2039.69,2701.73
LD00010930,2518.2,2093.17,2153.32
LD00010931,1794.53,1989.87,1481.96
LD00010932,2683.38,1499.37,2004.67
LD00010933,2577.03,1713.09,1668.75
LD00010934,2705.52,1764.1,2337.29
LD00010935,1846.4,2161.91,2706.53
LD00010936,1690.23,2063.57,1650.04
LD00010937,1870.24,1410.89,1599.88
LD00010938,1850.57,1629.63,2312.87
LD00010939,2645.45,1542.23,1873.9
LD00010940,1763.86,2389.72,1537.09
LD00010941,2642.15,2057.79,1775.57
LD00010942,2488.26,1828.92,1717.25
LD00010943,2882.22,2412.86,2726.53
LD00010944,1615.4,1384.33,1613.12
LD00010945,2050.05,1734.47,2738.73
LD00010946,2423.47,1704.62,2173.35
LD00010947,1771.6,1525.89,2733.69
LD00010948,2176.92,2257.74,2658.31
LD00010949,1540.86,1751.16,2732.9
LD00010950,1981.28,1562.27,2154.65
LD00010951,1758.81,2486.58,2307.38
LD00010952,2101.77,1364.56,1866.34
LD00010953,1825.31,2118.24,2118.8
LD00010954,1776.52,1561.19,2018.06
LD00010955,1565.29,2273.72,2505.59
LD00010956,1936.32,2229.93,2489.3
LD00010957,2091.66,2037.84,2638.28
LD00010958,2378.69,1333.43,2387.67
LD00010959,2751.91,2479.74,2266.72
LD00010960,1553.74,2252.19,2709.27
LD00010961,2592.23,1508.31,2165.13
LD00010962,1883.32,1519.67,2067.8
LD00010963,2703.79,2260.64,1668.08
LD00010964,2913.05,1877.93,1835.33
LD00010965,1578.14,1666.9,2417.12
LD00010966,2925.08,2364.28,2339.32
LD00010967,1790.6,1750.71,2142.71
LD00010968,2308.69,2339.48,1582.94
LD00010969,2311.75,1477.56,2180.39
LD00010970,2869.41,1776.29,1416.16
LD00010971,2851.48,2238.85,2625.99
LD00010972,1761.57,2020.49,2049.91
LD00010973,1620.68,1429.88,2152.0
LD00010974,2808.79,1708.44,2651.27
LD00010975,2183.98,1347.96,2281.68
LD00010976,2584.64,1552.85,1915.01
LD00010977,2388.05,1553.41,2106.29
LD00010978,2776.61,1684.07,2740.57
LD00010979,2570.28,1333.17,1683.14
LD00010980,1721.02,1309.72,1747.9
LD00010981,2237.0,1456.35,2212.88
LD00010982,2440.94,1614.15,2172.39
LD00010983,1691.54,1748.72,2120.11
LD00010984,2509.59,1410.62,2649.24
LD00010985,2761.52,1870.67,2619.61
LD00010986,2642.95,2448.06,2646.64
LD00010987,1789.76,1527.48,1948.26
LD00010988,1664.54,1807.7,2097.89
LD00010989,2438.78,2179.79,2395.03
LD00010990,2315.92,1474.55,2532.02
LD00010991,2660.88,1792.65,1975.87
LD00010992,2444.29,1747.4,2062.29
LD00010993,1757.98,1780.46,2025.83
LD00010994,2292.75,2039.04,1579.72
LD00010995,2326.21,1647.16,2298.16
LD00010996,2219.62,2442.56,2406.11
LD00010997,1570.22,1781.09,2612.2
LD00010998,1680.53,1853.28,2552.09
LD00010999,2411.16,2095.8,2744.25
LD00011000,2019.02,1702.5,2077.02
LD00011001,1578.09,1283.17,1957.04
LD00011002,1669.11,1474.04,1737.28
LD00011003,2251.81,1925.07,1594.64
LD00011004,2368.58,2254.88,2503.76
LD00011005,1888.44,2378.0,2414.44
LD00011006,2819.51,2194.06,2517.57
LD00011007,1601.96,2381.47,1922.93
LD00011008,2810.88,1209.78,2756.09
LD00011009,2458.48,1739.78,1543.39
LD00011010,2486.45,1423.29,2156.97
LD00011011,1692.66,1792.3,2444.84
LD00011012,2022.73,2319.75,2792.66
LD00011013,2683.7,1843.67,1535.76
LD00011014,2493.8,1270.53,2438.46
LD00011015,2659.1,1435.86,1909.31
LD00011016,2256.47,1833.88,1681.5
LD00011017,2315.74,1416.0,2244.55
LD00011018,2848.7,2344.03,1843.56
LD00011019,2541.97,1358.57,2752.92
LD00011020,2011.64,2215.88,2063.61
LD00011021,2373.62,2008.47,1520.24
LD00011022,2376.98,2157.12,1435.58
LD00011023,1792.77,1409.54,1498.86
LD00011024,1610.45,2408.88,2506.62
LD00011025,2424.03,2010.21,2397.34
LD00011026,2179.87,1634.42,2443.73
LD00011027,1993.1,2413.02,1469.63
LD00011028,2634.39,1796.96,2668.72
LD00011029,2880.27,1550.53,2487.71
LD00011030,2176.84,2459.27,2104.02
LD00011031,2455.54,2118.84,2680.6
LD00011032,2854.4,2027.8,1951.21
LD00011033,1608.91,2192.03,2587.94
LD00011034,2821.86,2360.66,1623.97
LD00011035,2753.64,1659.87,2551.51
LD00011036,1704.54,2203.12,2112.37
LD00011037,1583.09,1455.26,1751.96
LD00011038,2361.52,2402.19,2664.49
LD00011039,2152.23,1235.54,1677.69
LD00011040,1626.64,2256.89,1724.21
LD00011041,2769.45,2062.85,2244.71
LD00011042,1699.85,1718.12,1601.06
LD00011043,2346.14,2196.87,1619.85
LD00011044,2354.3,1950.76,1752.84
LD00011045,1818.73,1691.41,2258.93
LD00011046,2950.3,2292.17,1924.81
LD00011047,2924.83,2309.25,1640.26
LD00011048,1743.71,1301.89,1512.37
LD00011049,1619.0,1727.51,2416.11
LD00011050,2739.78,1428.57,1719.95
LD00011051,2110.45,2338.94,2586.48
LD00011052,2303.69,2434.69,1737.11
LD00011053,2818.22,1897.71,2723.75
LD00011054,2414.31,1472.73,1595.68
LD00011055,2365.21,1260.01,1475.21
LD00011056,2410.48,1970.15,1604.7
LD00011057,2228.11,2219.96,1435.94
LD00011058,2319.79,1274.89,1501.31
LD00011059,1553.93,2156.46,2348.57
LD00011060,2896.26,1383.97,1466.53
LD00011061,2040.28,2360.11,2392.0
LD00011062,2213.84,1500.04,2070.21
LD00011063,2169.75,1816.47,2523.14
LD00011064,2565.59,1458.66,1960.17
LD00011065,2017.66,1773.75,1956.2
LD00011066,2442.19,2067.73,2097.74
LD00011067,1962.83,1820.86,2324.18
LD00011068,1723.4,2248.83,2339.82
LD00011069,2007.77,1971.93,1838.67
LD00011070,2542.46,1494.37,1476.44
LD00011071,2216.72,2387.97,1690.9
LD00011072,2473.57,2423.54,1416.86
LD00011073,1565.48,1713.39,1795.3
LD00011074,2651.59,1806.23,2147.7
LD00011075,1724.91,1281.36,2638.08
LD00011076,1863.93,1355.27,2680.12
LD00011077,1583.86,1277.03,2125.75
LD00011078,1831.28,2447.74,1499.7
LD00011079,1510.95,2116.88,2684.33
LD00011080,2036.05,1835.41,1969.72
LD00011081,2384.16,2437.0,2489.86
LD00011082,2920.32,1273.43,2666.19
LD00011083,2156.79,2203.47,1869.35
LD00011084,1555.83,2287.68,1425.2
LD00011085,1809.8,1791.75,2509.84
LD00011086,1577.57,1337.45,2030.95
LD00011087,1683.99,1745.59,2292.24
LD00011088,1611.34,2416.22,2273.4
LD00011089,2228.55,2018.37,2620.16
LD00011090,2621.86,2424.5,2519.04
LD00011091,2616.33,1430.66,2697.97
LD00011092,1574.92,1590.16,1489.58
LD00011093,1708.33,2102.8,1448.82
LD00011094,1709.65,1929.76,2137.91
LD00011095,2069.91,2478.04,2625.42
LD00011096,2137.96,2112.3,2569.61
LD00011097,1807.93,2444.3,1538.62
LD00011098,2843.7,1428.8,1995.77
LD00011099,1653.05,1743.41,2158.3
LD00011100,2252.37,2220.4,1408.17
LD00011101,1541.08,1436.13,2581.92
LD00011102,1994.76,1394.21,1909.53
LD00011103,2540.06,2098.4,1932.44
LD00011104,2011.95,1278.22,1433.45
LD00011105,2838.12,2433.15,1957.36
LD00011106,2415.13,2292.38,2314.23
LD00011107,2570.95,1368.34,1588.43
LD00011108,1756.61,1815.62,2539.78
LD00011109,2664.67,2276.56,1972.36
LD00011110,1638.79,1752.63,2044.52
LD00011111,1996.11,2142.43,1582.64
LD00011112,1968.62,1607.24,2486.95
LD00011113,1756.26,1296.4,2307.81
LD00011114,1528.04,1424.79,1530.0
LD00011115,2681.42,2482.48,2152.67
LD00011116,2332.22,2069.26,2516.24
LD00011117,1722.17,2098.17,1472.95
LD00011118,2214.28,1292.13,2604.4
LD00011119,2583.55,1341.18,2135.75
LD00011120,2388.55,2169.84,2519.38
LD00011121,2198.11,2123.37,2737.9
LD00011122,2250.58,1867.55,2100.39
LD00011123,2898.51,2086.3,1833.55
LD00011124,1628.15,1693.34,1896.38
LD00011125,2452.29,1976.23,2036.74
LD00011126,2126.54,1781.05,2676.84
LD00011127,2287.69,1804.15,2195.56
LD00011128,2648.23,1520.5,1539.89
LD00011129,1508.01,2395.12,1472.97
LD00011130,2334.99,2221.09,1808.4
LD00011131,1830.3,1711.12,1734.2
LD00011132,2171.45,1419.6,2047.7
LD00011133,2656.72,2229.87,2638.08
LD00011134,2886.87,1522.08,2278.28
LD00011135,2725.18,1757.1,1440.63
LD00011136,2963.85,1993.45,2718.73
LD00011137,2117.2,1370.35,2062.25
LD00011138,2438.09,1684.5,2019.15
LD00011139,1863.1,1525.06,2372.96
LD00011140,1937.11,1369.92,2066.43
LD00011141,2386.4,1776.56,2369.32
LD00011142,2274.44,1524.9,1665.78
LD00011143,1901.13,1923.41,1675.74
LD00011144,2260.09,1960.07,2348.13
LD00011145,2394.65,1565.98,2548.21
LD00011146,2155.92,1876.31,1750.95
LD00011147,2909.12,1683.62,2233.12
LD00011148,2111.03,1351.94,2236.7
LD00011149,2432.53,1512.65,2417.02
LD00011150,2143.2,2464.28,1632.36
LD00011151,2532.12,1780.26,2500.92
LD00011152,2011.76,1509.24,2416.91
LD00011153,1978.15,1710.97,2268.37
LD00011154,2174.75,1559.96,1449.31
LD00011155,1972.82,1431.01,2082.96
LD00011156,2986.89,1393.51,2028.81
LD00011157,2149.15,2266.03,2234.76
LD00011158,2541.64,1934.56,2434.07
LD00011159,1757.68,2309.28,2423.75
LD00011160,1738.19,2340.51,1920.0
LD00011161,2687.83,1463.58,2075.08
LD00011162,2920.91,1896.08,1593.64
LD00011163,2096.76,1881.03,2191.06
LD00011164,2551.81,1305.97,2624.0
LD00011165,2549.28,1206.06,1688.11
LD00011166,2718.9,2340.15,1618.74
LD00011167,2590.06,1482.02,2102.36
LD00011168,2667.76,1837.08,1762.17
LD00011169,1651.29,1413.16,2277.07
LD00011170,2871.04,1812.3,2640.47
LD00011171,2023.6,1494.48,1801.23
LD00011172,2184.72,2153.7,2047.96
LD00011173,2352.93,1377.91,2532.34
LD00011174,2371.81,1336.74,2709.38
LD00011175,2630.81,1979.89,1747.29
LD00011176,2967.34,1886.1,2490.38
LD00011177,1522.47,1557.64,1740.64
LD00011178,2850.12,2423.37,2431.96
LD00011179,1900.16,2404.6,1899.88
LD00011180,1947.08,1498.93,2385.89
LD00011181,2889.89,1749.55,2555.94
LD00011182,2965.81,1487.28,1873.68
LD00011183,2415.44,1742.8,1841.72
LD00011184,2410.56,1702.01,2626.97
LD00011185,2532.98,1890.75,2289.27
LD00011186,1653.8,1766.89,2375.29
LD00011187,2507.65,1454.26,2043.06
LD00011188,2889.9,2015.96,2355.6
LD00011189,2274.26,2424.68,2264.93
LD00011190,1751.72,1385.85,1728.34
LD00011191,1861.14,1818.86,1785.97
LD00011192,2675.8,1966.18,1603.38
LD00011193,1866.72,1304.97,1463.69
LD00011194,2105.28,2240.82,2366.72
LD00011195,2676.13,1715.29,2145.35
LD00011196,2589.94,2364.57,2457.45
LD00011197,2344.37,2207.2,2140.55
LD00011198,1717.71,1426.85,2061.31
LD00011199,2802.16,1763.27,1793.64
LD00011200,2777.76,2300.67,1768.84
LD00011201,1846.87,1620.87,1670.35
LD00011202,2794.87,2353.37,1959.18
LD00011203,2878.26,1563.96,1960.51
LD00011204,2811.97,2072.49,2077.21
LD00011205,2222.76,1883.92,2506.18
LD00011206,2787.27,1618.68,2642.66
LD00011207,2711.3,2393.04,2344.85
LD00011208,1518.17,2436.24,2346.56
LD00011209,2880.44,1867.02,1529.35
LD00011210,2692.89,1691.12,1673.11
LD00011211,1983.72,2093.78,1487.45
LD00011212,1994.23,1639.94,1937.39
LD00011213,2731.46,2146.45,2320.08
LD00011214,1861.28,2445.58,1694.92
LD00011215,1506.89,2122.59,2504.4
LD00011216,2067.05,1295.16,2501.17
LD00011217,1555.34,1733.91,1560.49
LD00011218,2999.85,2256.83,2587.21
LD00011219,2020.21,1860.57,1725.4
LD00011220,2481.52,1823.09,2250.21
LD00011221,2156.03,2163.35,2256.93
LD00011222,2956.61,2467.07,2021.15
LD00011223,2906.5,1215.91,2094.83
LD00011224,1967.43,1231.87,2634.9
LD00011225,2894.35,2252.9,1563.06
LD00011226,2975.25,2070.27,1651.37
LD00011227,1767.3,1846.53,1534.88
LD00011228,1998.1,1435.95,2715.7
LD00011229,1835.28,2283.26,2113.72
LD00011230,2713.83,2037.92,2168.84
LD00011231,1819.2,2277.45,2083.19
LD00011232,2758.76,2140.62,2163.59
LD00011233,2685.69,2399.84,1855.4
LD00011234,1729.58,1864.53,2254.45
LD00011235,1720.37,1530.41,1648.24
LD00011236,2301.04,1625.82,2257.87
LD00011237,2249.41,1463.67,2250.19
LD00011238,2292.52,2352.5,2690.23
LD00011239,2479.02,1290.47,2273.27
LD00011240,2813.02,1329.85,1620.81
LD00011241,1682.86,1978.46,1720.07
LD00011242,1702.77,2426.94,1549.02
LD00011243,2032.13,1611.92,2282.45
LD00011244,1621.67,1934.75,2210.6
LD00011245,1539.87,2219.42,2268.24
LD00011246,1648.27,1928.19,2093.89
LD00011247,2040.71,2287.72,2434.09
LD00011248,1550.92,1455.36,1730.04
LD00011249,1550.34,1423.79,2461.9
LD00011250,2140.82,1718.34,1791.9
LD00011251,2239.2,1369.84,1787.81
LD00011252,2045.13,2424.69,1465.76
LD00011253,2639.92,1446.35,2281.21
LD00011254,2187.09,1887.53,2585.63
LD00011255,2736.04,1864.04,2218.41
LD00011256,2958.58,1998.01,1724.59
LD00011257,1736.69,1651.63,1400.91
LD00011258,1855.98,1343.25,1509.07
LD00011259,1931.56,1494.44,2081.88
LD00011260,1691.22,1234.82,2683.43
LD00011261,2290.37,1755.66,1448.66
LD00011262,2908.91,1849.61,2525.33
LD00011263,2642.17,1989.04,2538.08
LD00011264,1626.38,1952.02,2578.28
LD00011265,2470.05,1536.52,2230.95
LD00011266,2320.77,2054.6,1618.67
LD00011267,2904.03,2344.82,1632.07
LD00011268,2221.84,1282.89,1676.13
LD00011269,2185.19,2316.23,1977.93
LD00011270,2061.81,2224.67,1784.33
LD00011271,2321.64,1989.03,1806.63
LD00011272,1927.03,1680.75,1545.55
LD00011273,2420.24,1354.9,2591.76
LD00011274,1768.02,1484.97,2780.26
LD00011275,1527.08,1448.9,1891.59
LD00011276,1841.99,1207.22,2481.64
LD00011277,2664.34,2165.61,1934.45
LD00011278,2408.76,1822.63,2413.8
LD00011279,1841.27,1742.23,2598.88
LD00011280,2356.1,1377.99,2302.53
LD00011281,1923.07,1507.65,1648.82
LD00011282,2041.58,1360.45,2427.84
LD00011283,1735.02,1632.32,2225.57
LD00011284,1612.48,2257.11,1769.06
LD00011285,1595.61,1714.76,1963.24
LD00011286,1520.01,2056.57,2291.95
LD00011287,2427.28,2234.93,2590.81
LD00011288,1903.53,1358.84,2186.99
LD00011289,1727.63,1768.33,2677.67
LD00011290,1694.77,1358.66,2058.53
LD00011291,2349.65,2124.94,2022.77
LD00011292,1735.32,2419.5,1520.86
LD00011293,2164.7,2459.15,2410.11
LD00011294,2703.29,2124.77,1971.87
LD00011295,2115.65,2039.16,2438.12
LD00011296,1535.2,1694.85,1584.32
LD00011297,1698.98,2202.22,1610.45
LD00011298,2095.68,2480.78,2124.3
LD00011299,1675.59,2071.36,2004.2
LD00011300,2610.46,1455.65,2710.03
LD00011301,2307.35,1547.27,2339.97
LD00011302,2667.84,2166.92,2498.21
LD00011303,1961.92,1523.94,2292.34
LD00011304,1759.1,1735.87,2624.82
LD00011305,2624.4,1295.01,1428.09
LD00011306,2355.4,2207.46,2179.54
LD00011307,1679.97,1414.1,2721.98
LD00011308,2752.99,2299.92,2407.79
LD00011309,2338.72,2097.38,1890.55
LD00011310,1672.78,2094.03,2532.41
LD00011311,2688.78,2175.66,1753.19
LD00011312,2439.82,1373.08,2679.51
LD00011313,1791.26,1301.7,2485.28
LD00011314,1544.04,2481.1,1424.17
LD00011315,2370.79,1808.84,1749.6
LD00011316,1807.02,1852.62,2162.82
LD00011317,2297.96,1507.1,2603.06
LD00011318,1650.6,2244.14,2744.77
LD00011319,1767.74,2456.91,2129.6
LD00011320,2118.75,2119.38,2302.64
LD00011321,2772.52,1767.06,1447.67
LD00011322,2110.31,2382.04,2275.35
LD00011323,1683.91,1837.09,2389.24
LD00011324,2410.3,1854.56,2749.15
LD00011325,1617.32,1784.67,2613.28
LD00011326,2590.17,1793.38,2406.68
LD00011327,2842.96,1518.39,1689.11
LD00011328,1759.5,2281.59,2415.25
LD00011329,1821.6,1238.94,2515.83
LD00011330,2118.64,1924.81,2548.08
LD00011331,2175.7,2294.5,1839.77
LD00011332,1866.39,1985.98,1576.97
LD00011333,2607.31,1205.5,2524.25
LD00011334,1927.69,2291.82,2514.62
LD00011335,2114.34,1246.24,2741.75
LD00011336,2327.82,1610.43,1855.71
LD00011337,2444.24,1940.22,1870.64
LD00011338,1874.37,2462.93,2475.08
LD00011339,2247.99,1410.36,1879.47
LD00011340,2971.06,2437.07,2452.7
LD00011341,2181.54,2011.24,2207.96
LD00011342,2205.81,1944.98,2016.1
LD00011343,1735.3,1320.62,2743.08
LD00011344,2077.72,2379.13,1764.03
LD00011345,2654.28,1327.59,2559.11
LD00011346,2192.5,2013.31,1832.38
LD00011347,2695.37,2344.12,2671.83
LD00011348,2340.92,2300.28,1569.96
LD00011349,2374.5,1642.06,2536.28
LD00011350,2104.63,1665.85,1555.0
LD00011351,1929.93,1829.16,2567.35
LD00011352,2581.51,2295.34,2710.2
LD00011353,1953.64,1471.92,1708.71
LD00011354,2523.96,1816.05,1577.27
LD00011355,2143.78,1837.72,1622.66
LD00011356,1714.04,2159.22,1429.53
LD00011357,2350.03,1769.74,2047.06
LD00011358,1766.06,1393.72,2115.48
LD00011359,2123.82,1825.13,1672.02
LD00011360,1743.76,1715.11,1671.79
LD00011361,2534.34,2436.06,2345.89
LD00011362,2323.36,1673.85,1520.27
LD00011363,2978.93,2091.96,2530.51
LD00011364,1566.76,2015.1,2242.86
LD00011365,2174.88,1379.2,2171.68
LD00011366,2225.76,1402.9,2536.9
LD00011367,2105.37,2349.17,2547.76
LD00011368,2978.99,1882.27,2076.66
LD00011369,1722.82,1282.97,1536.09
LD00011370,1513.24,2047.03,2327.09
LD00011371,2142.29,1294.43,2358.54
LD00011372,1981.52,2217.9,1470.79
LD00011373,1776.84,2430.69,1852.2
LD00011374,2212.71,1608.65,2424.12
LD00011375,2304.39,1773.64,2424.38
LD00011376,1503.56,1721.95,1656.73
LD00011377,1799.98,1390.99,1421.09
LD00011378,2063.54,1663.97,1694.57
LD00011379,1622.0,1713.29,1819.35
LD00011380,1688.47,2283.96,2396.47
LD00011381,2457.12,2121.35,1772.77
LD00011382,1774.4,1204.39,2332.24
LD00011383,2402.74,2246.88,1420.74
LD00011384,1641.42,1595.2,1661.37
LD00011385,2019.33,1241.48,1683.44
LD00011386,2472.06,1325.82,2397.24
LD00011387,2036.96,2266.11,1899.28
LD00011388,1816.0,1509.66,2702.37
LD00011389,2650.74,2003.98,1699.15
LD00011390,1596.15,1497.17,2153.11
LD00011391,2268.51,1763.03,2053.78
LD00011392,1700.35,2298.88,2756.82
LD00011393,2293.13,1821.97,1972.7
LD00011394,2178.33,1853.42,2162.09
LD00011395,2308.48,1346.43,2530.05
LD00011396,2377.64,1576.53,2032.14
LD00011397,2799.29,1833.81,1780.19
LD00011398,2940.46,1402.27,1785.58
LD00011399,2579.86,1872.63,2632.42
LD00011400,1937.7,2245.31,2381.64
LD00011401,2782.23,1948.23,1553.82
LD00011402,2596.73,2216.66,2487.61
LD00011403,2326.79,2016.01,1936.71
LD00011404,2554.89,2396.31,2104.16
LD00011405,1680.87,2163.77,2301.74
LD00011406,1697.56,1769.98,1469.52
LD00011407,2543.69,1888.38,2109.08
LD00011408,2332.61,1259.88,2605.6
LD00011409,2122.0,1631.72,2316.91
LD00011410,2600.36,1739.85,2220.51
LD00011411,1718.4,1660.63,1639.28
LD00011412,2403.01,2237.7,2443.82
LD00011413,1758.8,1754.32,2754.05
LD00011414,2281.26,1873.31,1697.91
LD00011415,2347.65,2001.69,2634.5
LD00011416,2596.36,1298.78,2223.49
LD00011417,2288.18,2003.59,1487.82
LD00011418,2290.0,1412.49,1483.18
LD00011419,1781.9,1569.2,2539.97
LD00011420,2772.67,1881.81,1574.1
LD00011421,1718.61,2168.39,2394.96
LD00011422,2063.07,2327.42,2105.43
LD00011423,2527.96,1980.76,2063.67
LD00011424,1539.58,1958.65,2771.49
LD00011425,2385.46,2408.09,1517.83
LD00011426,2246.53,1939.3,1758.1
LD00011427,1552.24,2122.19,2791.88
LD00011428,2959.01,2209.68,2128.03
LD00011429,2434.79,1230.47,1745.9
LD00011430,1573.44,1419.3,2119.3
LD00011431,1813.66,1684.27,2584.13
LD00011432,1556.88,2071.79,1934.71
LD00011433,2624.23,2355.6,2706.65
LD00011434,1574.6,1560.45,2274.36
LD00011435,2530.26,1584.41,1923.86
LD00011436,2546.98,2370.46,2514.71
LD00011437,2384.42,2337.77,1441.32
LD00011438,2299.09,1317.0,2484.74
LD00011439,2359.15,1256.22,2434.42
LD00011440,2868.56,2218.73,2268.24
LD00011441,2050.42,1971.86,2091.7
LD00011442,2537.46,2469.34,2195.35
LD00011443,2828.31,2107.05,2179.81
LD00011444,2996.03,2225.43,1671.27
LD00011445,2890.38,1682.13,2365.83
LD00011446,2152.15,1236.69,1603.36
LD00011447,2366.83,1754.11,2690.38
LD00011448,1573.37,1492.33,1958.94
LD00011449,2865.57,2237.42,2185.34
LD00011450,2399.43,1264.38,2354.74
LD00011451,2077.75,1849.29,1785.1
LD00011452,2749.08,1680.74,1483.35
LD00011453,2861.28,1430.06,2497.98
LD00011454,2039.46,2072.57,2369.24
LD00011455,2520.97,2238.09,2757.31
LD00011456,2802.41,2474.42,2416.71
LD00011457,2595.45,1291.02,2240.04
LD00011458,2180.7,1901.26,2677.81
LD00011459,1681.9,1673.73,2008.05
LD00011460,2341.59,1954.92,2449.87
LD00011461,2092.37,2075.19,2517.45
LD00011462,1766.02,1675.42,2721.76
LD00011463,1861.61,1885.55,2010.43
LD00011464,2029.54,1332.29,1960.28
LD00011465,1512.24,2130.82,2783.37
LD00011466,2471.11,1596.64,2472.51
LD00011467,1525.86,1398.37,2345.6
LD00011468,1602.28,1756.08,2580.12
LD00011469,2018.25,2194.28,2525.28
LD00011470,2942.41,1735.01,1629.02
LD00011471,2102.82,2448.0,1982.29
LD00011472,2469.06,1825.89,1888.23
LD00011473,1862.54,1966.24,1446.52
LD00011474,2834.08,1866.45,1723.03
LD00011475,1755.87,1283.71,1445.08
LD00011476,2491.27,1650.49,2610.16
LD00011477,2364.62,2491.35,2796.99
LD00011478,2207.52,1415.32,1593.08
LD00011479,1858.58,2256.97,1837.36
LD00011480,2116.7,2287.57,2789.8
LD00011481,2199.6,1284.84,2088.91
LD00011482,2624.42,1895.91,2412.11
LD00011483,1721.11,1869.16,2763.1
LD00011484,2651.01,1548.79,2362.62
LD00011485,2856.78,1605.97,1871.02
LD00011486,1802.68,2351.99,1414.66
LD00011487,2518.77,2110.0,1507.12
LD00011488,1812.31,1908.86,2374.57
LD00011489,2846.19,2147.4,1769.6
LD00011490,1598.98,2034.4,2654.76
LD00011491,2294.18,1791.35,2645.09
LD00011492,1771.07,1873.04,1781.91
LD00011493,2803.84,2312.66,2390.29
LD00011494,2096.0,1608.24,2790.57
LD00011495,1947.04,2307.36,1507.54
LD00011496,2668.51,1899.93,1733.36
LD00011497,2560.75,2376.59,2162.34
LD00011498,2567.02,1726.55,1566.32
LD00011499,2296.69,2137.02,2043.76
LD00011500,2329.33,1505.86,2549.42
LD00011501,1824.54,1632.59,1902.21
LD00011502,2829.41,2142.06,1612.39
LD00011503,2942.84,2002.29,2435.19
LD00011504,2044.77,1892.43,2038.95
LD00011505,2587.24,1380.2,2624.34
LD00011506,1998.6,1492.72,1480.27
LD00011507,2263.24,2257.95,1652.43
LD00011508,1786.2,1479.56,1852.82
LD00011509,1944.71,2151.54,2723.67
LD00011510,2621.16,1532.65,1456.1
LD00011511,2687.1,1327.81,2520.89
LD00011512,1600.08,2276.7,1977.06
LD00011513,1780.69,2117.17,1863.59
LD00011514,2153.1,2035.25,1442.85
LD00011515,2044.87,2467.48,1499.0
LD00011516,1559.62,2364.49,2444.54
LD00011517,2811.45,1802.09,2350.42
LD00011518,2106.51,1829.84,1642.83
LD00011519,2813.77,2403.14,1826.0
LD00011520,1647.79,1791.05,2622.97
LD00011521,2611.81,1450.8,1733.9
LD00011522,2318.61,2466.7,2209.56
LD00011523,2601.71,1701.57,2018.45
LD00011524,2926.82,1663.44,1449.21
LD00011525,2090.84,1452.01,2127.91
LD00011526,2312.54,2137.97,2540.4
LD00011527,2296.75,1290.13,1985.18
LD00011528,1710.87,1728.58,1745.66
LD00011529,2116.61,1911.26,2511.05
LD00011530,2940.62,1266.18,1851.78
LD00011531,1609.89,2237.18,1647.1
LD00011532,2321.6,1634.55,2060.1
LD00011533,2945.87,2125.41,2467.31
LD00011534,2719.24,2456.36,2516.57
LD00011535,1821.19,1651.66,2681.28
LD00011536,2931.29,2200.13,2443.4
LD00011537,2849.17,2472.26,2027.15
LD00011538,2381.29,1630.0,1770.49
LD00011539,2305.78,2335.42,2471.01
LD00011540,2772.13,1248.21,1813.18
LD00011541,2569.02,2447.92,2131.83
LD00011542,2330.17,2135.19,1950.64
LD00011543,2573.7,1264.96,2714.43
LD00011544,2879.43,1752.41,2691.05
LD00011545,2252.59,1315.05,2049.89
LD00011546,1974.75,1703.5,1806.47
LD00011547,2835.25,1892.56,2036.05
LD00011548,2305.98,2171.84,1886.38
LD00011549,2146.86,2439.64,2522.46
LD00011550,2360.89,2156.23,1883.62
LD00011551,2947.23,2376.7,2192.99
LD00011552,2991.97,2146.4,1430.8
LD00011553,2110.85,1852.72,2277.43
LD00011554,1599.39,1211.75,2475.25
LD00011555,2284.52,1880.77,1946.73
LD00011556,2000.18,1923.6,2035.16
LD00011557,1616.21,1674.51,1565.42
LD00011558,2656.68,1432.88,2392.08
LD00011559,1962.18,1461.12,1556.57
LD00011560,2447.53,1275.44,2753.97
LD00011561,2908.52,1466.18,2577.78
LD00011562,2270.2,1726.03,2705.64
LD00011563,1876.83,1899.91,1588.97
LD00011564,2872.79,2085.83,2435.45
LD00011565,2847.75,1348.26,2588.77
LD00011566,2588.15,2132.52,2332.69
LD00011567,2419.43,1695.49,1830.49
LD00011568,1647.93,1699.97,1985.94
LD00011569,2898.07,1586.11,1499.37
LD00011570,2237.02,1920.88,2711.1
LD00011571,1729.26,2432.3,1474.24
LD00011572,2506.58,1935.78,2794.81
LD00011573,2243.43,1559.29,1482.33
LD00011574,2550.27,2025.46,2435.86
LD00011575,2328.12,1752.92,1733.21
LD00011576,2539.69,2312.91,2451.58
LD00011577,2531.59,1950.7,2192.33
LD00011578,2659.17,1689.27,2798.76
LD00011579,2581.94,1225.28,1868.03
LD00011580,2927.05,1663.06,2273.85
LD00011581,2213.84,2305.18,2532.01
LD00011582,2925.32,1261.96,1614.3
LD00011583,1527.81,2283.42,1607.62
LD00011584,1719.56,2338.32,1850.62
LD00011585,2955.86,1238.98,1579.87
LD00011586,2993.93,1261.83,1791.2
LD00011587,1520.82,2253.81,2112.8
LD00011588,2288.71,1275.91,1423.47
LD00011589,2972.96,1928.15,2748.81
LD00011590,2221.24,1325.23,1922.99
LD00011591,2689.61,1848.39,2091.7
LD00011592,2718.63,2244.18,2293.65
LD00011593,1829.52,1253.06,2201.25
LD00011594,2166.07,1695.53,2187.89
LD00011595,2588.36,1502.45,2464.08
LD00011596,2773.44,1521.83,2561.42
LD00011597,1735.81,2186.32,2700.95
LD00011598,1821.99,1803.63,2478.87
LD00011599,1586.9,1583.12,2369.9
LD00011600,2107.75,1295.06,2309.05
LD00011601,1723.02,1742.16,2762.47
LD00011602,2102.49,1949.76,1679.17
LD00011603,2497.72,1678.38,1958.68
LD00011604,1681.34,2355.86,2626.56
LD00011605,1808.58,2472.0,1889.15
LD00011606,1997.94,2405.28,2153.26
LD00011607,1848.48,1220.74,1901.36
LD00011608,2878.52,1974.31,1471.64
LD00011609,2229.09,1414.8,2618.28
LD00011610,2290.27,1449.05,2315.8
LD00011611,2558.49,1787.02,1496.9
LD00011612,2474.97,1268.76,1990.74
LD00011613,1960.86,1901.94,2545.11
LD00011614,2920.55,2399.48,2313.42
LD00011615,2597.96,1464.16,2064.77
LD00011616,2576.72,1881.34,2583.19
LD00011617,2663.55,2493.56,1657.16
LD00011618,2858.94,1767.05,2119.89
LD00011619,2625.54,1933.23,2483.42
LD00011620,2937.37,1280.49,1472.92
LD00011621,1951.83,1887.98,2223.9
LD00011622,1824.25,1842.78,2120.95
LD00011623,1782.13,1764.73,1579.02
LD00011624,2114.09,1616.79,2536.61
LD00011625,2703.25,2074.02,1744.78
LD00011626,2673.68,2406.18,2302.39
LD00011627,2991.16,1615.05,1582.95
LD00011628,1655.06,1444.01,2188.88
LD00011629,2781.31,1962.83,2615.67
LD00011630,2314.57,2133.5,2766.47
LD00011631,2125.82,1639.93,1726.23
LD00011632,2280.94,1941.11,2474.1
LD00011633,2599.0,1579.92,2762.42
LD00011634,1503.84,1240.94,2494.56
LD00011635,2838.48,1700.62,1683.1
LD00011636,2437.74,2493.27,2072.12
LD00011637,2375.02,1459.87,2280.95
LD00011638,2876.82,2392.2,1484.03
LD00011639,2223.5,2245.47,1991.9
LD00011640,2873.32,1522.79,1416.73
LD00011641,2733.23,1789.97,1577.26
LD00011642,2374.45,1838.16,2728.11
LD00011643,1560.52,1802.55,1917.62
LD00011644,2110.13,1536.16,2533.14
LD00011645,1542.2,2417.7,2369.0
LD00011646,2994.6,1388.21,1837.77
LD00011647,1859.97,2467.02,1762.85
LD00011648,2733.19,2283.98,1431.02
LD00011649,1727.31,1598.48,1981.99
LD00011650,1723.47,1774.95,1784.29
LD00011651,2941.3,1734.38,2558.43
LD00011652,2285.92,2467.18,2277.05
LD00011653,1999.3,2376.56,2557.15
LD00011654,1952.36,1221.34,2502.65
LD00011655,2671.45,1728.82,1443.11
LD00011656,1785.79,2075.13,2508.61
LD00011657,2074.61,1443.37,2298.59
LD00011658,1851.3,2188.26,2645.24
LD00011659,2924.55,2334.37,2341.0
LD00011660,2094.64,1925.89,1823.35
LD00011661,1636.97,1893.11,2201.0
LD00011662,2027.7,1372.18,2629.61
LD00011663,1784.83,1812.68,1452.75
LD00011664,2805.48,1635.27,2662.25
LD00011665,2945.51,2192.13,1526.95
LD00011666,2567.55,1798.75,2357.15
LD00011667,2494.79,2379.34,1660.37
LD00011668,1676.96,1317.64,1750.09
LD00011669,1871.65,2277.92,2654.36
LD00011670,1697.95,2018.59,1932.68
LD00011671,2472.71,2314.74,1763.56
LD00011672,1872.2,2352.96,2471.86
LD00011673,1938.53,1208.0,1853.59
LD00011674,2352.9,2359.6,2173.86
LD00011675,2919.92,2194.04,1725.91
LD00011676,2703.09,2093.1,2501.56
LD00011677,2250.18,2238.45,2279.93
LD00011678,2141.31,2054.46,1575.15
LD00011679,2416.94,2415.82,2572.67
LD00011680,2259.98,1336.63,1584.12
LD00011681,1765.97,1650.88,2446.7
LD00011682,2501.69,1971.31,2143.26
LD00011683,1768.95,1623.75,1937.19
LD00011684,2789.8,2328.83,2266.33
LD00011685,2751.15,1767.74,2758.84
LD00011686,2527.23,1625.3,1925.34
LD00011687,2686.55,2113.83,2068.43
LD00011688,2952.26,1470.93,2687.94
LD00011689,1558.45,2336.38,1715.91
LD00011690,2399.37,1320.92,1513.06
LD00011691,2797.61,1538.52,2781.06
LD00011692,2714.0,1718.87,1754.83
LD00011693,1985.28,1538.46,2789.4
LD00011694,1714.77,2081.42,2404.51
LD00011695,2656.72,1875.88,2668.86
LD00011696,2698.77,2242.84,1931.7
LD00011697,2191.52,2393.18,2448.2
LD00011698,1792.44,2181.98,2503.34
LD00011699,1723.66,1539.84,2728.67
LD00011700,1984.72,1227.03,2410.2
LD00011701,2041.64,2339.54,2632.2
LD00011702,2627.44,1425.87,1594.12
LD00011703,1991.79,1485.37,2377.61
LD00011704,2066.17,2329.8,2144.25
LD00011705,1970.5,1572.48,2033.39
LD00011706,1977.06,1258.61,1835.74
LD00011707,2045.73,1398.56,2655.08
LD00011708,2625.94,2385.02,2682.24
LD00011709,2497.94,1531.07,2393.83
LD00011710,2809.65,1408.66,2763.36
LD00011711,2618.59,2026.85,2393.45
LD00011712,2704.5,2322.91,1979.52
LD00011713,2961.42,2015.02,1662.44
LD00011714,2658.2,1373.61,1769.72
LD00011715,2972.39,2059.38,2111.87
LD00011716,1540.43,1911.13,2211.2
LD00011717,2141.85,2066.96,2372.07
LD00011718,1849.05,1230.71,1829.6
LD00011719,2658.59,1850.14,2773.67
LD00011720,1884.03,1583.07,1893.27
LD00011721,1563.29,2226.28,2235.44
LD00011722,2310.14,2404.3,2234.58
LD00011723,2893.26,1517.65,1844.07
LD00011724,2467.49,1642.38,1979.14
LD00011725,2688.04,1645.68,2181.42
LD00011726,2662.1,1913.08,1560.08
LD00011727,2401.87,2454.13,2128.55
LD00011728,1779.97,1563.35,1918.5
LD00011729,2651.65,1416.95,1886.13
LD00011730,2687.53,1216.56,1810.61
LD00011731,2958.47,2437.76,1791.48
LD00011732,2012.96,1345.45,1684.74
LD00011733,1757.79,1700.0,2384.85
LD00011734,2350.05,1553.25,1457.57
LD00011735,2804.86,2215.87,2181.84
LD00011736,1583.29,2020.87,2028.64
LD00011737,2881.85,1615.12,1529.45
LD00011738,2082.79,2050.26,1959.5
LD00011739,2942.96,1404.31,2444.16
LD00011740,1548.77,1781.8,2007.17
LD00011741,2700.23,1549.48,2310.26
LD00011742,2577.68,2300.46,2025.95
LD00011743,1652.06,2450.87,2750.8
LD00011744,2836.37,1255.87,1605.32
LD00011745,2538.03,1822.57,2242.65
LD00011746,1976.29,2079.29,2426.62
LD00011747,2371.37,2388.92,2434.84
LD00011748,1943.31,2269.38,2778.59
LD00011749,1622.76,2126.14,2542.35
LD00011750,1739.91,1888.14,1612.2
LD00011751,2298.44,1405.89,1663.03
LD00011752,1915.56,1783.56,2799.24
LD00011753,1965.14,1726.09,2404.46
LD00011754,2998.36,2143.47,2661.19
LD00011755,2069.21,2120.0,1967.79
LD00011756,1707.2,2380.02,2489.46
LD00011757,2189.31,1811.38,2248.25
LD00011758,1651.56,1541.89,2160.8
LD00011759,1690.91,2110.35,2467.83
LD00011760,2075.85,1227.7,1804.44
LD00011761,2576.7,2118.12,2338.04
LD00011762,2410.99,1976.59,2274.34
LD00011763,2316.92,2373.54,2386.8
LD00011764,1520.44,2332.11,2012.71
LD00011765,1921.4,2319.36,1480.78
LD00011766,1756.71,2008.96,2112.28
LD00011767,2540.73,1831.09,2281.26
LD00011768,2177.36,1422.22,2355.16
LD00011769,2572.94,2433.15,1611.66
LD00011770,2866.45,1381.34,2178.62
LD00011771,2839.98,1531.36,2793.24
LD00011772,2151.25,2021.45,1855.89
LD00011773,2552.0,1601.67,2182.23
LD00011774,2476.28,2068.98,2465.78
LD00011775,2488.84,1489.49,1543.32
LD00011776,2089.66,1811.28,1689.39
LD00011777,2197.57,1902.24,1625.8
LD00011778,2258.28,2491.27,2202.16
LD00011779,2921.83,2373.26,2526.47
LD00011780,2196.6,2323.06,2551.55
LD00011781,2779.65,2017.9,1731.36
LD00011782,2105.9,1443.48,1799.27
LD00011783,2143.26,2462.7,1542.7
LD00011784,2491.93,1546.54,2349.72
LD00011785,1603.36,2471.01,2760.97
LD00011786,1657.57,2045.55,1942.0
LD00011787,2382.22,1983.59,2266.21
LD00011788,1647.85,2312.27,2664.14
LD00011789,2851.88,1826.02,2461.61
LD00011790,2578.58,1367.92,1664.96
LD00011791,1586.67,2051.63,1761.62
LD00011792,2252.34,1894.39,2493.31
LD00011793,2002.38,1355.76,1800.15
LD00011794,2086.31,1608.52,2422.22
LD00011795,2196.62,1586.6,2656.69
LD00011796,2076.96,2485.73,1777.62
LD00011797,1727.28,2051.63,1429.92
LD00011798,2645.16,1310.12,2546.15
LD00011799,2791.35,1412.98,2584.96
LD00011800,2339.09,1233.28,2441.26
LD00011801,2487.25,1544.23,2609.96
LD00011802,2874.27,1247.92,2392.62
LD00011803,2615.45,1507.88,1567.25
LD00011804,1883.03,2090.43,2025.73
LD00011805,2682.65,2059.41,2776.5
LD00011806,2666.23,1371.44,2606.62
LD00011807,2371.14,1273.1,2369.74
LD00011808,2773.76,2291.54,2136.54
LD00011809,1993.92,1716.62,2608.57
LD00011810,2923.46,1770.65,1640.82
LD00011811,1578.16,1406.66,1907.6
LD00011812,2227.21,1842.87,2414.97
LD00011813,1566.64,1276.76,1462.3
LD00011814,2018.56,1347.73,2393.98
LD00011815,2648.82,2439.23,1739.7
LD00011816,2301.2,1309.31,2691.63
LD00011817,2098.45,1222.89,2181.29
LD00011818,2187.26,1769.52,1817.07
LD00011819,2246.39,1817.54,1715.5
LD00011820,2545.08,1436.17,2274.05
LD00011821,1719.55,2310.03,1710.81
LD00011822,2304.55,1601.21,1841.6
LD00011823,1836.12,1315.57,1673.67
LD00011824,2216.36,2367.06,1965.83
LD00011825,2019.17,2343.05,2524.11
LD00011826,1893.32,1319.63,1836.46
LD00011827,2275.13,2408.03,2207.67
LD00011828,1514.59,1625.7,1574.67
LD00011829,1584.69,1825.5,2711.54
LD00011830,2421.25,1974.06,2284.16
LD00011831,2279.4,1259.01,2064.49
LD00011832,1714.73,1597.23,2662.26
LD00011833,1839.56,1978.08,2782.0
LD00011834,2155.2,1496.78,2667.96
LD00011835,2983.38,2094.11,1438.5
LD00011836,2283.45,2058.54,2396.75
LD00011837,1685.43,1828.6,2388.64
LD00011838,1747.05,1910.21,2208.29
LD00011839,1789.56,1358.7,2496.15
LD00011840,2123.16,1328.57,2719.66
LD00011841,1729.04,1956.35,2684.34
LD00011842,2533.41,1408.5,2361.48
LD00011843,1518.81,1799.04,2357.78
LD00011844,1843.11,2072.07,2768.22
LD00011845,2473.36,2242.39,2544.61
LD00011846,1607.73,1958.94,1679.32
LD00011847,1651.43,1854.34,2299.24
LD00011848,1666.55,2186.3,1754.48
LD00011849,1842.78,1391.21,2128.75
LD00011850,2386.46,1539.8,2754.79
LD00011851,1970.67,2412.93,2573.08
LD00011852,2370.03,1404.91,2268.93
LD00011853,1821.39,2408.83,1732.16
LD00011854,2025.73,1791.01,2254.7
LD00011855,2804.41,2447.76,1604.19
LD00011856,2058.37,1907.72,2746.99
LD00011857,2380.42,2483.56,1681.84
LD00011858,2520.74,1461.23,1577.48
LD00011859,2441.82,2253.07,2785.39
LD00011860,2632.16,1823.31,2224.09
LD00011861,2340.44,2260.45,2106.1
LD00011862,2867.59,2031.09,2571.45
LD00011863,2663.43,2439.45,1635.76
LD00011864,2086.42,1450.73,1475.6
LD00011865,2614.04,2013.06,2470.99
LD00011866,2156.35,2338.0,1972.57
LD00011867,2138.68,1641.75,2116.76
LD00011868,2942.27,1244.06,2217.57
LD00011869,1645.2,1995.8,2291.16
LD00011870,1887.3,1375.68,2773.34
LD00011871,2710.91,1839.25,1400.33
LD00011872,2526.52,1554.91,1922.02
LD00011873,2260.56,1730.3,1661.68
LD00011874,2863.5,1869.89,1607.76
LD00011875,2300.16,1506.39,1766.97
LD00011876,1670.29,2013.4,1602.79
LD00011877,1962.37,1530.59,2105.19
LD00011878,2781.54,1815.38,2532.11
LD00011879,2792.29,1571.18,2690.48
LD00011880,2304.07,1539.37,1401.21
LD00011881,2620.92,2316.4,1430.51
LD00011882,1858.93,1421.64,2206.96
LD00011883,2652.45,2085.46,1742.9
LD00011884,2307.96,1541.44,2428.8
LD00011885,2496.06,1854.07,2623.83
LD00011886,1907.35,1602.4,1461.19
LD00011887,2126.26,1436.54,2603.13
LD00011888,2190.14,1865.1,2393.21
LD00011889,2758.35,2125.76,2325.08
LD00011890,2816.8,2207.21,1626.76
LD00011891,2714.98,1217.67,2456.27
LD00011892,2440.78,1688.84,2233.83
LD00011893,1589.24,1371.69,2155.25
LD00011894,2165.95,1491.97,2667.8
LD00011895,1893.56,1777.62,2644.61
LD00011896,2977.33,1921.02,2089.6
LD00011897,2293.3,2289.2,1949.75
LD00011898,2456.77,2333.01,2234.02
LD00011899,1886.09,1478.21,1642.91
LD00011900,2254.96,1218.1,2687.49
LD00011901,1912.25,1242.11,2723.51
LD00011902,2313.69,1950.36,2504.11
LD00011903,2215.43,2115.62,2705.01
LD00011904,1677.88,1660.21,1591.92
LD00011905,2208.96,2379.89,2633.81
LD00011906,1730.53,2145.1,2406.11
LD00011907,1980.47,1798.26,1831.79
LD00011908,1886.21,2186.18,1762.86
LD00011909,1644.63,1893.61,1502.63
LD00011910,1995.91,1339.81,2676.18
LD00011911,2282.42,1891.76,2323.93
LD00011912,2688.27,1457.53,1508.88
LD00011913,1908.06,1334.77,1710.53
LD00011914,2911.91,1958.02,2454.93
LD00011915,2484.26,1221.39,2688.41
LD00011916,2691.93,1358.46,2439.26
LD00011917,2922.0,1539.17,2314.66
LD00011918,1560.26,2302.57,2764.36
LD00011919,2857.42,1804.24,2425.66
LD00011920,2509.58,2440.54,2682.12
LD00011921,1906.35,2494.22,2299.36
LD00011922,2344.0,1869.58,1777.72
LD00011923,2587.15,1865.01,2191.31
LD00011924,2735.06,1967.72,2585.07
LD00011925,2293.83,1823.68,2580.57
LD00011926,2069.62,1399.72,1664.53
LD00011927,1514.37,2372.53,2121.12
LD00011928,2732.42,2335.55,1680.95
LD00011929,2059.11,1776.3,1492.73
LD00011930,1595.56,1672.26,2342.03
LD00011931,2837.1,1943.11,1523.09
LD00011932,2389.46,2440.31,1878.16
LD00011933,1956.82,1259.99,2046.97
LD00011934,2431.82,2133.22,2430.82
LD00011935,2330.21,2249.7,1912.31
LD00011936,2457.43,2464.76,2296.46
LD00011937,1965.61,2356.03,2623.28
LD00011938,1814.56,2336.48,1576.4
LD00011939,2685.43,2354.79,1710.31
LD00011940,2110.2,2295.73,2679.82
LD00011941,2249.67,2236.15,1688.87
LD00011942,2931.51,1503.56,2078.56
LD00011943,2809.21,1769.81,2394.69
LD00011944,2337.07,2386.19,1746.76
LD00011945,1551.25,1983.43,1882.11
LD00011946,1520.46,1731.59,2495.61
LD00011947,2824.14,2107.28,1705.16
LD00011948,2333.33,2084.48,2460.11
LD00011949,2548.22,1776.61,2572.95
LD00011950,2868.87,1478.32,2026.38
LD00011951,2988.9,2019.22,1773.11
LD00011952,2213.56,1987.27,2099.36
LD00011953,2367.83,2059.82,2673.41
LD00011954,1677.34,1474.57,1464.19
LD00011955,2773.07,1219.52,1692.72
LD00011956,2002.72,2046.61,1786.06
LD00011957,2909.32,1795.13,1786.73
LD00011958,1927.64,1919.9,1911.88
LD00011959,1994.41,1741.07,1741.07
LD00011960,2910.12,1800.71,1431.33
LD00011961,1756.65,1856.64,1879.76
LD00011962,2493.04,1845.47,2709.43
LD00011963,2058.32,2110.8,1780.62
LD00011964,1630.43,1220.67,1831.39
LD00011965,2769.64,1332.47,1973.74
LD00011966,2407.87,2320.9,2587.65
LD00011967,2249.13,1573.42,2589.87
LD00011968,2216.61,2372.82,2479.75
LD00011969,2776.59,2069.71,2097.52
LD00011970,2515.9,1499.18,1839.98
LD00011971,2998.53,2096.68,1879.33
LD00011972,1946.93,2472.1,2480.69
LD00011973,2302.29,1995.48,1922.4
LD00011974,2947.16,2264.38,1716.24
LD00011975,2114.82,1909.98,2492.21
LD00011976,2930.96,1582.01,1769.69
LD00011977,1669.18,2485.31,1763.01
LD00011978,2877.35,1772.57,2664.48
LD00011979,2483.68,1309.77,1677.9
LD00011980,2421.87,1259.38,2655.56
LD00011981,2499.93,2009.35,2173.54
LD00011982,2725.17,1522.71,1406.25
LD00011983,2763.21,2422.77,1777.57
LD00011984,2431.53,2466.4,2535.4
LD00011985,1551.03,2366.83,1474.42
LD00011986,2593.02,1744.37,1859.22
LD00011987,2904.99,2476.35,2704.57
LD00011988,2107.5,1913.15,1988.83
LD00011989,2501.77,1828.76,2362.26
LD00011990,2971.25,1985.71,2764.43
LD00011991,2017.24,2241.17,2434.11
LD00011992,1538.26,1330.91,1783.73
LD00011993,1874.28,2161.99,1511.46
LD00011994,1639.21,2231.41,2510.59
LD00011995,2693.57,1678.38,1402.57
LD00011996,1507.39,2336.48,1788.13
LD00011997,2984.01,1327.76,2758.25
LD00011998,2501.35,1760.96,2656.68
LD00011999,1933.21,1200.46,2345.89
LD00012000,2319.82,1743.98,1831.7
LD00012001,2848.14,2331.33,1679.6
LD00012002,2426.14,1423.89,2480.52
LD00012003,1574.32,2348.66,2072.73
LD00012004,1641.96,1803.63,2272.31
LD00012005,1795.45,1506.35,2233.88
LD00012006,1813.54,2338.6,1509.07
LD00012007,2268.41,1936.18,1708.54
LD00012008,2854.67,1889.55,2704.48
LD00012009,2171.06,1607.78,1497.81
LD00012010,1602.67,1227.31,1421.27
LD00012011,2997.61,1432.29,1694.43
LD00012012,1514.91,1344.09,2363.44
LD00012013,1659.26,2181.89,2299.89
LD00012014,2706.67,1280.74,2794.17
LD00012015,2639.4,1225.57,2748.81
LD00012016,2124.69,1527.6,2406.2
LD00012017,1536.96,1762.68,1811.49
LD00012018,1861.19,2041.89,2176.06
LD00012019,2695.07,1496.96,2079.46
LD00012020,2666.48,1356.24,1837.25
LD00012021,1554.82,1367.53,1794.39
LD00012022,2148.72,2379.88,2192.48
LD00012023,2011.49,1639.05,1545.56
LD00012024,1858.86,2268.91,2484.23
LD00012025,2520.62,1468.55,1872.61
LD00012026,1795.15,2378.12,2549.0
LD00012027,1906.52,1584.41,1579.19
LD00012028,2688.57,1786.79,1741.8
LD00012029,2934.03,2016.55,2379.68
LD00012030,2508.23,2428.17,2024.56
LD00012031,2015.81,1631.3,2133.94
LD00012032,2195.06,1313.32,2717.63
LD00012033,1638.09,2150.09,2189.26
LD00012034,2765.65,1944.3,1518.66
LD00012035,2930.64,1658.17,2003.1
LD00012036,2197.55,2379.43,2642.6
LD00012037,2588.21,2492.72,2450.22
LD00012038,2789.72,2022.29,1618.55
LD00012039,1612.88,1877.83,2355.7
LD00012040,1805.51,1646.85,1545.76
LD00012041,1802.59,1968.1,2559.47
LD00012042,2450.5,2190.98,2200.25
LD00012043,1937.23,2491.67,2348.51
LD00012044,2570.88,1987.65,2650.33
LD00012045,1876.29,1639.94,2616.27
LD00012046,1970.71,1690.65,1970.73
LD00012047,2477.11,1639.64,2408.13
LD00012048,2141.73,1608.93,2369.63
LD00012049,2217.74,2155.71,1660.37
LD00012050,2230.87,1580.67,1990.47
LD00012051,2600.69,1252.65,2762.27
LD00012052,2580.06,2245.8,2397.57
LD00012053,2101.97,1709.35,1830.63
LD00012054,2209.96,1361.74,1482.42
LD00012055,1762.48,1866.59,2010.24
LD00012056,2184.74,1392.33,2189.17
LD00012057,2541.16,2230.33,1794.11
LD00012058,2164.95,2430.98,2306.59
LD00012059,2876.63,2381.52,1740.75
LD00012060,2005.57,2493.55,1954.03
LD00012061,2404.2,2201.26,2701.79
LD00012062,2213.48,1994.17,2582.93
LD00012063,2906.85,1257.31,2219.82
LD00012064,2044.29,1556.66,1564.54
LD00012065,1739.21,1870.3,1681.96
LD00012066,1520.99,1987.23,1901.08
LD00012067,2449.99,1606.19,1935.04
LD00012068,2403.23,1333.36,2070.42
LD00012069,1619.04,2038.6,1424.99
LD00012070,2070.08,2219.32,2468.9
LD00012071,2420.26,1422.02,2475.15
LD00012072,1797.69,2017.66,1614.4
LD00012073,1876.84,1565.74,1558.11
LD00012074,2883.7,1611.77,1415.3
LD00012075,1991.72,1405.42,2457.53
LD00012076,2017.7,1328.55,1706.94
LD00012077,2322.12,1785.26,2642.28
LD00012078,1573.24,2002.83,1497.41
LD00012079,2110.18,2085.54,1791.38
LD00012080,2005.42,1916.22,2477.26
LD00012081,1703.95,1779.32,2063.71
LD00012082,1538.26,1969.89,1490.46
LD00012083,2204.45,1838.58,2662.82
LD00012084,2297.31,1550.29,2537.12
LD00012085,2784.57,2141.76,2286.79
LD00012086,2377.47,2236.85,1555.86
LD00012087,2390.8,1802.38,1795.12
LD00012088,2315.65,2252.04,1550.74
LD00012089,2663.53,1920.57,1737.43
LD00012090,2040.04,1711.68,2154.79
LD00012091,2102.75,1502.63,2708.28
LD00012092,2434.51,2169.37,2276.45
LD00012093,1644.37,1594.55,1610.52
LD00012094,1854.95,1679.34,2271.23
LD00012095,1976.09,1618.96,1728.62
LD00012096,2866.57,1826.95,1527.01
LD00012097,2115.22,1562.33,2647.03
LD00012098,1560.23,1403.64,1493.44
LD00012099,1815.17,1778.91,2210.89
LD00012100,1923.97,1371.14,2149.06
LD00012101,2671.47,1822.1,2223.15
LD00012102,2969.92,2080.1,1901.27
LD00012103,2112.08,1386.84,1805.47
LD00012104,2807.69,2289.41,1557.27
LD00012105,1534.42,1270.17,1408.31
LD00012106,1674.18,2378.0,1443.04
LD00012107,1954.84,1914.35,1810.96
LD00012108,2598.9,1699.61,2233.68
LD00012109,1751.24,1866.63,1416.3
LD00012110,1786.71,1396.71,2117.89
LD00012111,2134.18,1731.27,2590.55
LD00012112,2034.42,1740.59,1927.56
LD00012113,2046.52,1510.04,2727.33
LD00012114,2566.98,1752.81,2021.13
LD00012115,2327.51,1622.5,1415.94
LD00012116,1538.01,2433.39,1646.07
LD00012117,2659.85,2166.28,2739.48
LD00012118,2344.17,2292.1,1903.91
LD00012119,1587.25,1355.06,1574.57
LD00012120,1941.31,2098.71,2503.92
LD00012121,2286.29,1719.22,2780.19
LD00012122,2053.1,2468.14,1884.42
LD00012123,1658.74,2258.65,2304.71
LD00012124,2986.58,1792.71,2568.38
LD00012125,2714.82,1802.71,2541.57
LD00012126,1820.5,2045.83,1462.59
LD00012127,2979.28,1960.23,1988.89
LD00012128,2651.98,2331.18,2034.6
LD00012129,2513.06,2408.38,1558.39
LD00012130,2601.77,2246.11,2355.35
LD00012131,2744.05,1635.78,1582.18
LD00012132,1903.48,1313.51,1673.12
LD00012133,1641.53,2103.98,1805.17
LD00012134,2016.04,1261.53,2726.09
LD00012135,1579.56,1878.75,2018.56
LD00012136,1659.3,1905.73,2551.81
LD00012137,1672.47,2359.51,2405.35
LD00012138,2455.23,1749.73,1733.61
LD00012139,2252.66,2370.73,1913.74
LD00012140,2993.04,2304.66,2193.28
LD00012141,2059.63,1366.16,2006.67
LD00012142,2045.76,1409.2,2303.18
LD00012143,2345.87,1659.37,1713.46
LD00012144,2140.64,1652.97,1766.5
LD00012145,2440.31,1612.35,2511.08
LD00012146,2078.95,1322.32,1865.76
LD00012147,2091.66,1607.49,2009.08
LD00012148,1836.85,1949.37,1836.74
LD00012149,1788.08,1639.78,2064.63
LD00012150,1827.16,2329.26,2685.81
LD00012151,2294.54,2053.05,1956.5
LD00012152,2310.6,2015.45,1573.45
LD00012153,2014.18,1671.33,2214.45
LD00012154,2743.35,2324.49,2366.48
LD00012155,2981.7,1747.19,2696.56
LD00012156,2979.75,1577.11,1848.46
LD00012157,2363.95,1291.14,2554.69
LD00012158,1793.24,2079.77,1739.17
LD00012159,2509.66,2066.74,1970.56
LD00012160,2034.21,2312.57,2755.21
LD00012161,2137.85,1454.4,2587.12
LD00012162,2794.6,1456.46,2214.16
LD00012163,2329.15,1499.87,1511.99
LD00012164,1578.4,1254.4,2005.85
LD00012165,2348.14,1721.65,2458.81
LD00012166,1695.67,1292.78,2667.3
LD00012167,1940.0,1388.34,2756.32
LD00012168,2052.24,1894.3,1992.59
LD00012169,2518.74,1811.82,2741.72
LD00012170,2578.5,1480.08,1449.76
LD00012171,2611.94,1439.59,2102.47
LD00012172,2285.13,1297.18,1574.03
LD00012173,2354.42,2391.4,2726.52
LD00012174,2762.51,1574.52,2284.72
LD00012175,1718.92,1532.11,1405.73
LD00012176,2035.59,2372.11,1605.56
LD00012177,1661.71,2456.11,2352.31
LD00012178,2557.0,2475.97,1490.52
LD00012179,2414.97,1246.78,2033.52
LD00012180,2094.4,1663.9,1996.73
LD00012181,2677.61,1306.21,1583.13
LD00012182,1776.24,2306.56,1682.93
LD00012183,1601.15,1748.35,1820.91
LD00012184,2552.97,2365.02,2661.83
LD00012185,2602.35,1246.25,2542.05
LD00012186,2755.41,2053.81,2581.84
LD00012187,2122.04,1600.09,2295.86
LD00012188,2415.36,1734.01,1572.57
LD00012189,2111.68,1765.71,2111.3
LD00012190,2493.74,2016.72,2757.74
LD00012191,2903.86,1517.77,2029.13
LD00012192,1779.14,2398.52,1641.58
LD00012193,2000.84,1987.24,1730.94
LD00012194,1858.63,2229.32,2664.32
LD00012195,2728.86,2219.98,2799.11
LD00012196,2194.85,1456.13,2618.74
LD00012197,2603.45,1816.85,2721.51
LD00012198,2095.33,1239.34,1809.61
LD00012199,1612.07,2075.33,2025.23
LD00012200,2250.91,2443.61,2255.29
LD00012201,1924.7,1455.9,1558.5
LD00012202,1668.22,1432.5,2082.9
LD00012203,2576.74,2105.68,1763.28
LD00012204,2840.16,1579.89,1987.58
LD00012205,2075.4,2158.24,2313.58
LD00012206,1960.07,1783.09,2359.27
LD00012207,1506.24,2185.99,1693.7
LD00012208,1847.48,2176.43,1709.97
LD00012209,2073.64,1861.65,1544.69
LD00012210,1830.59,1261.54,2252.54
LD00012211,1849.69,1871.02,2553.53
LD00012212,1648.18,1668.2,1791.72
LD00012213,2996.65,1350.66,2486.49
LD00012214,2197.63,1737.07,2466.63
LD00012215,2911.53,1951.44,1648.26
LD00012216,1597.0,1534.3,2759.36
LD00012217,2767.81,2461.0,1634.96
LD00012218,2573.91,2012.19,2595.88
LD00012219,2782.82,1842.98,1540.6
LD00012220,2857.7,1252.69,2729.01
LD00012221,2874.21,1531.66,1623.41
LD00012222,2534.33,2017.68,1891.16
LD00012223,1926.35,1931.98,2456.72
LD00012224,2052.31,1912.1,2128.56
LD00012225,1535.42,1605.56,2478.89
LD00012226,1629.22,1819.76,2745.96
LD00012227,1794.89,2182.43,2367.5
LD00012228,1953.92,1301.49,1979.42
LD00012229,1704.72,2081.44,1645.05
LD00012230,2261.61,2160.57,2442.46
LD00012231,2505.26,2490.25,2236.99
LD00012232,2620.48,1675.94,2326.98
LD00012233,1810.41,2418.93,2725.08
LD00012234,1894.54,1940.32,1635.11
LD00012235,2633.14,2268.93,1704.55
LD00012236,2305.13,1453.13,1744.91
LD00012237,2456.81,1576.93,1416.2
LD00012238,1711.63,1221.36,1625.32
LD00012239,2669.63,1525.3,1961.35
LD00012240,2360.26,2012.95,1670.6
LD00012241,2190.66,2345.68,2668.46
LD00012242,2304.2,1650.36,2079.29
LD00012243,2535.98,2086.16,2403.53
LD00012244,1739.13,1971.62,1990.5
LD00012245,1735.19,2388.26,1444.98
LD00012246,2418.62,1993.53,2033.35
LD00012247,1588.76,2493.94,1972.84
LD00012248,1576.97,1237.94,1622.65
LD00012249,2816.57,1363.5,2623.28
LD00012250,1643.12,2045.28,1848.69
LD00012251,2593.49,1624.22,1455.08
LD00012252,2278.91,2272.86,2460.86
LD00012253,1548.22,2168.93,2389.84
LD00012254,2508.38,1289.82,1807.71
LD00012255,2383.35,2346.44,2461.18
LD00012256,2536.24,1292.08,2537.53
LD00012257,1904.72,1879.18,2031.86
LD00012258,1736.06,2058.09,2607.63
LD00012259,2204.98,2000.55,2206.23
LD00012260,2668.86,1717.12,2123.69
LD00012261,2319.49,2357.96,2210.72
LD00012262,2204.23,1755.5,1761.28
LD00012263,2045.43,2325.68,1500.09
LD00012264,2026.66,2415.09,2541.61
LD00012265,1938.05,1551.87,1421.81
LD00012266,1837.86,2159.62,1903.58
LD00012267,1759.7,1495.17,2703.81
LD00012268,2234.98,1773.16,2777.44
LD00012269,2179.02,1202.34,2292.04
LD00012270,2386.44,1767.0,2300.44
LD00012271,1956.15,1510.25,2653.27
LD00012272,2938.48,1594.79,1772.49
LD00012273,2595.44,2366.95,2334.82
LD00012274,2343.85,2100.49,1845.98
LD00012275,2916.7,2059.05,1679.51
LD00012276,2234.9,1350.73,2118.08
LD00012277,1621.79,2042.34,2314.18
LD00012278,2245.44,1701.77,1420.39
LD00012279,1902.14,1864.52,2649.51
LD00012280,1527.14,2226.93,2455.2
LD00012281,1711.05,2311.43,2129.43
LD00012282,1945.79,1381.94,1801.13
LD00012283,2851.79,1651.54,1544.71
LD00012284,2598.41,2410.41,1400.55
LD00012285,2553.33,2478.5,1411.88
LD00012286,2914.96,1883.53,1585.92
LD00012287,2299.78,1358.05,1774.68
LD00012288,2725.47,1878.35,2321.71
LD00012289,2463.1,2319.92,2329.92
LD00012290,2867.85,2105.83,2730.89
LD00012291,2699.29,2011.18,2722.85
LD00012292,2506.58,1779.54,2138.12
LD00012293,2034.35,1410.18,2654.4
LD00012294,2716.99,1875.05,1931.86
LD00012295,2526.57,1920.93,2453.57
LD00012296,2510.42,1404.84,2294.03
LD00012297,2716.89,1918.35,2349.82
LD00012298,1866.26,2102.63,2495.05
LD00012299,2324.68,1718.89,1757.37
LD00012300,2910.07,2492.11,2318.24
LD00012301,2228.62,1315.92,2294.0
LD00012302,1630.3,2406.55,2335.16
LD00012303,1993.47,1367.84,1406.94
LD00012304,2751.56,1579.47,2026.91
LD00012305,1773.4,1762.1,1614.58
LD00012306,1925.34,2434.19,2607.58
LD00012307,2004.35,1538.26,1898.16
LD00012308,1689.95,2159.52,2270.99
LD00012309,2618.63,2299.87,2745.11
LD00012310,2408.26,1536.01,2003.01
LD00012311,1662.05,2085.14,2751.14
LD00012312,2950.67,1227.44,2097.75
LD00012313,2599.44,1880.31,1673.13
LD00012314,1680.85,1679.0,2097.01
LD00012315,1629.15,1638.44,2011.51
LD00012316,1615.79,1221.18,2158.28
LD00012317,1590.57,1791.8,2088.21
LD00012318,2656.95,1243.25,2066.51
LD00012319,2032.12,1942.54,2120.41
LD00012320,2362.12,2130.44,1718.05
LD00012321,2690.8,1324.62,1872.65
LD00012322,2806.39,1271.98,1976.01
LD00012323,1754.91,1442.75,1968.03
LD00012324,2946.52,1417.05,1702.96
LD00012325,1868.75,1840.29,1803.61
LD00012326,2311.03,2030.72,1487.62
LD00012327,2827.41,1233.13,2662.52
LD00012328,1541.86,1566.06,1778.69
LD00012329,1530.83,1780.1,2400.01
LD00012330,2646.25,2011.37,1669.83
LD00012331,2890.81,2007.18,2067.49
LD00012332,2079.34,1495.09,1505.04
LD00012333,2717.28,1957.09,2241.5
LD00012334,2507.39,1236.46,2247.3
LD00012335,2179.82,1607.64,2683.7
LD00012336,1571.16,1566.92,1451.8
LD00012337,1904.39,2403.93,2409.37
LD00012338,2024.31,2044.28,1737.13
LD00012339,2493.27,1960.36,2137.86
LD00012340,2787.29,1848.11,1625.45
LD00012341,2645.33,2287.13,1874.52
LD00012342,2191.38,2355.98,1846.28
LD00012343,2095.68,1720.24,1824.56
LD00012344,1684.2,2000.74,1701.87
LD00012345,2338.06,2113.65,2672.91
LD00012346,2475.6,2478.72,2041.31
LD00012347,1846.74,2189.86,2579.44
LD00012348,1512.82,2243.33,1947.63
LD00012349,2654.97,2000.32,1435.76
LD00012350,2168.89,1417.39,2094.95
LD00012351,2196.31,1649.38,1941.57
LD00012352,2205.9,1577.85,2136.88
LD00012353,1617.39,1776.4,2386.36
LD00012354,2735.54,2418.94,1656.22
LD00012355,2836.73,1218.77,1809.03
LD00012356,2443.16,2260.94,2380.26
LD00012357,2066.43,1990.46,2735.81
LD00012358,2688.51,2245.73,2377.01
LD00012359,2649.33,1611.63,2068.6
LD00012360,1827.93,1475.36,1419.18
LD00012361,2393.01,1465.7,2503.72
LD00012362,2260.96,2078.47,1876.71
LD00012363,2975.26,1431.85,2116.54
LD00012364,2520.18,1725.45,2612.4
LD00012365,2402.39,2028.97,2743.52
LD00012366,1891.73,1714.49,2143.64
LD00012367,2450.99,1975.71,1434.28
LD00012368,1603.02,1458.32,2503.38
LD00012369,2946.25,2222.29,2063.74
LD00012370,1838.9,2177.52,1477.1
LD00012371,2579.29,1670.85,2209.84
LD00012372,2224.86,2302.27,2580.73
LD00012373,2827.49,2345.5,2292.38
LD00012374,2084.31,2262.26,2569.04
LD00012375,2024.36,2060.91,2001.82
LD00012376,2493.93,2403.99,1490.98
LD00012377,1786.4,2076.94,1585.01
LD00012378,2713.14,1279.6,2363.49
LD00012379,1703.33,1258.44,2534.98
LD00012380,2635.2,1680.14,1647.8
LD00012381,2326.95,2151.95,1814.45
LD00012382,2746.9,2133.34,2448.29
LD00012383,2475.47,1377.97,1924.0
LD00012384,2275.33,2068.94,1806.77
LD00012385,2521.88,2275.96,1849.54
LD00012386,1988.06,2071.02,2551.17
LD00012387,2354.49,1790.04,1910.46
LD00012388,2027.79,1325.99,1823.81
LD00012389,1592.79,1393.77,2754.52
LD00012390,1507.6,2083.73,1454.71
LD00012391,2611.51,2430.59,1971.25
LD00012392,2640.39,2403.38,1722.92
LD00012393,2519.74,1980.26,1589.02
LD00012394,2797.17,2206.57,2754.26
LD00012395,2493.87,1856.44,2369.49
LD00012396,2497.59,1350.26,2372.72
LD00012397,1783.37,1885.94,1968.34
LD00012398,2048.57,2377.93,2142.77
LD00012399,2522.78,1312.58,2516.3
LD00012400,2194.04,1607.78,2305.82
LD00012401,2139.06,2107.6,2244.34
LD00012402,2503.39,1560.79,2134.73
LD00012403,2660.8,2409.1,2720.92
LD00012404,2377.66,2201.18,2450.93
LD00012405,2367.99,2233.05,2650.44
LD00012406,1610.21,1650.7,1611.83
LD00012407,1995.56,1542.91,1897.03
LD00012408,1767.89,1459.85,1813.32
LD00012409,1893.97,1764.29,1468.89
LD00012410,2408.73,1685.23,2401.11
LD00012411,1659.34,2006.03,2061.42
LD00012412,1686.65,2246.75,1535.19
LD00012413,2710.49,2327.76,2773.77
LD00012414,2338.8,2298.44,2503.95
LD00012415,2975.14,2439.52,2662.73
LD00012416,2187.77,1980.38,2543.42
LD00012417,2999.7,2359.38,2369.5
LD00012418,2514.27,1937.24,2656.19
LD00012419,1917.18,2109.91,2131.8
LD00012420,2065.37,1725.79,1505.03
LD00012421,2116.53,1487.46,2458.61
LD00012422,2705.71,1763.85,1426.53
LD00012423,2457.92,1822.25,1452.42
LD00012424,1606.91,2087.47,2775.45
LD00012425,2765.73,2474.16,2266.52
LD00012426,2313.99,1812.43,1610.59
LD00012427,2358.12,2255.09,2329.39
LD00012428,2058.16,1805.88,2730.55
LD00012429,1998.66,2219.65,1619.14
LD00012430,2695.35,1462.05,2062.19
LD00012431,2004.78,1957.4,2084.99
LD00012432,2513.85,1567.15,2469.18
LD00012433,2276.8,1455.35,1660.85
LD00012434,2392.78,1249.52,1544.89
LD00012435,1614.79,2428.74,1730.98
LD00012436,2240.71,1407.08,1833.42
LD00012437,1751.09,2064.84,1770.42
LD00012438,1582.78,2309.82,1629.06
LD00012439,1682.9,1923.93,2247.04
LD00012440,2292.62,2275.6,2430.75
LD00012441,1585.55,1592.42,1993.34
LD00012442,2514.47,1863.5,2703.49
LD00012443,1723.78,1722.55,1906.09
LD00012444,2338.6,1561.76,1643.41
LD00012445,2877.22,1244.17,2230.65
LD00012446,2933.51,2270.91,2349.23
LD00012447,2657.1,1208.5,2569.71
LD00012448,1985.49,1959.2,2236.28
LD00012449,2078.97,2455.44,1807.59
LD00012450,2411.24,2465.29,1799.15
LD00012451,2053.39,1332.6,2134.96
LD00012452,2037.78,1285.31,2415.01
LD00012453,1923.29,2184.34,2428.24
LD00012454,1849.88,2210.49,2566.57
LD00012455,1548.32,2158.21,1906.03
LD00012456,2474.28,1605.66,1742.04
LD00012457,2759.81,2049.51,1882.7
LD00012458,1839.82,1272.47,2308.85
LD00012459,2839.62,1991.84,2006.13
LD00012460,2258.76,2162.52,1961.04
LD00012461,1694.18,2304.92,2666.28
LD00012462,2224.96,1323.54,2197.13
LD00012463,2071.93,1829.35,1992.12
LD00012464,2566.39,1998.95,2118.88
LD00012465,2007.39,2280.62,2291.32
LD00012466,2359.07,2323.61,2156.22
LD00012467,1961.73,2404.42,2141.62
LD00012468,2725.28,2460.3,1806.56
LD00012469,1984.3,2046.76,2022.45
LD00012470,2693.54,1439.18,2515.96
LD00012471,2140.13,1935.55,2640.23
LD00012472,2751.01,2271.39,2601.24
LD00012473,2088.77,1316.66,2650.99
LD00012474,2624.11,1840.51,2656.73
LD00012475,2556.91,1585.32,2232.05
LD00012476,2190.75,2329.23,2786.25
LD00012477,1699.94,1403.93,2067.39
LD00012478,2283.39,1384.45,1481.07
LD00012479,1535.45,1514.12,1728.54
LD00012480,2789.26,1253.65,1608.35
LD00012481,1852.27,1487.39,2513.21
LD00012482,2780.91,1210.16,1801.63
LD00012483,1932.88,1916.89,1762.89
LD00012484,2395.71,1396.65,1752.12
LD00012485,1520.42,1745.69,1546.54
LD00012486,2146.09,2101.74,1852.17
LD00012487,1984.52,1417.73,2389.54
LD00012488,2831.97,1796.03,2322.61
LD00012489,1577.86,1972.57,1583.69
LD00012490,1609.85,2255.54,2259.82
LD00012491,2757.32,1867.44,1997.87
LD00012492,2583.08,2354.23,1942.28
LD00012493,1847.27,2087.74,2059.92
LD00012494,2666.59,1702.95,1413.29
LD00012495,2880.75,2455.38,2184.26
LD00012496,2271.16,2209.44,2037.12
LD00012497,1723.66,2318.81,1738.47
LD00012498,2795.82,2412.81,2375.65
LD00012499,2870.2,1358.07,2235.12
LD00012500,2967.32,2113.92,2230.78
LD00012501,2333.35,1868.41,2041.5
LD00012502,1995.04,1483.11,1702.12
LD00012503,1910.61,1643.01,2170.25
LD00012504,1727.58,1277.55,2275.72
LD00012505,2301.89,1208.0,1747.62
LD00012506,1832.64,2095.37,1919.78
LD00012507,2132.86,1804.1,2333.64
LD00012508,2187.37,1669.29,1796.63
LD00012509,2164.53,1453.34,1416.03
LD00012510,2056.55,1407.16,2473.63
LD00012511,2543.87,2229.44,1833.61
LD00012512,2732.13,1480.73,1815.23
LD00012513,2398.61,1987.86,1808.64
LD00012514,2134.92,2167.5,2678.79
LD00012515,2722.97,2441.64,2413.25
LD00012516,2290.96,1269.03,2491.71
LD00012517,1848.24,1290.39,2638.8
LD00012518,2866.76,1622.13,2568.82
LD00012519,2485.58,1937.88,2298.29
LD00012520,2189.62,1660.61,2111.66
LD00012521,2706.03,2127.62,1878.59
LD00012522,2592.3,1344.75,1400.65
LD00012523,2068.47,1731.84,2607.52
LD00012524,2906.07,2311.06,2618.71
LD00012525,2873.48,2340.62,2597.4
LD00012526,1724.96,2214.83,1558.8
LD00012527,2168.93,1968.15,1962.42
LD00012528,2270.1,1369.64,2112.04
LD00012529,1675.67,2292.73,2525.22
LD00012530,2636.11,1834.03,2381.31
LD00012531,1740.6,2226.69,1604.37
LD00012532,2319.63,1673.85,2503.18
LD00012533,2660.16,1324.27,1834.0
LD00012534,2079.3,2045.68,2181.23
LD00012535,2486.24,1405.79,1923.66
LD00012536,1544.58,2161.77,2627.4
LD00012537,2415.72,1527.47,2061.96
LD00012538,2782.59,1473.21,2673.72
LD00012539,1544.29,1991.75,2355.08
LD00012540,2940.05,2409.35,2622.5
LD00012541,2788.94,2243.12,2166.01
LD00012542,2423.6,1728.47,2429.6
LD00012543,2994.69,2144.82,1617.11
LD00012544,1947.58,2401.16,2574.75
LD00012545,2004.67,2075.2,1986.55
LD00012546,2597.78,2354.25,2375.19
LD00012547,2910.07,1412.59,2210.1
LD00012548,2275.83,2109.95,1925.52
LD00012549,2172.06,1841.83,2706.28
LD00012550,1573.45,1442.5,1676.54
LD00012551,2727.47,1290.27,2111.7
LD00012552,1784.7,1442.39,2559.1
LD00012553,2319.02,1648.42,2110.85
LD00012554,2632.53,2389.42,2311.97
LD00012555,2942.02,1783.17,1702.22
LD00012556,1808.68,1360.83,2587.74
LD00012557,2427.64,1328.56,1473.29
LD00012558,1983.96,2063.94,2788.41
LD00012559,2819.36,2079.77,2629.04
LD00012560,1501.51,1650.97,1800.19
LD00012561,1756.85,1853.39,2075.81
LD00012562,1686.72,1711.13,2498.18
LD00012563,2613.45,1518.34,2365.96
LD00012564,2393.05,1754.62,2135.63
LD00012565,1888.74,1516.23,2784.41
LD00012566,2518.79,1919.06,1945.87
LD00012567,2390.05,1401.68,2684.42
LD00012568,1928.61,1802.3,1626.97
LD00012569,2046.51,1897.46,1794.68
LD00012570,1567.63,2241.2,2456.21
LD00012571,2698.98,1957.65,2223.65
LD00012572,2500.73,1504.64,2315.78
LD00012573,2603.65,1231.71,2635.91
LD00012574,2877.86,1986.21,2206.14
LD00012575,1927.4,2435.53,1999.4
LD00012576,1639.85,1528.84,2038.43
LD00012577,1855.12,1614.95,1837.98
LD00012578,2018.71,1254.03,2526.15
LD00012579,1573.93,1416.75,2703.4
LD00012580,2626.45,2486.97,2064.38
LD00012581,1875.64,1564.01,1802.28
LD00012582,2459.73,2212.02,2320.77
LD00012583,1818.33,2176.27,1794.38
LD00012584,1924.47,1542.15,2707.85
LD00012585,1672.65,1564.91,2659.54
LD00012586,2404.04,1375.63,1785.09
LD00012587,1762.94,1493.34,1479.9
LD00012588,2150.11,2198.49,2032.84
LD00012589,2439.77,1263.83,2151.65
LD00012590,2436.51,1890.95,2420.77
LD00012591,2061.25,1223.09,1467.1
LD00012592,1572.94,2401.0,1456.0
LD00012593,1644.79,1635.63,1756.38
LD00012594,2092.01,1329.58,2414.79
LD00012595,2737.74,2359.92,1499.52
LD00012596,2618.28,1929.28,2577.75
LD00012597,1522.58,1219.86,1857.16
LD00012598,2614.68,1636.12,2405.55
LD00012599,2267.35,2123.11,1676.16
LD00012600,2646.38,2173.69,2203.09
LD00012601,2191.94,1253.89,1607.91
LD00012602,2208.17,1952.33,1478.09
LD00012603,2666.44,2260.55,2641.73
LD00012604,2545.46,1610.08,2554.4
LD00012605,2324.96,1468.5,1468.71
LD00012606,2127.55,1844.28,2005.77
LD00012607,2869.07,1862.78,1714.9
LD00012608,1971.8,2035.68,2722.4
LD00012609,2232.0,2137.3,1573.17
LD00012610,1870.73,1493.74,2191.89
LD00012611,1940.73,2329.93,2058.21
LD00012612,2285.5,2475.84,2753.35
LD00012613,2998.57,2135.47,2737.79
LD00012614,1722.42,2205.72,2706.57
LD00012615,1623.12,2367.54,1507.0
LD00012616,2508.74,2077.36,2565.34
LD00012617,1831.54,2195.09,1514.94
LD00012618,2104.71,1219.75,2610.45
LD00012619,2823.39,1228.95,2115.61
LD00012620,1789.62,1747.59,2122.51
LD00012621,2253.57,2211.01,1554.72
LD00012622,1831.06,1290.54,2106.29
LD00012623,2370.94,2224.71,2152.87
LD00012624,2875.79,1381.55,2280.95
LD00012625,2584.58,2305.17,2079.52
LD00012626,1539.87,2235.47,1883.65
LD00012627,2112.94,2369.62,2034.57
LD00012628,2191.85,1777.66,2656.22
LD00012629,2020.68,2259.45,2246.8
LD00012630,1681.42,2048.6,1551.79
LD00012631,2345.34,1374.93,2723.02
LD00012632,2493.72,2301.8,2487.15
LD00012633,1752.95,1646.7,1867.43
LD00012634,2844.65,1509.23,2148.75
LD00012635,2347.39,2302.27,2288.7
LD00012636,2029.43,2178.32,2144.75
LD00012637,1933.88,2224.42,2659.0
LD00012638,2551.37,2187.86,2053.19
LD00012639,1878.3,1912.07,2363.54
LD00012640,1556.29,2448.97,2131.53
LD00012641,1923.76,1282.51,2526.45
LD00012642,1635.25,1717.49,2635.15
LD00012643,2694.77,2131.22,2641.78
LD00012644,1569.18,2049.31,2145.26
LD00012645,2504.16,1758.76,2216.2
LD00012646,2293.38,1401.05,1798.01
LD00012647,1923.23,1625.24,1811.21
LD00012648,1591.12,1689.15,2345.62
LD00012649,2629.21,1600.76,1436.81
LD00012650,1733.53,2233.5,2603.69
LD00012651,1799.23,1259.81,1568.01
LD00012652,1701.61,1528.46,1618.3
LD00012653,1698.33,2219.33,2703.66
LD00012654,2009.72,2148.97,2416.0
LD00012655,1647.73,2453.17,1935.75
LD00012656,1679.16,2373.52,1887.19
LD00012657,1640.51,2178.59,2389.91
LD00012658,1859.25,2244.36,1725.2
LD00012659,1584.3,1543.55,2188.29
LD00012660,2884.23,2022.67,1531.54
LD00012661,2442.18,2270.5,2681.03
LD00012662,1987.22,1495.15,1956.87
LD00012663,2028.64,1572.78,1441.45
LD00012664,2795.37,1464.81,2621.34
LD00012665,2854.96,1887.04,2255.82
LD00012666,2244.23,1480.3,2279.03
LD00012667,2431.35,1674.8,2426.67
LD00012668,2850.58,1868.61,2079.82
LD00012669,2790.21,1903.19,2469.02
LD00012670,2039.48,2366.79,2735.26
LD00012671,1671.13,2307.43,2334.91
LD00012672,2715.98,1572.22,1953.18
LD00012673,1715.52,1844.97,1796.51
LD00012674,2525.63,1705.48,1700.14
LD00012675,1847.72,1873.5,2347.59
LD00012676,1772.31,2494.52,2479.79
LD00012677,2151.31,2063.24,1582.62
LD00012678,2577.55,2353.17,2426.05
LD00012679,2669.7,2347.68,2523.7
LD00012680,1620.38,2332.74,2301.31
LD00012681,1850.09,1726.22,1924.29
LD00012682,1864.69,2073.96,1594.08
LD00012683,2896.18,2192.53,2333.35
LD00012684,2699.5,1901.21,1832.76
LD00012685,1519.82,2492.27,2301.94
LD00012686,2484.19,1559.81,1571.42
LD00012687,2978.0,1500.03,2417.41
LD00012688,2263.65,2468.87,2508.67
LD00012689,1639.56,1344.09,2791.61
LD00012690,2870.6,2167.02,2729.2
LD00012691,2017.2,1580.25,2609.74
LD00012692,2165.87,1456.5,2051.68
LD00012693,2753.76,2137.8,1808.09
LD00012694,2620.68,1339.56,2286.06
LD00012695,1715.78,2438.34,2733.92
LD00012696,1881.21,2453.21,1823.83
LD00012697,1841.56,1306.55,2500.06
LD00012698,2295.79,2418.53,2528.53
LD00012699,1554.73,2243.27,1962.53
LD00012700,2839.82,2133.51,2274.92
LD00012701,1942.05,1446.94,2310.26
LD00012702,2104.15,1747.89,1860.15
LD00012703,2115.17,1503.6,2321.27
LD00012704,2757.58,1910.8,2041.45
LD00012705,2704.45,2074.89,2410.08
LD00012706,1836.88,1725.08,2644.21
LD00012707,2316.06,1920.03,2519.85
LD00012708,2845.69,2029.13,1779.88
LD00012709,2669.78,1343.94,1834.22
LD00012710,2480.55,2396.74,2440.5
LD00012711,2947.16,1576.05,1981.42
LD00012712,2465.34,1550.7,1826.57
LD00012713,2300.32,2181.9,2681.08
LD00012714,2052.0,1473.94,1456.77
LD00012715,1882.06,1414.74,2368.88
LD00012716,1935.36,2437.65,1976.22
LD00012717,1664.98,1931.45,1563.72
LD00012718,2184.38,1908.95,2369.36
LD00012719,2480.4,2316.92,2677.35
LD00012720,1930.53,1934.55,1989.76
LD00012721,2965.41,1963.52,1986.23
LD00012722,2136.4,2031.92,2611.08
LD00012723,2225.87,1363.43,1500.4
LD00012724,1931.96,2256.28,2525.46
LD00012725,2464.01,1633.68,1855.22
LD00012726,2131.42,2228.43,1811.22
LD00012727,2349.08,2413.05,1933.68
LD00012728,2314.39,1740.78,2120.7
LD00012729,1969.05,1247.25,2054.92
LD00012730,2201.84,2187.04,1620.51
LD00012731,2577.91,2445.39,2073.45
LD00012732,2956.76,2142.01,2655.24
LD00012733,1673.32,1244.02,2606.54
LD00012734,2301.02,1655.13,1432.11
LD00012735,2022.96,1473.37,2452.4
LD00012736,1991.16,2399.72,2371.44
LD00012737,2774.72,1734.83,2371.29
LD00012738,2155.81,1219.68,2030.47
LD00012739,2540.04,1543.69,1876.89
LD00012740,1932.87,1898.88,1823.48
LD00012741,1803.71,2342.86,1917.81
LD00012742,2540.42,1629.77,2420.3
LD00012743,2223.4,1262.42,1738.05
LD00012744,2522.56,2307.23,2249.52
LD00012745,1819.32,1516.92,1974.68
LD00012746,1521.3,2499.57,2224.21
LD00012747,2905.79,1708.62,2737.92
LD00012748,2157.1,1585.94,1477.03
LD00012749,2839.23,1871.04,2579.78
LD00012750,1828.65,2253.94,1719.22
LD00012751,1604.98,1835.86,2064.04
LD00012752,1989.16,1540.33,2189.26
LD00012753,1503.77,2153.51,2406.93
LD00012754,2712.59,1941.81,2407.34
LD00012755,2741.17,2332.24,2502.53
LD00012756,2473.15,1424.26,2713.49
LD00012757,1915.68,1432.01,2450.65
LD00012758,2036.26,2109.28,2487.69
LD00012759,2387.48,2143.48,2024.97
LD00012760,2118.7,1927.19,2396.29
LD00012761,2547.28,2123.07,1917.8
LD00012762,1922.17,1492.35,1750.34
LD00012763,2153.11,1536.96,2074.06
LD00012764,2355.8,1241.58,2553.56
LD00012765,2375.55,1251.01,1469.59
LD00012766,2270.13,1834.7,2649.66
LD00012767,1685.62,1635.52,2475.47
LD00012768,1814.34,1891.47,1526.83
LD00012769,2840.01,1818.16,1733.72
LD00012770,2688.09,1616.87,2235.68
LD00012771,2864.37,1968.2,2535.34
LD00012772,1635.85,2443.03,1536.99
LD00012773,2017.93,1244.85,2072.1
LD00012774,1540.07,2058.09,1609.8
LD00012775,1802.75,1864.8,1841.73
LD00012776,1990.28,1333.48,2572.95
LD00012777,1591.4,2401.43,1788.03
LD00012778,2118.56,2194.06,2753.41
LD00012779,1596.79,1428.9,2470.81
LD00012780,2894.15,2260.89,2577.82
LD00012781,2498.53,1494.23,2786.53
LD00012782,2259.94,1297.81,1684.55
LD00012783,2040.78,1495.43,2108.32
LD00012784,2481.65,2301.42,2583.75
LD00012785,1996.88,2228.55,2085.16
LD00012786,2813.74,2461.22,1697.53
LD00012787,2308.36,2104.37,1642.33
LD00012788,2934.03,1329.88,1718.03
LD00012789,2684.42,2276.89,2125.18
LD00012790,2913.79,1559.29,1586.21
LD00012791,2798.8,1852.28,2282.05
LD00012792,2320.82,1434.91,1692.26
LD00012793,2345.37,1834.0,1558.5
LD00012794,2770.97,1679.19,2033.07
LD00012795,1747.97,1253.63,2221.48
LD00012796,2311.69,2101.5,1957.43
LD00012797,2505.58,1513.34,2709.45
LD00012798,2235.29,1620.91,2477.05
LD00012799,1686.07,1762.43,2024.03
LD00012800,2425.12,1789.08,1510.82
LD00012801,2181.06,1353.69,2545.57
LD00012802,2046.87,1892.36,1626.1
LD00012803,1808.46,1966.46,2164.29
LD00012804,2973.02,2383.34,1774.5
LD00012805,2220.87,2128.62,2122.27
LD00012806,2227.04,1906.76,1732.61
LD00012807,1980.06,1539.79,1436.68
LD00012808,1541.45,1556.58,2405.83
LD00012809,2088.98,2408.71,1445.07
LD00012810,2618.26,1909.12,2676.09
LD00012811,1532.23,1324.09,1577.78
LD00012812,2945.03,1221.45,2272.9
LD00012813,2533.68,1797.52,1422.13
LD00012814,2066.73,1234.26,1961.6
LD00012815,1500.16,1437.36,2087.31
LD00012816,1818.47,1266.57,1462.62
LD00012817,2638.42,1280.17,1887.29
LD00012818,2699.63,2172.22,1455.22
LD00012819,2271.93,1302.03,1935.58
LD00012820,1604.2,2010.19,1850.23
LD00012821,2176.08,1865.27,1889.3
LD00012822,2554.5,1617.32,1748.98
LD00012823,2366.48,1878.18,1671.75
LD00012824,2729.2,1911.85,1974.93
LD00012825,1602.54,2379.99,2427.99
LD00012826,1900.79,2206.45,1985.78
LD00012827,1885.74,1208.17,1827.51
LD00012828,2030.9,1958.24,1477.9
LD00012829,1587.6,1852.19,1979.69
LD00012830,2310.41,1610.2,2157.71
LD00012831,1834.7,1317.85,1470.65
LD00012832,2559.61,1365.28,1963.21
LD00012833,2568.44,1829.43,2697.83
LD00012834,1685.91,1418.64,2771.44
LD00012835,1667.38,2413.8,1842.65
LD00012836,2888.26,1823.46,1959.74
LD00012837,1953.05,1549.23,1802.06
LD00012838,2972.26,1313.67,2437.04
LD00012839,1975.59,2246.53,1679.76
LD00012840,2346.49,1735.66,2406.07
LD00012841,2812.01,1205.24,1775.34
LD00012842,2605.79,1887.75,1949.04
LD00012843,2808.62,2140.21,1853.44
LD00012844,2543.63,1576.66,1919.75
LD00012845,1555.29,1942.02,2136.56
LD00012846,2992.79,2195.91,2497.59
LD00012847,1878.77,1755.99,2234.16
LD00012848,2888.94,2498.35,1643.31
LD00012849,2360.28,1849.55,1604.62
LD00012850,1800.59,1598.56,2681.91
LD00012851,2600.17,1814.6,2427.85
LD00012852,2326.5,2040.71,2200.98
LD00012853,1664.98,2436.85,2061.74
LD00012854,1984.33,1280.47,2375.19
LD00012855,2673.55,1624.05,2180.98
LD00012856,2082.66,1310.61,2549.88
LD00012857,2465.17,1292.12,1604.42
LD00012858,1897.45,2164.69,2426.62
LD00012859,2225.88,2327.89,2346.56
LD00012860,1634.19,1364.44,2720.9
LD00012861,2446.2,1550.49,2306.93
LD00012862,2827.43,2243.45,1622.84
LD00012863,1531.4,2327.26,1639.44
LD00012864,1679.06,2072.34,2097.74
LD00012865,1840.88,2213.87,2343.51
LD00012866,2789.68,1373.76,1440.2
LD00012867,2784.51,2026.63,1837.58
LD00012868,2238.43,1364.34,2638.08
LD00012869,2323.27,2054.23,2179.2
LD00012870,2451.59,1946.72,1721.07
LD00012871,2001.64,2125.72,2504.2
LD00012872,1833.23,2388.94,1471.76
LD00012873,2407.98,1784.25,1529.15
LD00012874,1502.95,1540.63,2686.96
LD00012875,2114.55,1353.56,2268.74
LD00012876,2013.7,2053.78,1497.51
LD00012877,2944.41,1971.49,1956.81
LD00012878,2352.62,1594.67,2373.84
LD00012879,1966.18,1968.84,2136.41
LD00012880,2371.6,1925.42,1560.11
LD00012881,2767.31,1297.5,2219.18
LD00012882,2280.57,1326.18,1767.43
LD00012883,1593.13,2158.15,1623.74
LD00012884,1915.57,1963.14,2672.64
LD00012885,2618.4,2247.1,2568.51
LD00012886,1898.27,1609.81,1587.6
LD00012887,2980.2,1328.8,2158.64
LD00012888,2606.51,2379.93,2487.84
LD00012889,2809.17,2095.47,1682.79
LD00012890,2931.39,1664.74,2326.95
LD00012891,2577.04,2389.92,1716.28
LD00012892,2682.15,1388.08,1437.43
LD00012893,2077.38,1351.17,2171.96
LD00012894,2332.58,1478.2,2347.7
LD00012895,2255.48,2332.6,2550.15
LD00012896,2133.93,2064.99,2418.08
LD00012897,2756.58,2287.95,2586.11
LD00012898,2612.62,2050.21,2385.29
LD00012899,2916.66,2037.22,1442.3
LD00012900,1812.72,1629.22,1500.62
LD00012901,2339.97,2114.96,2167.68
LD00012902,2760.57,1540.54,1790.29
LD00012903,1683.3,2477.86,2568.24
LD00012904,2242.14,1963.41,1581.78
LD00012905,2214.83,1597.71,2445.29
LD00012906,2023.5,1993.01,2605.61
LD00012907,2828.81,2355.87,1510.06
LD00012908,1972.02,2344.24,1697.06
LD00012909,2996.01,1862.49,2285.28
LD00012910,2481.25,1400.42,2421.49
LD00012911,1785.23,2360.86,2608.23
LD00012912,1925.18,1639.52,1924.75
LD00012913,2391.93,2319.74,1662.61
LD00012914,2256.68,1459.19,2740.77
LD00012915,2460.79,1397.41,2439.32
LD00012916,2379.65,1244.88,1570.21
LD00012917,2153.79,2156.26,2638.86
LD00012918,1514.32,1916.91,1935.14
LD00012919,2449.19,1566.84,2598.36
LD00012920,2771.62,2471.8,2529.07
LD00012921,1687.34,1680.65,1752.52
LD00012922,2163.96,1366.84,1530.67
LD00012923,2189.56,2019.9,1570.43
LD00012924,1722.0,1465.87,2508.48
LD00012925,2410.63,1371.13,2212.96
LD00012926,2697.19,1577.04,2424.34
LD00012927,1602.25,2197.36,2494.97
LD00012928,2688.07,1806.65,1881.18
LD00012929,2086.33,1416.62,1892.6
LD00012930,1879.83,1299.38,2254.64
LD00012931,2887.34,2001.67,2361.94
LD00012932,1832.92,2079.39,2460.5
LD00012933,2929.64,1254.45,2095.12
LD00012934,2220.49,1919.97,2067.79
LD00012935,1739.08,2340.38,1455.93
LD00012936,2967.1,1391.68,2535.53
LD00012937,2305.43,2213.62,2179.7
LD00012938,2748.98,2040.98,1963.29
LD00012939,2295.01,1681.49,1467.32
LD00012940,1707.31,1433.52,2446.74
LD00012941,2120.89,1442.02,2189.46
LD00012942,1893.02,1319.73,2535.46
LD00012943,1595.94,2071.78,2755.37
LD00012944,2724.38,2021.7,1924.09
LD00012945,2320.34,1602.78,1884.1
LD00012946,2956.31,2330.42,2708.99
LD00012947,2528.09,1709.67,2452.83
LD00012948,2908.99,1400.61,2583.44
LD00012949,2294.31,2322.44,2301.39
LD00012950,1991.67,2485.3,1750.96
LD00012951,2025.24,2383.4,2655.89
LD00012952,1676.19,1223.97,1630.75
LD00012953,2440.68,1572.4,1577.6
LD00012954,2792.27,1933.7,2354.42
LD00012955,2038.1,1875.7,1797.2
LD00012956,2528.81,1672.74,2646.18
LD00012957,2702.83,1657.25,1891.13
LD00012958,2519.21,1707.04,1434.78
LD00012959,2258.05,1702.76,1759.5
LD00012960,2422.89,2170.95,1757.64
LD00012961,2245.61,1397.73,1498.81
LD00012962,2523.96,1447.16,2487.9
LD00012963,2540.58,1589.21,1847.24
LD00012964,2171.71,1966.45,2160.4
LD00012965,2086.98,2066.5,1514.47
LD00012966,1917.68,1473.84,2037.69
LD00012967,1659.95,1794.58,1812.43
LD00012968,1664.73,2146.06,2248.62
LD00012969,2549.82,2499.39,2738.94
LD00012970,1991.3,1825.43,1628.02
LD00012971,2834.61,2481.43,2380.25
LD00012972,2428.37,2487.48,1688.39
LD00012973,1787.87,2473.44,1616.79
LD00012974,2302.87,1483.5,2008.12
LD00012975,1811.89,2165.23,1656.15
LD00012976,2464.96,2227.62,2310.71
LD00012977,2905.21,1683.97,2067.58
LD00012978,2029.49,1375.54,1888.16
LD00012979,1998.35,1569.38,1722.01
LD00012980,1904.84,1931.29,2100.63
LD00012981,2328.18,1548.78,1721.93
LD00012982,2315.16,1848.89,2101.26
LD00012983,2555.0,2343.85,2617.67
LD00012984,1678.58,1629.88,1586.23
LD00012985,2816.02,1243.66,2674.69
LD00012986,2192.0,1303.75,2561.22
LD00012987,2158.69,1319.07,2276.99
LD00012988,1613.73,1789.5,2021.95
LD00012989,2242.06,2193.71,2073.47
LD00012990,2209.8,1615.33,2210.26
LD00012991,1608.43,1430.45,2568.98
LD00012992,2841.96,1496.61,2597.82
LD00012993,2815.39,2066.08,1964.19
LD00012994,2818.87,2009.76,2224.78
LD00012995,1918.31,1889.75,1428.41
LD00012996,2973.54,1251.96,2144.85
LD00012997,1941.39,2431.15,1779.96
LD00012998,1997.2,1380.54,2095.41
LD00012999,2788.01,1273.66,2531.4
LD00013000,2839.32,2372.16,1562.5
LD00013001,2950.7,1203.99,2193.7
LD00013002,2002.32,1723.91,1696.19
LD00013003,2824.73,1833.11,2091.57
LD00013004,2455.06,1659.41,2400.01
LD00013005,2439.06,1422.1,2243.69
LD00013006,2914.4,1643.54,2422.47
LD00013007,2642.36,1898.36,1592.24
LD00013008,2818.88,2306.78,1929.64
LD00013009,2214.08,1323.18,1516.54
LD00013010,2695.32,2156.26,1771.65
LD00013011,2507.26,1471.05,1656.34
LD00013012,1683.4,2118.53,1774.53
LD00013013,2162.31,2236.59,2430.69
LD00013014,1669.44,1760.66,2725.86
LD00013015,2820.95,2357.84,2775.46
LD00013016,2532.59,1450.76,2717.84
LD00013017,2804.85,1251.73,1609.98
LD00013018,1573.01,1230.08,2491.93
LD00013019,1784.6,2452.33,2151.19
LD00013020,1556.99,1523.76,2731.2
LD00013021,2271.82,1733.36,2182.6
LD00013022,2497.01,1760.27,2072.62
LD00013023,1919.37,1791.44,2309.67
LD00013024,1882.91,1877.88,2766.72
LD00013025,2921.45,2216.2,2344.28
LD00013026,1763.26,1275.63,2577.74
LD00013027,2091.51,1335.54,2161.83
LD00013028,2042.44,1875.6,2573.9
LD00013029,2008.2,2169.84,2338.17
LD00013030,2852.5,1438.62,1555.69
LD00013031,2285.29,1540.4,2792.56
LD00013032,1720.81,1502.88,2722.05
LD00013033,1615.4,1453.76,1736.29
LD00013034,2992.3,1222.09,1991.07
LD00013035,1517.53,1377.94,2519.94
LD00013036,2490.69,2310.03,1503.92
LD00013037,1543.87,2269.42,1957.05
LD00013038,2937.6,1364.38,2551.73
LD00013039,2230.98,1414.43,2553.85
LD00013040,2071.42,2190.33,1443.02
LD00013041,2820.33,1308.83,1477.08
LD00013042,1609.95,1336.8,2520.78
LD00013043,2052.64,1850.27,1843.39
LD00013044,1806.62,2107.86,1724.35
LD00013045,2595.36,2204.25,2471.48
LD00013046,2884.63,2171.6,2670.85
LD00013047,2113.14,1572.44,1497.88
LD00013048,1892.01,2432.09,2290.71
LD00013049,1848.53,2075.3,1826.78
LD00013050,2909.05,1583.24,1839.75
LD00013051,2332.95,1898.85,2062.64
LD00013052,2139.5,1323.4,1474.71
LD00013053,2140.2,1322.5,2502.55
LD00013054,2206.43,1280.74,1530.14
LD00013055,2392.08,1938.82,1660.64
LD00013056,2950.91,1824.15,2029.05
LD00013057,2355.62,1811.28,1620.42
LD00013058,2089.15,1233.72,1435.46
LD00013059,1870.19,1538.42,2307.27
LD00013060,2450.45,2260.39,1426.97
LD00013061,2251.0,1460.81,1644.65
LD00013062,2785.44,1609.1,2054.33
LD00013063,2608.29,2466.69,2712.68
LD00013064,2157.44,2033.55,2179.13
LD00013065,2184.86,2073.53,2288.95
LD00013066,2148.12,1691.59,2669.0
LD00013067,2109.07,1326.5,1579.28
LD00013068,2346.96,1575.96,1430.96
LD00013069,2965.01,1974.03,2526.05
LD00013070,1966.92,1664.4,2206.72
LD00013071,2304.91,2368.19,2480.99
LD00013072,1536.11,2481.13,1711.71
LD00013073,2848.25,1844.83,1502.49
LD00013074,2780.03,2230.7,2363.61
LD00013075,2198.15,1369.88,1819.72
LD00013076,2935.44,1589.75,2089.4
LD00013077,2648.31,1702.76,1759.25
LD00013078,1565.48,2185.43,1878.87
LD00013079,2954.54,2407.03,1513.13
LD00013080,2476.82,2149.11,2594.05
LD00013081,2995.84,2416.84,2635.34
LD00013082,2440.98,1717.45,2149.64
LD00013083,2690.18,2000.2,2560.49
LD00013084,2531.04,2438.1,1559.41
LD00013085,2327.46,2230.22,1560.91
LD00013086,2304.01,2309.84,1654.65
LD00013087,2291.59,1927.18,1746.03
LD00013088,2871.45,2180.87,2407.16
LD00013089,1700.28,1404.33,2074.82
LD00013090,2069.12,2317.18,2355.97
LD00013091,1782.13,1963.22,2753.09
LD00013092,1752.15,2240.3,2014.85
LD00013093,2801.34,1413.22,1861.37
LD00013094,1673.43,1475.89,1885.49
LD00013095,1921.16,2098.25,2228.3
LD00013096,2085.89,2162.45,2650.14
LD00013097,1935.87,1754.66,2313.93
LD00013098,1668.9,2407.76,2200.38
LD00013099,1748.12,1826.4,1672.41
LD00013100,1982.08,2419.16,2336.66
LD00013101,1566.79,2282.55,1616.11
LD00013102,1699.66,2146.45,1928.1
LD00013103,1839.31,2271.37,2152.74
LD00013104,2361.4,1652.7,2732.7
LD00013105,1870.85,1355.31,2585.99
LD00013106,1907.3,1986.08,1431.92
LD00013107,1554.36,1636.17,2264.15
LD00013108,2540.57,1697.0,1599.49
LD00013109,2529.6,2491.44,1986.14
LD00013110,2818.69,1412.72,2387.05
LD00013111,1891.15,1594.72,1443.52
LD00013112,2108.38,2004.54,2296.76
LD00013113,1985.08,1835.64,1688.57
LD00013114,2691.05,1818.89,2138.18
LD00013115,2409.39,1645.21,1662.73
LD00013116,2827.62,1468.69,2514.43
LD00013117,1964.5,1677.76,1407.65
LD00013118,2297.38,2461.14,2352.67
LD00013119,1561.23,1215.98,2646.01
LD00013120,2574.5,1293.66,2450.11
LD00013121,2682.09,2059.77,1964.51
LD00013122,2048.75,1710.62,2219.07
LD00013123,2300.27,1818.97,1410.43
LD00013124,2459.79,1315.37,1582.28
LD00013125,1823.54,1241.35,2547.55
LD00013126,2199.26,1667.42,2417.52
LD00013127,2626.69,2156.98,1834.96
LD00013128,2193.52,1673.79,2485.16
LD00013129,2003.88,2144.07,2380.74
LD00013130,1911.77,2494.41,1684.58
LD00013131,1851.69,2378.13,2463.25
LD00013132,2484.61,2248.03,1657.31
LD00013133,1868.43,2239.7,1527.38
LD00013134,2614.77,2223.3,1503.55
LD00013135,2660.41,1892.47,2013.36
LD00013136,1522.19,2283.57,2107.79
LD00013137,1640.35,1740.46,1885.99
LD00013138,2428.97,1902.4,1673.8
LD00013139,2871.81,2002.52,2420.56
LD00013140,2685.32,1532.74,1531.76
LD00013141,2261.28,2286.1,2609.08
LD00013142,1867.13,1295.48,2044.31
LD00013143,1945.29,2309.27,1757.21
LD00013144,1896.71,1380.12,2433.54
LD00013145,2350.26,1774.52,2782.8
LD00013146,2223.63,2222.01,2468.89
LD00013147,2118.92,2414.87,1746.69
LD00013148,2843.0,2315.24,2276.83
LD00013149,2293.88,1211.86,1480.84
LD00013150,2968.49,1605.52,1934.54
LD00013151,2563.81,2003.56,1433.62
LD00013152,1976.45,2355.48,2316.79
LD00013153,1821.22,1235.08,2477.66
LD00013154,2711.42,1786.2,1541.9
LD00013155,2270.04,1853.4,2221.73
LD00013156,1733.67,2208.81,1826.96
LD00013157,1746.83,2298.83,1827.15
LD00013158,2237.76,2196.8,2012.91
LD00013159,1788.12,1692.3,2457.34
LD00013160,2795.61,1274.94,2377.78
LD00013161,1632.07,2344.41,2484.61
LD00013162,1539.25,2285.61,2222.07
LD00013163,1783.29,2305.58,2455.6
LD00013164,2401.09,1886.21,1413.52
LD00013165,2644.76,1859.7,2344.84
LD00013166,2426.96,1850.24,1491.59
LD00013167,1861.63,1843.08,2236.99
LD00013168,1787.68,1472.67,2375.45
LD00013169,1653.35,2332.67,2210.91
LD00013170,2988.94,1769.51,1999.82
LD00013171,1608.23,1239.37,2141.91
LD00013172,2224.63,2359.15,2022.38
LD00013173,2574.68,1959.81,2676.56
LD00013174,1718.37,2302.89,2476.07
LD00013175,2120.01,2296.48,2428.35
LD00013176,1622.59,1222.23,2204.01
LD00013177,1678.15,1743.47,2458.26
LD00013178,1973.13,1414.96,2166.08
LD00013179,2358.17,2131.7,2290.2
LD00013180,1884.01,1880.45,1914.54
LD00013181,1999.47,1403.55,1721.48
LD00013182,2593.04,1370.98,1962.97
LD00013183,1976.4,2285.58,1932.66
LD00013184,2326.45,2171.36,2786.77
LD00013185,2492.86,1828.9,1558.97
LD00013186,2349.09,1870.14,2443.28
LD00013187,1636.54,2487.19,1735.31
LD00013188,1739.92,1545.72,1718.46
LD00013189,1950.06,1925.13,1639.79
LD00013190,1874.06,1806.36,2037.43
LD00013191,1516.15,2310.28,2738.15
LD00013192,2960.59,1612.98,2203.83
LD00013193,1797.63,2225.75,2630.19
LD00013194,2564.9,1845.21,2705.89
LD00013195,2202.61,1573.56,1902.55
LD00013196,2158.92,2020.31,2550.34
LD00013197,2850.6,2247.45,1612.16
LD00013198,2934.11,1380.03,1745.26
LD00013199,1835.87,1638.58,1642.45
LD00013200,1754.61,2417.57,2637.51
LD00013201,2055.89,1436.01,2599.34
LD00013202,1647.68,1417.94,1858.31
LD00013203,1590.12,2449.57,1423.74
LD00013204,2731.93,1420.77,2672.63
LD00013205,2669.37,1753.77,2795.9
LD00013206,2503.78,2004.66,1590.69
LD00013207,1542.16,2434.26,2799.98
LD00013208,2449.29,2480.54,2468.18
LD00013209,2257.24,2235.46,1610.15
LD00013210,2540.87,1200.51,2594.12
LD00013211,1732.91,1987.33,1977.53
LD00013212,1776.03,1737.45,1911.15
LD00013213,2210.41,2294.66,1426.65
LD00013214,2574.65,2030.58,2252.37
LD00013215,2665.14,2188.64,1755.08
LD00013216,2508.2,2229.23,2660.43
LD00013217,2562.51,1786.59,2323.62
LD00013218,2512.63,2133.45,1979.2
LD00013219,2019.27,2418.68,1779.83
LD00013220,1850.08,1630.77,1693.01
LD00013221,1574.66,2286.01,2419.15
LD00013222,1595.03,2324.84,1463.53
LD00013223,1989.02,2441.12,1676.79
LD00013224,2595.09,1659.03,1897.26
LD00013225,2429.19,1808.39,1456.78
LD00013226,1684.07,1537.59,1495.34
LD00013227,2623.64,2337.56,2601.09
LD00013228,2545.95,2101.4,2707.63
LD00013229,2408.8,2166.6,2585.65
LD00013230,1572.45,1309.52,2132.39
LD00013231,2365.46,2176.11,2041.77
LD00013232,2838.9,1906.15,1885.78
LD00013233,2495.65,1698.17,2523.3
LD00013234,2536.02,1705.36,1700.26
LD00013235,2168.16,2197.89,2568.24
LD00013236,2165.93,2369.38,1881.57
LD00013237,1978.59,2193.12,1554.84
LD00013238,2216.39,2482.1,1495.22
LD00013239,1792.04,1734.36,2447.37
LD00013240,2707.11,1389.84,1666.52
LD00013241,2108.46,2199.29,1831.36
LD00013242,2331.36,2100.32,2431.45
LD00013243,1751.54,1252.17,2450.62
LD00013244,2779.14,2233.0,2728.35
LD00013245,1910.55,1541.75,2594.73
LD00013246,2665.0,1846.52,2411.92
LD00013247,2046.09,2339.73,1552.84
LD00013248,2024.33,1219.27,1636.99
LD00013249,2927.6,2454.87,2016.1
LD00013250,1852.33,1469.95,2754.86
LD00013251,2067.75,2479.19,2647.84
LD00013252,2284.33,2480.03,2071.93
LD00013253,1638.36,1246.89,2521.82
LD00013254,2943.18,1313.56,1513.49
LD00013255,2901.41,1612.7,2283.01
LD00013256,1961.66,1327.12,2474.79
LD00013257,2995.25,1854.28,1527.03
LD00013258,2613.59,1219.06,2580.52
LD00013259,2547.97,1748.94,2038.8
LD00013260,2397.99,2071.17,1863.19
LD00013261,2316.59,1440.8,1752.15
LD00013262,1915.99,2137.74,2110.32
LD00013263,1501.14,1880.72,1909.92
LD00013264,1980.02,1633.98,2552.15
LD00013265,1648.14,1470.21,2533.16
LD00013266,2049.21,2262.96,2404.47
LD00013267,2111.63,1966.32,2556.53
LD00013268,2029.29,1726.52,2198.48
LD00013269,2277.78,1796.83,2777.66
LD00013270,1893.49,1374.52,1996.71
LD00013271,1768.65,2038.29,2788.61
LD00013272,2419.36,2345.7,1436.47
LD00013273,1847.91,2084.14,2396.19
LD00013274,1637.83,2379.35,2397.78
LD00013275,2937.09,2466.85,2528.02
LD00013276,2309.97,1739.02,2635.46
LD00013277,2918.9,1796.04,1666.86
LD00013278,2405.76,1973.1,1574.96
LD00013279,2315.08,1999.69,2730.43
LD00013280,2454.57,1858.85,1462.23
LD00013281,1918.12,1856.56,1442.49
LD00013282,1837.83,1313.53,1452.94
LD00013283,1640.23,1810.19,1544.15
LD00013284,1676.81,2417.76,2257.82
LD00013285,1714.42,1798.65,1921.99
LD00013286,2061.8,1662.54,1513.86
LD00013287,2657.99,2372.92,2005.85
LD00013288,2447.63,2437.34,2682.28
LD00013289,2216.69,1255.43,1538.2
LD00013290,2006.45,2029.76,1462.49
LD00013291,2699.17,2244.64,1737.24
LD00013292,1531.79,1744.58,2664.18
LD00013293,1785.28,1258.6,1433.89
LD00013294,1732.43,1469.21,2535.54
LD00013295,2564.12,2375.88,2240.68
LD00013296,1734.44,1629.69,2558.48
LD00013297,2396.06,2105.18,2308.51
LD00013298,2776.06,2219.26,2659.34
LD00013299,2194.22,1875.65,1904.57
LD00013300,1693.84,1699.72,1484.86
LD00013301,2211.6,2047.95,2194.98
LD00013302,2729.98,1745.61,1953.61
LD00013303,2641.86,1671.69,1484.15
LD00013304,2870.29,1934.13,2318.29
LD00013305,1679.54,1768.86,1671.61
LD00013306,2245.83,1723.7,2142.31
LD00013307,1696.11,1420.42,1623.0
LD00013308,1976.81,2034.57,2727.53
LD00013309,1902.51,1938.85,2516.55
LD00013310,2801.91,1932.29,1514.11
LD00013311,1741.62,1776.37,1525.99
LD00013312,2294.8,2470.83,1747.34
LD00013313,1686.47,1324.98,1809.14
LD00013314,1598.16,1555.5,2738.41
LD00013315,2546.93,2329.07,2533.25
LD00013316,2193.22,2064.9,2141.3
LD00013317,1981.21,1627.34,2303.14
LD00013318,2196.25,2274.75,1949.92
LD00013319,2064.12,1885.05,2102.55
LD00013320,2472.79,1905.28,1739.82
LD00013321,2039.83,2334.7,1847.8
LD00013322,1932.71,1704.72,2235.05
LD00013323,1813.72,1551.03,1621.61
LD00013324,2050.38,1772.16,2141.26
LD00013325,2472.51,2370.12,1844.16
LD00013326,2677.77,1753.74,2552.43
LD00013327,2769.03,2192.99,1809.78
LD00013328,2533.32,1358.66,1659.41
LD00013329,2979.45,2067.55,1562.27
LD00013330,2783.91,1469.05,2314.21
LD00013331,2586.5,1399.45,1937.65
LD00013332,2471.24,2142.39,2368.84
LD00013333,1556.91,1347.38,2535.48
LD00013334,2439.85,1302.31,1448.23
LD00013335,1575.29,1384.58,2603.75
LD00013336,1862.98,1856.99,2777.79
LD00013337,2870.56,1685.79,1659.3
LD00013338,1987.86,2326.27,2684.49
LD00013339,1582.39,1604.01,2615.03
LD00013340,2699.45,1631.54,1420.51
LD00013341,2971.42,1718.19,2272.24
LD00013342,2389.08,1429.46,1508.64
LD00013343,1871.56,1261.72,1707.44
LD00013344,1831.4,1764.42,2178.81
LD00013345,1876.24,1881.28,1561.88
LD00013346,2862.19,1436.13,1920.39
LD00013347,1847.87,1827.87,2219.45
LD00013348,2897.21,1279.51,2093.67
LD00013349,2753.91,2346.23,2561.82
LD00013350,2583.07,1821.03,2351.44
LD00013351,1797.87,2306.46,1464.18
LD00013352,2147.51,1214.44,2616.18
LD00013353,2329.79,1723.7,1841.71
LD00013354,2833.42,1746.92,1591.72
LD00013355,2521.64,1787.32,2573.47
LD00013356,2663.83,2164.38,1453.73
LD00013357,2192.61,1941.31,1675.84
LD00013358,2238.07,2142.14,1423.27
LD00013359,2211.67,2358.98,2525.22
LD00013360,2783.69,2427.26,1728.32
LD00013361,2617.91,2150.38,2774.92
LD00013362,2812.27,1566.38,2789.09
LD00013363,1795.0,1644.98,2014.93
LD00013364,2955.63,2017.63,2360.14
LD00013365,2942.11,2001.88,1457.86
LD00013366,2511.4,1796.95,1471.71
LD00013367,2129.02,1374.32,1531.7
LD00013368,2345.06,1582.21,1946.2
LD00013369,2111.9,1955.39,2480.99
LD00013370,2385.84,1546.19,2164.87
LD00013371,1850.04,1930.68,1720.51
LD00013372,2274.72,1243.5,2723.95
LD00013373,2354.39,1533.0,1584.81
LD00013374,2022.45,2467.05,1486.57
LD00013375,2142.79,1526.92,2172.91
LD00013376,2194.01,2046.35,2061.36
LD00013377,2768.8,1953.48,2322.91
LD00013378,2351.08,1637.4,2672.96
LD00013379,2816.04,1557.95,1855.16
LD00013380,2421.26,1628.79,1776.93
LD00013381,1908.85,1763.96,2558.27
LD00013382,2503.69,2228.34,1567.28
LD00013383,2875.84,2374.83,2709.02
LD00013384,2091.83,1677.56,2590.39
LD00013385,2886.4,1390.82,1888.31
LD00013386,1665.89,1394.98,1790.0
LD00013387,2682.02,1312.35,2481.37
LD00013388,1648.71,2206.56,1466.0
LD00013389,1768.54,1986.07,2269.37
LD00013390,1542.83,1937.22,2704.97
LD00013391,1835.41,2137.4,2113.07
LD00013392,1826.92,1499.52,2332.27
LD00013393,2346.06,1638.67,2620.9
LD00013394,1890.24,1924.84,1967.93
LD00013395,2924.55,1353.89,1827.18
LD00013396,2520.24,1743.34,1813.91
LD00013397,2550.58,1975.24,1748.86
LD00013398,1731.24,1532.32,1851.25
LD00013399,2203.51,1217.27,2794.36
LD00013400,2577.59,1830.38,1655.16
LD00013401,2204.38,1840.21,1502.75
LD00013402,2205.27,1482.01,2158.05
LD00013403,1898.78,1200.93,2766.84
LD00013404,1538.02,1830.01,2686.58
LD00013405,2918.35,2206.38,1464.07
LD00013406,2051.8,1577.63,2796.62
LD00013407,2320.08,2303.77,1816.39
LD00013408,2099.35,1963.98,2503.11
LD00013409,2783.17,1594.32,2658.64
LD00013410,2057.22,2183.64,2483.02
LD00013411,1925.14,1976.97,1550.92
LD00013412,2822.21,1547.3,1735.63
LD00013413,1921.83,1348.66,2705.76
LD00013414,2731.76,2229.36,1829.85
LD00013415,2930.64,2047.6,2702.83
LD00013416,1755.76,1553.21,2420.78
LD00013417,1533.26,2452.6,2000.71
LD00013418,2398.56,2112.16,1435.34
LD00013419,2237.09,2225.8,1586.5
LD00013420,2619.62,2071.12,1406.53
LD00013421,2485.37,1392.54,1668.3
LD00013422,2693.48,2213.17,1707.74
LD00013423,2558.3,1653.76,2387.79
LD00013424,2870.42,1932.48,1968.6
LD00013425,1998.1,2284.27,2539.86
LD00013426,1713.45,1722.87,2072.64
LD00013427,1580.77,2383.61,2638.26
LD00013428,1709.61,2447.28,1453.59
LD00013429,1652.55,2166.01,2762.94
LD00013430,1714.29,2069.01,1526.09
LD00013431,2464.33,2020.62,2561.47
LD00013432,2205.19,1725.39,1469.14
LD00013433,1893.59,2279.26,1577.43
LD00013434,2055.96,1211.92,2225.91
LD00013435,2818.66,2263.52,2683.54
LD00013436,2872.59,1599.52,1981.07
LD00013437,2013.94,2113.08,2504.95
LD00013438,1958.1,2138.36,2498.83
LD00013439,2455.06,1494.44,2209.29
LD00013440,2243.24,2048.42,1419.02
LD00013441,2089.25,1744.88,1933.83
LD00013442,2578.62,2009.37,2694.41
LD00013443,1594.75,1622.33,1612.89
LD00013444,2904.75,2178.51,1822.54
LD00013445,2836.49,2298.22,2775.23
LD00013446,1521.58,1572.09,1754.46
LD00013447,1705.41,2015.36,2000.46
LD00013448,2369.31,2202.62,2029.25
LD00013449,1889.79,1274.91,2195.11
LD00013450,2980.2,1782.71,1685.16
LD00013451,1674.64,2166.36,2708.4
LD00013452,2666.22,1744.16,2262.08
LD00013453,1542.43,1484.61,1578.85
LD00013454,2991.94,2238.11,2719.37
LD00013455,2032.43,2485.55,2587.85
LD00013456,2908.52,1637.86,2641.03
LD00013457,2425.62,1958.89,2175.46
LD00013458,2581.9,1979.34,1446.34
LD00013459,2852.42,2091.86,1780.27
LD00013460,2491.8,1440.43,1931.36
LD00013461,2821.44,1859.61,1457.06
LD00013462,2547.33,1390.0,2343.36
LD00013463,1527.08,1378.93,1567.62
LD00013464,1726.69,2321.04,2080.11
LD00013465,2484.35,1424.15,1522.19
LD00013466,2008.86,1515.79,1732.03
LD00013467,2895.23,2254.04,1836.39
LD00013468,2035.0,2095.18,2010.72
LD00013469,1706.84,2210.23,1892.04
LD00013470,1646.69,1514.15,1692.3
LD00013471,1870.25,1596.83,1919.05
LD00013472,2045.96,1690.33,2368.36
LD00013473,1966.98,2166.54,1590.29
LD00013474,2024.75,1825.45,1650.31
LD00013475,2277.63,2138.93,2694.01
LD00013476,2997.89,2434.66,2575.11
LD00013477,1828.27,1686.65,1993.15
LD00013478,2867.46,2282.91,2446.87
LD00013479,1689.58,2408.78,2179.34
LD00013480,2523.79,2227.41,1583.85
LD00013481,1944.37,1705.05,2058.24
LD00013482,2504.52,1620.31,1498.36
LD00013483,2831.18,1357.37,2367.16
LD00013484,2008.2,2243.02,2000.07
LD00013485,2780.53,1755.65,1867.66
LD00013486,1842.07,2021.52,1791.2
LD00013487,2169.19,2194.08,1408.41
LD00013488,1713.13,2424.29,1702.72
LD00013489,1585.28,1460.46,2763.08
LD00013490,1833.6,1387.19,2658.14
LD00013491,2134.09,1250.91,2536.44
LD00013492,2749.04,2022.14,2672.91
LD00013493,2791.1,1673.11,2436.55
LD00013494,2377.29,1910.22,2323.28
LD00013495,2557.69,2465.07,1833.25
LD00013496,2565.19,2438.96,2583.26
LD00013497,2845.18,1324.96,2401.99
LD00013498,2049.95,1296.36,1677.48
LD00013499,2288.09,1621.55,1687.58
LD00013500,1725.82,1932.44,2113.76
LD00013501,1894.22,2311.65,2278.89
LD00013502,2969.88,2282.48,2270.23
LD00013503,1857.86,1872.22,2392.47
LD00013504,1848.56,1376.89,1780.58
LD00013505,2752.58,1227.63,2749.87
LD00013506,2830.49,1930.78,2587.58
LD00013507,1551.08,2096.31,2683.6
LD00013508,2913.46,1705.69,2763.22
LD00013509,2381.17,2104.43,2177.93
LD00013510,1613.98,1855.35,1952.21
LD00013511,2969.49,1635.78,2663.47
LD00013512,2461.24,1935.33,2277.4
LD00013513,2456.1,2009.38,2004.07
LD00013514,1948.0,1232.51,1418.7
LD00013515,2179.88,1524.57,1541.42
LD00013516,2516.39,2262.37,1890.1
LD00013517,1788.04,1331.63,2037.21
LD00013518,1907.89,1445.92,2521.11
LD00013519,1900.24,1812.55,2790.06
LD00013520,2530.54,1695.37,2217.55
LD00013521,1691.46,1809.31,2033.39
LD00013522,2684.0,1613.33,2547.68
LD00013523,1984.6,2496.16,2542.38
LD00013524,1530.18,2397.73,1756.91
LD00013525,1513.98,2195.01,2386.27
LD00013526,2991.61,1714.06,2660.48
LD00013527,2262.11,1834.95,2182.03
LD00013528,1961.7,1658.2,2772.77
LD00013529,2669.27,2409.72,1476.14
LD00013530,2981.5,1973.52,1728.76
LD00013531,2336.15,2342.63,2006.87
LD00013532,2109.36,2392.82,2050.52
LD00013533,2897.56,1200.15,2109.24
LD00013534,1652.11,2443.19,2383.35
LD00013535,2188.86,1714.43,1821.63
LD00013536,2192.28,1972.48,2228.67
LD00013537,1507.25,1223.29,1440.8
LD00013538,2386.5,2030.96,2326.16
LD00013539,2183.89,2405.98,2019.34
LD00013540,1743.84,1756.51,1847.85
LD00013541,2270.22,2137.85,2693.23
LD00013542,2627.95,2445.78,1687.6
LD00013543,1901.22,1659.97,1690.16
LD00013544,2814.17,2165.7,2097.85
LD00013545,2712.71,1538.9,1887.46
LD00013546,2355.88,1719.05,1765.86
LD00013547,2808.75,1830.42,2499.47
LD00013548,1723.89,1515.87,2597.11
LD00013549,2811.58,1897.08,2179.38
LD00013550,2016.02,2252.08,2236.74
LD00013551,1758.19,2421.46,1546.07
LD00013552,1851.08,2184.8,1534.38
LD00013553,2775.03,1734.37,2452.16
LD00013554,1514.99,1845.33,1807.92
LD00013555,1965.73,1606.68,2391.84
LD00013556,1621.6,1731.01,2347.27
LD00013557,2273.34,2435.96,1844.69
LD00013558,1989.69,1878.12,2793.68
LD00013559,2018.04,2264.05,1697.67
LD00013560,2898.57,2098.15,1630.48
LD00013561,1626.65,2244.11,2543.97
LD00013562,2342.05,1329.28,2391.29
LD00013563,2115.68,1603.95,2420.16
LD00013564,1543.64,1674.85,2729.58
LD00013565,2000.78,1546.47,2520.45
LD00013566,1858.24,2453.29,2232.73
LD00013567,2782.09,1711.19,1450.69
LD00013568,2177.12,2002.24,1497.49
LD00013569,2079.66,2210.37,2626.84
LD00013570,1514.04,2198.34,1983.29
LD00013571,1994.28,1335.04,2503.85
LD00013572,2230.52,2432.61,2785.07
LD00013573,1769.79,1720.6,2644.2
LD00013574,2563.76,1903.3,2029.78
LD00013575,2811.47,2004.29,2067.34
LD00013576,2685.72,1320.69,2423.03
LD00013577,1944.83,1316.55,2352.17
LD00013578,2816.23,1254.67,2299.85
LD00013579,2068.18,2091.07,1998.34
LD00013580,2309.2,2041.54,2358.43
LD00013581,2398.97,1526.4,2099.15
LD00013582,2486.32,1738.32,1993.29
LD00013583,2060.57,2265.42,1756.96
LD00013584,1817.9,1507.44,1488.14
LD00013585,2149.79,1550.06,2125.03
LD00013586,2042.82,1499.66,1729.75
LD00013587,2285.65,1274.56,2011.18
LD00013588,2261.12,1877.12,1951.31
LD00013589,2533.62,1627.23,2529.2
LD00013590,2599.73,1250.75,2633.71
LD00013591,1995.25,1451.25,1781.22
LD00013592,1966.11,1806.66,2595.0
LD00013593,2847.15,2228.84,2511.68
LD00013594,2049.34,1594.78,1592.02
LD00013595,2169.5,2043.77,1781.04
LD00013596,2887.53,1805.5,2425.91
LD00013597,1764.36,1473.73,1631.18
LD00013598,2574.21,1944.94,1899.61
LD00013599,2511.94,1484.07,2347.72
LD00013600,2760.23,1559.24,2207.52
LD00013601,1611.66,2364.74,1828.03
LD00013602,1743.01,1510.85,2482.33
LD00013603,1949.45,1507.16,1714.32
LD00013604,1556.65,2352.36,1612.54
LD00013605,1620.8,1649.99,2309.36
LD00013606,2870.9,2357.94,2629.02
LD00013607,2208.4,2183.54,2248.91
LD00013608,2790.87,2351.97,1805.54
LD00013609,1651.72,2286.87,2700.62
LD00013610,1531.97,2173.02,1602.42
LD00013611,1774.24,1243.96,2773.69
LD00013612,2596.96,1448.71,1577.18
LD00013613,1876.68,1255.01,2451.17
LD00013614,2385.22,2294.03,2648.55
LD00013615,2642.56,2057.83,2755.59
LD00013616,2581.59,2181.6,2675.32
LD00013617,2388.02,1540.32,1902.44
LD00013618,2514.39,1405.39,1454.91
LD00013619,2522.55,2375.54,1800.05
LD00013620,2427.15,1219.06,1906.83
LD00013621,2899.09,2403.14,1653.95
LD00013622,2239.71,2419.57,2205.71
LD00013623,1597.11,2000.51,1670.96
LD00013624,2724.96,1488.59,2179.02
LD00013625,2603.83,2380.79,1690.22
LD00013626,1885.06,2296.81,2476.4
LD00013627,2851.47,1228.02,2598.8
LD00013628,2874.04,1686.84,2673.99
LD00013629,1663.44,1304.78,1853.44
LD00013630,2498.84,1319.49,1455.49
LD00013631,1535.7,2086.68,2128.45
LD00013632,1703.44,1360.98,2350.52
LD00013633,2083.58,1488.26,1855.52
LD00013634,1607.71,1777.2,1422.55
LD00013635,2253.67,1401.4,2430.78
LD00013636,1858.85,2102.4,2396.3
LD00013637,2137.42,2383.83,2001.09
LD00013638,2738.1,1978.63,1762.96
LD00013639,2968.78,1862.44,2226.1
LD00013640,2333.74,2409.79,1866.56
LD00013641,2460.62,2071.24,2257.89
LD00013642,2956.15,1957.34,2434.55
LD00013643,2989.01,2341.51,2049.34
LD00013644,2529.58,1877.51,2182.97
LD00013645,2998.98,1400.04,2553.46
LD00013646,2713.07,2405.84,2770.11
LD00013647,1588.66,2328.54,2146.21
LD00013648,2462.06,1370.04,2059.38
LD00013649,1971.79,2313.14,1912.09
LD00013650,2302.33,1432.35,2526.25
LD00013651,1817.96,1576.03,1859.52
LD00013652,2008.2,1275.77,2049.49
LD00013653,2142.67,2363.04,1521.06
LD00013654,1845.28,1411.6,2650.82
LD00013655,2623.9,2241.47,1487.15
LD00013656,2398.64,2067.89,2446.13
LD00013657,2097.97,1630.53,2544.74
LD00013658,1953.89,1928.69,1822.79
LD00013659,1507.97,2012.62,2076.06
LD00013660,1877.96,2490.29,2406.37
LD00013661,2556.19,1933.67,2659.33
LD00013662,1666.26,1791.31,2586.87
LD00013663,2352.31,1974.45,2277.99
LD00013664,2208.16,1364.64,2703.81
LD00013665,2334.21,2417.53,2421.55
LD00013666,2396.22,2306.57,2518.96
LD00013667,2028.71,2467.8,2408.32
LD00013668,1987.47,1669.69,2418.06
LD00013669,1611.06,1578.51,2509.95
LD00013670,2740.35,1381.67,2632.52
LD00013671,1881.56,1993.83,2397.24
LD00013672,1871.25,1822.13,2050.59
LD00013673,2896.94,1383.76,2229.63
LD00013674,1894.12,2273.42,2106.83
LD00013675,2581.46,1957.93,2028.19
LD00013676,2416.81,2420.72,1885.27
LD00013677,1998.33,2382.16,1669.59
LD00013678,1680.94,2154.92,2231.4
LD00013679,2344.44,1749.83,1711.66
LD00013680,2367.36,2345.26,1465.91
LD00013681,2943.94,2074.46,1873.55
LD00013682,2335.84,1427.95,2165.62
LD00013683,2213.51,2009.0,2663.73
LD00013684,2493.86,1604.77,1848.97
LD00013685,2917.05,1392.81,1668.45
LD00013686,2315.74,1391.35,2485.95
LD00013687,2995.31,1602.56,2687.99
LD00013688,2220.29,1635.43,1518.34
LD00013689,2781.73,2479.37,2785.75
LD00013690,1668.94,2187.82,2161.58
LD00013691,2786.61,2399.54,2307.2
LD00013692,2579.2,1807.88,2016.65
LD00013693,2811.82,2467.69,2235.76
LD00013694,2103.89,2336.95,2226.12
LD00013695,2241.66,1869.66,2678.17
LD00013696,2365.71,1324.8,2465.83
LD00013697,1774.92,1204.63,2689.31
LD00013698,1563.13,1619.74,2086.16
LD00013699,2394.21,2066.98,1919.3
LD00013700,2087.87,1997.86,1541.65
LD00013701,1919.51,2124.34,2527.38
LD00013702,2401.06,1870.65,2492.4
LD00013703,2106.68,1203.72,2715.55
LD00013704,2545.08,1753.4,2143.12
LD00013705,2602.93,2409.77,1560.96
LD00013706,2504.18,2039.36,1753.68
LD00013707,1600.87,1353.11,2350.54
LD00013708,1907.04,1502.89,1956.86
LD00013709,2655.75,1802.25,1963.7
LD00013710,2035.28,1823.32,2359.07
LD00013711,1562.15,1952.69,2386.24
LD00013712,2252.99,1284.34,1586.1
LD00013713,1817.65,1701.6,1816.5
LD00013714,2678.42,2402.2,2553.55
LD00013715,2097.39,2336.85,2330.78
LD00013716,2932.31,2045.55,1548.24
LD00013717,2189.91,2098.85,1557.23
LD00013718,2423.64,1687.03,2713.99
LD00013719,1764.16,1638.53,2377.28
LD00013720,1964.44,1502.69,1996.69
LD00013721,2026.87,2136.9,2698.33
LD00013722,2316.95,2130.12,1589.53
LD00013723,2985.8,2408.75,1412.45
LD00013724,1619.01,1504.59,2197.99
LD00013725,2125.59,1540.91,1934.55
LD00013726,1897.48,1375.08,2498.1
LD00013727,1751.56,1782.16,1511.6
LD00013728,1599.33,1561.1,2233.93
LD00013729,2855.25,1822.44,2717.12
LD00013730,2469.3,2165.88,1913.93
LD00013731,2727.57,2383.01,2086.01
LD00013732,2764.1,1995.23,1966.16
LD00013733,2181.25,1451.2,1808.71
LD00013734,1860.88,2414.77,2090.89
LD00013735,2955.77,1694.91,1499.76
LD00013736,1887.04,2255.3,1834.58
LD00013737,1836.38,2230.08,1903.21
LD00013738,2466.27,1844.57,2093.61
LD00013739,2530.58,1262.94,2681.57
LD00013740,1611.42,1232.04,2549.25
LD00013741,2726.18,1330.75,2086.11
LD00013742,1748.45,1975.19,2460.27
LD00013743,2387.64,1467.48,1705.52
LD00013744,2207.91,1628.46,1933.3
LD00013745,2791.28,1812.02,1572.8
LD00013746,1914.87,1638.61,2403.2
LD00013747,2789.11,2114.32,2412.81
LD00013748,2963.69,2385.88,1718.16
LD00013749,2005.04,2047.62,2688.8
LD00013750,2048.03,2497.25,2772.31
LD00013751,2450.32,1872.93,1681.63
LD00013752,2564.69,1884.96,1631.45
LD00013753,2392.1,1455.6,1981.04
LD00013754,1904.29,2105.88,1896.55
LD00013755,2085.16,1355.89,1496.96
LD00013756,2278.38,1381.54,1778.1
LD00013757,2221.45,2163.57,1726.52
LD00013758,2775.79,1393.21,1920.0
LD00013759,2871.68,1842.02,2563.56
LD00013760,2181.59,1319.4,2740.05
LD00013761,2945.82,2347.79,1578.88
LD00013762,1964.27,2260.07,1687.21
LD00013763,1713.71,1264.63,2263.96
LD00013764,2295.56,1984.45,1474.47
LD00013765,1681.5,1461.25,2781.07
LD00013766,2443.46,1755.35,1578.68
LD00013767,2691.27,2185.34,2154.61
LD00013768,1957.49,1461.1,1532.31
LD00013769,2028.53,2088.8,2326.19
LD00013770,2636.38,1315.85,2185.61
LD00013771,2825.87,2244.74,2635.71
LD00013772,1969.33,2161.26,2794.18
LD00013773,1587.04,2022.17,1646.63
LD00013774,2752.13,1925.16,2435.89
LD00013775,1636.51,1954.12,1520.69
LD00013776,2220.0,1785.1,1786.96
LD00013777,1993.44,2450.38,1935.38
LD00013778,2473.62,2299.84,2375.02
LD00013779,2290.84,2086.21,2400.51
LD00013780,2674.71,1264.05,2232.69
LD00013781,2299.18,2092.19,1565.12
LD00013782,1776.9,1610.0,2025.04
LD00013783,2123.93,1626.4,1773.55
LD00013784,2539.14,1655.61,2000.39
LD00013785,2345.99,1799.03,1674.99
LD00013786,1793.71,1737.68,1542.72
LD00013787,2478.83,1747.0,1931.7
LD00013788,1881.68,1423.48,2141.89
LD00013789,2991.91,2290.46,2515.51
LD00013790,2220.2,1830.1,1767.68
LD00013791,1630.87,1830.33,2601.22
LD00013792,2066.97,2076.23,2374.35
LD00013793,1575.25,2116.65,2398.99
LD00013794,1786.94,2263.03,1675.75
LD00013795,2199.93,1593.02,2549.78
LD00013796,2819.65,2393.72,2661.08
LD00013797,1750.01,1242.6,1817.77
LD00013798,1558.01,1541.37,2679.97
LD00013799,2847.47,2318.56,2788.94
LD00013800,2891.67,2092.64,2625.48
LD00013801,2358.79,2123.36,1553.79
LD00013802,1827.07,1548.13,2073.08
LD00013803,1791.94,1413.33,1522.95
LD00013804,2264.44,2085.2,1586.18
LD00013805,2764.33,2033.77,2789.32
LD00013806,2028.91,2327.97,1706.54
LD00013807,2847.7,1247.63,1738.86
LD00013808,1562.69,1939.81,2052.87
LD00013809,1836.12,1438.14,2334.14
LD00013810,1658.62,1318.08,2020.65
LD00013811,1774.45,2326.33,1781.39
LD00013812,1761.46,2190.98,2703.28
LD00013813,2752.49,2073.97,1719.64
LD00013814,1575.09,2053.55,2787.95
LD00013815,2404.89,1724.28,2284.31
LD00013816,2616.3,2086.62,1723.17
LD00013817,2646.02,1440.32,1425.54
LD00013818,1652.33,1344.59,2007.86
LD00013819,2438.72,2426.85,2356.23
LD00013820,1885.92,1833.17,2107.75
LD00013821,1926.18,1931.99,2654.12
LD00013822,2456.96,1698.54,2788.69
LD00013823,1805.73,1614.58,2272.1
LD00013824,1814.58,1586.79,2462.93
LD00013825,2794.95,2423.06,2692.19
LD00013826,1794.36,2322.93,2743.63
LD00013827,2983.78,2150.4,2091.01
LD00013828,1771.03,2171.38,1935.67
LD00013829,2077.22,2111.47,2371.83
LD00013830,2997.86,1651.17,2363.53
LD00013831,2994.34,1907.58,2206.3
LD00013832,2938.1,1918.07,2212.12
LD00013833,2741.48,1628.22,2198.75
LD00013834,2368.88,1219.91,2750.95
LD00013835,2374.72,2214.28,2496.35
LD00013836,2883.71,1205.92,1948.23
LD00013837,2859.09,2211.1,2709.0
LD00013838,1917.81,2320.22,2044.29
LD00013839,1809.93,2428.92,2036.98
LD00013840,2215.94,1994.82,1956.36
LD00013841,1923.5,1580.33,1822.99
LD00013842,2381.42,2031.85,2742.64
LD00013843,2272.2,2287.27,2410.65
LD00013844,2441.41,1740.15,1710.24
LD00013845,2416.27,1754.81,1603.44
LD00013846,2173.4,2152.62,1529.58
LD00013847,1590.51,1267.58,2651.46
LD00013848,2607.7,2433.25,2263.48
LD00013849,2454.61,2055.41,1846.37
LD00013850,2025.98,2165.17,1838.13
LD00013851,1947.81,1353.03,1648.78
LD00013852,1595.64,1631.18,2792.52
LD00013853,1816.36,2387.61,1934.44
LD00013854,2997.11,1517.72,1802.41
LD00013855,2610.67,1855.44,2416.89
LD00013856,1982.27,2272.56,2611.58
LD00013857,2735.13,1934.21,2335.18
LD00013858,1746.13,1826.1,2283.27
LD00013859,2726.01,1871.05,2182.78
LD00013860,2147.61,2382.13,1955.77
LD00013861,2989.89,2171.41,2503.41
LD00013862,2415.15,2033.9,1498.21
LD00013863,1501.91,1928.4,2088.82
LD00013864,2775.81,1596.11,1887.94
LD00013865,2706.27,2457.68,1459.22
LD00013866,1999.32,2157.36,1681.57
LD00013867,2426.05,1242.96,1839.44
LD00013868,2526.36,2317.01,1572.64
LD00013869,2926.23,1850.18,1646.2
LD00013870,2567.57,1827.48,2447.26
LD00013871,2529.95,1256.14,2087.87
LD00013872,2688.56,2021.38,1457.36
LD00013873,2709.5,1901.0,2545.11
LD00013874,2630.75,1424.02,1870.51
LD00013875,2348.45,1222.18,2374.13
LD00013876,2143.74,2007.94,2196.68
LD00013877,2757.65,1681.64,1425.05
LD00013878,1847.79,2351.28,1663.55
LD00013879,2658.97,1914.01,1925.8
LD00013880,2272.5,1596.41,1793.33
LD00013881,1664.31,1462.92,2004.99
LD00013882,1791.04,2142.96,1832.55
LD00013883,2941.68,2275.72,1432.93
LD00013884,1880.24,1549.67,1532.41
LD00013885,1842.65,1393.79,2209.05
LD00013886,2487.47,1763.12,1776.1
LD00013887,1697.83,1557.51,1700.44
LD00013888,2838.89,2189.17,1632.09
LD00013889,1722.14,1540.84,2524.37
LD00013890,1752.24,1541.55,2044.76
LD00013891,2010.78,1803.44,2794.75
LD00013892,1658.09,1640.45,2463.14
LD00013893,1547.42,1938.23,1828.93
LD00013894,2882.57,2363.05,1606.82
LD00013895,2198.83,2245.3,1888.27
LD00013896,1504.99,1364.01,2080.91
LD00013897,2466.96,1202.43,2608.23
LD00013898,2129.25,1591.56,2485.6
LD00013899,1649.01,2095.61,1773.75
LD00013900,2250.71,2329.77,1907.69
LD00013901,1770.04,2249.35,2315.16
LD00013902,2063.26,1332.95,1594.76
LD00013903,1964.13,1386.4,1776.16
LD00013904,1967.27,2402.22,2787.54
LD00013905,2038.87,1384.67,1600.9
LD00013906,2995.59,2231.78,1669.84
LD00013907,1952.48,1745.98,2194.99
LD00013908,2747.51,2418.01,1973.0
LD00013909,1885.49,1937.98,2193.35
LD00013910,1794.28,2478.26,1697.15
LD00013911,2169.15,2247.5,2168.25
LD00013912,2915.59,1663.7,1874.14
LD00013913,2646.02,1446.15,1702.47
LD00013914,2708.25,1892.66,2349.27
LD00013915,1715.18,1348.85,2511.65
LD00013916,2048.69,1535.6,2379.49
LD00013917,2182.35,2317.66,1568.38
LD00013918,1520.01,1978.56,2017.21
LD00013919,1808.9,2033.24,2315.62
LD00013920,1534.39,1361.03,2210.9
LD00013921,2731.04,2241.31,2681.0
LD00013922,2733.12,2356.96,2332.99
LD00013923,1897.31,1565.57,2192.87
LD00013924,1907.99,2401.15,2687.12
LD00013925,2112.51,1279.82,2206.35
LD00013926,1550.99,1222.1,2032.07
LD00013927,2523.16,2462.11,2507.26
LD00013928,2643.44,1739.19,2155.5
LD00013929,1921.59,1485.31,2103.37
LD00013930,2201.31,1542.6,2753.68
LD00013931,2872.37,1654.17,1527.89
LD00013932,2643.5,1430.19,1725.81
LD00013933,1891.6,2436.27,1804.77
LD00013934,2909.59,2404.62,2101.42
LD00013935,1965.82,2426.71,1908.76
LD00013936,2676.18,1205.31,1760.49
LD00013937,2497.42,2092.84,2274.83
LD00013938,2684.75,2338.36,2371.26
LD00013939,2574.9,2435.75,2490.99
LD00013940,2452.34,2499.52,2172.53
LD00013941,2713.77,1979.08,2069.5
LD00013942,2764.94,2400.4,1444.96
LD00013943,2735.44,1716.5,2529.82
LD00013944,2054.83,1717.35,1766.78
LD00013945,2571.74,1501.72,2362.57
LD00013946,2948.58,2091.7,1424.97
LD00013947,2258.11,1266.8,2239.0
LD00013948,2478.88,2317.4,1624.23
LD00013949,1753.71,1895.84,1933.84
LD00013950,2524.49,1981.79,2069.23
LD00013951,1943.23,1460.27,2643.4
LD00013952,2921.6,1806.11,2459.29
LD00013953,1578.31,2416.48,2320.71
LD00013954,1687.38,1279.31,2510.62
LD00013955,1732.91,2373.66,1574.13
LD00013956,2089.34,1748.01,2184.95
LD00013957,2291.23,2143.14,1442.76
LD00013958,1572.27,1652.7,1817.98
LD00013959,2961.98,1773.03,2326.56
LD00013960,2130.77,1446.49,2364.09
LD00013961,2825.33,2446.63,1921.58
LD00013962,1694.31,1456.1,2248.19
LD00013963,1908.95,1766.55,1959.99
LD00013964,1613.62,2154.98,2793.53
LD00013965,1547.26,1363.25,1451.37
LD00013966,2915.51,1658.8,1982.1
LD00013967,2270.92,2492.51,1933.98
LD00013968,2855.52,2280.38,2255.64
LD00013969,1536.33,2122.72,1518.37
LD00013970,1693.37,1805.28,2605.84
LD00013971,2541.54,2095.41,2590.98
LD00013972,2406.61,1410.69,2729.74
LD00013973,2137.6,1382.6,1717.38
LD00013974,2872.13,1330.77,2455.98
LD00013975,2146.88,1520.47,1740.83
LD00013976,2996.7,1217.11,2616.52
LD00013977,1821.25,1334.53,2148.88
LD00013978,2427.58,1420.09,1918.12
LD00013979,1988.13,1528.16,1417.33
LD00013980,1812.35,2469.17,1639.08
LD00013981,1609.64,1523.68,2513.18
LD00013982,2887.98,1764.62,1821.23
LD00013983,1695.36,2257.92,1983.31
LD00013984,1892.53,1703.52,1739.56
LD00013985,2544.33,1499.16,1543.45
LD00013986,2841.6,2265.68,2058.34
LD00013987,2428.23,1817.48,2771.45
LD00013988,2544.33,2335.68,2078.19
LD00013989,2852.66,2463.59,2623.84
LD00013990,2862.68,1507.91,1414.99
LD00013991,2465.43,1494.14,1999.01
LD00013992,2333.29,1836.24,1844.29
LD00013993,1960.13,2454.75,2625.31
LD00013994,2842.12,1562.32,1562.34
LD00013995,2704.46,2112.16,2678.31
LD00013996,1914.73,2190.36,1681.26
LD00013997,2796.05,1943.63,1462.77
LD00013998,2010.19,1301.87,2327.66
LD00013999,2957.4,1809.23,2430.69
LD00014000,2159.76,1946.36,1588.53
LD00014001,1677.82,1753.15,1898.12
LD00014002,2097.17,2375.88,1754.44
LD00014003,1828.01,1675.89,2722.78
LD00014004,1768.28,1328.63,1730.07
LD00014005,2271.52,2328.74,2704.28
LD00014006,1924.53,1345.49,1580.46
LD00014007,2143.57,2370.75,1431.2
LD00014008,2594.65,2251.44,2311.9
LD00014009,2364.25,1603.45,2063.4
LD00014010,2186.69,2219.01,2704.42
LD00014011,2455.59,2368.64,1931.54
LD00014012,2384.05,1858.76,1529.39
LD00014013,2038.47,2147.62,1997.43
LD00014014,2947.98,1331.76,1800.48
LD00014015,1523.74,1966.85,2317.39
LD00014016,1691.68,2165.03,2577.17
LD00014017,2938.65,1904.93,1410.91
LD00014018,2091.61,2167.33,1974.56
LD00014019,1828.97,1559.46,2385.23
LD00014020,2518.77,1404.4,1827.85
LD00014021,2002.04,2099.91,2040.27
LD00014022,2273.05,1613.15,2476.35
LD00014023,2457.76,2220.27,1835.45
LD00014024,2026.21,1955.66,1956.76
LD00014025,1891.55,1223.35,2251.66
LD00014026,2036.87,1445.18,2600.17
LD00014027,2314.13,2452.57,2450.15
LD00014028,1814.31,2329.96,1941.57
LD00014029,1962.08,2437.08,1647.2
LD00014030,2732.36,1988.48,2252.58
LD00014031,2039.99,1947.5,2715.03
LD00014032,2331.5,1623.43,2458.32
LD00014033,2307.98,1400.04,1816.97
LD00014034,2177.28,1809.49,2604.34
LD00014035,2786.6,2166.64,2354.33
LD00014036,1635.77,1623.48,1619.51
LD00014037,2210.8,1950.86,2450.75
LD00014038,2232.93,1658.45,1835.42
LD00014039,2915.99,1200.84,1652.05
LD00014040,2153.88,1539.99,2031.52
LD00014041,1570.4,2420.77,1724.03
LD00014042,2967.72,1455.87,1445.15
LD00014043,2770.76,2411.6,2411.34
LD00014044,1539.98,2394.28,2342.8
LD00014045,2461.54,1509.92,1896.81
LD00014046,2032.3,1642.35,2079.34
LD00014047,2261.04,2232.49,2283.52
LD00014048,1915.47,1418.1,1435.93
LD00014049,1502.76,1619.22,1701.15
LD00014050,2345.9,1791.99,2266.3
LD00014051,2815.65,1661.48,1474.24
LD00014052,1557.4,2420.27,2090.58
LD00014053,2909.75,2496.58,1628.53
LD00014054,2597.66,1784.23,1650.94
LD00014055,2067.24,1745.98,1853.62
LD00014056,2534.67,2462.28,1925.13
LD00014057,2009.05,1245.23,2471.26
LD00014058,2437.74,2122.02,1637.25
LD00014059,2065.64,2003.71,2661.9
LD00014060,2967.24,1581.63,1492.38
LD00014061,2107.93,1830.4,1509.24
LD00014062,2248.27,1881.03,2036.96
LD00014063,2428.81,1763.11,1849.16
LD00014064,1698.84,2185.13,2386.5
LD00014065,1561.83,1263.98,2449.25
LD00014066,1830.07,1583.1,1537.49
LD00014067,1878.48,1836.67,1887.63
LD00014068,2927.94,2152.15,2037.35
LD00014069,2004.09,1438.68,2114.92
LD00014070,1977.43,1230.62,2604.85
LD00014071,2554.16,1977.74,2771.36
LD00014072,2052.8,1499.12,1488.65
LD00014073,1803.6,1633.1,2191.73
LD00014074,2964.11,2059.56,1421.8
LD00014075,1554.79,2496.48,2123.6
LD00014076,2203.17,1275.27,1637.21
LD00014077,2354.04,2158.17,2523.63
LD00014078,2881.4,1884.68,1562.65
LD00014079,1713.09,2268.67,1422.77
LD00014080,1974.68,2142.53,1854.32
LD00014081,2869.09,2478.92,1651.06
LD00014082,1867.07,1262.66,2790.68
LD00014083,2313.28,1447.0,2309.45
LD00014084,1786.47,1408.77,1716.72
LD00014085,1930.47,2163.72,1851.46
LD00014086,2722.79,2280.05,2309.61
LD00014087,2170.15,2162.83,2607.99
LD00014088,2203.19,2371.27,2364.37
LD00014089,2443.85,2496.77,2183.22
LD00014090,1543.39,2043.57,1520.11
LD00014091,1730.4,1428.48,1641.97
LD00014092,1715.58,1865.03,1723.49
LD00014093,1588.0,2288.26,1572.85
LD00014094,2481.56,1969.01,2411.54
LD00014095,2069.01,1954.65,2665.64
LD00014096,1521.99,1421.82,2438.95
LD00014097,1582.64,1825.52,2089.97
LD00014098,2045.79,2315.17,1632.52
LD00014099,2436.9,1807.34,1543.16
LD00014100,2252.26,2055.33,2083.67
LD00014101,2194.35,1265.46,2617.25
LD00014102,1823.36,2375.16,1478.41
LD00014103,1919.02,2232.54,1404.18
LD00014104,2586.45,1519.65,2564.03
LD00014105,2012.2,2175.98,2585.47
LD00014106,2042.0,1387.48,2515.59
LD00014107,2407.64,2156.34,2070.56
LD00014108,2521.63,2347.59,1407.6
LD00014109,2531.64,2078.68,2742.44
LD00014110,2952.83,1766.65,2423.26
LD00014111,1941.87,1857.26,2430.77
LD00014112,2620.52,1315.73,2522.67
LD00014113,2685.59,2488.02,1997.43
LD00014114,2006.52,1582.87,1833.78
LD00014115,2538.13,2452.2,1636.99
LD00014116,2034.53,2293.11,1705.24
LD00014117,2896.85,1906.63,1677.72
LD00014118,1902.64,1688.62,2378.92
LD00014119,1895.82,2261.99,2151.0
LD00014120,2661.02,1336.05,1655.13
LD00014121,2369.11,2474.52,1945.85
LD00014122,2826.26,1437.62,1531.82
LD00014123,1667.36,1339.5,2765.93
LD00014124,1816.58,1783.53,1921.69
LD00014125,2781.04,1236.61,1500.1
LD00014126,1826.69,1524.22,2747.29
LD00014127,2136.61,1323.33,1723.76
LD00014128,2869.85,2216.93,2699.33
LD00014129,2602.86,2176.27,1583.72
LD00014130,2508.38,1348.34,1671.92
LD00014131,2378.36,1239.84,2458.56
LD00014132,2928.2,1674.26,1629.49
LD00014133,2575.78,2025.11,1583.8
LD00014134,1958.85,1505.62,1984.92
LD00014135,2225.24,2226.6,2157.12
LD00014136,1528.91,2422.74,1564.22
LD00014137,2122.55,1905.1,2200.7
LD00014138,1968.84,2061.73,1635.06
LD00014139,2094.63,2241.15,2649.77
LD00014140,1719.48,1601.85,2658.06
LD00014141,2789.08,1235.96,2579.38
LD00014142,1904.51,1462.33,1900.8
LD00014143,2793.89,1613.45,1522.84
LD00014144,2352.81,1509.32,1595.01
LD00014145,2953.62,1550.51,2035.69
LD00014146,2949.23,2311.32,2789.28
LD00014147,1611.69,1350.41,2544.7
LD00014148,2985.53,1409.59,2537.6
LD00014149,2224.14,2281.0,1802.11
LD00014150,1891.32,2242.46,2416.73
LD00014151,1858.12,1402.34,2775.12
LD00014152,2704.96,2472.64,1768.73
LD00014153,1592.53,1234.1,1630.63
LD00014154,2696.88,1874.49,2559.08
LD00014155,2998.87,2138.08,2448.29
LD00014156,2653.48,1450.53,1530.35
LD00014157,1968.0,1747.15,1463.3
LD00014158,2016.2,2065.52,2590.62
LD00014159,1734.11,1613.99,2419.15
LD00014160,2384.32,2062.22,2361.41
LD00014161,2118.78,1754.12,1485.97
LD00014162,2134.83,1383.27,1412.41
LD00014163,2837.25,1256.45,1549.38
LD00014164,2523.14,2357.38,2476.41
LD00014165,2641.92,2069.27,2509.96
LD00014166,2167.77,1714.26,2080.52
LD00014167,1858.57,1687.81,2072.31
LD00014168,2008.95,2349.69,1880.91
LD00014169,2697.05,1251.04,2041.76
LD00014170,2891.17,1557.24,1686.25
LD00014171,2686.63,2305.85,2378.08
LD00014172,1676.74,2205.88,1788.59
LD00014173,2644.29,1580.97,1633.11
LD00014174,1540.94,2301.93,2437.66
LD00014175,1543.52,2342.54,2586.06
LD00014176,2038.29,2194.97,2451.53
LD00014177,2109.72,2288.63,2542.33
LD00014178,1889.27,1347.42,2391.42
LD00014179,2948.95,2247.34,1867.68
LD00014180,2233.08,2187.64,1992.81
LD00014181,2798.34,1768.08,2461.86
LD00014182,2064.06,1553.02,2526.27
LD00014183,2185.8,2363.31,1657.01
LD00014184,2752.45,1635.89,2049.28
LD00014185,2685.12,1458.79,2798.28
LD00014186,2078.91,1251.95,2443.89
LD00014187,2055.02,1327.43,2270.24
LD00014188,1707.18,2461.0,1882.33
LD00014189,2118.03,1440.33,2110.22
LD00014190,1695.89,2271.8,1500.56
LD00014191,2080.38,1274.65,1445.49
LD00014192,1876.89,1602.99,1882.24
LD00014193,2255.82,2404.41,2589.46
LD00014194,2084.46,1914.32,2510.24
LD00014195,2266.42,1637.02,2754.45
LD00014196,2702.31,1439.73,2097.27
LD00014197,2750.07,2323.23,2727.94
LD00014198,2951.42,1653.86,2170.52
LD00014199,2452.68,2394.42,1853.58
LD00014200,1973.13,1643.0,2107.5
LD00014201,2762.74,2441.15,2031.12
LD00014202,2832.72,1668.81,2040.32
LD00014203,2698.0,2207.75,1594.98
LD00014204,2751.57,1637.86,2144.83
LD00014205,2616.84,1654.83,1780.9
LD00014206,2069.93,2052.38,2567.11
LD00014207,1777.2,1520.1,2047.92
LD00014208,2269.69,1617.84,1488.08
LD00014209,2992.25,1342.32,1572.99
LD00014210,1600.09,2119.91,1463.31
LD00014211,2732.17,1398.36,2295.47
LD00014212,2936.3,2496.56,1901.53
LD00014213,1939.32,1997.66,1426.55
LD00014214,2345.59,1843.44,1803.25
LD00014215,2659.14,1914.34,1658.04
LD00014216,2265.02,2081.85,1760.56
LD00014217,2884.29,1632.12,1713.35
LD00014218,1965.2,2021.75,1591.51
LD00014219,1514.86,2484.59,2133.19
LD00014220,1548.37,1229.79,2221.75
LD00014221,2714.26,2218.99,2309.76
LD00014222,2137.04,1697.9,2407.4
LD00014223,2975.72,1264.2,2190.51
LD00014224,2403.3,1455.53,2120.51
LD00014225,2454.42,1860.85,1627.64
LD00014226,2909.27,2261.15,2336.37
LD00014227,2049.1,1866.32,2501.82
LD00014228,1709.72,1259.79,2122.64
LD00014229,2669.34,2460.91,1807.98
LD00014230,1724.53,1488.19,1804.93
LD00014231,2404.45,1612.14,2374.65
LD00014232,1889.05,2337.78,1656.21
LD00014233,2294.23,1379.41,1765.16
LD00014234,1950.75,2205.84,2389.3
LD00014235,1899.7,1493.99,1946.92
LD00014236,2288.71,1305.6,2371.7
LD00014237,1959.38,2480.1,2010.39
LD00014238,1970.31,1404.89,2339.44
LD00014239,1958.72,1854.48,1497.19
LD00014240,2223.34,1294.42,2080.31
LD00014241,2257.09,2291.09,1686.77
LD00014242,2383.88,1647.76,2649.48
LD00014243,2675.66,1571.01,2741.35
LD00014244,2034.98,2195.85,1974.98
LD00014245,2216.09,1809.14,2798.33
LD00014246,2796.49,2405.91,2395.47
LD00014247,2633.09,1914.84,2149.79
LD00014248,2434.71,1251.95,2608.87
LD00014249,2157.2,2114.5,1591.6
LD00014250,1802.69,2416.76,1840.79
LD00014251,2179.44,2055.39,1877.18
LD00014252,2779.61,2200.15,1736.7
LD00014253,2649.89,1756.87,2279.29
LD00014254,2727.73,2101.04,2661.26
LD00014255,1677.59,2465.29,1501.27
LD00014256,2079.45,1792.38,2472.36
LD00014257,1810.95,1536.26,2239.62
LD00014258,2093.08,1537.23,2642.68
LD00014259,2280.99,2470.65,2743.59
LD00014260,2790.69,1641.87,2185.85
LD00014261,1880.79,1204.19,2263.16
LD00014262,1962.28,1269.12,1821.08
LD00014263,2185.62,1863.1,1476.75
LD00014264,2919.85,1741.76,2259.61
LD00014265,2927.38,2304.31,2016.26
LD00014266,2410.25,1861.33,2748.7
LD00014267,1977.63,1862.36,1503.66
LD00014268,2176.44,1434.47,2295.36
LD00014269,2077.11,1678.61,1628.0
LD00014270,2489.71,2055.92,2471.21
LD00014271,1815.63,1906.33,2037.98
LD00014272,2648.23,1793.63,1649.38
LD00014273,2830.22,1881.27,2503.2
LD00014274,2452.94,2079.48,1758.35
LD00014275,2074.1,2284.37,2418.62
LD00014276,2854.18,2160.62,2750.7
LD00014277,1572.3,1644.99,1890.51
LD00014278,1799.85,1698.14,2247.42
LD00014279,1895.73,1998.62,2619.46
LD00014280,1572.09,2105.62,1779.18
LD00014281,2013.28,1686.89,1624.65
LD00014282,2807.92,2308.29,2107.26
LD00014283,2541.06,1528.91,2402.28
LD00014284,1830.78,1321.8,2501.24
LD00014285,2891.59,2066.0,1607.98
LD00014286,1576.41,2294.24,1692.3
LD00014287,2748.23,1458.64,2682.99
LD00014288,2468.4,1944.46,2068.97
LD00014289,2443.65,1534.83,1970.78
LD00014290,1976.63,1635.83,1447.17
LD00014291,1800.15,2120.7,2469.99
LD00014292,2986.65,1960.86,2579.48
LD00014293,1909.91,2125.52,1620.46
LD00014294,2336.55,2267.99,2330.37
LD00014295,2236.87,1590.18,1720.27
LD00014296,2375.26,1824.48,2717.64
LD00014297,2438.33,1349.47,2465.01
LD00014298,2522.2,2439.92,2122.37
LD00014299,2546.99,1481.8,1617.35
LD00014300,2326.52,2346.46,1424.71
LD00014301,1732.61,1311.0,2020.73
LD00014302,1975.25,1755.62,2799.08
LD00014303,2702.22,1696.96,1402.38
LD00014304,1730.82,1495.92,1846.75
LD00014305,2809.82,1324.28,1618.41
LD00014306,2044.15,1717.31,1435.68
LD00014307,2469.44,1258.4,2433.03
LD00014308,2944.91,1264.97,1811.45
LD00014309,2282.66,2101.39,1814.64
LD00014310,2476.45,1811.42,2603.02
LD00014311,1712.48,1997.84,1789.43
LD00014312,2814.95,2404.54,2455.62
LD00014313,1975.71,2072.81,1789.01
LD00014314,2200.78,1473.29,1929.65
LD00014315,1794.76,1466.96,1639.17
LD00014316,2682.86,1460.89,2037.96
LD00014317,1708.55,1584.84,2731.66
LD00014318,2664.81,1935.2,2302.44
LD00014319,1747.77,2036.82,2338.6
LD00014320,2257.6,1498.96,2796.59
LD00014321,2908.9,1745.61,1626.25
LD00014322,1594.39,2478.78,2041.66
LD00014323,2457.58,1571.2,1657.65
LD00014324,2563.84,1634.83,1593.69
LD00014325,2510.62,2189.25,1982.08
LD00014326,2688.56,2479.18,2000.19
LD00014327,2971.41,1594.08,2417.8
LD00014328,2373.81,2054.17,2465.46
LD00014329,2077.53,1388.45,1844.08
LD00014330,2227.04,2333.84,1790.24
LD00014331,2794.47,2303.52,1640.97
LD00014332,2492.66,1520.95,2673.51
LD00014333,2049.8,1516.88,1860.85
LD00014334,1816.62,1819.8,1587.9
LD00014335,1583.72,2146.0,2223.09
LD00014336,2223.6,1808.01,2550.8
LD00014337,2790.54,1501.63,2691.13
LD00014338,2758.43,2114.22,2592.03
LD00014339,1773.48,1303.35,1603.28
LD00014340,1695.62,2016.72,2606.35
LD00014341,1825.46,1790.51,2260.66
LD00014342,2173.9,1812.69,1686.14
LD00014343,1581.18,2454.26,1878.61
LD00014344,1989.08,2205.62,1834.5
LD00014345,2685.84,1559.55,1781.39
LD00014346,1604.68,2233.35,1671.37
LD00014347,2271.24,2291.6,2368.26
LD00014348,2542.82,1563.49,2247.81
LD00014349,2982.38,2011.27,1687.88
LD00014350,2282.57,1389.21,1943.51
LD00014351,1735.09,1244.88,2531.88
LD00014352,2296.66,1443.95,1899.42
LD00014353,2370.04,2198.14,1665.68
LD00014354,1940.49,2217.57,2517.14
LD00014355,1951.73,1880.02,1754.89
LD00014356,2438.18,2494.96,1482.17
LD00014357,2396.15,2013.8,1850.14
LD00014358,1882.32,2274.69,2553.62
LD00014359,2023.39,1566.66,2624.69
LD00014360,1709.87,1574.31,1743.6
LD00014361,2209.64,1200.28,2014.59
LD00014362,2685.1,2379.49,1947.75
LD00014363,2852.82,2272.12,2380.02
LD00014364,2750.25,2279.54,2079.4
LD00014365,2926.45,2136.53,2727.46
LD00014366,1552.77,2242.42,2390.92
LD00014367,1859.25,2335.57,2437.75
LD00014368,2459.43,1558.26,2609.28
LD00014369,2591.1,1522.2,2333.88
LD00014370,2045.93,1480.7,1532.34
LD00014371,2338.35,1309.07,2209.23
LD00014372,2680.3,1318.84,2215.67
LD00014373,2429.27,1840.21,1983.51
LD00014374,2183.22,2392.02,2238.5
LD00014375,2646.58,1705.77,1903.89
LD00014376,2791.35,1342.98,1492.24
LD00014377,1501.16,1475.08,1580.78
LD00014378,1750.56,1447.79,2238.35
LD00014379,2312.11,1522.27,2543.68
LD00014380,2512.36,2226.23,2310.65
LD00014381,1612.29,2420.52,1751.87
LD00014382,2708.24,1719.9,1631.69
LD00014383,2379.75,2308.95,2399.72
LD00014384,2145.65,2217.06,1467.41
LD00014385,2698.04,2182.85,2672.37
LD00014386,2219.61,2028.91,1708.16
LD00014387,1738.27,2175.47,1435.6
LD00014388,2875.57,2124.11,2068.14
LD00014389,1571.25,1753.25,2654.47
LD00014390,2144.79,1404.99,2386.86
LD00014391,2950.01,1510.07,1458.58
LD00014392,1539.29,2263.25,2633.3
LD00014393,2223.37,1312.71,2784.06
LD00014394,2133.67,1636.94,1768.96
LD00014395,2338.91,1517.87,2402.34
LD00014396,1608.73,2165.92,1743.97
LD00014397,1694.6,1466.57,2255.64
LD00014398,2511.29,2107.66,1990.06
LD00014399,1891.98,1977.45,2295.19
LD00014400,2406.25,1833.08,1562.48
LD00014401,2921.52,1230.18,2146.54
LD00014402,1555.64,1911.92,2463.14
LD00014403,1544.27,2223.66,1424.42
LD00014404,2378.16,2151.26,1569.93
LD00014405,2992.11,1956.35,2477.0
LD00014406,2122.59,1803.14,2552.31
LD00014407,2556.32,1233.42,2771.12
LD00014408,2159.07,2420.05,1798.13
LD00014409,2883.41,1513.87,1884.26
LD00014410,1608.89,1364.51,2666.4
LD00014411,2061.67,1307.3,2345.46
LD00014412,1681.84,1989.66,1474.57
LD00014413,1588.7,1666.38,1847.25
LD00014414,1520.1,1246.19,2095.89
LD00014415,2318.9,2141.26,2178.12
LD00014416,2739.45,1929.21,1747.92
LD00014417,2919.85,2203.38,1617.41
LD00014418,1830.49,1876.49,1814.9
LD00014419,2894.71,1242.79,1465.27
LD00014420,2619.9,2124.69,1962.85
LD00014421,2308.33,1841.74,2469.41
LD00014422,2559.25,1676.04,2356.74
LD00014423,2598.41,1890.21,1442.24
LD00014424,2005.12,2072.49,2070.42
LD00014425,2428.23,1504.12,2059.68
LD00014426,2681.08,1208.43,1738.08
LD00014427,1599.14,2465.81,2324.33
LD00014428,1744.82,1688.73,2543.33
LD00014429,1748.45,2298.23,2371.51
LD00014430,2063.22,2113.98,2383.55
LD00014431,1744.03,1422.02,2443.56
LD00014432,1769.94,2439.97,1467.05
LD00014433,1713.22,2497.05,2735.7
LD00014434,1671.91,1361.93,1891.73
LD00014435,1994.13,2400.86,2557.92
LD00014436,2931.87,1575.72,1630.83
LD00014437,1617.11,2211.4,2750.25
LD00014438,2040.12,1471.62,2139.04
LD00014439,1608.39,1671.6,1511.33
LD00014440,1500.1,1609.21,2380.71
LD00014441,1724.78,1916.96,1827.13
LD00014442,2596.39,1426.51,1695.92
LD00014443,1672.36,1612.7,1751.27
LD00014444,2470.19,1768.81,2427.38
LD00014445,1613.74,1266.17,2072.55
LD00014446,1901.59,2405.85,1866.6
LD00014447,2695.23,1927.24,2065.5
LD00014448,1938.86,2075.04,1444.54
LD00014449,2091.2,1469.69,1628.06
LD00014450,2277.2,1308.2,2449.27
LD00014451,2582.33,1717.51,2489.31
LD00014452,1607.96,1375.64,1521.18
LD00014453,1927.35,1988.61,2038.4
LD00014454,1796.27,2379.99,1505.74
LD00014455,1844.68,1805.51,1965.68
LD00014456,2131.35,2275.09,1644.02
LD00014457,2457.27,1564.21,2122.48
LD00014458,1970.52,1406.59,1974.42
LD00014459,2350.69,1836.02,2763.97
LD00014460,2361.66,1943.82,1683.29
LD00014461,1623.17,1725.07,2488.56
LD00014462,1563.41,2419.87,2473.72
LD00014463,1819.28,1707.57,1546.25
LD00014464,2537.01,2307.91,2632.08
LD00014465,2776.47,2344.31,1869.8
LD00014466,2402.06,2175.06,2038.33
LD00014467,2230.01,2213.61,1718.75
LD00014468,1988.14,1787.8,1916.36
LD00014469,2228.07,1869.83,2010.4
LD00014470,1656.86,1952.84,1458.45
LD00014471,1569.61,2159.78,2298.59
LD00014472,2956.23,1331.21,2742.68
LD00014473,1843.89,2129.73,1518.93
LD00014474,2137.04,1876.18,2676.34
LD00014475,1945.63,1455.94,2742.25
LD00014476,2484.15,1567.13,1692.37
LD00014477,2942.0,2308.92,1724.41
LD00014478,2767.26,1482.13,1930.33
LD00014479,1664.9,1458.75,1917.6
LD00014480,2041.77,1509.98,2675.04
LD00014481,2653.29,1266.69,1685.67
LD00014482,1617.79,2034.77,2044.96
LD00014483,2301.0,2473.46,1576.71
LD00014484,2111.36,1521.3,1793.14
LD00014485,2490.08,2358.36,2649.78
LD00014486,2331.43,1875.72,2369.75
LD00014487,2675.56,1777.98,1575.62
LD00014488,2083.97,2489.46,1683.82
LD00014489,2244.22,1205.12,1547.12
LD00014490,1785.92,2334.71,2345.98
LD00014491,2148.73,1573.76,2344.36
LD00014492,2323.62,1411.91,2586.14
LD00014493,1836.78,2130.54,1916.73
LD00014494,2786.21,2207.29,2478.11
LD00014495,2222.18,2092.95,1518.8
LD00014496,1950.68,1986.87,1526.8
LD00014497,2159.8,1917.58,1549.99
LD00014498,2003.55,1388.76,2176.2
LD00014499,2363.87,2322.66,1612.89
LD00014500,2514.55,1824.84,1808.69
LD00014501,2031.45,2283.01,1757.21
LD00014502,1752.58,1887.91,1591.94
LD00014503,2284.11,1797.15,1770.14
LD00014504,1649.8,2261.48,2008.52
LD00014505,1836.91,1922.17,1556.62
LD00014506,1606.33,2245.42,1446.4
LD00014507,2636.99,1400.3,1504.75
LD00014508,2090.43,1440.77,2665.31
LD00014509,1620.91,2310.57,2538.96
LD00014510,2448.08,1503.96,1557.46
LD00014511,2929.48,1583.95,1950.89
LD00014512,2242.8,2198.94,2213.97
LD00014513,2076.8,2358.56,2359.33
LD00014514,1797.37,1373.21,2118.83
LD00014515,2354.32,1373.53,2152.61
LD00014516,2384.94,1892.93,1575.32
LD00014517,1614.04,1355.03,2790.4
LD00014518,2447.5,1627.34,1942.41
LD00014519,1538.33,2384.95,1984.56
LD00014520,2787.91,1904.03,2605.8
LD00014521,2213.1,1862.81,2356.17
LD00014522,2123.13,1967.05,2697.37
LD00014523,2229.8,1848.14,2594.9
LD00014524,2870.8,1570.46,1893.8
LD00014525,2272.96,1256.48,2569.59
LD00014526,2273.64,2491.95,1586.76
LD00014527,2504.3,1381.16,2087.87
LD00014528,2028.71,1584.79,2108.38
LD00014529,2582.85,2375.7,2587.79
LD00014530,1754.49,1985.06,2663.01
LD00014531,2448.65,2459.72,1957.94
LD00014532,1615.37,2364.53,1485.38
LD00014533,2742.9,1242.81,1998.04
LD00014534,1990.48,1982.31,1558.7
LD00014535,1927.36,1232.92,1481.52
LD00014536,1886.0,1739.68,2524.02
LD00014537,2339.99,1953.72,2481.02
LD00014538,2574.92,1710.51,1898.36
LD00014539,1839.93,1333.13,1478.27
LD00014540,2876.62,2174.2,2763.66
LD00014541,2690.07,2099.22,1407.97
LD00014542,2620.69,1503.1,1764.03
LD00014543,2294.95,1415.06,1720.2
LD00014544,2017.5,2415.72,1850.41
LD00014545,2168.66,1717.77,1702.05
LD00014546,2317.78,1457.01,2137.38
LD00014547,1857.09,1225.41,2513.87
LD00014548,2058.83,2239.67,1430.86
LD00014549,1950.49,2356.82,1708.71
LD00014550,2273.99,1655.66,2198.74
LD00014551,1779.98,2355.16,1826.23
LD00014552,2047.88,1572.77,2370.09
LD00014553,1609.69,1538.07,2609.44
LD00014554,1915.87,2245.57,2518.75
LD00014555,2418.03,1656.36,2080.78
LD00014556,2361.55,1391.16,1897.76
LD00014557,1794.11,2007.79,1685.36
LD00014558,2310.12,2320.47,1611.14
LD00014559,2451.54,1268.49,2172.34
LD00014560,2521.22,2309.04,1520.16
LD00014561,2032.74,2057.9,2447.6
LD00014562,1832.74,1359.02,2173.83
LD00014563,2192.89,1845.35,1871.31
LD00014564,2909.77,1400.84,2134.47
LD00014565,1688.23,1666.36,2227.39
LD00014566,2702.56,2249.96,2590.54
LD00014567,1862.95,2064.51,2732.99
LD00014568,2925.0,1613.2,2341.18
LD00014569,1590.45,1401.42,2705.82
LD00014570,2752.6,1743.65,2189.18
LD00014571,2821.59,2024.14,1857.23
LD00014572,2534.0,1871.78,1669.33
LD00014573,2906.27,1646.34,2755.86
LD00014574,2335.95,2350.44,1765.53
LD00014575,2327.6,1898.89,1933.48
LD00014576,2986.91,1842.28,1418.11
LD00014577,1943.59,1882.78,2781.72
LD00014578,1620.26,2046.08,2650.05
LD00014579,2711.33,1367.69,1687.22
LD00014580,2069.88,2152.42,2778.24
LD00014581,2504.58,2211.63,2285.65
LD00014582,2380.09,1448.04,1577.58
LD00014583,2288.9,2355.42,2507.26
LD00014584,1919.57,1482.6,1799.69
LD00014585,2850.46,1874.16,2689.55
LD00014586,2704.38,1886.75,2184.7
LD00014587,2057.85,1916.37,1593.32
LD00014588,1518.1,1989.53,1471.4
LD00014589,1582.09,1779.68,2606.27
LD00014590,1875.45,1935.38,2634.51
LD00014591,1906.26,2032.16,1987.91
LD00014592,1692.72,2249.97,2705.22
LD00014593,1715.27,1609.22,2777.09
LD00014594,1588.53,2103.66,1783.14
LD00014595,2402.0,1518.72,1755.58
LD00014596,2684.07,1322.65,1434.59
LD00014597,2063.26,1931.93,2598.2
LD00014598,2548.9,1670.56,2699.08
LD00014599,2924.55,1234.83,2654.21
LD00014600,2849.78,1540.15,1934.31
LD00014601,2540.12,2449.41,2346.6
LD00014602,1553.91,1275.51,1847.61
LD00014603,2623.79,1299.99,2483.96
LD00014604,2567.01,1298.99,2327.18
LD00014605,2887.21,1825.66,1683.63
LD00014606,2063.2,1593.41,2271.88
LD00014607,2337.15,1434.25,2206.15
LD00014608,2650.42,2477.51,1769.77
LD00014609,2670.83,1244.78,2318.76
LD00014610,2567.1,1695.32,1935.52
LD00014611,2582.55,2011.52,2361.13
LD00014612,1700.59,1302.04,1596.45
LD00014613,1635.64,2141.9,2556.99
LD00014614,2793.7,1425.1,1901.4
LD00014615,2472.95,1309.8,2495.06
LD00014616,1933.11,1288.35,2494.18
LD00014617,2416.53,2203.8,2323.29
LD00014618,1928.79,2082.29,2342.93
LD00014619,1718.72,1387.85,2140.53
LD00014620,2306.48,1422.13,1955.47
LD00014621,2926.45,1314.96,2741.4
LD00014622,2701.93,1561.87,2534.67
LD00014623,2838.76,1602.74,2613.62
LD00014624,2895.33,1633.91,2351.82
LD00014625,2913.48,2315.33,1427.9
LD00014626,2446.58,1534.31,2328.6
LD00014627,2969.62,2213.88,2325.38
LD00014628,2510.48,1219.55,2164.53
LD00014629,2056.04,1703.48,1909.89
LD00014630,2452.87,2359.96,1409.41
LD00014631,1764.3,1536.55,1818.04
LD00014632,1684.88,2454.97,2609.83
LD00014633,2292.76,1779.95,2348.33
LD00014634,2517.41,2002.13,2500.96
LD00014635,1518.77,1864.42,2799.22
LD00014636,2510.45,1437.23,1740.71
LD00014637,2489.54,2094.28,2615.16
LD00014638,1687.39,1944.58,2407.26
LD00014639,2025.01,2348.04,2101.62
LD00014640,2446.52,1489.43,1602.19
LD00014641,2754.64,1335.07,2744.46
LD00014642,2639.77,2215.59,1931.95
LD00014643,1838.69,1931.36,2402.3
LD00014644,1504.85,1883.46,2364.91
LD00014645,2700.13,2435.23,2738.47
LD00014646,1994.39,2101.07,1976.86
LD00014647,2854.77,1395.85,1415.18
LD00014648,2361.88,1311.76,2225.61
LD00014649,2275.87,2066.72,2440.46
LD00014650,2266.11,2033.9,2042.02
LD00014651,2594.63,1529.23,2400.27
LD00014652,2433.82,1200.22,1475.78
LD00014653,2326.47,1933.88,2059.28
LD00014654,2546.78,2427.32,2675.7
LD00014655,2098.51,1699.94,2553.15
LD00014656,1866.32,2050.74,2074.45
LD00014657,2481.58,1494.05,1402.83
LD00014658,2058.5,1451.81,2087.75
LD00014659,1542.85,1243.52,2310.79
LD00014660,2630.7,1758.24,1508.34
LD00014661,2176.46,1577.76,1905.76
LD00014662,2398.86,1604.29,2152.24
LD00014663,2869.37,1987.53,2599.3
LD00014664,2599.23,1380.44,2515.8
LD00014665,1913.35,1773.01,1613.77
LD00014666,2802.68,1454.4,2249.79
LD00014667,2076.49,2397.05,2500.72
LD00014668,2411.56,1391.22,1531.58
LD00014669,1700.53,1728.22,1589.56
LD00014670,2312.21,1939.21,2601.19
LD00014671,2184.1,1239.06,2546.65
LD00014672,2157.9,1355.08,2032.19
LD00014673,2894.94,2439.76,2713.01
LD00014674,2186.56,1349.04,2272.06
LD00014675,1520.87,1535.48,2415.68
LD00014676,2048.14,1485.27,2728.47
LD00014677,1893.69,2193.85,1540.87
LD00014678,1771.67,1684.51,2278.83
LD00014679,1609.62,2029.24,2097.49
LD00014680,2512.94,1295.05,2104.94
LD00014681,2381.26,2204.55,2670.84
LD00014682,2550.8,1591.01,1763.86
LD00014683,2887.27,1900.26,2613.5
LD00014684,2139.28,1456.7,1802.17
LD00014685,1951.23,1995.89,1564.98
LD00014686,1968.74,1232.65,2039.85
LD00014687,1589.17,1295.52,2118.9
LD00014688,2850.17,1606.91,2542.07
LD00014689,2040.55,1357.04,2545.11
LD00014690,2082.2,2192.55,1461.11
LD00014691,1778.94,1576.98,1577.32
LD00014692,2443.25,1685.68,1711.78
LD00014693,1848.38,2383.31,1524.26
LD00014694,2691.36,2008.54,1813.1
LD00014695,1717.91,1482.81,1575.12
LD00014696,2371.43,1318.12,2417.46
LD00014697,2717.01,1577.81,2562.16
LD00014698,2752.74,2459.36,2788.87
LD00014699,2675.04,2149.34,2241.43
LD00014700,1963.54,1564.34,1721.71
LD00014701,2319.55,1698.1,1790.03
LD00014702,2372.63,1492.74,2228.1
LD00014703,2006.79,2484.44,2398.27
LD00014704,1939.92,2445.18,1536.1
LD00014705,1671.95,1936.88,2178.86
LD00014706,1566.51,1440.48,1793.13
LD00014707,1723.36,2246.47,1791.56
LD00014708,1704.01,1294.17,2357.63
LD00014709,2259.56,2274.67,2577.81
LD00014710,1606.72,2377.67,2095.32
LD00014711,1638.18,2475.86,2383.13
LD00014712,2218.58,2033.83,2260.32
LD00014713,2097.48,1998.94,1875.79
LD00014714,2992.81,2399.87,1879.87
LD00014715,1721.24,1825.73,2721.34
LD00014716,1850.56,1581.84,2632.01
LD00014717,2066.58,1410.61,1640.85
LD00014718,1810.51,1542.52,2340.06
LD00014719,1538.12,2041.05,2663.39
LD00014720,2720.01,1484.97,2775.11
LD00014721,2073.89,1832.05,1623.81
LD00014722,1865.41,2005.39,1729.97
LD00014723,1985.89,2180.37,2631.02
LD00014724,1978.56,1826.01,1991.18
LD00014725,2713.7,1857.8,2583.93
LD00014726,2672.44,1568.79,2355.95
LD00014727,2464.49,1581.99,1563.35
LD00014728,2867.94,1391.79,2715.7
LD00014729,2439.27,2422.64,2117.07
LD00014730,2110.01,1629.0,1443.25
LD00014731,2128.43,1297.17,2291.4
LD00014732,2951.98,1954.33,1992.04
LD00014733,1755.89,2394.77,2628.72
LD00014734,2506.73,1631.46,1890.69
LD00014735,2899.56,2443.29,2619.31
LD00014736,1727.93,2037.28,2610.9
LD00014737,2492.74,2039.23,2432.35
LD00014738,1672.41,2271.89,1655.8
LD00014739,2323.97,1251.48,2084.9
LD00014740,1842.84,1575.46,2427.77
LD00014741,2896.41,1241.57,2666.89
LD00014742,2680.46,2128.87,2424.33
LD00014743,1794.34,1725.68,2575.98
LD00014744,1718.07,1440.89,2334.58
LD00014745,2207.42,2167.26,1882.75
LD00014746,2488.8,2488.82,2682.62
LD00014747,2963.09,1638.24,1429.46
LD00014748,2943.76,1618.26,2769.82
LD00014749,2904.52,1674.87,2659.9
LD00014750,2273.79,2355.55,1790.49
LD00014751,2431.57,1445.32,1480.67
LD00014752,2257.13,1447.2,1455.69
LD00014753,2316.37,2290.21,2273.73
LD00014754,2964.28,1220.77,2674.7
LD00014755,2737.62,2106.2,2766.28
LD00014756,2955.93,2474.12,2243.04
LD00014757,2290.87,1575.39,1920.98
LD00014758,1551.57,1299.2,1828.77
LD00014759,1580.32,2361.56,1948.65
LD00014760,2649.53,1587.2,1510.9
LD00014761,1940.72,1334.0,1967.98
LD00014762,2120.03,2418.68,2140.89
LD00014763,1753.4,2470.0,2726.12
LD00014764,2333.56,1624.41,2641.78
LD00014765,2469.77,1897.84,2313.96
LD00014766,1712.14,2187.85,2778.85
LD00014767,1933.22,2435.61,2093.28
LD00014768,2946.12,1520.06,1936.29
LD00014769,2883.8,2083.02,1546.07
LD00014770,2021.2,1976.74,2018.14
LD00014771,2515.38,1391.05,2455.15
LD00014772,2122.46,2008.47,1831.59
LD00014773,2576.11,2109.1,2310.36
LD00014774,1688.18,1858.3,2606.05
LD00014775,2078.42,2060.45,2416.41
LD00014776,2891.21,1453.36,1998.54
LD00014777,1686.7,2180.47,1473.48
LD00014778,2008.11,1297.81,1426.33
LD00014779,2805.21,1745.59,1408.67
LD00014780,2694.81,2121.71,1995.23
LD00014781,2023.35,2317.33,2609.66
LD00014782,2771.26,2459.8,2622.1
LD00014783,2465.66,1650.66,2548.2
LD00014784,2536.81,2235.22,1551.88
LD00014785,2944.76,2314.42,1750.07
LD00014786,2906.78,2046.15,2036.55
LD00014787,2728.98,1974.95,2290.44
LD00014788,2842.76,2408.65,1715.06
LD00014789,1769.0,2463.87,2369.37
LD00014790,2234.09,1400.55,2350.63
LD00014791,2992.07,1414.77,2727.24
LD00014792,2951.98,1649.95,1419.13
LD00014793,1632.41,2357.23,2502.1
LD00014794,2230.0,1256.69,1979.36
LD00014795,1512.99,1637.04,2277.63
LD00014796,2018.67,1866.69,2181.32
LD00014797,2938.42,2479.42,1510.12
LD00014798,1737.81,2021.82,2591.54
LD00014799,2036.41,1589.45,2655.01
LD00014800,2634.36,2462.64,2575.89
LD00014801,2254.17,2159.92,2215.18
LD00014802,1840.23,1440.98,2412.95
LD00014803,2445.82,1469.21,2139.45
LD00014804,2863.5,2211.96,1814.39
LD00014805,2746.55,1483.17,1505.93
LD00014806,2909.44,1386.41,1762.24
LD00014807,2124.0,1455.16,2114.46
LD00014808,2175.25,1522.24,1468.01
LD00014809,2128.35,1892.58,1840.23
LD00014810,2453.03,1489.82,1804.46
LD00014811,2808.23,2380.53,1927.36
LD00014812,2777.7,1757.4,2717.81
LD00014813,2995.56,1688.2,1633.56
LD00014814,2538.65,1610.75,2199.36
LD00014815,2971.88,1894.34,1979.95
LD00014816,2133.8,1709.31,1743.08
LD00014817,2059.24,2424.41,1823.37
LD00014818,2820.24,1571.37,1543.87
LD00014819,1604.41,2440.35,2532.18
LD00014820,2642.29,1636.7,1912.44
LD00014821,2527.0,1317.17,1510.42
LD00014822,1740.09,2020.77,2195.24
LD00014823,2889.41,2018.84,2170.3
LD00014824,1879.47,1413.9,1680.27
LD00014825,2078.92,1506.2,2781.36
LD00014826,2903.05,2293.32,2642.77
LD00014827,2926.75,1349.83,2432.62
LD00014828,2573.14,1501.87,1976.51
LD00014829,2035.67,1241.83,2700.0
LD00014830,1526.92,1343.72,2762.82
LD00014831,2995.06,1794.4,1444.78
LD00014832,2356.83,2217.36,2532.09
LD00014833,1911.41,2218.56,1959.6
LD00014834,2033.5,2422.23,1738.67
LD00014835,2672.32,1455.69,2226.11
LD00014836,2497.47,1541.68,2256.33
LD00014837,2898.25,2043.79,2214.42
LD00014838,1875.31,1414.63,2416.79
LD00014839,1728.47,2097.99,1624.91
LD00014840,2601.15,1578.73,2625.19
LD00014841,2399.21,1776.41,2575.92
LD00014842,1985.52,2401.17,2784.65
LD00014843,2517.63,2243.7,1679.5
LD00014844,2720.86,2348.45,1582.85
LD00014845,2118.19,1631.3,1419.93
LD00014846,2248.86,2226.38,2464.41
LD00014847,2231.18,1739.81,1589.47
LD00014848,2369.25,1868.36,1903.98
LD00014849,2242.8,1785.78,2517.54
LD00014850,2068.48,2026.92,2328.82
LD00014851,2834.56,1714.13,2434.11
LD00014852,1710.24,2344.15,1819.81
LD00014853,2402.97,1424.01,1711.8
LD00014854,1530.76,1204.4,2314.97
LD00014855,1564.3,2417.92,2471.46
LD00014856,2287.44,1960.51,2332.84
LD00014857,2194.26,1945.72,2720.77
LD00014858,2651.29,2037.98,2064.92
LD00014859,1864.45,1675.87,2745.72
LD00014860,1667.25,2383.33,1517.5
LD00014861,1918.99,1893.01,2504.82
LD00014862,2774.35,2284.81,2051.07
LD00014863,2332.11,1496.67,2471.29
LD00014864,1761.37,1657.4,1966.63
LD00014865,2578.19,1463.65,2535.07
LD00014866,2430.31,1763.73,1856.58
LD00014867,2681.57,2183.87,1750.75
LD00014868,2789.32,1533.38,2382.2
LD00014869,1530.72,2400.44,2043.39
LD00014870,1782.47,1450.83,2413.4
LD00014871,2340.7,1794.73,1510.56
LD00014872,2897.0,2063.43,1626.79
LD00014873,2354.41,1364.03,2225.79
LD00014874,2230.56,2043.19,1407.75
LD00014875,2459.68,1784.39,2497.34
LD00014876,1629.38,1439.15,1880.99
LD00014877,2746.44,1692.71,2584.36
LD00014878,2744.15,1495.55,1845.96
LD00014879,1788.75,1883.1,2381.81
LD00014880,2718.35,1359.68,2602.94
LD00014881,2096.09,2332.03,1731.71
LD00014882,2633.21,1899.1,2571.33
LD00014883,1764.82,1435.21,1879.55
LD00014884,2019.3,2019.12,1922.89
LD00014885,2945.84,1605.47,2481.23
LD00014886,2800.72,1856.43,2381.71
LD00014887,2706.72,1911.82,2280.43
LD00014888,1835.9,1501.35,1693.36
LD00014889,2327.92,2412.11,2399.19
LD00014890,2358.75,2176.81,2481.54
LD00014891,2673.86,1771.92,1868.88
LD00014892,1570.92,2227.42,1608.44
LD00014893,2953.17,1390.74,2732.39
LD00014894,2598.32,1263.77,2337.29
LD00014895,2050.59,1675.69,2071.35
LD00014896,2338.38,2427.88,1686.09
LD00014897,1809.09,2046.55,2768.34
LD00014898,1847.77,1574.74,1641.19
LD00014899,2459.25,1721.05,2685.5
LD00014900,2461.55,1357.99,1546.81
LD00014901,1856.33,1335.34,1635.09
LD00014902,2237.97,1606.45,1797.67
LD00014903,2707.02,1680.8,2278.25
LD00014904,2969.77,1619.03,1571.75
LD00014905,2761.44,1457.6,2589.91
LD00014906,2799.9,1925.0,2180.96
LD00014907,2050.86,2154.34,2353.14
LD00014908,1502.71,1461.28,2751.58
LD00014909,2133.08,2389.07,2416.0
LD00014910,2515.6,1794.68,1742.88
LD00014911,2652.51,1333.33,1944.13
LD00014912,2427.16,1355.49,2667.78
LD00014913,2755.54,1686.85,1756.99
LD00014914,2681.16,1537.32,1813.13
LD00014915,2351.36,1886.96,2731.38
LD00014916,1860.64,2178.39,2286.17
LD00014917,2402.7,2204.2,1941.04
LD00014918,1682.43,2201.47,2266.23
LD00014919,2336.83,2031.55,2435.75
LD00014920,1654.36,1621.12,1476.59
LD00014921,2148.57,2128.42,1726.32
LD00014922,2613.3,2028.85,1797.93
LD00014923,2517.07,1605.95,2556.24
LD00014924,1908.96,2366.93,2153.73
LD00014925,1840.4,1829.54,2721.34
LD00014926,2270.33,1642.49,1608.22
LD00014927,2775.26,1492.27,1988.57
LD00014928,2312.14,1276.05,2685.98
LD00014929,2754.77,1503.3,1940.23
LD00014930,2897.85,1414.92,2086.3
LD00014931,1905.76,1521.16,2647.39
LD00014932,2801.83,2056.0,2767.53
LD00014933,1887.54,1221.56,1729.97
LD00014934,1826.14,1810.4,2687.46
LD00014935,1594.01,1428.64,2684.26
LD00014936,2350.56,2089.82,2247.02
LD00014937,2107.05,2497.85,2431.63
LD00014938,2971.68,1502.47,1673.47
LD00014939,2991.84,1442.47,2789.53
LD00014940,1967.56,1627.3,2175.45
LD00014941,2663.5,2104.36,1487.4
LD00014942,2719.95,2084.43,1654.64
LD00014943,2082.84,2258.89,2210.78
LD00014944,1747.75,2252.82,2651.48
LD00014945,2921.85,2059.04,2735.31
LD00014946,2769.88,1397.59,2438.71
LD00014947,2339.04,1677.96,1889.94
LD00014948,1671.31,2419.45,1525.37
LD00014949,2882.3,1350.32,2324.63
LD00014950,1540.69,1968.12,2563.22
LD00014951,2088.21,1928.27,1901.6
LD00014952,2405.35,2383.15,2505.65
LD00014953,1962.61,1707.86,1984.07
LD00014954,2798.78,2068.04,2698.58
LD00014955,1555.58,1291.52,2435.97
LD00014956,1661.96,1235.69,2095.32
LD00014957,2204.64,1705.41,2141.22
LD00014958,2398.53,2213.84,2127.4
LD00014959,2097.55,1964.0,1700.97
LD00014960,2937.34,1576.25,2435.63
LD00014961,2629.34,1559.23,2700.49
LD00014962,2639.32,1531.17,2332.98
LD00014963,2722.48,1573.66,2452.26
LD00014964,1897.82,2400.74,2304.93
LD00014965,1694.97,2331.53,1509.6
LD00014966,2606.77,1409.66,1764.22
LD00014967,1922.65,2303.6,2101.59
LD00014968,1945.73,1939.73,2079.49
LD00014969,2136.74,1535.82,2003.59
LD00014970,2057.84,2017.49,2710.99
LD00014971,1963.02,1779.36,1672.72
LD00014972,1875.9,1971.36,2452.48
LD00014973,1715.44,2220.69,2061.98
LD00014974,1954.02,1592.05,2400.83
LD00014975,2620.27,2239.45,2303.75
LD00014976,2975.65,1592.26,1542.54
LD00014977,1535.1,2339.75,2013.55
LD00014978,2256.36,1631.06,1967.03
LD00014979,2660.46,1764.95,1665.92
LD00014980,2490.79,1840.4,2120.36
LD00014981,1771.37,1383.01,2612.2
LD00014982,2083.97,2377.6,2099.52
LD00014983,2022.37,2402.34,1429.73
LD00014984,1785.53,2189.26,2327.85
LD00014985,2383.65,1528.0,2534.95
LD00014986,2530.22,2290.24,2796.6
LD00014987,1907.09,1977.22,2257.37
LD00014988,1557.78,1881.82,2593.8
LD00014989,2721.49,1712.13,2076.56
LD00014990,1626.24,1822.05,1443.41
LD00014991,1899.88,2404.22,1464.88
LD00014992,2033.81,1470.1,2596.28
LD00014993,2909.61,1411.1,1531.0
LD00014994,2299.46,1470.07,2647.49
LD00014995,1529.84,2209.56,2074.91
LD00014996,1597.87,1557.49,2638.0
LD00014997,2968.34,2390.73,2613.63
LD00014998,1697.67,2462.15,1602.6
LD00014999,2228.37,1874.15,1552.75
LD00015000,1714.45,1937.43,2218.77
LD00015001,1997.33,2022.58,2459.06
LD00015002,1750.64,1634.89,2090.21
LD00015003,2802.64,1352.69,2222.54
LD00015004,1684.56,1727.66,2620.55
LD00015005,2956.43,1300.05,1642.28
LD00015006,2251.73,1520.15,2773.87
LD00015007,2966.05,2339.85,1473.64
LD00015008,1557.66,1932.98,1683.96
LD00015009,2974.94,1347.15,2533.91
LD00015010,2631.67,1853.2,2243.92
LD00015011,1813.42,2165.58,2582.74
LD00015012,2106.97,1643.98,2588.95
LD00015013,1659.74,1920.67,1813.86
LD00015014,1768.14,1606.3,2304.16
LD00015015,2674.92,2143.75,2295.91
LD00015016,2982.38,1227.23,2057.78
LD00015017,1860.81,1967.48,2209.87
LD00015018,2178.77,2261.04,1938.14
LD00015019,2823.79,1797.1,1929.82
LD00015020,2299.15,2205.23,2162.06
LD00015021,2258.87,2373.79,2516.99
LD00015022,2015.7,1424.04,2657.05
LD00015023,1999.11,1330.56,1791.81
LD00015024,1843.31,1423.91,2689.2
LD00015025,2126.1,2421.1,1457.66
LD00015026,2589.12,2487.57,1455.15
LD00015027,2738.6,1732.01,1731.64
LD00015028,2572.06,2046.92,2339.74
LD00015029,1827.41,1504.68,1412.48
LD00015030,2692.37,2265.99,1659.6
LD00015031,2355.26,2253.74,2296.15
LD00015032,1821.05,1682.73,2044.72
LD00015033,2135.49,2393.36,2006.24
LD00015034,2368.05,1700.19,2184.29
LD00015035,2661.16,2168.32,1876.6
LD00015036,2721.8,1614.31,2573.83
LD00015037,2784.17,1406.69,1546.13
LD00015038,2407.38,1602.49,2557.99
LD00015039,1902.0,1405.99,1864.87
LD00015040,2174.73,1435.71,1948.29
LD00015041,1772.36,2101.39,1425.35
LD00015042,1695.41,1767.03,2069.39
LD00015043,2622.55,2293.85,2143.85
LD00015044,2275.99,2051.87,1525.4
LD00015045,2717.44,1627.74,2655.93
LD00015046,1883.9,2148.18,1949.24
LD00015047,2733.81,1373.22,2432.69
LD00015048,2513.36,2164.28,1985.42
LD00015049,1856.55,2054.16,1761.19
LD00015050,2213.3,1903.01,1607.96
LD00015051,2494.08,1713.24,2545.56
LD00015052,1946.49,1419.1,2209.63
LD00015053,2323.01,1689.04,2420.64
LD00015054,2353.3,1315.72,1534.41
LD00015055,2054.52,1554.34,2466.42
LD00015056,2054.6,1689.21,1593.1
LD00015057,1611.35,1304.61,2289.98
LD00015058,2177.44,1894.57,1609.89
LD00015059,1590.75,1261.56,2460.45
LD00015060,2812.67,1340.73,1551.11
LD00015061,2294.72,2438.49,2761.24
LD00015062,1733.47,2248.39,1895.21
LD00015063,2790.16,1272.0,2774.4
LD00015064,1798.27,1744.42,2582.8
LD00015065,1820.31,1313.75,2422.23
LD00015066,2722.6,1911.18,1926.33
LD00015067,2547.23,1985.1,1638.69
LD00015068,2723.64,1907.33,1859.43
LD00015069,2058.43,1466.55,2224.06
LD00015070,1779.33,1274.77,2625.94
LD00015071,2566.78,2195.98,1865.62
LD00015072,2740.61,1868.54,1651.84
LD00015073,2124.24,1306.6,2381.0
LD00015074,2435.88,1811.58,2274.44
LD00015075,1942.91,1398.47,1720.69
LD00015076,2026.88,2492.23,2504.26
LD00015077,2192.48,1798.07,2720.62
LD00015078,2059.58,2227.09,1788.09
LD00015079,1620.4,1694.73,2206.51
LD00015080,1591.67,1938.26,2653.59
LD00015081,2345.51,1495.34,2328.41
LD00015082,2168.75,1237.84,2302.29
LD00015083,1896.42,2073.19,2317.15
LD00015084,2230.57,2151.07,2641.39
LD00015085,2120.77,1658.66,1741.93
LD00015086,1712.92,2214.0,2376.14
LD00015087,1605.18,2281.69,2562.9
LD00015088,2601.68,1270.82,1970.17
LD00015089,1861.27,2114.08,2711.39
LD00015090,2393.23,1693.1,1549.27
LD00015091,2949.51,1346.31,1442.76
LD00015092,2216.91,1366.21,1445.64
LD00015093,1955.41,1234.52,2052.37
LD00015094,2888.34,1717.5,2764.25
LD00015095,1638.22,1979.99,2706.37
LD00015096,2673.47,2412.06,2406.2
LD00015097,2859.18,1939.26,1593.05
LD00015098,2226.15,1591.87,2415.43
LD00015099,2894.05,1694.14,1555.02
LD00015100,2620.01,2327.16,2694.37
LD00015101,2737.73,2488.98,1562.51
LD00015102,2674.02,2212.14,2154.38
LD00015103,2238.28,1628.64,2645.52
LD00015104,2118.9,1273.48,1882.36
LD00015105,1782.18,1693.04,1697.33
LD00015106,1962.84,1605.99,2383.39
LD00015107,2917.31,2373.98,2753.96
LD00015108,2156.85,2332.81,1873.34
LD00015109,2427.22,1487.78,2530.65
LD00015110,1588.82,2498.51,2325.76
LD00015111,1849.29,1631.87,2769.6
LD00015112,2090.63,2169.07,2191.75
LD00015113,2061.5,1391.67,2505.92
LD00015114,2620.49,1738.53,2382.73
LD00015115,2913.27,1584.41,2687.21
LD00015116,2634.99,2396.65,1480.96
LD00015117,1926.92,2273.56,2176.03
LD00015118,2444.25,2150.28,1869.39
LD00015119,2559.4,1618.63,1611.84
LD00015120,2810.5,1451.02,2253.71
LD00015121,2086.89,1559.41,2501.18
LD00015122,1549.23,1933.8,2015.38
LD00015123,2322.69,1320.31,1682.36
LD00015124,2507.5,1657.61,2798.38
LD00015125,2949.39,2005.53,2237.82
LD00015126,1886.12,2340.01,2241.87
LD00015127,2448.17,2319.53,2527.76
LD00015128,2547.62,2188.91,2090.39
LD00015129,2218.6,2275.55,2343.21
LD00015130,2091.56,1415.14,2328.36
LD00015131,2446.5,2430.32,2269.78
LD00015132,1571.11,2131.57,1636.34
LD00015133,2045.65,1727.4,2314.17
LD00015134,2771.13,1931.47,1401.99
LD00015135,1502.62,1913.59,2398.09
LD00015136,2267.91,1652.04,2455.64
LD00015137,2892.61,1737.83,2098.68
LD00015138,2667.4,1217.61,1869.85
LD00015139,1551.6,2204.64,2405.55
LD00015140,1829.01,1597.19,2790.48
LD00015141,2388.65,2449.78,1486.64
LD00015142,2991.16,2023.29,2526.22
LD00015143,1552.2,1958.62,2127.13
LD00015144,2672.55,1459.42,2614.72
LD00015145,1859.79,1951.12,2090.04
LD00015146,2980.13,2436.78,2657.06
LD00015147,1798.17,2274.49,1439.29
LD00015148,1724.18,2282.58,2075.1
LD00015149,2980.95,2008.44,1669.72
LD00015150,2138.85,1439.45,1517.63
LD00015151,2100.99,1981.99,2528.87
LD00015152,2159.04,1868.58,2482.31
LD00015153,2008.27,2373.25,1656.54
LD00015154,2976.02,2357.81,2094.11
LD00015155,2987.02,1623.01,2255.45
LD00015156,2521.61,1429.31,1406.79
LD00015157,2150.14,2352.26,2737.83
LD00015158,2185.45,1601.19,1475.08
LD00015159,1554.39,1898.58,1939.99
LD00015160,2286.58,1340.56,2286.77
LD00015161,2930.23,2462.06,1935.49
LD00015162,2148.74,2467.86,2222.7
LD00015163,2132.24,2305.02,2280.24
LD00015164,2137.08,1747.97,2118.38
LD00015165,2793.71,2047.0,2535.44
LD00015166,2095.1,2286.53,1744.08
LD00015167,2995.51,1755.38,2654.82
LD00015168,1794.6,1689.93,2088.94
LD00015169,2120.11,1860.22,1865.32
LD00015170,2206.46,1833.41,1461.79
LD00015171,2734.1,1955.5,1601.45
LD00015172,1857.12,2104.88,2796.31
LD00015173,2379.26,1345.06,1854.79
LD00015174,2571.08,2406.34,2299.66
LD00015175,1953.34,2401.19,1769.69
LD00015176,2150.85,2115.51,2724.87
LD00015177,2805.16,1858.76,1697.21
LD00015178,2827.78,1459.88,1650.31
LD00015179,2911.28,2490.13,2649.17
LD00015180,1518.48,2305.79,2338.96
LD00015181,2355.95,2453.58,1999.54
LD00015182,1859.11,1667.99,1577.52
LD00015183,2835.53,1352.48,1672.72
LD00015184,1780.68,2364.05,1512.01
LD00015185,1568.59,2331.29,2717.73
LD00015186,1969.28,1550.3,2271.41
LD00015187,2597.16,1625.25,1838.92
LD00015188,1557.93,2167.54,2087.94
LD00015189,2390.66,1942.61,1416.48
LD00015190,2145.15,2372.41,2029.21
LD00015191,1901.47,1590.34,1465.61
LD00015192,2927.59,1545.63,1513.76
LD00015193,1839.61,2152.23,2072.95
LD00015194,1786.01,1638.4,2729.19
LD00015195,2454.2,1903.54,1773.61
LD00015196,2370.43,2279.61,2795.68
LD00015197,1684.05,2065.25,2478.13
LD00015198,2159.34,2414.34,2353.69
LD00015199,2979.16,1604.38,1511.5
LD00015200,1603.42,2371.92,1602.65
LD00015201,2363.57,2099.31,2678.14
LD00015202,2076.65,1518.35,2291.73
LD00015203,2461.07,2219.04,2317.89
LD00015204,2017.4,2041.65,1658.31
LD00015205,2277.65,2173.82,2490.9
LD00015206,2994.52,2121.16,2102.91
LD00015207,2003.22,2320.14,2614.56
LD00015208,1780.93,2016.55,2465.82
LD00015209,1862.86,1298.37,1902.27
LD00015210,1865.9,2372.57,1432.48
LD00015211,2443.38,2290.18,2734.6
LD00015212,2986.6,1952.32,2574.02
LD00015213,2629.77,1816.58,2080.64
LD00015214,1685.79,2164.62,2661.18
LD00015215,2322.46,1519.62,2481.34
LD00015216,2149.42,1527.46,2070.17
LD00015217,1946.52,2003.58,2361.08
LD00015218,1603.41,1556.15,1716.21
LD00015219,2977.64,1609.44,2517.34
LD00015220,2333.98,1679.04,1944.34
LD00015221,2062.46,2402.13,1435.67
LD00015222,1994.2,1710.28,2676.56
LD00015223,2309.36,1512.15,2483.63
LD00015224,2578.07,2218.05,2768.34
LD00015225,2733.46,1484.56,2375.68
LD00015226,1616.44,2404.89,2204.84
LD00015227,2582.79,1827.91,1597.27
LD00015228,2440.43,2203.67,2763.85
LD00015229,2662.94,1791.66,2342.16
LD00015230,2169.16,2270.32,2243.07
LD00015231,2567.74,2301.79,2172.52
LD00015232,2145.94,1909.42,2525.68
LD00015233,1553.99,2167.94,2151.61
LD00015234,1846.76,1667.37,2691.56
LD00015235,2504.84,1598.39,2508.01
LD00015236,2125.96,1941.7,2733.01
LD00015237,1935.8,2433.68,2608.52
LD00015238,2268.21,1727.23,1725.79
LD00015239,2876.6,2464.89,2642.15
LD00015240,2045.33,2330.93,1963.13
LD00015241,2462.91,1911.09,1562.72
LD00015242,1537.05,1296.2,1807.9
LD00015243,2816.28,2300.76,2039.15
LD00015244,2205.43,2312.32,2176.6
LD00015245,2936.38,2058.39,1837.19
LD00015246,2218.42,1299.69,1810.75
LD00015247,1562.49,1887.45,2479.53
LD00015248,2165.28,1619.65,2739.43
LD00015249,2519.63,1445.0,2478.66
LD00015250,2366.53,1746.64,2535.23
LD00015251,2214.56,1388.46,1921.86
LD00015252,2539.54,1533.08,2637.2
LD00015253,1679.09,1295.48,2054.77
LD00015254,1683.25,1368.84,2421.47
LD00015255,2845.47,1495.95,1813.45
LD00015256,1501.33,2411.63,2193.62
LD00015257,2313.01,2409.78,2426.29
LD00015258,2059.24,1472.45,1538.11
LD00015259,2938.55,1205.23,1747.5
LD00015260,1728.44,1559.86,1517.89
LD00015261,2054.57,1833.53,1704.73
LD00015262,2443.03,1501.87,2243.89
LD00015263,1511.63,2071.18,2242.44
LD00015264,1856.27,2239.44,2037.07
LD00015265,2442.59,2255.58,1987.97
LD00015266,2657.46,2128.01,2396.88
LD00015267,1719.83,1283.73,1558.38
LD00015268,2123.26,2313.57,1922.43
LD00015269,2711.34,1379.12,1686.08
LD00015270,2710.98,1834.61,1446.97
LD00015271,2383.3,2109.88,2539.47
LD00015272,2184.7,1917.95,2029.35
LD00015273,2207.9,1885.2,1767.69
LD00015274,2961.55,1396.03,2405.23
LD00015275,2151.48,1885.34,2220.59
LD00015276,1753.18,2176.17,1557.97
LD00015277,1512.05,1734.69,2083.29
LD00015278,1518.61,1823.13,1540.15
LD00015279,2630.7,1469.8,1460.58
LD00015280,2482.85,1909.06,1559.46
LD00015281,1832.44,1416.12,2061.49
LD00015282,2752.64,1268.89,2099.59
LD00015283,2809.05,1706.13,1817.43
LD00015284,1893.65,1912.87,2561.52
LD00015285,2971.04,2325.74,2645.72
LD00015286,1892.67,1777.57,1992.41
LD00015287,1815.17,1454.31,2222.63
LD00015288,2228.43,2407.31,2697.52
LD00015289,2908.28,2072.72,1552.94
LD00015290,2215.36,1455.08,2798.73
LD00015291,2761.78,2479.11,1784.82
LD00015292,1524.49,1888.3,2323.06
LD00015293,2610.41,1425.21,1433.1
LD00015294,2043.14,2101.13,2786.09
LD00015295,2250.0,2128.88,2681.81
LD00015296,1995.2,2437.07,2397.54
LD00015297,2477.54,1546.22,2130.54
LD00015298,2701.67,1453.62,1732.12
LD00015299,1608.43,1499.59,1778.74
LD00015300,2069.79,1875.84,1861.61
LD00015301,2687.94,1320.98,1457.31
LD00015302,2678.8,1737.49,1639.05
LD00015303,2227.76,2238.66,1968.72
LD00015304,2638.29,1937.86,1559.23
LD00015305,2047.08,1941.33,2601.07
LD00015306,1847.45,1691.09,2503.82
LD00015307,1709.82,2125.53,1520.31
LD00015308,2679.5,2489.87,2123.04
LD00015309,2222.02,1880.74,1739.68
LD00015310,2891.76,1476.56,1944.65
LD00015311,2720.64,2174.84,2654.91
LD00015312,1941.93,2255.25,1465.74
LD00015313,1720.72,1623.06,2204.53
LD00015314,1509.55,2305.61,1487.53
LD00015315,2250.81,2410.45,1674.3
LD00015316,2693.8,1482.47,2276.41
LD00015317,2887.24,1645.67,1917.23
LD00015318,1771.07,1778.53,1543.24
LD00015319,2736.65,1578.15,1682.13
LD00015320,2518.51,2277.64,2067.62
LD00015321,2726.68,1663.21,2716.26
LD00015322,1973.92,1380.32,1972.29
LD00015323,2280.38,2492.9,2215.25
LD00015324,2399.72,1437.8,2456.18
LD00015325,2584.76,2080.8,2205.43
LD00015326,2762.46,1984.26,1488.5
LD00015327,2104.93,1313.87,1497.96
LD00015328,1802.13,2494.04,2715.04
LD00015329,2114.76,2481.54,1972.08
LD00015330,2262.38,1417.8,1474.01
LD00015331,1619.41,1497.59,1490.05
LD00015332,1935.33,2047.31,1956.29
LD00015333,1921.27,2019.08,2094.04
LD00015334,2084.45,1362.47,1754.88
LD00015335,2765.97,1760.4,1888.43
LD00015336,2369.24,2191.2,1787.48
LD00015337,2772.0,1873.26,1677.29
LD00015338,2588.95,2086.18,2182.85
LD00015339,2243.79,2346.89,2498.87
LD00015340,2517.71,2494.62,1760.93
LD00015341,2260.34,2110.0,2047.53
LD00015342,1712.17,2037.51,2437.95
LD00015343,2730.84,1442.67,2678.74
LD00015344,2968.22,2447.04,1878.3
LD00015345,2098.59,2424.11,2568.15
LD00015346,1732.57,2346.54,2334.5
LD00015347,1754.07,1387.13,2250.37
LD00015348,2930.13,2256.82,2707.04
LD00015349,2384.94,1491.06,2649.03
LD00015350,2267.24,2393.25,2664.61
LD00015351,1757.35,1865.5,1535.79
LD00015352,2008.61,1246.9,2131.9
LD00015353,2303.23,1219.28,2458.4
LD00015354,2529.53,2277.95,2591.9
LD00015355,2651.68,2077.75,2053.84
LD00015356,2318.7,2102.73,2081.67
LD00015357,2240.13,1716.27,2098.12
LD00015358,2288.05,1734.2,1655.7
LD00015359,1700.84,2194.17,2222.29
LD00015360,2185.11,1333.44,2446.03
LD00015361,2003.36,1496.93,2204.11
LD00015362,2646.94,1437.98,2289.05
LD00015363,2425.34,2018.86,2757.92
LD00015364,2261.06,1636.1,1861.51
LD00015365,2212.22,1211.16,2434.86
LD00015366,2867.03,1603.31,2511.84
LD00015367,1866.28,2227.24,2317.21
LD00015368,2991.24,1310.46,1669.73
LD00015369,2180.59,1555.89,2014.49
LD00015370,2606.37,1877.21,1404.49
LD00015371,2617.94,1346.29,2364.37
LD00015372,2486.41,2107.68,1585.04
LD00015373,1923.75,1786.76,1845.59
LD00015374,1601.18,1467.18,2462.8
LD00015375,1977.38,1220.75,2719.31
LD00015376,2308.44,1655.76,2640.78
LD00015377,2003.19,2460.86,2520.78
LD00015378,2475.96,1454.16,2683.6
LD00015379,2968.22,2219.58,2262.41
LD00015380,2405.58,2384.12,2566.32
LD00015381,1920.36,1710.78,2560.57
LD00015382,2473.47,1486.88,1824.19
LD00015383,2897.28,1398.89,1592.45
LD00015384,1635.22,2087.02,2683.99
LD00015385,2343.06,1352.28,2408.68
LD00015386,1811.17,2158.45,1889.75
LD00015387,2312.43,1578.02,1812.07
LD00015388,2058.74,1237.26,2330.56
LD00015389,1806.71,2024.65,1676.73
LD00015390,1835.97,1923.61,2073.3
LD00015391,1525.63,1363.98,2338.83
LD00015392,2289.03,1244.65,1890.53
LD00015393,2322.19,2065.94,2606.38
LD00015394,1940.77,2288.96,1674.06
LD00015395,2077.45,1695.91,2056.12
LD00015396,2308.83,2007.86,1610.8
LD00015397,2089.6,1475.38,1737.69
LD00015398,2139.45,1745.31,2793.6
LD00015399,1807.12,1698.81,1896.22
LD00015400,2084.61,1784.75,1768.64
LD00015401,2798.95,2370.96,2713.93
LD00015402,2477.92,2341.58,2503.17
LD00015403,2052.5,1649.9,2549.76
LD00015404,2205.63,1712.94,1822.07
LD00015405,2399.76,2461.52,1844.87
LD00015406,1869.73,2491.26,1643.12
LD00015407,1761.45,2081.28,1403.65
LD00015408,2896.47,2327.7,1469.68
LD00015409,2399.16,1557.99,2449.42
LD00015410,2315.91,1582.59,1945.08
LD00015411,2380.97,2122.53,2241.14
LD00015412,1725.65,2084.81,1605.76
LD00015413,2433.86,2374.42,2379.85
LD00015414,2893.12,2453.72,1819.54
LD00015415,1843.82,2449.71,2330.57
LD00015416,1854.79,2187.37,1948.53
LD00015417,2100.89,1416.06,2764.99
LD00015418,2727.47,1455.52,1749.11
LD00015419,2167.21,2458.31,2273.37
LD00015420,1959.1,1694.79,1585.41
LD00015421,1880.94,1655.99,2718.91
LD00015422,2004.61,1422.32,1598.11
LD00015423,2847.85,1221.51,2139.61
LD00015424,2391.45,2266.92,2431.53
LD00015425,1773.26,1390.02,2576.08
LD00015426,2112.47,1485.05,2552.76
LD00015427,2196.19,2014.31,2616.66
LD00015428,2783.62,1468.75,1936.47
LD00015429,1640.28,1321.0,2630.44
LD00015430,2350.3,1578.76,2464.07
LD00015431,2494.61,1732.49,2594.93
LD00015432,2945.76,2385.72,2278.08
LD00015433,2286.89,2342.55,1768.74
LD00015434,1550.82,2252.85,2238.76
LD00015435,2737.52,2165.95,1994.3
LD00015436,2911.17,2366.65,1463.95
LD00015437,2296.89,1405.21,2173.59
LD00015438,2380.98,1379.87,2413.34
LD00015439,2982.99,1901.64,2773.81
LD00015440,2668.59,2237.87,1960.86
LD00015441,2773.31,2348.07,1502.89
LD00015442,1910.8,1782.2,1806.97
LD00015443,1696.37,1396.43,1616.7
LD00015444,2254.4,2002.44,1703.22
LD00015445,2156.2,2129.93,2672.96
LD00015446,2851.16,1784.65,2198.26
LD00015447,2676.96,1706.34,2775.35
LD00015448,2911.03,2068.38,2571.48
LD00015449,1541.5,2134.98,1773.3
LD00015450,2836.52,2249.65,2657.66
LD00015451,1827.61,1883.11,1853.81
LD00015452,2209.27,1253.46,2360.88
LD00015453,2980.57,1931.99,1507.52
LD00015454,2772.96,2324.56,2159.25
LD00015455,1754.34,2378.81,2391.58
LD00015456,1887.08,2303.92,1979.94
LD00015457,2812.6,2055.33,1665.86
LD00015458,1678.44,1861.4,2472.58
LD00015459,2080.69,1232.41,1706.92
LD00015460,2252.79,1356.43,2506.68
LD00015461,2317.94,1358.66,2061.88
LD00015462,2731.31,2297.04,1818.93
LD00015463,1977.0,1944.53,2300.66
LD00015464,2965.9,2372.87,1618.38
LD00015465,2277.24,1590.28,2429.19
LD00015466,1970.12,1402.12,1614.96
LD00015467,1776.78,1785.94,2088.89
LD00015468,1506.98,1477.91,2131.68
LD00015469,2351.8,1693.47,1555.41
LD00015470,2552.51,1822.42,2710.8
LD00015471,2801.01,2377.7,2677.61
LD00015472,2406.35,2043.05,1443.79
LD00015473,2769.31,2370.68,1448.43
LD00015474,2553.73,2097.11,2333.12
LD00015475,2496.22,1824.78,2756.01
LD00015476,1793.8,2360.82,2466.39
LD00015477,1816.27,2485.61,1928.19
LD00015478,2652.41,2043.73,1714.89
LD00015479,2039.04,1400.37,2210.25
LD00015480,2048.49,2444.21,2141.29
LD00015481,1781.59,2031.75,2134.46
LD00015482,1863.63,2438.92,2455.47
LD00015483,2999.38,2026.86,2341.69
LD00015484,1839.79,1809.16,1659.76
LD00015485,1502.59,2470.68,1552.63
LD00015486,2154.03,2300.8,1427.12
LD00015487,2053.75,1996.92,1911.54
LD00015488,2491.01,1981.06,2359.5
LD00015489,1694.56,1971.72,1925.75
LD00015490,2616.52,2299.15,1998.82
LD00015491,2610.75,2291.49,1967.79
LD00015492,2784.13,1306.11,2751.43
LD00015493,2978.12,1456.66,1509.97
LD00015494,2519.25,1649.8,2520.56
LD00015495,2723.94,1268.14,2293.98
LD00015496,2404.54,1604.66,2382.43
LD00015497,1731.74,1480.37,1670.55
LD00015498,2120.34,2124.69,2493.79
LD00015499,2104.98,1959.79,2729.74
LD00015500,2726.82,2177.02,1727.18
LD00015501,1513.63,1212.48,2269.47
LD00015502,1630.49,1295.43,1900.78
LD00015503,2392.04,2350.7,1634.49
LD00015504,2881.04,2339.58,2051.03
LD00015505,1675.99,1624.97,2150.76
LD00015506,1698.68,2151.5,2709.55
LD00015507,1911.93,1495.29,2563.78
LD00015508,2494.18,1727.61,1655.13
LD00015509,2275.44,2042.2,2698.55
LD00015510,2361.45,1583.35,1683.61
LD00015511,1734.67,1496.65,2388.92
LD00015512,2090.97,1513.21,2504.69
LD00015513,1918.96,1385.94,2502.27
LD00015514,2072.09,1252.7,2055.94
LD00015515,1872.03,1371.37,2071.59
LD00015516,1909.02,1524.5,1877.94
LD00015517,2820.52,1259.59,1991.86
LD00015518,2899.93,1391.48,1480.49
LD00015519,2928.34,2364.02,2673.01
LD00015520,2416.88,1935.97,1955.33
LD00015521,1839.87,2154.77,2521.18
LD00015522,2604.71,2378.31,1990.51
LD00015523,2817.66,1366.03,2529.99
LD00015524,2557.4,2211.04,2586.4
LD00015525,2694.58,2318.18,1793.53
LD00015526,2671.59,2325.3,1954.57
LD00015527,2363.5,1530.96,2096.95
LD00015528,2806.65,2163.76,2089.26
LD00015529,2435.85,1983.36,1896.13
LD00015530,2844.92,1388.25,2094.55
LD00015531,2846.77,1826.77,1540.17
LD00015532,1965.39,1427.85,1708.29
LD00015533,1838.42,1935.81,1762.2
LD00015534,2331.72,1458.86,2604.79
LD00015535,2200.17,1539.02,2594.77
LD00015536,2295.51,2409.07,2351.52
LD00015537,2835.45,1496.41,2565.07
LD00015538,1751.65,1697.6,2464.33
LD00015539,2202.68,2488.52,1544.41
LD00015540,2003.86,2397.41,1571.13
LD00015541,2297.9,2427.89,2725.77
LD00015542,2076.17,2318.23,1907.03
LD00015543,1952.47,1896.61,2799.92
LD00015544,2225.98,1378.29,1490.38
LD00015545,2824.53,1773.26,2309.72
LD00015546,2064.59,2041.9,1951.82
LD00015547,2599.84,2047.25,2140.84
LD00015548,1992.34,2454.56,1936.98
LD00015549,2036.02,2006.38,1476.09
LD00015550,2870.36,1961.5,2510.41
LD00015551,2799.98,2289.64,2339.27
LD00015552,2886.11,2363.64,1899.58
LD00015553,2149.01,1944.21,1869.88
LD00015554,1518.52,2229.87,1761.57
LD00015555,2772.87,2029.5,1883.77
LD00015556,1502.55,1311.55,2115.65
LD00015557,2459.13,1346.37,1492.9
LD00015558,2800.92,2381.85,1957.45
LD00015559,1889.28,2267.32,2694.42
LD00015560,2942.16,1875.92,2435.54
LD00015561,2966.26,1795.16,1994.86
LD00015562,2109.7,2188.35,2021.0
LD00015563,2072.45,1842.03,2111.3
LD00015564,1992.93,1267.03,1784.5
LD00015565,1523.29,1645.72,1659.53
LD00015566,2866.61,2326.87,2184.47
LD00015567,1914.35,1488.05,1549.28
LD00015568,2678.05,2162.54,2527.75
LD00015569,2915.93,1968.45,2166.3
LD00015570,2145.94,2366.7,1834.59
LD00015571,2924.07,1250.18,2289.06
LD00015572,2509.01,2001.34,2718.04
LD00015573,1521.23,1771.17,1557.69
LD00015574,2248.27,2402.52,2584.79
LD00015575,2627.82,1513.32,2016.82
LD00015576,2222.39,1372.14,2550.3
LD00015577,2821.2,1558.84,1807.61
LD00015578,2675.24,1555.77,1445.35
LD00015579,2341.39,1225.41,2074.61
LD00015580,1568.67,1254.18,2044.65
LD00015581,2531.02,1641.94,2688.29
LD00015582,2527.39,2365.59,1785.11
LD00015583,2255.34,1878.5,2034.5
LD00015584,1668.77,2292.95,1507.33
LD00015585,2610.89,1563.94,1943.78
LD00015586,1736.11,1555.56,2411.67
LD00015587,2387.33,2282.18,1589.36
LD00015588,1795.23,2495.34,2561.85
LD00015589,1708.2,1207.14,1439.99
LD00015590,1784.37,2192.57,1994.51
LD00015591,2386.48,1611.33,2466.83
LD00015592,2827.87,2114.89,1417.82
LD00015593,1927.58,1517.89,2039.99
LD00015594,2189.13,1371.46,1583.54
LD00015595,2573.14,1302.78,1930.12
LD00015596,1760.67,2084.03,1458.3
LD00015597,2957.8,1355.05,1713.12
LD00015598,1631.15,1348.56,2628.78
LD00015599,2812.44,2092.48,2047.19
LD00015600,2831.31,1343.46,2612.44
LD00015601,2200.36,1691.91,1807.83
LD00015602,2222.29,1381.86,1501.39
LD00015603,2843.2,1751.83,2672.87
LD00015604,2756.84,2492.4,2095.09
LD00015605,2013.37,2194.06,2771.18
LD00015606,1836.34,1471.31,2128.82
LD00015607,2659.15,2235.16,2444.03
LD00015608,2081.92,2131.22,2514.09
LD00015609,2460.04,1297.24,2279.98
LD00015610,2942.89,1302.08,1648.81
LD00015611,1895.03,2375.66,2708.5
LD00015612,2229.38,2243.9,1979.87
LD00015613,2076.06,1295.55,2621.8
LD00015614,2679.63,2153.86,1441.81
LD00015615,2064.68,1919.83,1791.94
LD00015616,1801.74,1979.54,1823.4
LD00015617,1809.17,1907.02,2211.71
LD00015618,1890.3,1383.55,2681.63
LD00015619,2450.29,1526.77,1748.13
LD00015620,1957.2,2266.6,1925.36
LD00015621,1705.02,1422.09,1569.91
LD00015622,1923.94,1903.63,1538.58
LD00015623,1670.09,1441.27,1504.2
LD00015624,2261.7,2418.88,1896.88
LD00015625,2309.35,1509.59,1786.82
LD00015626,2895.91,1993.29,1868.87
LD00015627,2574.36,1917.98,1858.17
LD00015628,2071.59,1374.97,1421.08
LD00015629,2643.02,2462.65,2602.43
LD00015630,2834.59,2296.64,2025.58
LD00015631,2643.67,1283.79,2496.61
LD00015632,2806.15,1728.26,2696.49
LD00015633,2302.46,1759.58,1455.44
LD00015634,2118.74,1301.45,1841.65
LD00015635,1681.48,1521.23,1821.99
LD00015636,1776.17,1846.31,2467.91
LD00015637,2234.03,2018.03,2103.08
LD00015638,2187.08,2217.8,2775.94
LD00015639,1962.26,1610.14,2635.97
LD00015640,2453.58,2419.7,2324.3
LD00015641,2514.39,1555.61,1987.75
LD00015642,2462.92,1288.07,2536.7
LD00015643,1958.96,2238.94,1825.45
LD00015644,1635.92,2084.13,2541.85
LD00015645,1882.87,1333.26,2513.8
LD00015646,2579.95,2362.88,1734.95
LD00015647,2000.45,1974.2,1967.54
LD00015648,1985.33,1372.96,2308.65
LD00015649,1636.96,2162.62,1785.89
LD00015650,2921.67,1410.55,2484.45
LD00015651,1679.14,1706.13,2001.81
LD00015652,2625.81,1368.28,2132.5
LD00015653,2461.25,2039.95,2387.88
LD00015654,2682.88,2416.02,2454.49
LD00015655,2379.56,2387.61,2652.61
LD00015656,2645.64,1443.82,1540.54
LD00015657,2307.38,2167.37,1537.73
LD00015658,2533.01,1332.72,2526.92
LD00015659,1800.02,1476.9,1893.65
LD00015660,2187.0,1730.35,2347.54
LD00015661,2631.03,1352.88,2463.96
LD00015662,1595.69,1343.91,1602.43
LD00015663,1806.62,1713.41,1846.39
LD00015664,1987.9,1904.86,2775.18
LD00015665,2605.11,1771.79,1575.77
LD00015666,2715.56,1703.92,1914.86
LD00015667,2431.21,2311.55,2380.24
LD00015668,2533.68,1684.82,1539.02
LD00015669,1757.51,1498.6,2531.65
LD00015670,2470.14,1588.57,1846.27
LD00015671,1950.58,1986.9,2658.28
LD00015672,2786.38,2145.13,1437.92
LD00015673,2499.35,2100.98,1441.58
LD00015674,2754.26,2155.36,1540.41
LD00015675,2947.71,2338.54,1580.31
LD00015676,2451.21,2201.49,1587.86
LD00015677,1584.48,2398.9,2238.71
LD00015678,2149.56,1837.3,2437.84
LD00015679,2806.14,1937.88,1538.36
LD00015680,2690.6,1291.41,2292.81
LD00015681,2936.29,2246.8,2509.28
LD00015682,1500.3,1825.95,2583.62
LD00015683,2954.89,1742.45,1957.27
LD00015684,2217.1,1360.26,2193.99
LD00015685,1742.34,2154.64,2770.73
LD00015686,2653.95,2165.6,1526.01
LD00015687,1843.77,1344.81,2732.27
LD00015688,2862.96,2033.62,2562.01
LD00015689,1744.87,2324.92,2107.0
LD00015690,2777.63,1370.49,1508.36
LD00015691,2381.5,2302.97,1577.58
LD00015692,2156.02,1434.65,2061.72
LD00015693,2580.54,1272.08,2078.29
LD00015694,1913.23,2416.32,2153.72
LD00015695,2645.66,1859.57,2149.35
LD00015696,2571.89,1218.29,1649.47
LD00015697,1928.62,1748.43,2575.38
LD00015698,2965.91,2449.69,1420.03
LD00015699,2756.3,2455.69,1404.87
LD00015700,2467.1,1464.15,2154.4
LD00015701,1646.18,1609.43,1983.42
LD00015702,1657.46,1747.37,2449.24
LD00015703,2186.45,2178.26,1921.37
LD00015704,2658.49,2082.72,2689.56
LD00015705,1888.95,1413.93,2534.74
LD00015706,1529.7,1708.33,2677.83
LD00015707,2319.64,2180.11,1451.47
LD00015708,1890.98,1678.16,1837.19
LD00015709,1798.35,2149.07,1843.48
LD00015710,2134.61,2085.05,2710.68
LD00015711,2958.7,1651.95,2784.38
LD00015712,2932.32,1413.67,1655.42
LD00015713,1685.17,1461.76,2674.56
LD00015714,1822.18,2487.27,2400.82
LD00015715,2908.8,2216.36,1993.67
LD00015716,2000.84,1460.74,2596.94
LD00015717,1652.53,2229.49,2494.83
LD00015718,2782.67,2046.4,2051.47
LD00015719,1571.96,2310.72,1795.85
LD00015720,1542.72,2085.94,2507.47
LD00015721,2854.81,1969.28,2004.44
LD00015722,1803.94,1321.62,2702.44
LD00015723,2067.52,1665.88,2303.56
LD00015724,1594.33,1702.46,1761.98
LD00015725,2992.92,1264.64,1467.18
LD00015726,2963.93,1311.19,2654.95
LD00015727,2206.81,1510.54,2729.45
LD00015728,2404.69,2463.89,1970.35
LD00015729,1729.22,1846.81,2057.11
LD00015730,1690.99,2049.65,2278.11
LD00015731,2474.04,1659.99,2466.73
LD00015732,1686.15,1890.86,2110.31
LD00015733,2324.78,1556.04,2615.76
LD00015734,2918.6,2357.76,2721.77
LD00015735,2276.89,1211.08,2795.63
LD00015736,2432.41,2203.0,2454.61
LD00015737,1972.56,1751.07,1445.93
LD00015738,1759.81,1273.51,2390.53
LD00015739,2848.29,1595.7,2775.08
LD00015740,2230.68,2321.14,2675.98
LD00015741,2165.57,1353.57,2535.86
LD00015742,2948.71,1725.49,1438.19
LD00015743,1718.28,1796.77,2670.82
LD00015744,1574.97,1950.16,2309.99
LD00015745,1889.54,1566.13,2610.37
LD00015746,1648.19,1884.8,2330.78
LD00015747,1566.21,1587.08,2431.64
LD00015748,2898.01,1350.9,2516.49
LD00015749,1814.35,2260.75,1975.61
LD00015750,1762.24,2349.77,2059.17
LD00015751,1765.89,2258.65,2502.32
LD00015752,2071.46,1652.19,2785.88
LD00015753,1549.02,2019.92,1694.96
LD00015754,2984.04,1609.6,2350.05
LD00015755,2242.38,2232.57,2510.52
LD00015756,1525.23,1952.47,2698.42
LD00015757,2073.65,1626.37,2527.87
LD00015758,1937.38,2076.33,2144.59
LD00015759,2197.32,1988.48,2071.74
LD00015760,2308.92,2074.97,1907.34
LD00015761,1514.18,2126.86,2147.67
LD00015762,2931.37,1400.01,2198.54
LD00015763,1999.35,2182.74,1644.46
LD00015764,2129.66,1851.75,2332.24
LD00015765,2258.75,2084.79,2391.3
LD00015766,1683.58,2039.83,1415.0
LD00015767,2959.43,1715.3,1653.16
LD00015768,1767.68,1800.93,2256.48
LD00015769,1906.97,2196.59,2770.45
LD00015770,2299.45,2267.39,2310.53
LD00015771,2271.75,1426.27,1438.26
LD00015772,2162.94,1937.24,1796.6
LD00015773,2343.93,1727.85,1825.67
LD00015774,2028.82,1247.92,2068.3
LD00015775,2235.62,2260.16,1401.42
LD00015776,2484.0,1549.81,2360.55
LD00015777,1868.22,2063.17,2398.39
LD00015778,2987.26,2086.07,1923.68
LD00015779,2034.17,1390.28,1626.47
LD00015780,1900.26,2304.08,2400.22
LD00015781,2979.29,1519.89,2236.51
LD00015782,2570.64,1423.75,1582.09
LD00015783,2093.96,2223.22,1876.63
LD00015784,2377.3,1736.05,2146.95
LD00015785,1526.11,1719.61,1560.56
LD00015786,1669.95,2355.77,2424.05
LD00015787,1687.75,1544.18,2141.77
LD00015788,2338.89,2048.98,2719.87
LD00015789,2963.16,1854.01,2066.41
LD00015790,2484.44,1626.3,2796.78
LD00015791,2798.44,1708.26,1985.56
LD00015792,2601.33,2002.18,2018.94
LD00015793,2202.68,1236.33,1507.18
LD00015794,2178.52,2239.35,2040.18
LD00015795,1503.33,1278.63,2198.07
LD00015796,1928.03,1903.32,1602.99
LD00015797,1729.18,1359.54,2742.85
LD00015798,2600.79,2198.94,1809.74
LD00015799,1750.64,1619.08,2418.83
LD00015800,1991.67,2409.42,1530.02
LD00015801,1742.05,2329.63,1629.04
LD00015802,2688.01,1376.13,2214.71
LD00015803,2310.95,1869.79,1759.22
LD00015804,2270.95,1566.51,2272.84
LD00015805,1896.56,2351.05,2764.63
LD00015806,1742.45,1740.61,2581.13
LD00015807,1960.0,1951.68,1445.03
LD00015808,2881.0,1831.61,2483.7
LD00015809,2927.25,1960.04,2594.0
LD00015810,1892.53,2215.22,1867.28
LD00015811,1560.06,1956.37,2139.71
LD00015812,1769.74,2102.58,2721.57
LD00015813,2872.67,1685.66,2243.92
LD00015814,2548.78,1831.78,2538.52
LD00015815,2083.1,1389.46,2486.84
LD00015816,1676.33,1591.29,1607.86
LD00015817,2950.64,2051.53,2168.42
LD00015818,2137.83,2093.81,2612.51
LD00015819,2227.12,2499.88,2611.91
LD00015820,2980.55,1782.23,1725.6
LD00015821,1837.16,2086.18,1509.96
LD00015822,1994.0,1469.72,1550.23
LD00015823,2617.67,1667.95,2783.83
LD00015824,1530.63,1321.02,1650.61
LD00015825,1748.97,1681.65,1449.84
LD00015826,2773.49,2352.69,1437.31
LD00015827,2352.19,1259.43,1656.06
LD00015828,1600.98,2489.36,2311.43
LD00015829,1805.74,2063.75,1464.66
LD00015830,2741.54,1955.6,1655.1
LD00015831,2642.01,1761.93,2509.23
LD00015832,2775.34,1879.06,2165.37
LD00015833,2695.35,2437.14,1573.34
LD00015834,1648.09,1744.38,1824.5
LD00015835,2960.87,1544.02,2340.19
LD00015836,2900.12,1435.75,2676.75
LD00015837,2009.88,1844.67,2421.38
LD00015838,2952.41,1899.04,2129.0
LD00015839,2715.51,2178.88,1887.15
LD00015840,2072.4,1370.92,2358.46
LD00015841,2589.4,1719.44,2284.41
LD00015842,1659.63,1447.76,1762.92
LD00015843,1932.74,1500.31,2488.02
LD00015844,2078.95,2216.56,1823.07
LD00015845,2597.63,1586.44,2063.99
LD00015846,2971.96,2190.3,2048.22
LD00015847,2589.61,1697.49,2238.56
LD00015848,1534.65,1645.48,2767.98
LD00015849,1895.3,2478.91,1711.46
LD00015850,1912.7,2051.2,1713.79
LD00015851,2613.03,2193.57,1409.61
LD00015852,1860.39,1493.92,1818.13
LD00015853,2421.61,2331.62,1577.86
LD00015854,2639.51,2153.81,2273.66
LD00015855,2826.32,1268.96,1514.61
LD00015856,2735.12,1497.69,1650.22
LD00015857,2714.62,1750.68,1998.29
LD00015858,2532.33,1213.82,1643.22
LD00015859,2972.38,1741.8,2332.21
LD00015860,2139.97,1841.73,2681.77
LD00015861,2964.66,2375.17,1667.43
LD00015862,2610.49,1473.55,2176.09
LD00015863,2327.15,1409.1,2595.74
LD00015864,1918.04,2425.71,2480.66
LD00015865,1896.0,1689.86,2332.07
LD00015866,1742.78,1506.31,1601.69
LD00015867,1813.11,1534.52,1969.95
LD00015868,2758.84,1441.78,2280.04
LD00015869,2788.43,2256.15,1569.56
LD00015870,2592.23,1875.92,1536.8
LD00015871,2555.3,2465.7,1698.26
LD00015872,1580.48,1269.87,2007.92
LD00015873,2326.96,1359.94,2576.21
LD00015874,2664.24,1579.62,1810.61
LD00015875,2971.97,1395.29,1903.83
LD00015876,1887.37,1737.31,1848.02
LD00015877,1720.19,2207.8,2140.62
LD00015878,2733.78,1831.86,1404.52
LD00015879,2696.5,1641.85,1406.2
LD00015880,2315.88,1326.08,1856.37
LD00015881,2031.93,1358.66,2231.03
LD00015882,2142.86,2046.88,1884.19
LD00015883,2785.68,1330.79,1742.65
LD00015884,1752.42,1856.76,1974.05
LD00015885,2488.77,1303.79,2762.14
LD00015886,1715.79,2458.36,1570.73
LD00015887,1944.36,1616.21,2634.42
LD00015888,2094.89,1403.03,1525.55
LD00015889,1788.85,2162.17,2122.06
LD00015890,2173.73,2330.5,2689.77
LD00015891,2574.54,2286.23,2204.23
LD00015892,1603.14,1932.43,2403.68
LD00015893,2291.03,2126.64,2232.45
LD00015894,2987.18,2249.42,2041.24
LD00015895,1847.42,1720.59,1958.06
LD00015896,2769.93,1401.83,2207.86
LD00015897,2099.94,2040.93,1678.98
LD00015898,1574.94,1336.92,2508.35
LD00015899,2875.88,2414.29,2764.3
LD00015900,2587.39,1289.3,1772.45
LD00015901,1761.74,1454.94,2384.23
LD00015902,2238.73,1862.42,2170.02
LD00015903,2305.82,1510.59,1437.09
LD00015904,1956.05,2002.13,2625.6
LD00015905,2321.45,1519.39,2740.49
LD00015906,2364.53,1593.53,1604.48
LD00015907,1845.74,1482.32,2048.46
LD00015908,1566.79,1897.77,1897.06
LD00015909,2466.61,1216.06,2401.33
LD00015910,2316.33,2473.9,1567.52
LD00015911,2366.56,1767.67,2731.88
LD00015912,2933.67,2134.15,2390.79
LD00015913,2457.79,2281.48,1476.16
LD00015914,2245.53,1871.7,2079.38
LD00015915,1560.73,1825.71,1836.27
LD00015916,2379.71,1594.72,1856.6
LD00015917,1774.37,1782.63,2642.66
LD00015918,2958.17,2462.91,2102.78
LD00015919,2278.38,1668.97,1979.32
LD00015920,2179.42,1354.3,2577.62
LD00015921,1813.34,1317.95,2678.74
LD00015922,1843.88,1292.04,1492.79
LD00015923,1506.92,2255.77,1689.3
LD00015924,2426.94,2097.85,2049.47
LD00015925,2213.35,1768.64,2370.97
LD00015926,2845.22,1704.3,1905.99
LD00015927,2722.33,1277.13,1724.7
LD00015928,1878.26,2356.24,2381.93
LD00015929,2402.12,2229.2,1986.46
LD00015930,2737.03,2119.81,2691.5
LD00015931,1561.85,2230.85,2381.71
LD00015932,2145.2,1396.8,2265.2
LD00015933,1961.8,1934.22,1961.35
LD00015934,2878.63,1927.97,2144.48
LD00015935,2335.9,1392.6,2096.64
LD00015936,1618.85,2403.65,2539.13
LD00015937,1672.86,1667.51,2697.71
LD00015938,2346.7,1876.59,1697.45
LD00015939,2164.64,1752.31,2745.57
LD00015940,2323.62,2388.89,2413.15
LD00015941,2213.7,1787.33,1881.75
LD00015942,2806.81,1513.57,2187.6
LD00015943,2266.6,2458.53,1938.98
LD00015944,2419.89,1426.54,1557.77
LD00015945,2443.03,1555.77,1584.41
LD00015946,1918.7,2323.86,1617.95
LD00015947,2157.7,1221.79,1977.48
LD00015948,2697.92,1417.65,1614.78
LD00015949,2745.81,1498.34,2542.24
LD00015950,1765.69,2110.97,2756.1
LD00015951,2720.99,1993.9,2793.0
LD00015952,2176.48,2208.3,2524.12
LD00015953,1502.65,1402.56,1820.57
LD00015954,2391.96,1809.11,1671.87
LD00015955,2847.38,1934.51,2114.94
LD00015956,2271.45,2018.17,1488.16
LD00015957,2756.09,1314.09,2620.87
LD00015958,2734.35,1515.69,2505.88
LD00015959,2144.98,2415.49,1726.37
LD00015960,2915.13,1267.21,2377.23
LD00015961,2243.76,2150.86,1930.07
LD00015962,2277.08,1247.02,1695.98
LD00015963,2239.35,1814.46,2190.21
LD00015964,2818.17,1767.33,1976.41
LD00015965,1859.13,1405.53,2605.38
LD00015966,2585.94,1686.12,2774.34
LD00015967,2532.77,2225.02,1693.82
LD00015968,2500.38,1860.8,2503.88
LD00015969,2343.3,1333.91,2678.18
LD00015970,2778.17,1260.25,2552.04
LD00015971,2404.54,1317.72,1752.38
LD00015972,2415.55,1824.06,1985.84
LD00015973,2566.29,1947.15,1986.61
LD00015974,2329.41,2429.08,1715.29
LD00015975,1892.69,1757.01,2711.41
LD00015976,2370.32,2496.95,1456.81
LD00015977,2878.78,1789.87,1877.02
LD00015978,2099.08,1569.31,2235.88
LD00015979,1699.4,1421.16,1633.14
LD00015980,2828.37,2120.44,2645.39
LD00015981,2050.68,1314.81,2053.99
LD00015982,1656.82,1654.25,1419.96
LD00015983,1829.11,2146.08,2456.08
LD00015984,2110.46,2177.83,1612.61
LD00015985,2083.08,2194.56,2161.03
LD00015986,1539.08,1683.98,1763.41
LD00015987,2320.55,1242.48,2225.11
LD00015988,2416.74,2281.07,1995.42
LD00015989,2780.74,1889.69,1843.06
LD00015990,2287.18,1707.17,2034.13
LD00015991,2934.77,1706.52,1903.53
LD00015992,2619.99,1327.13,2252.81
LD00015993,2050.47,1628.12,1813.28
LD00015994,1974.83,2231.71,1815.45
LD00015995,2049.73,1674.67,1926.4
LD00015996,2385.32,1505.57,2688.79
LD00015997,1518.5,1737.9,2303.35
LD00015998,2136.23,2104.16,2361.18
LD00015999,2903.77,2068.83,2049.5
LD00016000,2757.08,1274.03,2414.26
LD00016001,2955.99,1443.63,2736.5
LD00016002,2559.76,1754.52,1466.54
LD00016003,2661.9,1258.09,2673.28
LD00016004,2274.07,1498.17,2079.52
LD00016005,1624.67,2183.16,2169.08
LD00016006,1785.48,1941.9,2160.6
LD00016007,1814.09,1563.33,2766.91
LD00016008,2988.84,1688.77,1837.34
LD00016009,1723.61,1563.24,2397.96
LD00016010,1788.69,1570.95,2428.79
LD00016011,2469.24,1855.85,1852.5
LD00016012,2661.2,1337.77,2241.6
LD00016013,2492.36,1313.53,1641.33
LD00016014,1636.96,1832.83,2628.79
LD00016015,2689.26,1243.88,2472.52
LD00016016,2856.33,2426.43,2726.9
LD00016017,2241.49,2118.29,2657.35
LD00016018,2581.26,1303.68,2006.02
LD00016019,2348.15,1611.56,2177.4
LD00016020,2718.18,2322.28,1793.41
LD00016021,1691.1,1850.31,2277.58
LD00016022,2212.73,1660.63,1799.03
LD00016023,2112.89,2089.74,2606.6
LD00016024,2566.61,1988.23,2419.47
LD00016025,2334.45,1893.94,2568.26
LD00016026,2014.83,1526.55,2039.13
LD00016027,1986.12,1423.57,1675.64
LD00016028,1634.65,1857.49,2787.76
LD00016029,1892.59,2051.5,2110.02
LD00016030,2303.32,1906.62,2429.56
LD00016031,2693.76,1896.51,2797.54
LD00016032,1602.42,1265.24,2669.01
LD00016033,2657.57,1585.75,2761.96
LD00016034,2206.32,1237.54,1590.61
LD00016035,1551.74,1658.22,2339.32
LD00016036,1640.37,1979.84,1485.65
LD00016037,2184.57,1553.54,2225.08
LD00016038,1524.01,2029.45,2428.25
LD00016039,2815.22,2058.94,2151.68
LD00016040,2686.66,1677.65,2204.53
LD00016041,2047.77,1333.57,1454.12
LD00016042,2245.47,1436.93,2030.1
LD00016043,2769.29,1394.63,2293.55
LD00016044,2696.93,2294.82,2604.14
LD00016045,2042.53,2227.69,2208.72
LD00016046,2728.75,1658.14,1671.48
LD00016047,2780.51,2062.56,1429.89
LD00016048,2606.53,2120.32,1860.22
LD00016049,1629.19,1552.72,1954.42
LD00016050,1630.0,1805.56,2258.77
LD00016051,2680.48,2417.17,1774.99
LD00016052,2407.53,2198.68,2393.44
LD00016053,2331.63,1330.05,1580.23
LD00016054,2270.04,1727.34,1623.14
LD00016055,2102.46,1473.76,1799.76
LD00016056,1558.8,2363.12,2104.53
LD00016057,1809.0,2249.07,1436.63
LD00016058,2601.38,2284.95,2667.21
LD00016059,2777.52,2409.87,1748.22
LD00016060,2705.22,2225.85,1409.79
LD00016061,1501.23,1609.89,1632.44
LD00016062,2158.31,2242.38,2382.96
LD00016063,2348.17,2429.15,1866.3
LD00016064,2464.73,2370.88,1786.06
LD00016065,2602.89,1713.48,2583.52
LD00016066,2030.44,1956.62,1858.57
LD00016067,2577.36,1384.25,2669.71
LD00016068,2657.5,1810.61,2434.58
LD00016069,2075.39,1970.92,1897.18
LD00016070,2116.91,1279.42,1913.6
LD00016071,2965.3,2279.69,2550.73
LD00016072,2372.78,2107.76,2009.17
LD00016073,2679.8,2066.44,2075.52
LD00016074,2447.44,1738.76,2528.89
LD00016075,2784.18,1943.49,2726.45
LD00016076,2792.03,2290.57,1448.87
LD00016077,1750.19,2264.53,1696.65
LD00016078,1551.59,2154.53,1745.23
LD00016079,1840.45,1379.68,2410.99
LD00016080,2779.0,2248.75,1885.24
LD00016081,1693.27,2304.77,2049.57
LD00016082,2048.58,2461.09,2588.99
LD00016083,2969.72,1692.93,2725.06
LD00016084,2548.3,1238.38,1865.52
LD00016085,2517.4,1821.02,2512.67
LD00016086,2707.38,1533.82,2151.77
LD00016087,2102.62,2459.12,2490.54
LD00016088,2199.51,2231.13,2513.82
LD00016089,2639.37,1740.09,2655.82
LD00016090,1807.27,2250.57,2609.19
LD00016091,1877.17,2415.99,1471.72
LD00016092,2410.45,2003.22,1879.79
LD00016093,2847.51,1702.11,1929.8
LD00016094,2314.4,1291.48,1974.54
LD00016095,2657.6,1397.38,2531.91
LD00016096,1901.09,2370.74,2261.01
LD00016097,2463.88,2217.74,2566.87
LD00016098,2916.28,1343.39,2553.58
LD00016099,2171.21,2033.63,2286.55
LD00016100,2115.21,1752.85,1435.1
LD00016101,2328.1,2314.6,1505.12
LD00016102,2547.04,1681.03,2171.87
LD00016103,2099.65,1284.03,2465.07
LD00016104,2631.72,2422.52,2721.21
LD00016105,2435.99,1690.24,1755.79
LD00016106,2052.99,2319.74,2663.13
LD00016107,2212.34,1358.34,1548.97
LD00016108,1778.38,1576.35,1791.08
LD00016109,2508.53,1417.27,2637.16
LD00016110,1853.83,2255.67,2006.53
LD00016111,2069.18,2152.99,2006.74
LD00016112,2722.48,2140.15,2228.75
LD00016113,1865.02,1878.0,1935.86
LD00016114,2957.18,1664.61,1683.42
LD00016115,1921.94,1303.07,2532.09
LD00016116,2687.66,1914.64,1643.0
LD00016117,1836.95,2497.62,1477.56
LD00016118,2976.33,2358.34,1539.24
LD00016119,2617.59,2045.71,2653.82
LD00016120,1506.99,1984.43,1455.93
LD00016121,2955.84,2162.0,1502.14
LD00016122,2447.24,2204.98,2033.47
LD00016123,2523.28,2442.57,1411.6
LD00016124,2113.75,1592.77,1404.8
LD00016125,2011.67,2087.76,1814.51
LD00016126,2524.47,1870.86,1631.95
LD00016127,2030.05,2441.42,1682.45
LD00016128,2005.66,1434.04,2435.91
LD00016129,1884.35,2278.44,1547.75
LD00016130,2986.47,2029.2,2035.44
LD00016131,2248.21,2254.01,2674.78
LD00016132,2111.93,2141.48,2420.04
LD00016133,2538.24,1686.93,2479.65
LD00016134,2665.42,2302.79,2576.39
LD00016135,2896.97,1318.19,1915.37
LD00016136,1964.89,1280.0,2585.42
LD00016137,2387.95,1699.64,2069.43
LD00016138,2719.6,1440.0,2126.95
LD00016139,2979.08,2099.64,1694.19
LD00016140,2857.77,2466.08,2147.19
LD00016141,1629.71,1670.92,1655.27
LD00016142,2978.36,1922.11,2450.56
LD00016143,1954.44,2097.52,1908.11
LD00016144,2014.37,1854.88,2068.96
LD00016145,1654.98,1910.27,2413.26
LD00016146,2852.12,1305.53,2720.94
LD00016147,2230.8,1736.91,2147.91
LD00016148,2560.1,1942.46,1857.51
LD00016149,2640.96,1352.64,2678.08
LD00016150,2149.74,1931.54,2768.05
LD00016151,2140.02,1344.53,2199.09
LD00016152,1991.39,2032.92,1967.21
LD00016153,1604.29,2113.98,1837.8
LD00016154,1622.98,1663.1,2790.5
LD00016155,1702.74,2267.73,1722.85
LD00016156,2589.09,2044.64,2039.47
LD00016157,2155.64,1857.69,2528.93
LD00016158,1531.52,1416.11,1888.94
LD00016159,2557.38,1815.42,2731.21
LD00016160,2990.08,2308.8,1941.58
LD00016161,1965.28,2274.14,1726.97
LD00016162,1703.54,1560.34,2753.32
LD00016163,2956.63,1623.05,2580.35
LD00016164,2770.15,2070.78,1775.57
LD00016165,2499.46,2115.56,2195.1
LD00016166,1818.92,1331.09,2347.7
LD00016167,2521.63,2350.77,2565.15
LD00016168,2099.54,1584.71,1816.95
LD00016169,1588.43,1260.57,1942.21
LD00016170,2381.66,2136.19,1844.3
LD00016171,2750.77,1440.7,1687.69
LD00016172,2540.4,1844.03,1444.93
LD00016173,1771.39,1222.99,2556.21
LD00016174,2297.49,1916.02,2337.17
LD00016175,2970.66,1479.45,2094.42
LD00016176,2157.62,2118.63,2447.62
LD00016177,2896.99,1504.14,1582.35
LD00016178,1893.97,1785.15,1407.86
LD00016179,2463.67,2318.25,2379.95
LD00016180,2220.63,2420.86,2268.06
LD00016181,2943.82,1335.15,2218.36
LD00016182,2048.81,2221.19,2237.18
LD00016183,2791.17,1673.48,1427.44
LD00016184,2055.16,1920.93,1794.62
LD00016185,2935.32,1780.76,1689.58
LD00016186,2795.75,2323.86,2713.08
LD00016187,1598.29,2486.56,2377.81
LD00016188,2804.78,1314.1,2539.15
LD00016189,1972.87,2280.87,2264.45
LD00016190,1881.17,2443.85,1723.72
LD00016191,1698.55,2085.15,1709.02
LD00016192,1601.27,1245.91,1802.25
LD00016193,2561.37,1575.51,1572.28
LD00016194,2786.37,1599.58,2434.43
LD00016195,2005.55,1492.33,1523.87
LD00016196,1594.18,1672.88,1553.19
LD00016197,2108.62,1806.71,2183.34
LD00016198,2060.96,2252.32,1882.96
LD00016199,2979.84,1862.14,1962.42
LD00016200,2158.76,1516.04,2499.29
LD00016201,1672.65,1238.46,1964.57
LD00016202,1845.52,1677.74,1781.19
LD00016203,2279.46,1329.19,2010.72
LD00016204,2962.19,1755.61,2653.03
LD00016205,2826.65,1382.09,1647.84
LD00016206,2819.48,1644.02,2762.33
LD00016207,1865.47,1656.76,1983.67
LD00016208,2714.33,1654.76,2227.97
LD00016209,2966.9,2477.82,2649.35
LD00016210,2413.68,1457.49,2055.8
LD00016211,1820.3,1334.01,2618.83
LD00016212,2338.27,1340.65,2689.88
LD00016213,2825.7,1447.59,2234.69
LD00016214,1841.4,2142.94,2282.64
LD00016215,2255.17,2043.75,2417.34
LD00016216,2846.77,2295.79,2055.04
LD00016217,2776.14,2073.54,2109.58
LD00016218,2976.78,1718.63,1697.41
LD00016219,2544.14,1536.97,2212.69
LD00016220,2997.72,1850.54,2697.89
LD00016221,2995.6,2454.59,2155.74
LD00016222,2532.15,2045.44,1752.52
LD00016223,1669.15,1231.65,1588.76
LD00016224,1733.87,1200.41,1856.65
LD00016225,2554.66,1397.67,2416.62
LD00016226,2852.48,1376.65,2484.97
LD00016227,2035.69,2414.52,2085.75
LD00016228,1728.53,2262.0,2158.9
LD00016229,2743.66,2469.08,2172.27
LD00016230,2192.49,1807.13,2089.1
LD00016231,2504.79,2071.47,2600.35
LD00016232,1875.78,1415.55,1649.64
LD00016233,1712.6,1533.62,1455.2
LD00016234,2650.77,1324.79,2013.86
LD00016235,1575.85,1658.67,2770.08
LD00016236,2984.71,2466.92,2550.02
LD00016237,1800.51,2069.13,2147.45
LD00016238,1741.54,1393.98,1889.11
LD00016239,2738.81,2243.75,2657.81
LD00016240,2521.96,2327.77,1527.07
LD00016241,2365.8,1244.17,2214.48
LD00016242,1627.62,2271.1,1505.96
LD00016243,2963.96,1290.99,2736.38
LD00016244,2547.44,2196.54,1873.96
LD00016245,2939.23,1936.07,2343.47
LD00016246,2939.47,2050.58,2754.78
LD00016247,1953.75,1672.15,1749.94
LD00016248,2605.15,1644.19,2075.25
LD00016249,2922.07,1281.56,1828.47
LD00016250,2503.36,2450.59,1501.86
LD00016251,2617.77,2302.23,2265.57
LD00016252,1582.57,2417.24,2527.14
LD00016253,2107.82,2292.03,2101.26
LD00016254,2895.97,2036.65,2479.83
LD00016255,1533.02,1930.7,2080.0
LD00016256,1521.78,2005.46,2201.13
LD00016257,2747.29,1728.62,2479.59
LD00016258,2469.43,1485.09,1842.76
LD00016259,2545.6,1798.87,1683.7
LD00016260,1691.34,2032.26,2497.07
LD00016261,2410.78,2164.03,2439.31
LD00016262,2107.61,2241.08,2051.46
LD00016263,2398.47,1701.29,2026.19
LD00016264,1865.3,2163.26,2276.44
LD00016265,1852.49,2441.39,2336.17
LD00016266,1712.26,1560.44,1706.67
LD00016267,2337.59,1904.67,1716.07
LD00016268,1896.33,1443.06,1754.97
LD00016269,2141.96,2436.52,2761.64
LD00016270,2449.33,1632.04,1631.55
LD00016271,1624.29,1850.81,2093.62
LD00016272,1669.51,1346.87,1736.52
LD00016273,2603.88,1382.82,1451.81
LD00016274,1900.87,1433.76,1948.23
LD00016275,2188.67,2288.33,2616.26
LD00016276,1776.29,1792.24,2293.45
LD00016277,2538.53,1761.87,2464.69
LD00016278,1949.93,1761.53,1566.29
LD00016279,1672.91,1511.1,2450.49
LD00016280,2084.96,1404.11,1701.52
LD00016281,1925.24,1953.6,2630.44
LD00016282,2111.26,1287.51,2373.49
LD00016283,2415.6,1335.34,2312.62
LD00016284,1717.15,2157.37,2049.86
LD00016285,2988.16,2133.9,1673.68
LD00016286,2030.9,2292.84,2769.63
LD00016287,2864.56,1561.26,2090.38
LD00016288,1628.05,1215.25,2321.76
LD00016289,2242.12,2236.84,2446.53
LD00016290,2626.07,1829.42,2445.33
LD00016291,2095.73,1785.01,2425.68
LD00016292,1505.9,1964.97,1605.66
LD00016293,2925.29,1839.81,1791.54
LD00016294,1604.01,1567.8,2798.62
LD00016295,2619.48,2306.2,2209.75
LD00016296,1607.94,2484.11,1998.19
LD00016297,2707.11,1401.39,2288.95
LD00016298,2605.72,1342.56,1502.06
LD00016299,1632.8,2014.13,2775.84
LD00016300,1991.96,1726.68,1981.94
LD00016301,2488.13,2407.29,1442.54
LD00016302,1859.65,1287.54,2399.78
LD00016303,2519.16,1645.53,2527.02
LD00016304,2998.8,1332.81,1457.38
LD00016305,2306.39,1261.02,2314.91
LD00016306,2817.14,1992.93,1544.82
LD00016307,1800.47,1860.64,1528.14
LD00016308,1902.96,1249.54,1884.23
LD00016309,2494.84,1791.18,2619.02
LD00016310,2078.61,2383.95,1894.11
LD00016311,2730.67,2312.09,2231.66
LD00016312,2258.46,1926.09,2539.11
LD00016313,2677.17,2093.69,2255.32
LD00016314,2276.96,1448.66,1995.86
LD00016315,2490.54,1762.76,2282.8
LD00016316,2384.15,1717.47,1906.12
LD00016317,2763.6,1918.9,2256.27
LD00016318,2425.36,1410.44,1403.79
LD00016319,2007.75,1532.91,1419.59
LD00016320,2325.34,1837.94,1641.06
LD00016321,1717.92,2208.03,2232.51
LD00016322,1589.79,1944.95,2078.16
LD00016323,1510.22,1592.39,2468.61
LD00016324,1756.25,2095.61,2083.75
LD00016325,2490.36,2296.37,2621.25
LD00016326,1715.76,1584.51,1747.77
LD00016327,1870.77,1831.63,2400.16
LD00016328,2682.48,2163.76,1801.47
LD00016329,2295.21,1977.34,1749.43
LD00016330,2611.9,2147.47,2389.2
LD00016331,2205.01,1265.61,2054.85
LD00016332,2787.34,2113.5,1476.44
LD00016333,1838.86,1559.77,2701.04
LD00016334,1927.0,1609.67,1572.71
LD00016335,2295.14,2347.26,2656.39
LD00016336,1689.91,2334.03,1599.12
LD00016337,2312.89,1705.98,2022.42
LD00016338,2401.4,1764.02,2345.71
LD00016339,2996.4,2028.12,2491.11
LD00016340,2851.57,1674.0,2268.08
LD00016341,2590.18,1565.4,2703.45
LD00016342,2188.21,1445.8,2614.65
LD00016343,2327.33,1612.85,1452.67
LD00016344,2930.53,2197.98,1633.5
LD00016345,2161.51,1208.61,2549.07
LD00016346,2707.61,1426.13,1463.29
LD00016347,2495.36,1514.59,2683.69
LD00016348,2772.44,1589.47,2619.1
LD00016349,2070.82,2177.16,1525.84
LD00016350,2537.08,1628.39,1839.83
LD00016351,2092.96,1621.79,2346.89
LD00016352,1772.9,1815.94,2357.33
LD00016353,2614.97,1571.9,2596.8
LD00016354,2010.55,1725.77,1719.43
LD00016355,2649.34,2028.53,2124.85
LD00016356,1580.92,1646.29,2040.56
LD00016357,2184.62,1365.76,2649.33
LD00016358,2709.37,1501.41,2463.59
LD00016359,2960.1,1568.36,1511.04
LD00016360,2321.87,1539.68,2454.81
LD00016361,1933.84,2337.16,1767.52
LD00016362,1692.95,1274.76,2532.25
LD00016363,2575.96,2401.52,1741.52
LD00016364,2079.93,1565.68,2142.41
LD00016365,2792.27,1315.0,1790.61
LD00016366,2812.1,1463.56,2713.55
LD00016367,1808.82,1470.72,1675.04
LD00016368,1883.67,1475.43,2339.96
LD00016369,1781.82,1472.86,1864.28
LD00016370,2167.78,1450.91,1700.13
LD00016371,2874.56,1282.4,2067.96
LD00016372,1862.51,2132.52,2757.49
LD00016373,2642.3,2196.9,1616.85
LD00016374,2976.01,2476.43,2677.81
LD00016375,2641.95,1667.56,2320.71
LD00016376,2697.31,1638.3,1926.91
LD00016377,2311.4,1535.55,2249.99
LD00016378,2007.18,2378.36,1533.62
LD00016379,2428.49,1526.66,1998.12
LD00016380,2960.57,1677.48,2766.7
LD00016381,2079.37,2388.23,2476.14
LD00016382,1540.45,1641.3,1794.04
LD00016383,2474.56,1516.05,2261.63
LD00016384,1565.51,2348.63,1813.14
LD00016385,2936.73,1279.14,2228.57
LD00016386,2951.26,1870.57,1604.95
LD00016387,2314.88,1936.07,2143.56
LD00016388,2178.99,1611.09,1538.15
LD00016389,2837.49,2098.48,2749.78
LD00016390,1515.24,1232.03,1993.45
LD00016391,1992.48,1525.66,1419.87
LD00016392,2750.76,2471.33,1752.53
LD00016393,1632.3,2475.57,1752.47
LD00016394,2883.81,1835.39,1931.97
LD00016395,2375.61,1985.76,1444.36
LD00016396,2630.86,1506.66,2584.1
LD00016397,2637.96,1245.42,1616.03
LD00016398,2260.45,2061.01,2213.36
LD00016399,2493.28,1344.88,1515.02
LD00016400,2715.4,2026.28,2741.11
LD00016401,2617.9,2282.01,2208.32
LD00016402,1611.74,1888.45,1834.52
LD00016403,2732.67,2400.05,1991.96
LD00016404,2964.78,2376.82,2499.17
LD00016405,2616.48,1756.32,2231.93
LD00016406,2082.66,1489.55,1856.96
LD00016407,2672.61,1937.47,2388.14
LD00016408,2614.6,2098.94,1792.99
LD00016409,2521.7,1972.18,2053.85
LD00016410,2418.38,1288.48,2784.66
LD00016411,1546.88,1383.82,1542.28
LD00016412,2911.48,2082.25,2497.34
LD00016413,2484.61,1657.78,1604.9
LD00016414,1507.47,1831.06,2780.47
LD00016415,2329.84,1337.96,1936.95
LD00016416,1870.61,2311.1,2242.35
LD00016417,1643.95,1607.83,2263.23
LD00016418,1578.38,2200.5,2275.82
LD00016419,2045.81,1539.25,2512.09
LD00016420,2633.01,1566.96,1585.13
LD00016421,1623.87,1471.83,2155.22
LD00016422,2651.1,1574.76,2160.74
LD00016423,2373.78,2372.13,2179.17
LD00016424,1926.64,2275.86,2584.0
LD00016425,2489.41,1409.25,1897.5
LD00016426,2600.16,1874.98,1507.66
LD00016427,1893.42,2484.22,2046.16
LD00016428,2506.27,1629.63,1937.07
LD00016429,2261.15,1764.04,2565.54
LD00016430,1782.28,2327.73,1848.08
LD00016431,2696.9,1900.7,2094.89
LD00016432,1932.02,1500.91,1571.08
LD00016433,2038.91,2175.05,2048.02
LD00016434,1780.7,1457.76,2561.12
LD00016435,1781.63,1821.45,1421.07
LD00016436,1902.81,1238.64,1412.55
LD00016437,2452.97,1930.43,2747.49
LD00016438,2768.09,1524.65,2398.0
LD00016439,1578.59,2139.92,1734.08
LD00016440,1510.69,1839.95,1529.19
LD00016441,2184.4,1523.5,1821.19
LD00016442,2911.06,1577.77,1589.86
LD00016443,1855.71,1309.77,2596.14
LD00016444,2065.83,1674.05,1812.63
LD00016445,1514.07,2336.41,1593.23
LD00016446,1777.02,1476.55,2213.03
LD00016447,1796.14,1281.84,1753.28
LD00016448,2845.33,1401.81,2128.03
LD00016449,1645.03,1966.5,2122.04
LD00016450,2922.89,2291.15,1643.74
LD00016451,2170.73,1356.53,2350.38
LD00016452,2900.81,1604.81,2231.29
LD00016453,2879.95,1506.45,1985.09
LD00016454,2015.49,1971.68,2275.95
LD00016455,2337.39,1369.11,2171.99
LD00016456,2423.09,2487.37,1755.31
LD00016457,1705.9,1909.57,1593.52
LD00016458,2769.72,2405.42,1885.31
LD00016459,1912.16,1900.44,1415.66
LD00016460,1656.69,2079.16,2001.4
LD00016461,2369.99,1696.32,2775.94
LD00016462,2835.75,2097.9,2362.09
LD00016463,2834.68,2016.81,1609.13
LD00016464,2264.22,1443.32,2138.47
LD00016465,1881.26,1820.12,1989.08
LD00016466,2587.17,1252.2,2127.33
LD00016467,2838.07,2069.31,2331.93
LD00016468,1532.85,1203.39,2103.25
LD00016469,1538.14,1352.56,1544.3
LD00016470,2076.63,2475.39,1867.9
LD00016471,1937.13,1816.44,2407.23
LD00016472,1812.13,1284.32,2778.93
LD00016473,1973.13,2052.7,2092.17
LD00016474,2466.9,1335.67,1876.99
LD00016475,1590.99,1745.14,1875.43
LD00016476,2876.61,1765.37,1946.85
LD00016477,2982.81,1529.54,2795.53
LD00016478,2652.21,2004.48,2300.43
LD00016479,2725.71,1281.46,2527.74
LD00016480,2804.69,1817.95,2316.17
LD00016481,2324.38,2134.22,2013.57
LD00016482,1827.71,2069.26,1449.55
LD00016483,2645.67,1779.85,1963.93
LD00016484,1552.23,1250.56,2127.75
LD00016485,2379.02,2456.29,2349.5
LD00016486,1832.89,1806.95,2388.55
LD00016487,1597.88,1320.01,2245.11
LD00016488,1560.01,1583.73,1797.78
LD00016489,1859.18,2285.15,2539.73
LD00016490,1774.13,1511.93,1798.04
LD00016491,2324.63,2166.97,2184.95
LD00016492,2784.49,1752.65,1821.82
LD00016493,1908.89,1648.47,2300.34
LD00016494,2136.5,1752.79,1880.78
LD00016495,1585.41,2194.18,2072.22
LD00016496,2231.28,2087.75,1970.64
LD00016497,1970.15,1575.95,2000.54
LD00016498,2493.16,2162.47,2563.99
LD00016499,1899.23,2001.85,2241.83
LD00016500,1579.83,2403.51,2534.1
LD00016501,1928.24,1321.92,2403.6
LD00016502,2543.83,2072.15,2693.33
LD00016503,1528.73,1872.42,1791.9
LD00016504,2715.15,1429.42,1519.42
LD00016505,2780.38,2480.2,2707.35
LD00016506,1903.62,1495.88,2017.16
LD00016507,2838.05,1341.04,1953.62
LD00016508,1840.31,2478.01,1562.55
LD00016509,1705.68,2405.07,1768.68
LD00016510,2674.59,1920.5,2641.49
LD00016511,2461.05,1284.43,2242.09
LD00016512,2243.12,1441.12,2061.91
LD00016513,2685.14,1595.05,2048.66
LD00016514,2292.41,1890.37,2762.49
LD00016515,1952.08,1318.47,2144.7
LD00016516,2326.12,1772.89,2789.26
LD00016517,2321.19,1305.87,2728.68
LD00016518,2169.64,2013.67,2691.69
LD00016519,1798.87,1683.85,1533.1
LD00016520,2139.45,1320.67,1834.73
LD00016521,2836.34,1990.6,2353.96
LD00016522,2380.07,1505.65,2102.84
LD00016523,2074.01,2402.44,1679.71
LD00016524,2444.78,1544.66,2682.44
LD00016525,2635.78,1890.49,2556.4
LD00016526,1718.26,2329.89,1746.07
LD00016527,1721.28,1634.06,2793.48
LD00016528,2749.56,2277.63,2082.62
LD00016529,2116.74,1303.03,1651.67
LD00016530,1740.37,1357.71,2276.13
LD00016531,2912.61,1373.5,2071.37
LD00016532,2475.89,1891.81,2088.57
LD00016533,1934.01,1398.55,1996.22
LD00016534,1567.26,2180.5,2569.71
LD00016535,1777.13,1473.43,1900.17
LD00016536,1571.12,2288.08,2528.35
LD00016537,2247.41,1857.02,2126.85
LD00016538,1708.42,2231.27,2388.14
LD00016539,1667.26,1962.19,1554.42
LD00016540,2381.56,1578.84,2012.79
LD00016541,2631.59,2223.31,2150.25
LD00016542,2520.3,1478.0,1758.88
LD00016543,1641.38,1676.28,1697.18
LD00016544,2414.69,1751.33,2506.11
LD00016545,2846.57,1322.72,2037.63
LD00016546,1908.05,2368.52,2104.84
LD00016547,2375.87,2201.14,2647.08
LD00016548,2330.61,1679.69,2578.41
LD00016549,1583.13,2019.64,1818.99
LD00016550,1802.55,1509.21,2584.64
LD00016551,2724.82,2217.48,1517.53
LD00016552,1682.14,1437.55,1682.55
LD00016553,2227.01,2118.9,2149.2
LD00016554,2200.02,1948.01,2755.41
LD00016555,2466.76,2374.91,2425.96
LD00016556,1688.57,1894.49,2503.92
LD00016557,2444.81,1986.84,2375.03
LD00016558,1838.58,1799.81,1503.96
LD00016559,2528.74,2203.0,2230.5
LD00016560,1611.86,2435.39,2338.41
LD00016561,2665.99,2461.37,1450.99
LD00016562,2383.35,1349.86,1502.44
LD00016563,2803.15,1769.96,1873.39
LD00016564,2456.23,2228.32,2536.64
LD00016565,2307.74,1355.7,2642.98
LD00016566,1940.41,2395.22,2278.3
LD00016567,1734.54,1265.19,1715.37
LD00016568,2433.64,1255.87,2121.01
LD00016569,1783.61,1204.05,2108.88
LD00016570,1724.9,1388.0,2674.89
LD00016571,1625.75,2184.46,1888.56
LD00016572,2183.41,2029.07,2701.91
LD00016573,2392.1,1914.29,2273.24
LD00016574,1507.22,1985.05,2052.28
LD00016575,1954.97,2313.4,2597.27
LD00016576,2283.62,1332.16,1815.15
LD00016577,2069.72,1684.93,2723.65
LD00016578,1945.84,2468.44,2454.41
LD00016579,2947.7,2202.42,2321.77
LD00016580,2984.12,2475.83,1722.63
LD00016581,1907.72,1698.08,2635.82
LD00016582,2178.33,1593.1,2626.04
LD00016583,2185.83,1944.45,1871.5
LD00016584,2300.91,2143.16,2558.44
LD00016585,1638.17,1948.85,1695.22
LD00016586,2730.95,2445.62,1723.02
LD00016587,1882.46,2284.38,2572.82
LD00016588,1802.46,1371.53,2158.68
LD00016589,2404.6,1585.57,2394.63
LD00016590,2911.44,2338.59,2667.6
LD00016591,2839.54,1903.63,1648.71
LD00016592,1608.52,2335.44,1656.86
LD00016593,2404.89,2035.95,1491.98
LD00016594,2533.14,2351.54,2302.65
LD00016595,2102.11,1857.26,1983.29
LD00016596,1741.48,1443.81,1769.37
LD00016597,2531.81,1441.25,1961.29
LD00016598,2110.55,2072.74,2013.29
LD00016599,2613.03,1253.25,1451.35
LD00016600,2359.2,1977.68,2145.97
LD00016601,2538.38,2113.1,1690.33
LD00016602,2245.92,1272.19,1829.51
LD00016603,1809.68,1464.97,1785.44
LD00016604,2458.2,1237.27,2317.2
LD00016605,2024.71,1399.9,1630.14
LD00016606,1917.84,2228.89,1900.83
LD00016607,1516.84,2135.73,2788.77
LD00016608,2713.99,1233.75,2500.95
LD00016609,1549.99,1453.82,2577.79
LD00016610,1599.18,1518.12,2740.77
LD00016611,1852.14,1843.06,1570.36
LD00016612,2338.8,1801.94,1665.61
LD00016613,2620.13,2371.92,1739.19
LD00016614,1859.26,1317.29,2270.91
LD00016615,2114.47,1893.35,2091.76
LD00016616,1607.36,2241.14,2349.42
LD00016617,2037.36,2223.99,1492.37
LD00016618,2191.56,1608.31,1726.31
LD00016619,2639.22,1219.17,1901.55
LD00016620,2514.8,2217.07,2534.11
LD00016621,2216.03,1774.47,2632.16
LD00016622,2263.91,2279.89,1775.57
LD00016623,2490.62,2310.99,1637.63
LD00016624,1751.25,1307.73,2744.25
LD00016625,1829.31,1688.43,1893.16
LD00016626,2451.61,1510.15,2544.35
LD00016627,1662.9,1508.0,2374.87
LD00016628,1925.67,1431.31,2701.05
LD00016629,1594.15,1573.17,1784.96
LD00016630,1786.1,2187.95,1603.41
LD00016631,2350.38,1768.18,2623.1
LD00016632,2286.97,2187.01,2119.03
LD00016633,2123.66,2294.46,2168.84
LD00016634,2366.09,1720.03,1780.16
LD00016635,2396.19,2307.11,2449.64
LD00016636,1747.63,1761.41,2385.44
LD00016637,2963.86,1634.46,1402.42
LD00016638,2210.09,1723.45,2320.88
LD00016639,1799.31,1877.69,2348.76
LD00016640,1583.7,2011.24,2191.36
LD00016641,2836.91,1411.38,1510.9
LD00016642,2772.95,1591.05,2625.28
LD00016643,2676.6,2422.88,2751.21
LD00016644,2438.1,2001.7,1653.48
LD00016645,2848.84,2228.56,2435.0
LD00016646,1632.04,1702.1,2513.56
LD00016647,2911.44,2138.63,1861.94
LD00016648,2117.8,2189.63,2692.74
LD00016649,1661.27,1433.5,1736.67
LD00016650,1839.23,1617.51,2391.09
LD00016651,1839.98,1781.26,2011.76
LD00016652,2059.32,2172.67,1650.86
LD00016653,2867.52,1522.99,1900.4
LD00016654,2105.78,1702.32,2270.98
LD00016655,2901.01,1256.88,2557.02
LD00016656,2752.56,1544.16,2408.53
LD00016657,1714.52,2306.43,2068.33
LD00016658,1825.26,1647.94,1473.23
LD00016659,2685.69,2384.83,2137.47
LD00016660,2040.16,1231.34,2521.7
LD00016661,1507.61,1244.21,2509.0
LD00016662,2576.36,2219.63,1692.59
LD00016663,1696.63,1846.97,1945.74
LD00016664,2381.59,1348.69,2636.76
LD00016665,2008.55,1883.64,2578.26
LD00016666,2452.29,2403.41,2229.11
LD00016667,2649.59,1615.99,1951.9
LD00016668,2470.85,1286.91,1461.1
LD00016669,2871.46,1225.75,2552.23
LD00016670,2275.51,1274.2,2460.33
LD00016671,1713.19,1239.24,1633.35
LD00016672,1525.04,1915.65,2395.18
LD00016673,1568.74,1326.38,1591.6
LD00016674,2307.92,2086.18,1592.99
LD00016675,2787.42,1398.65,1647.59
LD00016676,2907.76,1343.16,1674.36
LD00016677,2818.3,1612.19,2416.08
LD00016678,2800.41,1878.89,2263.47
LD00016679,1725.78,1681.09,1406.3
LD00016680,2394.2,1871.04,2113.03
LD00016681,2547.45,1353.04,2075.97
LD00016682,2420.33,1264.65,2595.25
LD00016683,2932.29,1952.98,2148.01
LD00016684,2889.49,1321.31,2398.17
LD00016685,2728.77,2474.18,2668.91
LD00016686,2280.46,2082.8,2366.57
LD00016687,1513.26,2011.98,2156.03
LD00016688,2629.97,1538.74,2264.44
LD00016689,2292.71,1770.23,1929.57
LD00016690,2550.15,2214.43,1954.83
LD00016691,1910.2,2139.5,2204.52
LD00016692,2828.7,1846.19,2168.48
LD00016693,1850.5,2167.98,1512.15
LD00016694,2271.49,1289.8,2526.84
LD00016695,1577.73,1291.87,1671.25
LD00016696,2647.08,1927.01,2573.66
LD00016697,2289.81,1656.65,2465.65
LD00016698,2649.23,2169.84,1835.19
LD00016699,1926.59,1535.5,2738.4
LD00016700,2791.6,1318.39,2075.62
LD00016701,2616.82,1238.66,2513.04
LD00016702,2278.59,1226.12,2077.67
LD00016703,1506.28,1317.63,2259.93
LD00016704,2611.78,1553.38,2686.98
LD00016705,1845.81,1832.67,1690.29
LD00016706,2784.04,1653.19,2462.49
LD00016707,2795.5,2200.59,1425.62
LD00016708,2994.82,2418.57,1426.1
LD00016709,2584.28,1295.77,2117.55
LD00016710,2900.29,2156.07,2453.11
LD00016711,2225.67,2231.1,1895.54
LD00016712,2391.96,2444.85,2320.48
LD00016713,2223.09,2382.29,1566.05
LD00016714,2206.04,1294.37,2631.02
LD00016715,2188.97,2436.13,2592.73
LD00016716,2033.08,1656.51,2035.77
LD00016717,2121.39,2077.84,1963.12
LD00016718,2290.88,1359.58,1702.96
LD00016719,2788.05,1760.03,2422.22
LD00016720,2781.18,2290.39,1984.57
LD00016721,2124.23,2475.35,1471.25
LD00016722,1730.59,1225.36,1480.56
LD00016723,2562.36,1923.88,1411.8
LD00016724,2835.46,1264.75,2769.87
LD00016725,2548.96,1717.68,1483.33
LD00016726,2500.93,1598.93,2004.99
LD00016727,2467.17,2184.91,2034.47
LD00016728,2691.21,2257.04,2361.75
LD00016729,2485.47,1984.5,1996.64
LD00016730,1791.76,1220.04,2761.28
LD00016731,2669.34,2124.29,1764.0
LD00016732,1540.99,1252.83,2590.27
LD00016733,2502.55,1770.9,2657.23
LD00016734,1572.56,1712.57,2409.67
LD00016735,1830.4,2438.74,2122.68
LD00016736,2296.24,1792.85,2036.98
LD00016737,1961.2,2161.05,1908.77
LD00016738,2206.39,2276.47,1682.01
LD00016739,2872.6,1976.6,2705.62
LD00016740,2153.65,1649.83,2010.68
LD00016741,1697.27,2297.45,1477.38
LD00016742,2984.77,1463.04,1518.39
LD00016743,1700.61,1699.3,2135.14
LD00016744,2440.84,1967.98,2001.29
LD00016745,2964.41,1619.29,2621.95
LD00016746,1821.11,1899.59,2629.93
LD00016747,2193.12,1881.03,1756.53
LD00016748,2853.48,1311.9,2108.28
LD00016749,2470.54,2252.55,2469.42
LD00016750,2772.65,1315.72,1867.92
LD00016751,2290.76,1692.77,1878.83
LD00016752,2614.43,1820.67,2776.98
LD00016753,1515.55,1228.65,2305.17
LD00016754,1725.46,1929.2,1829.22
LD00016755,1708.66,2100.52,2599.02
LD00016756,2027.0,2495.38,2483.77
LD00016757,1831.28,1852.86,1479.53
LD00016758,2833.69,1917.12,2143.77
LD00016759,2793.27,1720.74,1623.9
LD00016760,2240.74,1703.0,1501.76
LD00016761,2259.73,1331.97,1461.54
LD00016762,2718.97,1533.24,2591.64
LD00016763,2148.9,1339.06,1678.87
LD00016764,1759.98,2316.88,2214.53
LD00016765,2679.48,1568.43,2198.92
LD00016766,2775.74,1780.09,1551.97
LD00016767,1935.05,2482.85,1766.86
LD00016768,2814.27,1780.0,1562.13
LD00016769,2625.38,2346.4,1800.53
LD00016770,2377.05,2286.81,1666.73
LD00016771,2356.93,2389.57,2576.06
LD00016772,1804.26,2194.66,1679.38
LD00016773,2452.94,1385.08,1621.52
LD00016774,2884.18,1978.75,1510.37
LD00016775,2788.12,1845.71,1624.26
LD00016776,1635.19,2009.52,1736.27
LD00016777,2716.6,1474.71,1573.52
LD00016778,2383.99,2307.74,2502.02
LD00016779,2939.18,2377.69,2424.31
LD00016780,2732.54,2273.64,2363.13
LD00016781,2294.85,1208.82,2329.39
LD00016782,1993.13,1672.34,1747.97
LD00016783,2577.53,2244.13,2184.65
LD00016784,2245.8,1608.84,1417.98
LD00016785,2358.81,1232.79,2579.88
LD00016786,2690.13,1594.13,2572.56
LD00016787,1623.48,1470.31,2033.55
LD00016788,1588.39,2454.31,1610.98
LD00016789,1629.42,2105.4,1965.32
LD00016790,2615.73,2385.15,2127.06
LD00016791,2306.99,1730.75,2381.55
LD00016792,2061.12,1607.79,2552.42
LD00016793,1882.34,1557.08,2014.33
LD00016794,2205.9,1205.02,1625.85
LD00016795,2456.4,1826.93,2365.23
LD00016796,2197.86,1277.78,1572.05
LD00016797,1832.22,1799.54,1437.75
LD00016798,2332.37,1262.05,1619.35
LD00016799,2874.69,2016.0,1941.58
LD00016800,2377.9,2116.59,1402.15
LD00016801,2735.43,1370.5,1468.06
LD00016802,2821.17,1394.01,2269.68
LD00016803,1849.65,2210.69,2754.44
LD00016804,2499.51,1250.09,2269.5
LD00016805,1652.92,1333.22,2258.48
LD00016806,1587.96,2077.29,2514.75
LD00016807,2941.76,1587.66,2452.2
LD00016808,1979.33,2116.47,2224.9
LD00016809,2888.52,2157.06,2054.23
LD00016810,2103.1,1366.94,1618.21
LD00016811,2989.05,1255.14,1503.71
LD00016812,2171.89,1493.19,1941.28
LD00016813,2791.61,1994.76,1470.64
LD00016814,1917.63,2454.2,2624.42
LD00016815,1819.3,2042.21,2709.16
LD00016816,2013.23,1971.25,2420.57
LD00016817,1774.65,2049.37,2795.83
LD00016818,1899.58,1220.0,1661.4
LD00016819,1522.2,1675.22,1644.39
LD00016820,1839.97,1449.09,2648.31
LD00016821,2987.11,2117.23,1819.42
LD00016822,2348.5,1499.76,2162.24
LD00016823,2690.86,2011.34,1674.54
LD00016824,2667.36,1494.81,2127.38
LD00016825,1560.66,2462.04,1854.22
LD00016826,2258.99,2056.24,2036.16
LD00016827,1602.4,1419.12,1646.1
LD00016828,1536.49,2405.64,2690.59
LD00016829,2732.41,1592.47,2033.56
LD00016830,2724.85,2003.28,2033.39
LD00016831,1663.7,2464.05,2594.52
LD00016832,2762.1,1345.15,1704.25
LD00016833,1953.34,2182.64,2402.93
LD00016834,1860.77,1281.1,2283.47
LD00016835,2760.23,2253.46,1772.41
LD00016836,1754.07,2334.64,1731.74
LD00016837,2553.3,1846.6,2294.27
LD00016838,1651.07,2215.69,2491.77
LD00016839,2234.41,1936.18,2114.75
LD00016840,2697.23,1764.59,2339.48
LD00016841,2566.4,1371.52,2214.54
LD00016842,1595.63,1713.8,1762.24
LD00016843,1764.3,1831.94,1852.03
LD00016844,2271.0,2013.68,2040.04
LD00016845,2815.92,1829.55,2500.32
LD00016846,1853.92,2244.41,2656.39
LD00016847,2196.95,2477.36,1531.14
LD00016848,1961.12,1934.49,1726.8
LD00016849,2425.1,2191.88,1712.19
LD00016850,1935.63,2479.51,2353.98
LD00016851,2136.37,1622.47,2057.93
LD00016852,2598.0,1434.41,1639.62
LD00016853,1941.22,1635.54,1475.04
LD00016854,1692.61,2416.89,1409.31
LD00016855,1998.67,1587.58,1670.49
LD00016856,2796.3,2305.81,1736.38
LD00016857,2920.2,1669.86,1650.9
LD00016858,1732.77,1739.37,1938.02
LD00016859,2972.39,1469.81,1893.2
LD00016860,1786.53,2308.57,1904.83
LD00016861,2858.39,1780.69,1681.04
LD00016862,2361.63,1888.29,1459.43
LD00016863,2848.09,1902.78,1559.88
LD00016864,2692.82,2407.2,2089.07
LD00016865,2702.84,1658.65,2493.57
LD00016866,1868.91,2267.5,2319.51
LD00016867,1711.87,2448.98,1975.76
LD00016868,2797.43,2053.73,2672.54
LD00016869,2864.43,2238.86,2145.11
LD00016870,2482.79,1795.04,1953.21
LD00016871,1525.75,2471.95,2268.03
LD00016872,1674.32,2304.41,1783.53
LD00016873,1682.56,1766.52,2321.52
LD00016874,2917.12,2045.6,2674.44
LD00016875,2810.81,2491.85,2293.93
LD00016876,2072.33,2484.06,2074.39
LD00016877,2802.16,2268.31,2296.29
LD00016878,2731.51,2256.17,2277.88
LD00016879,1731.53,1552.75,2160.33
LD00016880,2830.75,1276.56,2585.63
LD00016881,2946.63,1917.91,2601.86
LD00016882,2944.98,2402.29,1855.07
LD00016883,1576.53,1336.66,1433.16
LD00016884,1684.55,2337.25,2095.38
LD00016885,2018.89,1611.72,1927.29
LD00016886,1880.09,1395.6,2648.66
LD00016887,2748.57,1730.12,1636.35
LD00016888,2735.99,1211.8,2121.16
LD00016889,2000.13,1479.02,1712.25
LD00016890,2792.01,1658.06,2160.72
LD00016891,1734.84,1964.63,1879.53
LD00016892,2803.05,1759.3,1688.4
LD00016893,1572.87,1661.87,2522.67
LD00016894,2572.12,1902.55,1514.48
LD00016895,2882.53,1670.96,2585.25
LD00016896,1861.74,1989.06,1990.87
LD00016897,2482.7,1207.14,2053.38
LD00016898,2090.37,1240.01,2395.01
LD00016899,1503.36,1559.5,1902.12
LD00016900,2320.71,2183.65,2529.19
LD00016901,2831.67,1497.25,1818.78
LD00016902,2141.11,1779.31,1809.57
LD00016903,2104.86,1349.66,2165.72
LD00016904,2824.02,1294.53,2227.93
LD00016905,2320.53,1383.8,2079.69
LD00016906,2056.06,1626.52,2038.28
LD00016907,2854.26,1538.17,2622.26
LD00016908,2541.54,1636.38,2061.43
LD00016909,2610.76,1430.1,1990.97
LD00016910,2035.55,2055.04,2499.3
LD00016911,2671.22,1543.48,2077.52
LD00016912,2632.76,2437.3,2685.56
LD00016913,2687.34,1429.98,1877.0
LD00016914,2251.85,1468.45,1597.89
LD00016915,1501.21,2257.71,2015.46
LD00016916,2993.83,1464.81,2565.81
LD00016917,1956.33,2318.5,1606.82
LD00016918,1602.27,1745.51,2119.74
LD00016919,2282.43,1907.03,1542.54
LD00016920,1727.99,1702.76,2319.84
LD00016921,1857.81,1745.79,1410.09
LD00016922,1530.81,2041.91,1849.0
LD00016923,1700.37,2454.75,2713.17
LD00016924,2604.32,1384.97,1604.91
LD00016925,2540.93,2345.39,2562.64
LD00016926,1878.36,1581.58,1893.12
LD00016927,2935.34,2001.22,2631.7
LD00016928,2045.33,1615.62,2126.32
LD00016929,1514.49,1979.33,2321.26
LD00016930,2485.56,1977.14,1635.31
LD00016931,2442.09,1359.75,1463.92
LD00016932,2327.34,2029.62,2456.14
LD00016933,2625.72,1750.99,2307.63
LD00016934,2529.5,1494.58,1593.65
LD00016935,2891.34,1204.17,2529.12
LD00016936,2572.77,1989.26,1915.65
LD00016937,2576.91,2229.94,1966.16
LD00016938,2263.27,1381.46,2332.51
LD00016939,2368.7,1221.66,2595.57
LD00016940,2978.95,1562.86,1974.81
LD00016941,1764.01,2267.09,1689.33
LD00016942,1950.97,1760.23,1621.17
LD00016943,2143.22,1782.38,1687.5
LD00016944,1664.38,1747.81,1909.56
LD00016945,2539.94,1404.01,2276.68
LD00016946,1960.97,2236.02,1872.91
LD00016947,2505.59,1844.84,2349.44
LD00016948,2522.72,2049.82,2377.94
LD00016949,2538.1,1810.49,2022.43
LD00016950,2220.56,1668.76,1401.65
LD00016951,2860.25,1372.71,2430.42
LD00016952,2856.9,2050.05,1921.58
LD00016953,2720.91,2329.0,1737.25
LD00016954,2539.04,2341.46,1937.81
LD00016955,2737.25,1815.71,1573.97
LD00016956,2804.67,1360.77,2030.71
LD00016957,2714.03,1445.55,2158.07
LD00016958,2595.69,1997.73,1844.83
LD00016959,2531.14,2068.55,2307.72
LD00016960,2556.63,1995.17,2736.67
LD00016961,2793.06,1677.31,1893.23
LD00016962,2179.18,1740.54,2013.62
LD00016963,2526.88,1992.5,1986.45
LD00016964,2315.18,1517.95,1799.1
LD00016965,2606.53,2442.71,1883.08
LD00016966,2251.67,1877.42,1563.5
LD00016967,2186.02,2226.06,2131.33
LD00016968,2315.57,2240.89,2783.88
LD00016969,2065.92,2381.2,1987.41
LD00016970,2309.46,2082.79,1760.68
LD00016971,2529.53,2226.98,2743.62
LD00016972,2346.88,2367.29,1851.38
LD00016973,1966.21,1300.7,1818.69
LD00016974,2587.5,1475.65,2492.34
LD00016975,2115.17,1887.44,2075.54
LD00016976,2587.32,1495.47,2119.44
LD00016977,1571.0,1243.88,2441.48
LD00016978,2481.83,1470.38,1611.65
LD00016979,1931.19,2436.3,2430.32
LD00016980,2833.28,1359.03,2488.76
LD00016981,1993.3,2037.35,2755.93
LD00016982,2624.55,1223.08,2191.29
LD00016983,2167.41,2378.01,2543.82
LD00016984,2487.86,1300.98,1771.54
LD00016985,2509.28,1704.54,1838.84
LD00016986,2811.49,1704.74,1652.37
LD00016987,2386.91,2252.61,2437.75
LD00016988,2696.32,1663.43,1916.0
LD00016989,2377.5,1448.84,2362.04
LD00016990,2526.3,2490.84,2207.08
LD00016991,2775.85,1948.24,1400.23
LD00016992,2958.27,2489.12,2060.17
LD00016993,2952.75,1828.68,1519.9
LD00016994,1918.36,1989.8,1802.97
LD00016995,2349.26,1400.56,1428.84
LD00016996,2003.88,1833.48,1589.42
LD00016997,2670.74,1684.6,2662.01
LD00016998,1665.5,1921.55,1874.24
LD00016999,2236.86,2031.73,2560.38
LD00017000,2056.31,1376.31,1402.72
LD00017001,1625.57,1510.97,2498.32
LD00017002,2801.3,1776.25,2643.7
LD00017003,1784.73,1918.59,2322.23
LD00017004,2731.76,2330.7,1448.4
LD00017005,1878.84,1552.01,2548.18
LD00017006,1565.26,1657.9,1858.18
LD00017007,2193.64,1749.45,1406.83
LD00017008,2207.06,2304.78,1548.96
LD00017009,1752.83,1302.32,2313.26
LD00017010,1940.87,1496.18,2648.58
LD00017011,2003.54,2330.43,2115.31
LD00017012,2390.2,1789.08,1745.55
LD00017013,2264.14,2169.87,1593.27
LD00017014,2911.35,2196.29,1508.45
LD00017015,2497.68,1285.62,1943.98
LD00017016,1573.64,1524.05,1526.26
LD00017017,2412.55,2359.45,2737.24
LD00017018,2572.99,2320.25,2562.0
LD00017019,1824.45,1386.64,1461.01
LD00017020,2535.41,1987.84,1868.75
LD00017021,2212.93,1656.77,1686.17
LD00017022,2850.91,1469.97,1631.16
LD00017023,1975.1,1952.58,2159.57
LD00017024,1967.21,2252.41,2256.37
LD00017025,2180.66,2238.4,1475.45
LD00017026,1556.4,1854.34,2739.82
LD00017027,1943.77,2009.05,2461.61
LD00017028,1851.28,2323.17,1931.15
LD00017029,2958.45,2302.57,1796.88
LD00017030,2972.32,2127.98,2245.66
LD00017031,2352.13,1517.85,1472.63
LD00017032,2154.33,2119.65,2178.27
LD00017033,2262.37,1605.67,2287.59
LD00017034,2689.94,2186.06,1693.16
LD00017035,2122.25,1246.34,2115.76
LD00017036,1514.2,1425.36,2599.91
LD00017037,2417.83,1586.28,2220.17
LD00017038,2945.03,1399.88,1426.11
LD00017039,2080.51,1429.83,2509.19
LD00017040,2266.32,2216.98,2170.35
LD00017041,2981.31,2239.44,2313.67
LD00017042,2543.95,2009.76,2711.97
LD00017043,2008.77,1673.43,1622.53
LD00017044,2193.84,1669.56,2769.98
LD00017045,2207.17,1790.05,1487.76
LD00017046,2032.9,1699.4,1460.53
LD00017047,1556.74,1391.81,1956.1
LD00017048,2872.62,2087.92,1828.83
LD00017049,1934.11,1880.19,1517.88
LD00017050,2627.36,2196.71,2401.52
LD00017051,2070.46,1425.84,2183.84
LD00017052,2989.78,1672.48,1767.38
LD00017053,2324.42,2443.0,2506.58
LD00017054,2057.97,2158.88,2257.91
LD00017055,1870.13,2099.54,2044.83
LD00017056,2727.92,2290.64,2220.19
LD00017057,2855.16,1887.35,1893.54
LD00017058,1702.05,1223.72,2608.85
LD00017059,1521.3,2414.29,1969.61
LD00017060,2948.93,2158.24,1766.26
LD00017061,2289.78,1244.69,2351.3
LD00017062,2780.04,1586.71,2440.91
LD00017063,1665.12,1817.06,2647.39
LD00017064,1902.86,1292.82,2658.86
LD00017065,1956.35,1359.63,1423.4
LD00017066,1874.9,1942.79,1573.08
LD00017067,2108.0,1989.91,1955.36
LD00017068,1772.7,1444.75,2002.82
LD00017069,1618.09,1939.83,2161.56
LD00017070,1931.42,2151.71,2335.88
LD00017071,1503.14,2470.07,1485.13
LD00017072,1667.25,1484.07,2184.62
LD00017073,2738.38,1551.68,2578.0
LD00017074,2106.48,1963.48,1840.26
LD00017075,1788.12,1310.59,2760.31
LD00017076,2584.54,1918.09,2397.61
LD00017077,1802.58,1686.56,2087.25
LD00017078,1882.79,1707.79,2338.74
LD00017079,2464.59,2488.19,1676.61
LD00017080,2535.05,1697.4,2494.94
LD00017081,2764.53,2034.49,2221.18
LD00017082,1571.95,2309.09,1594.45
LD00017083,2906.32,1310.07,2469.57
LD00017084,2796.13,1875.13,1976.97
LD00017085,2737.05,1328.73,2303.87
LD00017086,2040.38,1545.94,1505.38
LD00017087,2784.16,2418.55,2104.98
LD00017088,2116.17,2315.73,1658.64
LD00017089,1572.55,2123.47,2246.27
LD00017090,1522.99,2463.86,1928.83
LD00017091,1507.63,1608.33,2480.13
LD00017092,2016.94,2330.48,2367.77
LD00017093,1969.19,2136.22,2213.47
LD00017094,1862.4,2005.28,2110.12
LD00017095,2140.59,1939.94,2413.44
LD00017096,1994.73,2247.02,1703.9
LD00017097,2912.62,1302.88,1831.64
LD00017098,2519.75,1920.92,2097.36
LD00017099,2299.62,1828.21,1968.16
LD00017100,1878.23,2414.67,1913.33
LD00017101,2040.68,1574.03,2450.63
LD00017102,2978.36,2130.57,1898.54
LD00017103,2617.72,1865.07,2693.57
LD00017104,2446.27,1661.53,1460.86
LD00017105,1933.49,1460.48,2530.6
LD00017106,1961.81,2371.78,1590.13
LD00017107,2090.07,1922.84,1725.33
LD00017108,2518.83,2407.82,2579.25
LD00017109,2492.0,1507.11,1923.77
LD00017110,1598.47,2287.04,2516.21
LD00017111,1904.17,1224.92,1624.84
LD00017112,1600.63,2005.46,1756.99
LD00017113,2581.45,2454.83,1977.22
LD00017114,2086.59,1636.02,2222.24
LD00017115,1821.06,1826.33,2337.87
LD00017116,2540.7,1777.08,2185.11
LD00017117,2790.53,2253.91,1709.74
LD00017118,2684.54,1515.82,2780.55
LD00017119,2010.17,2266.62,1404.04
LD00017120,2201.87,1240.22,2207.75
LD00017121,2255.11,1271.18,2415.6
LD00017122,1712.26,2471.74,2214.2
LD00017123,1870.49,2333.42,2021.19
LD00017124,1648.32,1999.63,2067.58
LD00017125,2183.93,2183.92,1563.73
LD00017126,2353.01,1291.15,2410.99
LD00017127,1977.86,1879.33,1954.82
LD00017128,2574.96,1223.31,2120.76
LD00017129,1783.96,1555.65,2123.63
LD00017130,2908.49,2209.04,2759.23
LD00017131,2724.45,2333.05,1739.46
LD00017132,1609.25,1523.18,2509.58
LD00017133,2024.46,1447.96,2441.42
LD00017134,1661.98,2218.85,1768.8
LD00017135,2960.25,1828.95,1553.12
LD00017136,2832.52,1957.7,2171.25
LD00017137,1920.03,1486.81,2765.09
LD00017138,1501.21,2194.16,1758.4
LD00017139,2524.89,2282.1,2163.97
LD00017140,2516.31,2326.55,1505.84
LD00017141,2071.3,1850.48,2596.89
LD00017142,1621.02,1560.72,2761.96
LD00017143,1504.65,1281.62,1583.44
LD00017144,2827.66,2114.36,1400.73
LD00017145,1558.46,1647.19,1438.17
LD00017146,1572.74,2065.07,1978.04
LD00017147,2708.49,1210.04,2285.23
LD00017148,1820.59,2255.27,1402.35
LD00017149,1737.94,2366.4,2393.08
LD00017150,2447.35,1591.09,2487.27
LD00017151,1546.06,1486.39,1932.04
LD00017152,2013.76,2419.67,1658.07
LD00017153,2224.06,1384.54,1638.5
LD00017154,2896.69,2458.69,1609.29
LD00017155,1578.22,1741.09,2478.45
LD00017156,2905.23,2067.5,1980.5
LD00017157,2647.39,1363.92,1684.13
LD00017158,2900.55,2046.25,2732.2
LD00017159,2708.03,1211.89,2795.65
LD00017160,2227.63,1442.16,2431.09
LD00017161,2468.61,1656.73,2480.03
LD00017162,2514.99,1766.17,2580.41
LD00017163,2612.82,1732.31,1750.74
LD00017164,2732.53,2168.64,2474.29
LD00017165,2879.23,2396.95,1842.24
LD00017166,2219.03,1917.17,2792.69
LD00017167,2197.38,2352.82,2173.14
LD00017168,1750.88,2011.46,2071.81
LD00017169,2914.04,2257.98,2212.6
LD00017170,2977.28,1295.44,2015.5
LD00017171,2594.8,1777.79,1886.45
LD00017172,1862.49,1532.52,1631.46
LD00017173,1636.39,1979.26,1623.1
LD00017174,1537.22,1261.91,1948.61
LD00017175,2805.8,2401.95,1804.62
LD00017176,1889.45,1940.09,2252.81
LD00017177,2797.88,1629.86,1954.45
LD00017178,1577.54,1763.18,1788.73
LD00017179,1983.15,1624.86,1545.33
LD00017180,2170.29,1618.72,1581.23
LD00017181,2652.1,1844.27,2743.55
LD00017182,2857.35,1834.89,2638.58
LD00017183,2564.81,1412.57,1704.87
LD00017184,1762.26,1861.74,2475.58
LD00017185,2899.24,1373.83,2757.25
LD00017186,2031.82,1623.58,1584.9
LD00017187,1544.74,2205.53,1471.33
LD00017188,1877.83,1523.06,2119.38
LD00017189,2189.55,1372.73,2707.78
LD00017190,2746.24,2177.37,2694.15
LD00017191,1581.98,2173.36,1985.62
LD00017192,1692.16,1609.76,2198.83
LD00017193,1854.82,1451.1,1644.02
LD00017194,1906.55,2011.49,2268.71
LD00017195,1786.45,1328.73,2791.41
LD00017196,2566.14,1792.49,1678.53
LD00017197,2315.61,1793.85,1480.23
LD00017198,2541.63,2391.06,2263.64
LD00017199,1676.93,2293.06,2758.01
LD00017200,1540.1,2173.78,1442.32
LD00017201,2059.72,1875.44,2469.6
LD00017202,2936.25,1219.38,1476.6
LD00017203,1750.77,1816.71,2709.35
LD00017204,2816.25,1548.24,1830.27
LD00017205,2470.41,2231.1,2212.71
LD00017206,2514.67,1488.72,1736.57
LD00017207,1597.52,1758.39,2664.32
LD00017208,2232.56,1920.15,2695.08
LD00017209,2496.06,2122.23,2656.2
LD00017210,2677.46,1477.55,1646.13
LD00017211,1668.24,1265.88,1960.6
LD00017212,1587.41,2236.24,2679.79
LD00017213,2316.57,1421.56,2181.12
LD00017214,2960.66,1661.21,2235.22
LD00017215,1815.5,1859.36,2081.68
LD00017216,1561.53,1934.85,2468.43
LD00017217,2837.24,1917.87,1539.26
LD00017218,1838.78,2216.9,2647.62
LD00017219,2141.52,1969.47,2534.69
LD00017220,2123.53,1859.81,1668.58
LD00017221,2162.15,2059.91,2202.2
LD00017222,2242.55,1223.84,2047.69
LD00017223,2475.16,1483.94,1519.38
LD00017224,2864.95,2360.03,2732.9
LD00017225,2870.83,1800.71,2222.47
LD00017226,1715.31,1603.27,2369.62
LD00017227,2365.58,2049.86,1807.42
LD00017228,1715.04,1715.24,2609.8
LD00017229,2563.22,1519.73,1623.08
LD00017230,2967.72,1972.21,2252.28
LD00017231,1552.05,1821.25,1432.4
LD00017232,2105.12,2020.84,1451.52
LD00017233,2961.0,1508.46,2163.69
LD00017234,2424.26,2201.28,2631.48
LD00017235,2480.95,1343.37,2480.39
LD00017236,2503.62,1285.68,1743.4
LD00017237,2994.76,2181.56,2387.88
LD00017238,2561.81,1921.28,1712.54
LD00017239,2119.36,1454.84,1548.99
LD00017240,2386.03,2316.35,1448.1
LD00017241,2063.35,2155.64,2076.99
LD00017242,2339.71,2307.79,2608.16
LD00017243,2908.49,2038.99,1696.1
LD00017244,2476.18,1745.37,1920.61
LD00017245,2801.86,1392.35,2078.88
LD00017246,1769.66,2470.02,1873.9
LD00017247,1664.28,1955.34,2779.78
LD00017248,1974.75,2326.57,1721.62
LD00017249,2169.82,1533.28,1926.08
LD00017250,2912.68,1854.63,1798.56
LD00017251,2193.79,1970.85,2626.59
LD00017252,2165.39,2125.01,1779.55
LD00017253,2094.09,2111.98,2489.77
LD00017254,2562.7,2108.3,2204.29
LD00017255,2627.52,1430.3,2722.7
LD00017256,1956.02,2475.18,2764.01
LD00017257,2440.58,1384.02,1598.12
LD00017258,2014.39,1476.06,2381.64
LD00017259,2687.34,1955.54,1580.37
LD00017260,1788.64,1255.86,2154.63
LD00017261,1996.43,1611.88,2515.34
LD00017262,2306.08,2499.76,2656.72
LD00017263,2593.41,1872.36,1992.4
LD00017264,2220.9,1461.08,2657.26
LD00017265,1698.69,1313.67,2259.54
LD00017266,2869.29,1389.99,2701.85
LD00017267,2100.24,1651.31,2275.45
LD00017268,1505.45,1907.97,1434.05
LD00017269,1693.53,1824.91,2699.93
LD00017270,2708.57,1778.18,1902.19
LD00017271,2228.73,1570.08,2026.33
LD00017272,2126.46,2018.7,1856.83
LD00017273,1559.73,1712.15,2057.44
LD00017274,2701.03,2076.77,1666.42
LD00017275,2053.93,1390.24,2133.27
LD00017276,2639.48,2472.41,1863.77
LD00017277,2956.01,1483.19,2150.37
LD00017278,2430.66,2197.4,2090.54
LD00017279,2381.46,1804.65,2549.93
LD00017280,2043.57,2358.65,2246.01
LD00017281,1537.69,1316.88,1616.58
LD00017282,2678.0,1272.66,2524.79
LD00017283,2294.7,2485.44,2550.14
LD00017284,2416.58,1278.53,1487.5
LD00017285,2972.96,2489.31,1481.45
LD00017286,2445.87,2213.57,2620.63
LD00017287,2868.73,1818.84,2174.28
LD00017288,2115.55,2159.09,1442.43
LD00017289,1903.06,1286.2,1471.06
LD00017290,2230.65,1932.56,2628.56
LD00017291,1997.14,1527.74,2663.56
LD00017292,1965.4,1796.99,2636.59
LD00017293,2102.76,2404.18,2563.16
LD00017294,2915.63,1795.06,2254.42
LD00017295,1674.88,1364.18,2444.58
LD00017296,2818.38,1985.63,2048.82
LD00017297,2417.95,2455.51,1581.62
LD00017298,2207.1,1412.7,2100.09
LD00017299,1631.87,1216.01,2092.5
LD00017300,1793.28,2175.63,2114.85
LD00017301,2353.92,2285.51,1795.03
LD00017302,2602.22,1291.46,1785.7
LD00017303,2862.26,1893.79,1629.37
LD00017304,2429.2,1820.89,2040.46
LD00017305,2848.91,1529.42,2509.58
LD00017306,2277.24,1724.84,2725.0
LD00017307,2102.06,2450.02,1924.61
LD00017308,2128.08,1565.17,2264.79
LD00017309,2439.72,1836.02,2457.24
LD00017310,1518.58,2316.01,2759.46
LD00017311,1724.74,2044.86,1403.47
LD00017312,2308.05,1972.86,1481.15
LD00017313,2723.05,1306.89,1551.96
LD00017314,1910.38,2203.9,2093.45
LD00017315,2545.39,1769.95,1815.83
LD00017316,2398.42,1467.38,1863.95
LD00017317,2248.0,1382.78,1973.83
LD00017318,2196.14,1365.92,1498.04
LD00017319,2310.06,2457.65,1617.44
LD00017320,2993.07,2194.39,2545.93
LD00017321,1756.79,1691.02,2376.39
LD00017322,2962.23,2184.97,2797.68
LD00017323,1925.39,1971.78,2555.6
LD00017324,2403.59,1334.55,2189.22
LD00017325,1689.72,2101.1,1910.74
LD00017326,2255.59,1718.24,2712.53
LD00017327,1591.43,2466.27,1437.36
LD00017328,1524.27,1413.76,2080.25
LD00017329,1682.53,1679.98,2766.11
LD00017330,2824.75,1390.42,2557.26
LD00017331,1549.26,1224.53,1584.15
LD00017332,1509.03,2263.56,2390.13
LD00017333,2768.54,1527.09,2168.73
LD00017334,2674.68,2120.06,1443.79
LD00017335,2760.46,2394.77,1977.87
LD00017336,2437.5,1766.56,1695.81
LD00017337,1693.21,1227.09,2233.64
LD00017338,2626.53,1831.42,1895.96
LD00017339,2709.26,1923.23,2332.18
LD00017340,1593.76,1279.76,2563.16
LD00017341,2585.82,2360.85,2256.42
LD00017342,2157.08,1423.62,1498.35
LD00017343,2335.49,2438.7,1906.53
LD00017344,2011.61,2179.82,1647.96
LD00017345,1640.34,1551.49,2142.93
LD00017346,2906.12,1871.26,2121.15
LD00017347,2363.89,2333.88,1959.09
LD00017348,1644.29,2283.97,2115.99
LD00017349,2657.42,1843.25,2193.08
LD00017350,2286.49,2067.13,2684.7
LD00017351,2561.16,1815.44,2627.58
LD00017352,2783.94,2076.4,2217.44
LD00017353,1661.94,1673.04,1811.14
LD00017354,2220.6,2091.68,2081.16
LD00017355,1516.04,1454.66,2068.21
LD00017356,2806.62,1657.06,2594.6
LD00017357,1581.47,1834.91,1601.94
LD00017358,2161.86,2251.36,1746.68
LD00017359,2791.62,2131.53,1901.52
LD00017360,2417.13,1242.74,2669.42
LD00017361,1872.7,2211.44,2028.27
LD00017362,2907.58,1993.15,1569.15
LD00017363,2214.58,2269.02,2366.55
LD00017364,2372.35,1444.31,2001.15
LD00017365,2956.73,2043.47,1638.64
LD00017366,1612.66,1702.93,2462.72
LD00017367,1696.4,1539.18,1510.08
LD00017368,1968.63,1689.47,1802.49
LD00017369,2058.48,1404.06,1848.72
LD00017370,2899.1,1306.54,2272.98
LD00017371,2832.53,1993.74,1514.22
LD00017372,2130.05,2138.31,2471.49
LD00017373,2949.69,2315.7,2623.68
LD00017374,2076.5,1207.74,1820.58
LD00017375,1664.96,1477.01,2691.56
LD00017376,2378.55,2068.89,2604.17
LD00017377,1939.44,1861.55,2009.15
LD00017378,1720.88,1826.36,2274.13
LD00017379,2932.76,1279.76,2736.62
LD00017380,2992.1,1351.6,1947.32
LD00017381,2704.07,2095.11,2655.15
LD00017382,1634.1,1671.85,1912.34
LD00017383,1601.36,2498.65,2283.53
LD00017384,2003.29,2269.28,1818.95
LD00017385,1743.51,2139.29,1908.88
LD00017386,2227.25,2313.3,2187.15
LD00017387,2199.76,1778.28,1628.41
LD00017388,2889.09,2358.2,1827.01
LD00017389,1534.61,1343.93,1496.77
LD00017390,2798.25,2452.83,2759.19
LD00017391,2098.31,1565.29,2386.76
LD00017392,2433.26,2267.62,1723.55
LD00017393,2660.62,2196.36,2740.77
LD00017394,1769.58,2261.81,1497.08
LD00017395,2843.07,2249.42,2636.79
LD00017396,2356.43,1661.23,1492.32
LD00017397,1954.21,2131.68,1670.67
LD00017398,2985.68,1836.69,2737.52
LD00017399,2865.34,1920.98,1816.17
LD00017400,2759.62,2266.09,2466.86
LD00017401,2873.39,1292.02,2173.63
LD00017402,1532.34,1357.52,1690.4
LD00017403,2821.57,2346.15,1594.05
LD00017404,2303.65,1475.31,1731.18
LD00017405,2433.59,1637.57,2234.13
LD00017406,2456.97,1229.68,1838.63
LD00017407,2761.42,1233.83,1935.22
LD00017408,2121.08,2244.93,1904.52
LD00017409,2268.55,2429.58,1707.77
LD00017410,1569.41,1975.37,2681.78
LD00017411,2784.36,2011.87,2356.09
LD00017412,1588.43,1603.45,2484.43
LD00017413,1702.74,1764.03,2393.3
LD00017414,2533.36,2446.8,1407.42
LD00017415,2271.18,2292.8,2679.76
LD00017416,2352.99,2059.32,1573.16
LD00017417,2539.48,1902.95,2512.98
LD00017418,2781.23,1848.42,2194.8
LD00017419,2725.98,1674.89,2507.25
LD00017420,2499.88,1852.52,1776.73
LD00017421,1680.93,1837.58,1697.51
LD00017422,2876.64,1485.57,2318.97
LD00017423,2947.37,1742.88,2444.61
LD00017424,2138.08,2017.37,1715.88
LD00017425,2416.51,2244.31,1917.34
LD00017426,2376.23,1851.79,2038.18
LD00017427,2860.43,1221.9,1680.59
LD00017428,2002.18,1932.64,2627.02
LD00017429,2354.19,1890.15,2312.83
LD00017430,2144.28,1843.45,2370.99
LD00017431,2926.33,1415.27,2607.14
LD00017432,1597.81,1794.15,2645.98
LD00017433,2874.74,1327.49,2337.86
LD00017434,2842.44,1444.41,2348.62
LD00017435,1803.53,2297.18,2215.03
LD00017436,1682.94,1315.81,1575.18
LD00017437,2553.68,2140.49,2368.02
LD00017438,1987.35,1252.55,2168.16
LD00017439,1529.19,2106.47,1962.44
LD00017440,2794.76,2113.77,2043.68
LD00017441,1920.91,2289.61,1644.43
LD00017442,1598.84,1207.87,1812.96
LD00017443,2807.85,1662.36,1711.87
LD00017444,1794.06,1429.5,2358.27
LD00017445,1673.01,1812.56,1488.71
LD00017446,2910.88,1434.92,2790.94
LD00017447,1699.08,1831.68,1562.3
LD00017448,1882.28,1608.84,2176.85
LD00017449,2138.74,1417.13,1679.14
LD00017450,1686.8,1793.36,1524.78
LD00017451,1601.95,2477.4,1555.02
LD00017452,2641.56,1900.75,1709.47
LD00017453,1899.95,1674.18,1823.0
LD00017454,1685.98,2445.51,2301.03
LD00017455,2150.92,1627.28,2745.23
LD00017456,2103.72,1205.25,1689.17
LD00017457,2022.95,1765.41,1992.49
LD00017458,2273.53,1756.59,1787.37
LD00017459,2857.69,1559.84,1612.57
LD00017460,2027.23,1613.14,2023.4
LD00017461,2864.24,2365.32,2208.21
LD00017462,1893.61,1871.23,1956.81
LD00017463,1885.17,2339.13,1819.63
LD00017464,2514.82,1567.41,1412.05
LD00017465,1974.84,1759.94,1724.34
LD00017466,1942.21,2076.42,2606.35
LD00017467,1624.18,1331.43,2095.72
LD00017468,1980.49,2277.75,2320.61
LD00017469,1865.73,1240.03,2021.85
LD00017470,2101.81,1230.36,2425.42
LD00017471,2130.15,2229.5,1812.14
LD00017472,1534.54,1240.46,2262.5
LD00017473,2859.51,2047.15,2068.42
LD00017474,2518.53,2259.75,2576.12
LD00017475,2475.99,2301.58,1631.62
LD00017476,2129.37,2307.73,1442.6
LD00017477,2931.23,2015.58,2317.62
LD00017478,2154.32,2181.6,2164.56
LD00017479,2361.31,1784.31,1743.53
LD00017480,1758.48,1660.62,2424.95
LD00017481,2835.22,2217.15,2385.59
LD00017482,1815.86,2214.87,2606.42
LD00017483,1670.3,2114.24,2642.65
LD00017484,2343.49,2164.19,1999.58
LD00017485,2596.38,1695.78,1459.66
LD00017486,2509.7,2295.66,2788.31
LD00017487,1769.23,2255.08,2200.46
LD00017488,2619.59,1878.48,1641.35
LD00017489,2393.93,1280.72,2574.12
LD00017490,2118.61,2230.01,2026.11
LD00017491,2719.67,2342.02,2181.8
LD00017492,1959.31,1776.49,2449.39
LD00017493,2469.78,1675.83,1593.84
LD00017494,1771.04,1802.87,1732.33
LD00017495,2584.55,2311.29,2059.85
LD00017496,1958.2,1678.61,2475.41
LD00017497,2805.32,2236.29,1584.49
LD00017498,2543.46,1585.56,1807.06
LD00017499,1538.55,1256.9,1952.72
LD00017500,2301.58,2049.53,1927.73
LD00017501,1532.91,1992.38,2276.22
LD00017502,1936.56,1705.25,2219.64
LD00017503,2433.94,1556.83,2601.58
LD00017504,2681.29,1637.09,1901.5
LD00017505,2941.48,1368.28,2221.03
LD00017506,2687.73,1872.47,2365.47
LD00017507,2258.18,1487.86,1487.23
LD00017508,2588.35,1442.34,2297.01
LD00017509,2947.34,1523.02,2032.42
LD00017510,1768.01,1405.14,1891.56
LD00017511,2452.15,1557.48,1643.86
LD00017512,1597.48,1516.28,2564.9
LD00017513,2343.99,2163.31,2012.67
LD00017514,2224.5,2395.1,2750.6
LD00017515,1734.76,2297.67,2222.71
LD00017516,1586.73,1508.8,2266.39
LD00017517,2809.76,1259.19,2361.08
LD00017518,2807.54,2445.22,2192.11
LD00017519,2964.69,2382.48,1772.71
LD00017520,2765.94,1392.22,2574.61
LD00017521,2225.56,1493.01,2100.41
LD00017522,2854.92,1902.16,2301.12
LD00017523,2403.74,1770.4,2193.51
LD00017524,2169.62,1282.76,2410.87
LD00017525,2937.77,2071.97,2234.82
LD00017526,1878.79,2177.54,1613.41
LD00017527,1807.44,1264.52,1459.48
LD00017528,2280.21,1390.95,2340.7
LD00017529,2438.49,2283.04,2107.58
LD00017530,2629.46,1454.56,1695.03
LD00017531,2120.52,2157.29,1802.24
LD00017532,1974.99,2227.6,1560.65
LD00017533,2583.16,1659.82,2479.13
LD00017534,1588.63,1461.52,2685.41
LD00017535,2980.69,1775.95,2130.5
LD00017536,2255.23,2262.38,2101.34
LD00017537,2168.07,1372.11,1824.17
LD00017538,2354.34,2295.13,2324.88
LD00017539,1910.86,1582.62,1862.48
LD00017540,2905.63,1682.53,1738.53
LD00017541,2608.71,1370.61,2078.87
LD00017542,1859.13,1690.61,1910.9
LD00017543,1607.1,1795.48,2748.93
LD00017544,2229.71,1547.6,1411.32
LD00017545,2048.12,1201.07,2799.14
LD00017546,2726.02,1743.08,1837.34
LD00017547,2086.11,2117.13,1551.13
LD00017548,2457.57,1818.85,2143.24
LD00017549,2804.23,2047.55,2772.83
LD00017550,2809.31,2129.44,1418.23
LD00017551,2345.91,2289.74,1938.51
LD00017552,2684.12,2276.95,2279.01
LD00017553,1667.8,2054.44,2350.49
LD00017554,2863.55,1469.63,2681.45
LD00017555,2016.47,2186.08,1558.32
LD00017556,2558.85,1631.66,1793.88
LD00017557,2956.5,1830.0,1694.95
LD00017558,2340.41,1300.07,2329.5
LD00017559,2558.38,2373.79,1872.8
LD00017560,1975.41,2151.44,2362.5
LD00017561,2556.1,2408.98,1563.0
LD00017562,2884.56,1734.95,2604.87
LD00017563,1720.49,1406.77,2058.29
LD00017564,2936.09,1305.79,2739.8
LD00017565,2550.77,2490.52,1517.5
LD00017566,1873.99,1699.94,1603.4
LD00017567,2961.52,1276.54,2578.53
LD00017568,2767.1,1510.87,1975.38
LD00017569,1940.35,1644.53,2795.15
LD00017570,2650.18,1876.85,1465.35
LD00017571,1840.52,1669.91,2614.45
LD00017572,2250.97,2002.47,1567.07
LD00017573,2146.73,2407.14,1705.74
LD00017574,2321.95,1470.24,1939.96
LD00017575,1815.02,1432.13,1603.66
LD00017576,2990.75,1731.59,2317.05
LD00017577,1586.56,1843.65,1942.02
LD00017578,1828.3,1714.33,2360.57
LD00017579,2010.96,2039.6,2402.28
LD00017580,1964.64,1911.53,1667.65
LD00017581,1941.26,2101.12,2160.07
LD00017582,1845.04,2457.02,1906.1
LD00017583,2460.31,1897.09,2630.73
LD00017584,2289.97,1941.8,2294.51
LD00017585,1619.67,1223.86,2504.42
LD00017586,2125.64,1273.19,1966.24
LD00017587,1811.57,1861.07,2676.46
LD00017588,1991.7,2070.77,2657.04
LD00017589,2438.69,1367.35,1845.64
LD00017590,2741.73,2160.75,2219.02
LD00017591,2567.3,2191.23,1926.76
LD00017592,1767.76,2339.9,1810.75
LD00017593,1941.92,2412.67,1899.5
LD00017594,2445.59,2281.45,1426.97
LD00017595,2134.1,2130.54,2347.46
LD00017596,1623.08,2232.94,1762.79
LD00017597,2918.95,1296.47,2137.28
LD00017598,1846.97,1464.7,2292.05
LD00017599,1608.83,1424.82,2562.95
LD00017600,2176.43,1469.5,2532.46
LD00017601,1553.36,1661.8,2772.11
LD00017602,2395.39,1476.69,2264.86
LD00017603,2765.42,1216.44,2275.62
LD00017604,1947.35,2288.43,1657.58
LD00017605,1515.94,1401.2,2642.68
LD00017606,1624.05,1836.55,2438.56
LD00017607,2902.38,2043.44,2067.56
LD00017608,2346.03,1585.18,1598.94
LD00017609,1847.94,2125.53,2451.86
LD00017610,1888.85,1649.01,2757.07
LD00017611,1752.65,1386.87,1418.83
LD00017612,2104.39,2369.67,2392.61
LD00017613,2718.23,1796.15,1444.9
LD00017614,1990.66,2224.02,1978.46
LD00017615,2698.67,2313.84,1582.49
LD00017616,2238.74,1673.7,2295.04
LD00017617,1777.43,2332.91,2741.57
LD00017618,2729.24,2261.31,1750.93
LD00017619,2055.04,1488.85,2451.02
LD00017620,2573.63,1656.11,2459.56
LD00017621,1512.96,2071.57,1600.77
LD00017622,2708.63,1480.03,2224.66
LD00017623,2881.02,1846.32,2305.83
LD00017624,1890.02,1303.8,2395.39
LD00017625,2630.07,1525.14,2204.05
LD00017626,2573.43,2452.81,1444.16
LD00017627,2453.06,1559.89,2174.38
LD00017628,1998.15,2405.58,1591.21
LD00017629,2212.7,1218.9,2221.62
LD00017630,2139.78,2439.15,2613.26
LD00017631,2165.34,1998.01,1899.6
LD00017632,1794.21,2440.59,2184.41
LD00017633,1987.6,1694.19,2170.64
LD00017634,1564.18,1440.83,1565.03
LD00017635,2937.36,1864.66,1599.89
LD00017636,1865.77,1875.48,1471.56
LD00017637,2914.48,2492.92,1854.39
LD00017638,1872.94,2358.57,2675.9
LD00017639,2880.92,1502.06,2325.05
LD00017640,2544.28,1834.82,2718.0
LD00017641,2852.54,2137.86,2642.78
LD00017642,1654.94,2001.23,2254.18
LD00017643,2783.78,2364.02,2465.24
LD00017644,2928.87,1923.29,1475.92
LD00017645,2153.74,1750.13,2084.88
LD00017646,1779.12,2196.69,2548.04
LD00017647,2255.16,2354.79,1657.96
LD00017648,2723.46,2221.73,2464.47
LD00017649,1879.39,1369.34,1942.86
LD00017650,2927.96,1745.31,1847.99
LD00017651,2615.37,1798.02,1798.6
LD00017652,2200.64,1495.42,2281.15
LD00017653,2155.17,2061.75,2763.86
LD00017654,2985.34,1786.81,1727.11
LD00017655,1547.54,1820.19,2485.54
LD00017656,2156.95,2000.18,2780.07
LD00017657,2063.56,1264.07,2608.41
LD00017658,2454.47,2124.71,1799.79
LD00017659,2650.26,1222.84,2799.54
LD00017660,2777.89,2493.59,2647.47
LD00017661,2205.97,1315.33,2047.3
LD00017662,1905.3,1440.48,2718.28
LD00017663,2451.79,2083.49,1901.23
LD00017664,2088.16,1844.56,2618.88
LD00017665,2675.03,1374.79,2445.75
LD00017666,1672.43,1248.92,2155.78
LD00017667,2389.2,1432.71,1703.3
LD00017668,2671.7,2293.13,2402.5
LD00017669,2206.3,2233.73,1878.92
LD00017670,1940.29,1263.54,1863.68
LD00017671,1850.73,1249.98,2563.82
LD00017672,2162.01,1983.63,2478.05
LD00017673,1867.61,2142.83,1664.21
LD00017674,2618.5,1987.82,1654.15
LD00017675,1563.62,2268.68,2737.45
LD00017676,2129.74,1691.93,2156.72
LD00017677,2893.8,1849.77,2456.7
LD00017678,2027.63,1243.77,2283.25
LD00017679,2615.13,1966.5,1622.29
LD00017680,1907.07,1812.82,1726.62
LD00017681,2535.99,2040.81,1904.12
LD00017682,2739.38,2440.29,1768.51
LD00017683,2682.9,1262.5,2472.03
LD00017684,2097.76,1490.45,2027.34
LD00017685,1743.86,2200.74,2648.09
LD00017686,1882.3,1392.42,1533.8
LD00017687,2465.62,1978.12,1820.14
LD00017688,2095.63,1490.12,2638.74
LD00017689,2299.64,1757.61,2781.6
LD00017690,2356.76,1770.77,2466.77
LD00017691,1642.38,2309.12,1913.04
LD00017692,2303.9,2298.57,1537.79
LD00017693,1847.54,2070.62,2745.06
LD00017694,2846.34,2096.81,1802.76
LD00017695,2457.36,1552.32,2268.78
LD00017696,2147.72,1616.16,2135.19
LD00017697,2691.91,1805.33,2336.51
LD00017698,1963.49,2007.98,1765.4
LD00017699,2782.75,2468.45,2055.17
LD00017700,1773.63,1791.39,2025.13
LD00017701,1549.89,2027.24,1482.68
LD00017702,2763.79,2245.36,1509.33
LD00017703,2256.13,1988.53,2607.35
LD00017704,1544.43,1446.76,1708.16
LD00017705,2735.72,1314.12,2206.55
LD00017706,2004.07,1346.88,1990.16
LD00017707,1764.29,1785.51,1568.6
LD00017708,2836.1,2121.21,2040.81
LD00017709,1795.4,2132.12,2453.83
LD00017710,2307.97,1216.41,2191.09
LD00017711,2841.38,2344.64,1866.75
LD00017712,2626.38,2159.33,2161.8
LD00017713,1657.47,2058.73,2360.77
LD00017714,1844.07,2278.56,2232.21
LD00017715,1939.08,2241.37,2222.09
LD00017716,1889.23,1981.18,1722.87
LD00017717,2690.74,1959.27,2119.2
LD00017718,1609.24,1661.27,2053.62
LD00017719,2798.97,1553.54,2484.84
LD00017720,2228.7,1769.38,1843.59
LD00017721,1935.1,1225.79,2303.35
LD00017722,2506.18,2271.22,2567.71
LD00017723,2705.35,1969.44,2548.62
LD00017724,2601.15,2348.15,2494.37
LD00017725,2003.36,2266.1,1475.6
LD00017726,2531.44,2496.03,1934.81
LD00017727,2372.27,1325.9,1584.69
LD00017728,1801.69,1535.56,1987.66
LD00017729,2870.12,2189.55,2397.66
LD00017730,2132.39,2198.87,2013.73
LD00017731,1634.37,2038.88,2430.09
LD00017732,2650.98,1371.19,1913.12
LD00017733,2441.4,2071.77,2373.24
LD00017734,2821.11,1274.53,1897.12
LD00017735,2136.13,1354.53,2622.2
LD00017736,2343.21,1928.84,2554.27
LD00017737,1645.23,1855.28,2393.85
LD00017738,1728.06,2134.65,2293.31
LD00017739,2648.23,1703.99,1826.83
LD00017740,1712.74,1232.55,2324.35
LD00017741,1945.45,2463.13,2015.96
LD00017742,1731.14,1220.08,2054.87
LD00017743,2022.79,1747.46,2091.21
LD00017744,1730.9,1946.13,1671.07
LD00017745,2202.9,1492.48,2015.68
LD00017746,1841.9,2163.95,1528.0
LD00017747,2182.8,1895.52,1947.5
LD00017748,2778.62,1463.09,1468.5
LD00017749,2634.84,1869.02,2228.72
LD00017750,2569.0,1749.2,2112.04
LD00017751,2678.53,1262.79,2429.85
LD00017752,2057.08,1321.37,1724.98
LD00017753,2281.5,1833.27,2045.77
LD00017754,1967.24,1562.12,2596.11
LD00017755,2818.56,1738.5,1969.47
LD00017756,1898.97,1637.69,1485.58
LD00017757,2898.29,1236.36,2323.14
LD00017758,2678.27,2200.39,1626.96
LD00017759,2015.15,2153.54,1796.69
LD00017760,1508.32,2489.25,2460.15
LD00017761,1693.36,1250.33,1572.99
LD00017762,1512.96,2254.27,1439.92
LD00017763,2519.33,2287.69,2317.53
LD00017764,2972.96,2199.12,2718.5
LD00017765,2478.54,1884.58,1684.6
LD00017766,1725.6,2162.0,2797.82
LD00017767,2368.21,1907.52,2601.82
LD00017768,2754.74,1327.02,2681.13
LD00017769,1694.07,1243.67,1952.73
LD00017770,1618.53,2098.26,1835.35
LD00017771,2740.1,2356.95,2260.5
LD00017772,2078.3,1992.42,2767.65
LD00017773,2395.59,2160.08,1997.24
LD00017774,1672.73,1345.91,2498.31
LD00017775,2165.94,1677.72,1741.84
LD00017776,2473.13,2214.17,1404.88
LD00017777,2219.61,1568.26,1588.14
LD00017778,1717.66,1215.94,2089.99
LD00017779,2818.17,1631.64,2707.03
LD00017780,1856.1,2028.39,2511.09
LD00017781,2128.21,1966.75,2696.75
LD00017782,1753.64,2376.62,2350.11
LD00017783,2296.13,2345.69,2008.68
LD00017784,2729.51,1387.96,1852.47
LD00017785,2303.4,2210.58,2331.75
LD00017786,2942.15,2417.44,2412.87
LD00017787,2260.78,1817.53,1483.95
LD00017788,2104.16,1605.6,1581.47
LD00017789,2987.95,2223.91,2604.47
LD00017790,2078.85,2120.93,1803.38
LD00017791,1846.24,2160.23,1757.13
LD00017792,2911.45,1808.81,2175.71
LD00017793,2653.06,2283.0,1627.43
LD00017794,2939.95,1998.77,1675.68
LD00017795,2020.62,1459.6,2432.35
LD00017796,2486.71,1367.02,1501.67
LD00017797,1704.77,1943.25,2757.84
LD00017798,2494.82,1809.06,2037.98
LD00017799,2706.23,2365.16,1921.8
LD00017800,1627.34,1303.19,2641.16
LD00017801,2374.18,1351.74,2135.37
LD00017802,2846.57,2230.83,1795.64
LD00017803,2366.37,2315.64,2523.21
LD00017804,2665.78,1221.37,2052.56
LD00017805,1620.91,1765.44,2187.96
LD00017806,1850.08,1203.78,2552.13
LD00017807,2272.03,2118.74,2230.4
LD00017808,2293.52,2324.58,1725.19
LD00017809,2524.54,1967.3,2777.64
LD00017810,2669.31,2433.67,1834.4
LD00017811,1658.6,1912.73,1865.76
LD00017812,2567.92,1366.58,1870.91
LD00017813,1505.33,1582.85,2162.09
LD00017814,2986.94,2333.32,1865.3
LD00017815,1983.78,2417.0,2712.02
LD00017816,2098.15,2330.15,1758.98
LD00017817,2888.31,2034.24,1682.45
LD00017818,1655.72,2177.92,2697.11
LD00017819,2903.91,1288.47,1724.61
LD00017820,1938.66,2370.69,1543.88
LD00017821,1967.36,2274.84,1478.66
LD00017822,2668.75,1921.99,2798.15
LD00017823,2777.36,1218.77,1792.51
LD00017824,2591.12,1773.41,2683.69
LD00017825,2635.25,1805.84,2242.0
LD00017826,1900.0,2416.14,2318.74
LD00017827,2191.31,1603.17,1922.5
LD00017828,1565.44,1477.45,2721.29
LD00017829,2734.67,2319.08,1481.24
LD00017830,2361.42,1440.89,1550.29
LD00017831,1620.34,1320.69,1757.21
LD00017832,2199.0,2018.86,1886.29
LD00017833,1853.55,1507.04,2242.06
LD00017834,2101.86,1511.63,1840.11
LD00017835,2307.37,2468.46,1750.99
LD00017836,1517.1,1862.21,1624.97
LD00017837,2867.38,2405.86,2005.47
LD00017838,2747.42,2308.44,2374.45
LD00017839,1750.54,1915.69,2320.62
LD00017840,1610.48,2486.05,1696.6
LD00017841,2022.07,1692.24,2422.31
LD00017842,2260.84,1592.8,2039.53
LD00017843,2714.96,1358.99,2391.54
LD00017844,1842.68,1790.46,1450.34
LD00017845,1504.01,1540.52,1939.96
LD00017846,2882.71,2037.51,1877.16
LD00017847,2884.51,2440.0,1456.64
LD00017848,2019.87,2327.15,1894.54
LD00017849,1619.2,2378.35,1818.86
LD00017850,1717.98,2212.91,1893.91
LD00017851,1777.82,1751.46,2664.52
LD00017852,2406.69,2287.02,2370.25
LD00017853,1618.62,1408.53,2691.75
LD00017854,1816.92,1305.47,2271.04
LD00017855,2689.12,1790.83,2651.29
LD00017856,2181.84,2467.75,1802.17
LD00017857,1937.82,1547.05,1793.42
LD00017858,2388.73,1907.87,1940.15
LD00017859,1718.32,1756.96,1791.79
LD00017860,1729.97,1247.98,2535.9
LD00017861,2918.91,2103.23,1840.41
LD00017862,2501.13,1723.45,1686.45
LD00017863,1714.26,1409.76,2268.02
LD00017864,1980.51,1756.74,2197.25
LD00017865,2261.73,1845.33,2161.42
LD00017866,2875.58,2342.32,2095.06
LD00017867,2410.04,1452.48,2030.14
LD00017868,1639.15,2150.56,2650.75
LD00017869,2860.9,1585.83,1946.29
LD00017870,1921.38,2415.75,2512.81
LD00017871,2426.57,2190.93,2569.18
LD00017872,1821.68,1635.1,2167.45
LD00017873,1666.67,2049.4,2518.74
LD00017874,2216.44,2373.56,1680.04
LD00017875,2404.03,1663.56,2238.04
LD00017876,1954.64,2497.38,2110.84
LD00017877,2205.92,2213.62,2374.03
LD00017878,2663.37,1902.19,1736.64
LD00017879,2783.09,1798.53,1526.34
LD00017880,2938.01,2194.44,2528.03
LD00017881,2257.76,2129.21,2710.56
LD00017882,2022.2,2015.56,1685.33
LD00017883,2931.18,2034.24,1814.84
LD00017884,1563.36,2369.97,1942.37
LD00017885,2048.66,1537.78,2484.79
LD00017886,2672.4,1660.58,2749.65
LD00017887,2717.39,2284.45,2010.23
LD00017888,2733.93,2409.4,1641.68
LD00017889,2825.57,2332.88,2295.69
LD00017890,2433.7,1853.01,2766.0
LD00017891,1940.16,2129.49,1855.23
LD00017892,2557.97,1568.24,1544.44
LD00017893,1936.22,1897.52,2670.31
LD00017894,2957.21,1389.18,1455.62
LD00017895,2407.59,1460.53,1692.17
LD00017896,2908.58,1391.38,1484.59
LD00017897,2693.53,2307.66,2389.62
LD00017898,2765.65,1325.26,2495.26
LD00017899,1825.43,1792.85,2091.76
LD00017900,2925.49,1720.69,2686.42
LD00017901,2303.48,2393.09,2088.29
LD00017902,1974.82,2018.4,2288.36
LD00017903,2074.38,1876.79,2090.77
LD00017904,2007.02,2359.09,2299.24
LD00017905,1706.13,2105.59,1682.22
LD00017906,1626.11,2163.21,1962.2
LD00017907,1744.24,1771.99,2426.5
LD00017908,1841.0,1785.7,2079.31
LD00017909,2882.72,1470.98,1544.6
LD00017910,2208.6,1912.62,2033.03
LD00017911,2920.94,1573.32,2500.85
LD00017912,2821.06,2436.13,1849.82
LD00017913,2801.93,2140.39,2405.84
LD00017914,2695.38,1241.28,2515.7
LD00017915,1618.08,1998.44,2153.25
LD00017916,2060.86,1431.27,2261.42
LD00017917,2369.86,1494.28,1490.84
LD00017918,1788.61,1954.51,2206.24
LD00017919,2709.97,2487.25,1878.48
LD00017920,2036.05,2373.26,1864.7
LD00017921,1819.92,1456.79,2483.15
LD00017922,2389.69,2176.4,2622.33
LD00017923,2210.0,1807.17,1859.65
LD00017924,1553.59,1549.15,2245.35
LD00017925,2952.91,2058.87,2605.47
LD00017926,2367.04,1236.85,2766.32
LD00017927,2645.25,2071.7,1584.51
LD00017928,2553.96,1567.18,1645.07
LD00017929,2403.05,1442.13,2358.19
LD00017930,1865.64,1783.79,2220.38
LD00017931,1899.68,1523.69,2376.22
LD00017932,2502.11,2217.58,2542.02
LD00017933,1727.95,1267.21,2708.08
LD00017934,1868.68,2349.37,2665.05
LD00017935,2905.72,2383.76,1755.0
LD00017936,1693.59,1881.75,2438.81
LD00017937,2129.96,1347.18,2783.72
LD00017938,1621.12,2318.46,2613.01
LD00017939,2051.81,1383.03,1731.18
LD00017940,1781.21,2220.7,2671.73
LD00017941,1868.2,2173.4,2016.17
LD00017942,2717.17,1908.07,1837.32
LD00017943,2970.04,2115.18,1749.21
LD00017944,2000.65,1203.34,1614.95
LD00017945,1649.26,1248.9,2181.25
LD00017946,2322.05,1848.83,2104.92
LD00017947,1993.92,2137.59,2204.78
LD00017948,2914.51,2348.72,2490.92
LD00017949,2675.52,2266.69,2553.73
LD00017950,2466.16,2128.97,2625.54
LD00017951,2490.64,1566.75,1784.46
LD00017952,2637.24,1957.42,2233.85
LD00017953,2218.84,1480.35,2503.79
LD00017954,1779.29,2096.95,1562.63
LD00017955,2574.63,1495.58,1539.51
LD00017956,2473.74,1742.67,1950.41
LD00017957,2368.32,1936.84,1933.67
LD00017958,2087.41,2169.92,2324.19
LD00017959,2683.61,1725.34,2430.34
LD00017960,2634.43,2417.82,2169.52
LD00017961,2788.11,1700.78,1919.84
LD00017962,2080.34,2085.44,2533.27
LD00017963,2071.97,1727.53,1935.86
LD00017964,2080.26,1897.42,2542.44
LD00017965,2860.96,2177.08,2673.93
LD00017966,1961.79,1751.73,2699.17
LD00017967,2730.93,1677.47,2164.28
LD00017968,2974.59,1573.9,2461.37
LD00017969,1596.91,2058.39,1735.35
LD00017970,2482.47,1851.69,1438.67
LD00017971,1885.44,1644.36,2216.12
LD00017972,1614.03,1566.33,2470.76
LD00017973,2830.06,2126.84,2090.62
LD00017974,2855.42,1692.15,1724.87
LD00017975,2038.63,2248.28,1869.83
LD00017976,2320.66,2090.65,1792.51
LD00017977,1541.49,1387.93,1794.22
LD00017978,2260.07,1377.63,2370.81
LD00017979,1841.09,2123.83,2736.71
LD00017980,1813.86,1859.26,2497.68
LD00017981,2108.81,1402.91,1579.37
LD00017982,2698.12,1767.76,2277.18
LD00017983,1750.61,1826.14,2548.95
LD00017984,2212.4,2434.51,1706.82
LD00017985,2889.58,1557.49,1998.96
LD00017986,2564.78,2131.12,2785.14
LD00017987,2534.67,1408.35,2450.85
LD00017988,1857.61,1253.12,2005.44
LD00017989,2506.13,2489.15,2643.14
LD00017990,2318.21,1545.65,2108.2
LD00017991,2237.64,1597.69,2511.97
LD00017992,2275.28,2401.08,2396.85
LD00017993,2292.83,2147.64,2277.74
LD00017994,2588.69,1774.35,1502.13
LD00017995,1944.93,1782.82,2521.03
LD00017996,2006.7,2316.87,2107.0
LD00017997,1798.63,1868.98,1417.13
LD00017998,1805.11,2117.48,2772.04
LD00017999,2274.43,1281.35,2558.66
LD00018000,2027.41,1264.91,2629.71
LD00018001,2314.28,2447.0,2760.75
LD00018002,1656.18,1796.87,2652.09
LD00018003,1882.64,2435.03,2272.44
LD00018004,2899.45,1626.53,1483.48
LD00018005,2270.61,1426.18,2649.16
LD00018006,1778.8,2247.23,2497.39
LD00018007,2478.12,2387.86,1978.3
LD00018008,1659.44,1867.63,2224.71
LD00018009,2072.27,2095.44,1559.45
LD00018010,1936.81,1882.18,2276.04
LD00018011,2827.86,1408.19,1784.39
LD00018012,2325.37,2046.05,2387.86
LD00018013,2254.83,1951.28,2234.88
LD00018014,2972.42,1825.73,1933.91
LD00018015,1824.14,1589.64,2631.44
LD00018016,2747.93,2192.5,2184.94
LD00018017,1637.39,1565.33,1748.83
LD00018018,1839.92,2093.71,2451.08
LD00018019,2905.74,2009.78,1974.09
LD00018020,2783.85,1298.58,2239.48
LD00018021,2475.42,1821.68,1942.37
LD00018022,2353.96,1840.55,1598.02
LD00018023,2289.78,1393.5,1782.03
LD00018024,1675.48,1222.86,2404.1
LD00018025,2220.92,2216.96,1900.71
LD00018026,1981.97,1818.61,1961.61
LD00018027,1763.17,2483.25,1590.16
LD00018028,2881.56,1541.34,2666.39
LD00018029,1783.34,2210.36,1818.22
LD00018030,1862.91,1485.63,2452.78
LD00018031,2717.68,2172.9,2268.3
LD00018032,1891.32,2002.7,1827.92
LD00018033,1503.68,1495.34,2121.01
LD00018034,2618.92,2344.46,2174.66
LD00018035,1758.1,1694.92,2694.9
LD00018036,2701.74,1707.09,1939.32
LD00018037,2560.43,1261.34,1967.31
LD00018038,1533.47,1547.61,2607.27
LD00018039,2088.08,2211.87,2514.89
LD00018040,2355.55,2361.7,2419.09
LD00018041,1873.84,1273.0,2388.81
LD00018042,2528.72,1831.45,2381.5
LD00018043,2280.43,1741.45,2671.84
LD00018044,2654.56,1202.75,2259.62
LD00018045,1504.89,2199.17,2767.89
LD00018046,1539.07,1566.62,2599.96
LD00018047,2635.4,2208.25,2381.36
LD00018048,1581.32,1686.66,2007.14
LD00018049,2757.53,1743.07,1682.48
LD00018050,1682.11,1776.17,2573.94
LD00018051,1514.83,2032.04,2511.26
LD00018052,2560.81,1882.93,2416.79
LD00018053,2739.06,2257.68,1546.98
LD00018054,2610.95,2428.41,1577.72
LD00018055,2354.38,2171.28,1882.11
LD00018056,1979.13,1714.8,2699.24
LD00018057,2461.29,2125.63,2086.23
LD00018058,2444.07,2267.21,2016.56
LD00018059,2344.89,2232.28,2765.73
LD00018060,2612.21,1395.17,2450.71
LD00018061,2144.23,1298.85,1869.36
LD00018062,1700.8,1904.42,2335.82
LD00018063,2310.25,1803.78,2366.21
LD00018064,2973.85,1878.6,2037.38
LD00018065,2784.47,1889.11,2468.93
LD00018066,1653.05,2354.16,1693.71
LD00018067,1663.15,2455.76,2484.21
LD00018068,2039.44,2451.9,2277.72
LD00018069,2423.28,2360.91,2394.01
LD00018070,2183.4,1732.5,2298.19
LD00018071,1856.45,1751.81,2618.44
LD00018072,1707.41,2107.32,2040.0
LD00018073,2526.81,1887.87,2270.37
LD00018074,2650.82,1228.23,2622.91
LD00018075,2217.83,2221.61,2308.59
LD00018076,2989.86,1933.95,2268.29
LD00018077,1551.74,1812.52,2230.14
LD00018078,1611.28,1914.96,2053.79
LD00018079,2626.1,1597.99,1883.75
LD00018080,2518.87,2225.17,1611.64
LD00018081,1629.71,2247.45,2451.25
LD00018082,2915.04,1470.97,2635.02
LD00018083,2569.85,1860.43,2108.63
LD00018084,1680.93,1742.66,2325.21
LD00018085,2775.63,1643.14,2533.77
LD00018086,1717.86,2301.76,2321.65
LD00018087,2314.84,1267.04,2392.4
LD00018088,2835.6,1667.27,1562.94
LD00018089,2677.47,1385.93,2475.88
LD00018090,2614.32,1356.53,2296.58
LD00018091,1709.03,1980.19,2518.9
LD00018092,2512.08,2427.75,2000.06
LD00018093,2628.11,2243.05,2286.45
LD00018094,2419.95,1389.34,2189.74
LD00018095,2241.33,1388.4,2502.11
LD00018096,2660.05,1971.27,2120.96
LD00018097,2686.54,2409.51,2617.72
LD00018098,2174.83,2026.46,1740.11
LD00018099,1537.99,1843.42,1854.08
LD00018100,2708.4,1348.79,1824.39
LD00018101,2415.85,1891.29,1706.19
LD00018102,2932.12,2243.96,2455.56
LD00018103,2953.97,2001.52,1524.12
LD00018104,1829.51,1649.17,2456.18
LD00018105,2447.45,1812.75,2649.15
LD00018106,2093.01,1271.35,2428.31
LD00018107,2693.57,1835.05,2623.65
LD00018108,2662.95,1752.01,2358.87
LD00018109,2716.61,2271.85,2529.52
LD00018110,2838.91,1701.94,1822.48
LD00018111,1791.7,1511.14,2080.16
LD00018112,2903.94,1522.92,2201.75
LD00018113,1849.41,2274.77,2092.05
LD00018114,2969.76,2480.94,2486.69
LD00018115,2098.1,1955.59,2298.44
LD00018116,2318.92,2322.23,1832.32
LD00018117,2434.49,2231.32,1928.72
LD00018118,2941.34,2457.02,1565.68
LD00018119,2530.7,1600.97,2538.74
LD00018120,2137.89,2474.91,2640.53
LD00018121,2533.97,1249.32,1705.41
LD00018122,2581.92,1536.92,2638.74
LD00018123,2156.6,2148.69,2419.38
LD00018124,2790.82,1916.16,2665.93
LD00018125,1517.24,1939.15,2132.07
LD00018126,2218.14,2314.06,1935.87
LD00018127,2386.72,1635.18,1967.9
LD00018128,2474.94,2466.98,1737.01
LD00018129,2116.62,1611.27,2664.96
LD00018130,1867.23,1526.67,2749.7
LD00018131,1726.56,2020.6,2641.58
LD00018132,2995.96,1355.45,1965.46
LD00018133,2566.75,2221.31,1916.65
LD00018134,2069.0,1756.63,2399.48
LD00018135,1837.22,1854.6,1976.03
LD00018136,1760.51,1279.97,1987.95
LD00018137,1512.39,2071.26,2719.44
LD00018138,1943.24,2276.59,2792.53
LD00018139,2956.68,1263.83,2246.72
LD00018140,2930.23,1751.06,2347.77
LD00018141,1529.92,1975.63,2336.78
LD00018142,2883.0,2131.58,2799.08
LD00018143,1535.34,2295.63,1728.84
LD00018144,2936.61,2112.75,1484.03
LD00018145,2885.64,1922.02,1938.74
LD00018146,1516.64,1765.01,2709.05
LD00018147,2802.46,1243.83,2187.96
LD00018148,1923.44,2148.5,1484.27
LD00018149,2156.07,2276.8,2323.29
LD00018150,2390.29,1455.91,2386.09
LD00018151,1699.16,1712.37,2567.9
LD00018152,2646.47,2074.58,2430.97
LD00018153,2127.3,2151.83,2509.07
LD00018154,2108.82,1248.87,2688.04
LD00018155,1973.02,2192.1,2492.15
LD00018156,2384.94,1591.16,1774.2
LD00018157,2803.16,1335.35,2670.42
LD00018158,2142.55,1928.29,2727.89
LD00018159,2823.87,2128.04,2334.3
LD00018160,1758.59,1239.05,1435.0
LD00018161,2902.0,1916.14,2106.08
LD00018162,1700.03,2347.47,1626.85
LD00018163,2636.25,1870.57,1870.35
LD00018164,1509.99,2250.35,1585.97
LD00018165,2893.44,1635.85,2297.14
LD00018166,2691.91,2318.22,2790.89
LD00018167,2644.41,1237.27,2304.12
LD00018168,2063.54,2070.97,2648.61
LD00018169,2512.5,1768.72,1582.32
LD00018170,2004.25,2307.67,1603.93
LD00018171,2139.33,1257.46,2679.23
LD00018172,2182.66,2389.23,2336.66
LD00018173,2715.7,1208.28,1617.85
LD00018174,1744.93,1683.86,2268.19
LD00018175,2842.6,2133.97,2463.26
LD00018176,2437.55,2021.63,2027.35
LD00018177,2994.16,1579.08,2649.67
LD00018178,2308.14,1634.53,1566.32
LD00018179,2806.71,2357.11,1564.41
LD00018180,1563.36,2278.17,1468.95
LD00018181,1594.28,2402.86,2537.4
LD00018182,2800.92,2278.72,2698.76
LD00018183,2510.3,2478.46,1656.48
LD00018184,2508.63,1660.87,1446.12
LD00018185,2595.01,2155.36,1686.8
LD00018186,2478.53,2169.15,1871.03
LD00018187,1684.01,1593.48,2426.61
LD00018188,1769.23,1634.13,1520.12
LD00018189,1779.85,1408.53,2417.61
LD00018190,2305.2,1811.34,1948.89
LD00018191,2309.74,2263.55,1959.73
LD00018192,2570.47,1428.27,1861.06
LD00018193,1588.19,2480.0,2413.03
LD00018194,2965.75,1642.08,1694.85
LD00018195,2978.48,1794.87,2318.24
LD00018196,1818.61,1789.42,2509.55
LD00018197,2425.91,1285.96,2691.62
LD00018198,2357.68,1905.33,1984.66
LD00018199,2357.8,2180.81,1416.28
LD00018200,2191.55,2078.01,2122.88
LD00018201,2240.7,2472.37,2739.18
LD00018202,2166.01,2359.94,2140.82
LD00018203,2139.81,1927.08,2257.61
LD00018204,1716.29,2117.51,2360.96
LD00018205,2592.13,1209.61,2582.38
LD00018206,2113.67,1268.37,2558.24
LD00018207,1862.23,1211.42,1634.74
LD00018208,2204.13,1544.37,1943.92
LD00018209,1880.51,1974.54,1454.39
LD00018210,1572.58,2290.71,2703.7
LD00018211,2981.75,2341.01,1997.55
LD00018212,2944.82,1971.37,2039.28
LD00018213,2500.57,1267.26,2160.08
LD00018214,1554.1,1267.05,2160.24
LD00018215,2728.59,2393.38,2437.54
LD00018216,2907.07,1556.54,2223.61
LD00018217,2573.82,1904.45,2071.47
LD00018218,1609.12,1414.4,1844.0
LD00018219,2225.05,1313.09,2479.9
LD00018220,2959.88,2464.31,2657.58
LD00018221,1726.94,2049.15,2614.57
LD00018222,2048.03,2066.89,2660.25
LD00018223,1763.62,1785.82,2403.1
LD00018224,2818.51,1589.09,1609.09
LD00018225,2031.88,2454.25,1818.72
LD00018226,2029.86,2376.55,1988.6
LD00018227,1992.13,2260.57,2488.39
LD00018228,1741.51,1711.29,2362.46
LD00018229,2097.07,1267.93,2032.6
LD00018230,2933.1,1550.09,1668.64
LD00018231,1942.88,2345.51,1634.73
LD00018232,2810.96,2013.24,1438.89
LD00018233,2408.92,2165.34,1457.09
LD00018234,2327.84,2458.6,2085.11
LD00018235,1806.84,2390.65,1909.59
LD00018236,1970.68,1289.21,1573.11
LD00018237,2478.46,1360.11,1404.99
LD00018238,1635.73,1423.56,1745.68
LD00018239,2403.82,1941.13,1735.67
LD00018240,1941.77,1758.1,2506.58
LD00018241,1547.91,1213.6,1571.85
LD00018242,2943.23,1903.03,1910.77
LD00018243,2280.53,2155.34,1499.52
LD00018244,2106.06,2095.24,1841.13
LD00018245,1792.82,2252.25,2315.83
LD00018246,1847.75,2186.18,1584.72
LD00018247,2052.6,1917.7,2157.26
LD00018248,2036.16,2435.4,2136.53
LD00018249,1923.91,1815.44,1704.81
LD00018250,2230.8,1836.07,2404.44
LD00018251,1738.27,1622.77,1937.29
LD00018252,2251.96,2086.76,2509.0
LD00018253,1529.29,1368.54,2176.07
LD00018254,2202.05,1772.54,1878.58
LD00018255,2741.26,1343.77,1715.23
LD00018256,1555.1,1403.94,1508.35
LD00018257,2129.51,1538.6,2573.3
LD00018258,1793.81,1692.19,2195.47
LD00018259,2373.66,1965.1,1584.18
LD00018260,1851.36,1759.5,2625.79
LD00018261,2074.88,1862.39,1756.14
LD00018262,1542.55,1374.84,2509.39
LD00018263,2329.86,1261.45,2457.5
LD00018264,2682.39,1616.95,1785.02
LD00018265,1949.48,1438.22,2279.61
LD00018266,2282.75,2395.6,1607.53
LD00018267,2660.84,1477.6,2184.22
LD00018268,1765.76,2427.81,1655.63
LD00018269,1831.53,1510.29,2129.65
LD00018270,1846.86,2271.12,1450.0
LD00018271,2015.45,1404.87,1536.74
LD00018272,1933.27,1238.7,2485.08
LD00018273,2821.93,1824.31,2674.44
LD00018274,2316.9,2307.27,2155.86
LD00018275,1801.58,2326.02,2489.19
LD00018276,2237.73,2432.93,2515.32
LD00018277,2662.05,2052.92,1755.36
LD00018278,2182.32,1650.96,2509.82
LD00018279,2509.35,1897.17,2423.42
LD00018280,2981.9,2098.22,2130.31
LD00018281,1601.71,1816.69,1505.45
LD00018282,2083.87,1789.42,2032.0
LD00018283,2700.33,1817.26,2284.76
LD00018284,1628.47,1597.08,2180.1
LD00018285,2244.9,1606.19,2700.85
LD00018286,2433.71,1316.76,2531.63
LD00018287,2103.28,1520.33,2236.11
LD00018288,2164.25,1793.97,2723.3
LD00018289,1788.32,1476.86,2531.15
LD00018290,1920.38,1815.69,2330.39
LD00018291,1718.42,1520.05,1794.71
LD00018292,1821.5,1724.33,2536.18
LD00018293,1745.16,1644.81,1883.11
LD00018294,1718.18,1598.82,2174.82
LD00018295,2458.12,1592.28,2640.27
LD00018296,1666.48,2479.56,1917.07
LD00018297,2227.51,1929.99,2404.64
LD00018298,2157.77,1650.61,2081.11
LD00018299,2888.05,1884.33,2181.29
LD00018300,1935.54,1801.49,2710.86
LD00018301,2784.05,1711.88,1629.01
LD00018302,2376.64,2132.69,1662.15
LD00018303,1663.27,1532.72,2532.22
LD00018304,1897.38,2011.31,1972.56
LD00018305,2457.0,1452.32,2172.08
LD00018306,2563.64,2001.15,1830.0
LD00018307,2899.46,1554.49,1454.64
LD00018308,2042.44,1427.7,2776.65
LD00018309,2684.36,1781.04,1695.54
LD00018310,2786.1,1829.75,1546.92
LD00018311,2131.42,1327.66,1925.11
LD00018312,2589.24,1865.86,1620.06
LD00018313,2798.74,2206.23,2074.7
LD00018314,2782.81,2098.13,2599.64
LD00018315,2929.57,1761.94,2292.88
LD00018316,1657.53,2410.6,1923.51
LD00018317,2436.73,1472.65,2456.65
LD00018318,2141.36,2444.65,2446.64
LD00018319,1908.7,1926.38,1558.22
LD00018320,2129.82,1478.82,1610.17
LD00018321,2974.18,1806.14,2290.37
LD00018322,2123.89,2184.5,2660.78
LD00018323,1918.19,1993.15,2581.77
LD00018324,1856.57,1288.94,2476.86
LD00018325,2731.87,1713.03,2757.71
LD00018326,2162.99,2434.26,2472.54
LD00018327,2487.3,2449.45,2198.55
LD00018328,2626.89,2211.86,1819.86
LD00018329,1794.27,1464.25,1850.06
LD00018330,2461.4,2165.66,2005.51
LD00018331,1563.59,2461.98,2342.64
LD00018332,2390.16,2194.8,1780.51
LD00018333,2324.18,1839.92,1873.14
LD00018334,2574.7,2373.26,2786.4
LD00018335,1601.78,1690.79,2525.72
LD00018336,1945.07,1733.18,1873.75
LD00018337,2951.03,1389.98,1763.79
LD00018338,1684.47,1752.27,2020.98
LD00018339,2462.83,1406.08,2190.28
LD00018340,1595.41,1823.72,1592.77
LD00018341,2905.69,1913.25,2666.17
LD00018342,2086.07,2235.89,2381.46
LD00018343,2366.21,1761.57,2285.32
LD00018344,2279.73,2131.21,2788.99
LD00018345,1701.73,1728.85,1815.21
LD00018346,2193.3,2488.88,1825.65
LD00018347,2838.52,1620.54,2312.52
LD00018348,1604.56,2014.38,2766.26
LD00018349,2733.67,1580.71,1627.86
LD00018350,2274.22,1733.04,2424.47
LD00018351,2052.35,2360.06,1525.15
LD00018352,2642.27,1602.52,1613.68
LD00018353,1518.69,2259.09,1778.88
LD00018354,2767.57,1282.89,1761.65
LD00018355,2290.06,2405.67,2346.82
LD00018356,1603.72,1955.7,2578.58
LD00018357,1961.05,2044.13,1939.56
LD00018358,2446.08,1432.71,2364.72
LD00018359,1727.06,1942.36,2232.18
LD00018360,1967.29,1578.64,2636.35
LD00018361,2909.72,1338.58,1824.4
LD00018362,1599.1,2405.18,2317.58
LD00018363,2506.06,1790.74,1743.77
LD00018364,2262.94,1853.13,1871.85
LD00018365,2888.99,1669.72,2374.07
LD00018366,1565.68,1503.04,2105.31
LD00018367,1988.15,1742.34,2434.72
LD00018368,2310.66,1594.62,2597.78
LD00018369,2096.22,2120.7,1684.7
LD00018370,1569.99,1966.54,2609.17
LD00018371,2156.14,1778.78,1702.23
LD00018372,2369.23,2111.34,2013.98
LD00018373,2627.09,2287.7,1923.36
LD00018374,2567.6,1406.58,1960.82
LD00018375,2827.64,1528.0,1700.94
LD00018376,2520.03,2163.95,2040.52
LD00018377,2324.89,1484.47,2405.76
LD00018378,2634.27,2195.7,2718.5
LD00018379,2721.71,1581.21,2459.25
LD00018380,2060.89,2156.57,1656.78
LD00018381,1652.39,2004.89,2185.36
LD00018382,1856.12,2026.41,2656.16
LD00018383,1813.3,2463.58,1832.19
LD00018384,1786.13,1478.53,1576.07
LD00018385,2843.33,1806.78,1827.44
LD00018386,2962.06,2489.53,2523.15
LD00018387,2299.45,2308.99,2207.99
LD00018388,1883.39,1910.96,2076.46
LD00018389,2781.98,2280.13,2749.03
LD00018390,2049.46,1404.74,2616.29
LD00018391,1712.72,2364.28,1670.28
LD00018392,2418.92,1995.8,1666.17
LD00018393,1647.07,2264.48,1998.71
LD00018394,2021.99,1547.68,2080.74
LD00018395,2363.83,1752.46,2777.36
LD00018396,1737.5,2338.7,2283.57
LD00018397,2664.58,2257.36,2093.49
LD00018398,2749.77,1870.45,2166.79
LD00018399,2593.42,1701.08,1569.78
LD00018400,2885.95,2201.13,1792.81
LD00018401,2585.23,1948.17,2207.67
LD00018402,1896.5,1555.92,2404.93
LD00018403,2357.77,1223.96,2653.22
LD00018404,1648.63,1797.93,2596.68
LD00018405,2229.97,1743.15,2661.37
LD00018406,2711.49,2250.72,1828.49
LD00018407,1738.01,2361.37,1589.36
LD00018408,2822.98,1345.81,1996.76
LD00018409,1857.38,1407.0,1772.79
LD00018410,1751.67,2027.36,2572.9
LD00018411,1924.29,1739.91,2101.12
LD00018412,2929.71,1590.75,1987.64
LD00018413,2907.45,2091.11,2751.79
LD00018414,1945.54,1955.65,2503.06
LD00018415,1941.95,2102.62,1705.0
LD00018416,2565.53,1585.13,1744.59
LD00018417,2217.78,2065.8,1400.46
LD00018418,2256.52,1920.24,2675.73
LD00018419,1915.75,2008.38,2588.35
LD00018420,1818.43,2444.02,1477.07
LD00018421,2029.87,1215.27,2470.0
LD00018422,2690.92,1644.89,2311.35
LD00018423,2681.33,1637.58,1898.2
LD00018424,2379.4,2231.8,1456.7
LD00018425,2678.18,2265.96,2407.01
LD00018426,2551.92,2449.77,2074.06
LD00018427,2351.2,1948.28,1776.93
LD00018428,2513.69,1434.76,1439.61
LD00018429,2041.83,2294.29,2141.71
LD00018430,2447.51,1639.71,2162.35
LD00018431,2207.63,1787.77,2451.55
LD00018432,2596.48,1906.61,1964.3
LD00018433,2530.58,1777.01,1607.53
LD00018434,2036.3,2364.14,2330.71
LD00018435,2303.27,1790.6,2219.43
LD00018436,1515.32,1349.6,2096.65
LD00018437,2099.33,1821.67,1400.26
LD00018438,2655.92,1333.95,2211.87
LD00018439,2043.69,1820.85,1824.03
LD00018440,2962.62,2189.78,2781.11
LD00018441,2186.64,2278.68,1787.52
LD00018442,1974.0,1579.62,2398.77
LD00018443,1535.01,1880.43,1613.22
LD00018444,2354.67,2371.55,2149.88
LD00018445,2975.66,1503.92,1435.04
LD00018446,2477.45,2470.78,1645.75
LD00018447,1753.75,1235.45,2095.82
LD00018448,1680.24,2498.13,2252.57
LD00018449,1783.51,2185.91,2018.26
LD00018450,2761.87,2308.87,2506.19
LD00018451,2553.2,1886.0,2372.08
LD00018452,2594.76,2427.9,1700.42
LD00018453,2944.79,1588.28,2552.64
LD00018454,2061.79,2094.84,1838.0
LD00018455,1714.29,2295.4,2472.74
LD00018456,2387.4,2336.27,2462.3
LD00018457,2642.59,1728.66,1505.57
LD00018458,1730.84,1385.28,1846.23
LD00018459,1547.78,1264.66,1413.43
LD00018460,2614.17,1807.35,2361.74
LD00018461,2119.32,2182.21,2361.14
LD00018462,2527.92,1308.8,1894.51
LD00018463,2796.17,1249.85,2788.53
LD00018464,2395.79,1926.23,1635.39
LD00018465,2197.44,2437.06,1718.32
LD00018466,2624.79,1749.62,1803.95
LD00018467,2865.06,1830.4,2381.56
LD00018468,2693.18,1748.75,1404.07
LD00018469,2794.74,1788.59,1868.01
LD00018470,2385.24,1667.06,2273.2
LD00018471,2464.02,1927.81,2389.59
LD00018472,2427.33,1453.24,2453.22
LD00018473,1812.53,1815.59,2175.06
LD00018474,2605.67,1371.18,2089.33
LD00018475,2912.6,2331.37,2014.47
LD00018476,2092.25,1849.74,2438.46
LD00018477,1961.72,1898.45,1419.22
LD00018478,1746.15,1495.14,1856.94
LD00018479,2380.33,2096.17,1594.9
LD00018480,2045.4,2037.84,2549.54
LD00018481,2947.33,1398.72,1734.85
LD00018482,1569.86,1514.02,2776.34
LD00018483,1510.07,1632.25,2689.02
LD00018484,2609.29,1811.27,1612.25
LD00018485,1560.67,2237.18,2494.33
LD00018486,1801.24,1773.2,2133.76
LD00018487,2035.36,2027.13,1647.93
LD00018488,2626.94,1381.77,2567.21
LD00018489,1647.05,1492.57,1794.0
LD00018490,2689.16,1548.74,2122.44
LD00018491,2652.94,2442.08,1778.95
LD00018492,2311.89,2163.81,1677.01
LD00018493,2637.08,2437.92,2429.7
LD00018494,2390.36,1993.94,1454.97
LD00018495,2492.06,1349.9,1874.43
LD00018496,1707.12,1371.45,2779.38
LD00018497,2340.65,1234.84,1450.91
LD00018498,2701.37,1338.1,2625.49
LD00018499,1682.4,2363.32,2542.25
LD00018500,2038.51,1763.07,1495.29
LD00018501,2110.5,1687.39,2326.9
LD00018502,2277.69,1310.44,2031.21
LD00018503,2438.95,1835.83,2142.75
LD00018504,2118.13,1901.59,1812.34
LD00018505,2197.62,2044.69,2698.22
LD00018506,2259.03,1917.65,1998.63
LD00018507,2573.34,1649.93,2426.2
LD00018508,2399.47,2264.42,2294.9
LD00018509,1960.95,1837.18,1786.98
LD00018510,1798.57,1503.48,2381.94
LD00018511,2519.21,2094.52,2548.0
LD00018512,1789.84,2118.13,2353.39
LD00018513,1656.84,2120.7,2079.31
LD00018514,2570.44,1329.06,2324.45
LD00018515,2438.29,2178.63,2660.11
LD00018516,1696.86,1856.87,2198.94
LD00018517,2533.34,1231.31,2115.9
LD00018518,1880.94,1736.16,1873.76
LD00018519,2841.66,1792.83,1602.28
LD00018520,2869.59,1636.15,1471.65
LD00018521,1939.77,2397.38,2206.77
LD00018522,2540.07,1969.67,2789.64
LD00018523,1528.1,1851.87,2306.68
LD00018524,2632.41,2100.14,1967.78
LD00018525,1530.83,2455.51,1679.19
LD00018526,1984.83,1442.82,1780.35
LD00018527,2990.63,1450.05,1872.45
LD00018528,1632.63,2142.66,2366.47
LD00018529,2225.04,1494.78,1824.41
LD00018530,2587.64,2463.13,2488.51
LD00018531,2920.83,1607.41,1739.61
LD00018532,2927.13,1528.91,1478.15
LD00018533,1533.46,1373.07,2747.41
LD00018534,1967.52,1338.21,2680.2
LD00018535,2349.29,1941.67,2627.83
LD00018536,2268.15,2486.06,1573.8
LD00018537,1716.39,1362.66,2578.07
LD00018538,2350.43,1430.85,1651.87
LD00018539,2650.15,1779.77,1470.13
LD00018540,2294.15,1408.29,1995.15
LD00018541,2207.84,2121.38,1739.86
LD00018542,2305.17,1354.52,2237.84
LD00018543,2883.47,2290.88,2597.03
LD00018544,1810.27,2112.69,1802.35
LD00018545,1613.51,2360.78,1452.37
LD00018546,2810.72,2048.5,1416.76
LD00018547,1741.35,1641.93,2214.28
LD00018548,2889.55,2400.71,2139.43
LD00018549,2769.42,2113.68,2111.12
LD00018550,2136.92,1484.97,2496.77
LD00018551,2438.76,2490.99,1408.92
LD00018552,1543.88,2006.24,1770.09
LD00018553,2346.2,1336.97,2287.45
LD00018554,2968.04,2490.77,1971.02
LD00018555,2270.95,1832.14,2721.69
LD00018556,2698.93,2295.46,2289.27
LD00018557,2226.47,2463.98,2156.48
LD00018558,1820.48,2152.83,2258.87
LD00018559,2675.51,2382.78,2157.53
LD00018560,2673.2,2460.34,1824.37
LD00018561,1682.59,2245.01,2046.58
LD00018562,2820.11,2010.14,2168.22
LD00018563,2657.34,2210.08,2334.22
LD00018564,2122.83,2273.16,2433.87
LD00018565,1985.17,1311.18,1504.32
LD00018566,2970.07,2393.56,1787.64
LD00018567,1558.56,2274.58,2037.23
LD00018568,2043.06,1851.74,2247.91
LD00018569,1965.96,1611.83,1762.97
LD00018570,2151.76,1312.87,2579.67
LD00018571,1890.93,1601.34,2578.51
LD00018572,2906.17,2298.71,1689.86
LD00018573,2609.09,2331.03,2259.39
LD00018574,2288.06,2092.46,1478.49
LD00018575,2586.43,1679.05,1490.42
LD00018576,2743.67,1407.5,2290.98
LD00018577,2664.34,1509.21,2613.96
LD00018578,2068.82,2481.36,2382.09
LD00018579,2504.88,1810.17,2129.56
LD00018580,2851.56,2331.86,1497.71
LD00018581,1503.72,2424.19,1786.09
LD00018582,1548.23,1298.82,2249.73
LD00018583,2522.22,1268.02,1886.81
LD00018584,2656.63,2454.26,1523.25
LD00018585,2485.41,1782.81,1836.21
LD00018586,1564.17,1932.23,2211.04
LD00018587,2056.42,1682.54,2199.29
LD00018588,1610.8,1754.96,2217.02
LD00018589,2148.45,1998.47,1679.81
LD00018590,2580.22,2374.16,1417.94
LD00018591,2731.27,2243.47,2319.37
LD00018592,2647.76,2103.67,2570.96
LD00018593,2099.54,1257.75,1794.11
LD00018594,2098.96,1311.35,2735.08
LD00018595,2959.77,1276.1,2761.06
LD00018596,2831.77,1435.9,2597.23
LD00018597,2640.42,1489.25,2650.33
LD00018598,2297.89,1448.62,1962.07
LD00018599,2525.43,2002.0,2216.28
LD00018600,2430.21,1600.36,1783.56
LD00018601,2689.45,1870.08,2640.22
LD00018602,2401.23,2332.71,1451.43
LD00018603,1773.17,2392.83,1432.9
LD00018604,2017.19,2132.53,2426.01
LD00018605,2935.42,1590.51,2366.2
LD00018606,2348.03,2145.49,1413.07
LD00018607,1757.89,2076.15,2311.74
LD00018608,2036.65,1996.04,1456.14
LD00018609,2186.15,2113.96,2681.96
LD00018610,2144.03,2215.64,2208.13
LD00018611,1968.88,1470.7,1655.95
LD00018612,2893.94,2468.29,2600.57
LD00018613,2979.75,1378.54,1999.62
LD00018614,2104.0,2269.19,2229.71
LD00018615,2781.52,2431.59,1971.27
LD00018616,1536.24,2417.09,1401.08
LD00018617,1624.02,1975.98,1836.63
LD00018618,1763.19,2153.81,1759.95
LD00018619,2824.36,2384.87,1979.99
LD00018620,1859.17,2251.26,2144.45
LD00018621,2610.99,1578.14,2706.42
LD00018622,2385.68,1936.18,1997.85
LD00018623,2242.7,1634.46,1955.75
LD00018624,2270.59,1228.86,2478.59
LD00018625,2001.13,1227.09,2127.77
LD00018626,1510.08,1986.01,1658.07
LD00018627,1919.15,1709.54,1882.47
LD00018628,2068.35,2468.18,1707.58
LD00018629,2545.57,1565.15,2572.63
LD00018630,2089.26,1562.46,1608.12
LD00018631,2276.94,1831.39,1796.39
LD00018632,2890.76,2382.63,1533.3
LD00018633,1549.43,1758.09,1518.09
LD00018634,1676.93,1467.72,1590.62
LD00018635,2942.43,1302.91,2029.96
LD00018636,2911.54,2374.43,2024.68
LD00018637,2883.61,1713.17,1967.15
LD00018638,1681.8,1222.33,1544.98
LD00018639,1693.77,1363.76,1539.59
LD00018640,2975.09,1730.12,2587.5
LD00018641,2831.86,2019.33,1671.07
LD00018642,2177.97,1474.56,2054.5
LD00018643,2122.13,2475.14,2243.49
LD00018644,2058.52,1225.44,2718.24
LD00018645,2869.26,1923.85,2488.78
LD00018646,2428.33,1263.82,1899.12
LD00018647,2031.01,1984.15,2229.96
LD00018648,2631.18,1833.72,2556.9
LD00018649,2369.23,1390.05,2530.61
LD00018650,2345.26,1531.09,2785.44
LD00018651,2462.1,2423.2,2270.95
LD00018652,1570.85,1661.59,1960.72
LD00018653,2936.63,2037.67,1722.28
LD00018654,1950.22,1348.26,1781.89
LD00018655,1977.06,1419.56,2419.15
LD00018656,2939.11,1962.12,2288.69
LD00018657,1865.75,1711.63,2353.97
LD00018658,1550.81,1291.84,2480.36
LD00018659,1664.71,2056.03,1508.17
LD00018660,2827.22,1513.92,1848.06
LD00018661,2797.21,2063.35,1539.46
LD00018662,2975.12,1440.0,1476.21
LD00018663,2659.96,1867.3,1538.22
LD00018664,2922.75,2418.8,2701.49
LD00018665,2356.6,2270.51,1959.58
LD00018666,2841.67,2045.7,1960.1
LD00018667,1830.2,1351.01,2024.95
LD00018668,2395.44,1663.51,2141.89
LD00018669,2393.01,1766.33,2105.16
LD00018670,2028.61,2024.2,2006.42
LD00018671,2645.82,2481.64,1432.98
LD00018672,1677.64,1233.36,1980.84
LD00018673,2225.52,1471.85,2547.17
LD00018674,1541.22,1469.12,2127.99
LD00018675,2657.66,1894.87,1965.41
LD00018676,1682.14,2242.23,1456.97
LD00018677,1726.89,2032.2,1824.83
LD00018678,1702.47,1914.83,2666.97
LD00018679,2756.32,1836.81,2009.43
LD00018680,2906.03,1633.35,1780.61
LD00018681,2226.6,2480.8,1773.4
LD00018682,2789.58,2139.75,1591.11
LD00018683,2517.04,2237.71,1712.57
LD00018684,2683.6,2219.9,2554.69
LD00018685,2523.33,1748.71,1540.46
LD00018686,2783.72,2120.57,1873.43
LD00018687,2311.38,1876.95,1455.74
LD00018688,2339.15,1548.54,2360.6
LD00018689,1656.75,1608.59,2270.85
LD00018690,1744.39,1378.27,1543.05
LD00018691,1693.56,2479.63,2006.19
LD00018692,2991.49,2296.91,2714.92
LD00018693,2464.59,2257.29,1865.33
LD00018694,2792.18,2281.24,1458.53
LD00018695,1807.84,1412.9,2311.06
LD00018696,1907.1,1266.19,2297.4
LD00018697,1646.05,2312.1,1584.6
LD00018698,2066.19,1408.38,2689.15
LD00018699,1522.51,1964.18,1703.81
LD00018700,1734.33,1212.54,1669.37
LD00018701,2539.39,1778.86,2577.87
LD00018702,2305.25,2274.3,1715.16
LD00018703,1701.01,1904.81,1613.15
LD00018704,2487.13,1439.55,1457.48
LD00018705,1752.57,1569.39,2220.07
LD00018706,2113.32,2061.9,1727.34
LD00018707,1569.33,1704.34,2661.45
LD00018708,2444.48,2265.94,2607.04
LD00018709,1636.74,2223.88,1456.69
LD00018710,2776.52,2452.38,2418.85
LD00018711,2379.95,1228.65,2012.23
LD00018712,2894.5,1465.85,2543.22
LD00018713,1943.44,1751.84,1722.28
LD00018714,1966.6,1608.7,2620.63
LD00018715,1756.89,1569.79,1840.52
LD00018716,2099.46,1733.85,2369.79
LD00018717,2633.44,1407.26,2119.13
LD00018718,1942.66,1776.61,1925.16
LD00018719,1700.0,2222.8,1780.19
LD00018720,1666.13,2242.02,1515.67
LD00018721,2163.95,2021.22,1859.06
LD00018722,1563.08,2172.49,1806.7
LD00018723,1854.81,1608.0,1831.43
LD00018724,1508.44,2009.63,2615.8
LD00018725,2454.45,1435.12,1971.78
LD00018726,2936.27,2040.28,2066.75
LD00018727,1548.1,1432.86,2398.55
LD00018728,2036.43,1705.81,2212.94
LD00018729,2917.28,1774.04,2610.21
LD00018730,2029.29,2493.61,2711.64
LD00018731,1596.76,1753.26,1772.67
LD00018732,1905.08,2359.32,1626.15
LD00018733,2387.61,2320.9,1445.19
LD00018734,2786.56,1371.28,2101.01
LD00018735,2247.41,1223.51,2739.27
LD00018736,2003.95,1694.16,1557.41
LD00018737,2848.15,2455.43,1478.13
LD00018738,1608.99,2175.77,2561.13
LD00018739,2657.32,1253.94,2204.22
LD00018740,1996.79,2129.84,2642.05
LD00018741,1581.23,2161.81,2427.61
LD00018742,1533.26,1806.86,1530.36
LD00018743,2388.57,2050.9,1584.7
LD00018744,1575.1,1686.99,2573.97
LD00018745,2412.84,1687.27,2460.62
LD00018746,2668.3,2255.96,2298.4
LD00018747,1979.81,2124.04,1764.1
LD00018748,2926.99,2168.54,2214.32
LD00018749,2645.57,1694.62,2238.75
LD00018750,2549.67,1936.14,1736.89
LD00018751,2179.97,1713.8,2036.8
LD00018752,1518.25,1567.03,1891.96
LD00018753,2804.31,2134.02,1557.74
LD00018754,2079.38,1277.93,1435.81
LD00018755,1649.75,1894.41,2596.74
LD00018756,1563.0,2095.87,1583.61
LD00018757,2363.46,2210.71,2562.19
LD00018758,2005.69,1524.47,2355.98
LD00018759,2785.6,1382.13,1929.92
LD00018760,1581.89,1493.99,2015.58
LD00018761,1947.9,1791.88,2600.32
LD00018762,2515.66,2479.37,2432.62
LD00018763,2049.37,1452.44,1785.14
LD00018764,1502.85,1563.82,2026.53
LD00018765,2196.71,1809.4,1447.56
LD00018766,2801.78,2418.78,2165.69
LD00018767,2314.87,1832.19,1958.9
LD00018768,1912.1,1827.75,2279.89
LD00018769,2055.06,1820.57,1460.38
LD00018770,2338.16,1818.14,2713.95
LD00018771,2163.7,2434.82,2533.39
LD00018772,1838.98,2155.01,2058.25
LD00018773,2622.1,1810.87,1706.52
LD00018774,2660.64,2231.79,1813.3
LD00018775,2440.13,2236.99,2669.77
LD00018776,2692.06,1661.2,1411.91
LD00018777,2359.78,2401.71,2049.24
LD00018778,2133.49,1887.7,1959.22
LD00018779,1979.83,1759.56,2465.22
LD00018780,2631.07,2129.56,2633.98
LD00018781,2446.4,1204.56,1650.05
LD00018782,2645.15,1407.43,1574.29
LD00018783,2898.4,2381.02,1552.53
LD00018784,2724.7,2135.44,2172.68
LD00018785,2560.1,1418.03,2669.26
LD00018786,2314.41,1879.12,1674.18
LD00018787,2751.46,1504.27,2079.67
LD00018788,2930.42,1372.18,2027.11
LD00018789,2300.08,1374.35,2166.26
LD00018790,2649.51,1704.17,1496.53
LD00018791,1517.14,1423.5,2028.04
LD00018792,2742.21,1832.09,1866.28
LD00018793,2497.2,2302.96,2649.85
LD00018794,1705.7,1401.81,2125.87
LD00018795,2659.98,1442.94,2463.81
LD00018796,2080.53,1771.43,2119.76
LD00018797,2198.37,1383.1,1753.01
LD00018798,2768.72,2393.78,1447.16
LD00018799,2345.85,2492.03,2248.27
LD00018800,1573.76,2126.35,2566.37
LD00018801,1508.76,2038.63,1710.11
LD00018802,2545.93,1337.01,1874.9
LD00018803,2195.48,1305.12,1691.32
LD00018804,2323.95,2349.72,1888.27
LD00018805,1525.22,1447.42,2760.46
LD00018806,2278.87,2464.88,2648.7
LD00018807,1654.29,2154.1,1496.49
LD00018808,1550.05,1503.45,2121.53
LD00018809,2325.45,1653.64,2293.42
LD00018810,2931.39,2217.11,2450.35
LD00018811,1517.6,1328.7,1758.68
LD00018812,1758.37,1345.33,1499.76
LD00018813,2016.66,2238.6,2090.9
LD00018814,2286.06,2194.45,1597.23
LD00018815,2738.58,2080.84,2304.5
LD00018816,1783.3,2366.81,1445.52
LD00018817,2692.79,1253.11,1498.23
LD00018818,2311.56,1778.43,2215.75
LD00018819,2086.35,2451.11,2243.42
LD00018820,2914.2,1863.46,2617.71
LD00018821,2870.52,1903.44,2187.9
LD00018822,1905.66,1957.99,1545.39
LD00018823,2412.81,1895.24,1706.38
LD00018824,2610.3,2310.48,1533.55
LD00018825,2384.64,2203.29,2534.35
LD00018826,2940.67,1869.96,1737.64
LD00018827,2279.88,2252.56,1496.16
LD00018828,2589.79,1415.38,1480.73
LD00018829,2173.72,1861.62,1982.76
LD00018830,1644.24,2295.14,1938.86
LD00018831,2689.42,2299.57,2328.75
LD00018832,2177.98,1208.28,2605.92
LD00018833,1971.2,1411.74,2403.31
LD00018834,2947.55,1520.88,2326.91
LD00018835,1846.4,1816.14,2214.6
LD00018836,2694.05,2320.4,2462.7
LD00018837,2051.43,1359.79,2636.75
LD00018838,2546.89,2314.1,2462.82
LD00018839,2578.68,1585.03,2670.06
LD00018840,1618.26,1577.66,2056.9
LD00018841,1808.46,2137.99,2648.5
LD00018842,1798.33,2238.4,1730.93
LD00018843,2872.11,2463.03,2203.45
LD00018844,2655.84,2030.25,1921.15
LD00018845,1598.67,2314.05,1974.56
LD00018846,2347.86,1700.01,1876.62
LD00018847,2878.38,2154.41,2551.04
LD00018848,1661.18,1542.3,1751.26
LD00018849,1615.98,1630.45,2044.79
LD00018850,2702.87,1797.55,1845.38
LD00018851,2603.97,1703.37,2633.47
LD00018852,2244.9,1230.22,1569.54
LD00018853,2380.68,2285.35,2723.56
LD00018854,1732.57,1417.3,2681.77
LD00018855,2599.17,1536.72,1757.4
LD00018856,2290.73,2357.36,2543.72
LD00018857,1807.49,1562.5,2700.36
LD00018858,1774.1,1971.82,2793.13
LD00018859,1571.09,1467.64,1533.37
LD00018860,2262.56,1847.24,2001.13
LD00018861,2185.74,2242.09,2450.52
LD00018862,2277.03,2171.23,2736.76
LD00018863,2579.67,2151.09,2776.72
LD00018864,2693.49,1463.47,2579.3
LD00018865,2645.55,1455.68,2726.93
LD00018866,2610.49,1685.82,2283.58
LD00018867,1925.14,2039.83,2404.8
LD00018868,1698.17,1583.12,2226.33
LD00018869,2324.92,1290.06,2473.08
LD00018870,1807.32,1368.78,1720.62
LD00018871,1965.7,1218.3,1592.47
LD00018872,2714.68,1714.21,2568.35
LD00018873,2768.69,2473.94,2437.68
LD00018874,2810.94,2328.86,2010.65
LD00018875,1602.85,1618.96,2473.32
LD00018876,2266.42,1458.24,1686.38
LD00018877,2618.68,2199.12,1774.46
LD00018878,2929.41,1541.74,1945.97
LD00018879,2432.15,1775.37,1786.73
LD00018880,2712.52,1262.35,1431.55
LD00018881,2327.25,1409.39,1965.08
LD00018882,2861.39,1794.82,2318.68
LD00018883,2842.85,2291.77,2670.09
LD00018884,2585.83,1977.97,2695.71
LD00018885,1951.34,1666.89,1859.66
LD00018886,2878.35,2336.26,1919.84
LD00018887,2140.26,1460.82,2687.27
LD00018888,1567.61,1882.69,2418.82
LD00018889,2267.51,2091.47,2353.93
LD00018890,2805.15,1779.59,2757.63
LD00018891,1952.3,1527.91,2075.07
LD00018892,1865.76,2240.9,1912.34
LD00018893,2902.13,2470.0,2593.01
LD00018894,2388.67,1681.65,1549.56
LD00018895,2530.37,1449.94,1535.21
LD00018896,1780.41,2393.09,1447.81
LD00018897,1754.53,1411.23,1759.43
LD00018898,1583.85,1617.19,1656.09
LD00018899,2171.5,1726.07,1415.19
LD00018900,2915.21,2156.66,2427.21
LD00018901,2771.27,2148.46,2560.02
LD00018902,2234.61,1332.68,2730.66
LD00018903,2818.57,1608.42,2057.21
LD00018904,2839.24,2024.91,1526.46
LD00018905,2778.44,1822.31,2067.86
LD00018906,2434.85,1538.6,1540.42
LD00018907,2972.2,1511.32,2100.35
LD00018908,2587.08,1966.11,1594.72
LD00018909,2151.55,1947.72,1556.19
LD00018910,1939.69,1347.27,2225.31
LD00018911,2116.4,1539.81,1496.38
LD00018912,1928.48,2465.86,1736.33
LD00018913,2385.8,1680.2,2038.3
LD00018914,2987.95,2007.34,1794.93
LD00018915,1876.6,1850.76,2790.03
LD00018916,2729.37,1898.43,1491.73
LD00018917,2691.9,1880.54,1481.25
LD00018918,2153.23,2461.79,1458.31
LD00018919,2166.74,1741.66,2797.72
LD00018920,1671.02,1361.65,1547.21
LD00018921,2930.33,1471.67,2301.08
LD00018922,2201.55,1606.02,2658.78
LD00018923,1847.82,1598.34,2508.87
LD00018924,1678.67,2159.21,1911.88
LD00018925,1552.84,2180.41,1531.77
LD00018926,1638.31,2227.77,1623.02
LD00018927,1980.18,1325.96,2641.21
LD00018928,2092.51,1574.39,2638.16
LD00018929,2117.04,2003.93,1455.85
LD00018930,1663.12,2277.18,1507.6
LD00018931,1535.51,1207.47,2363.07
LD00018932,1913.0,2264.91,2186.33
LD00018933,2036.43,2074.62,1826.75
LD00018934,2680.99,1901.75,1418.03
LD00018935,2579.82,2143.83,1899.2
LD00018936,1730.04,1358.21,1704.12
LD00018937,2604.2,2376.25,1639.64
LD00018938,1559.86,1247.35,1555.7
LD00018939,2057.15,1556.81,2413.04
LD00018940,2951.22,1941.44,2143.36
LD00018941,2510.82,2171.57,1445.59
LD00018942,1866.97,1883.23,2231.81
LD00018943,1683.47,1206.2,1512.78
LD00018944,1793.82,1830.24,1418.91
LD00018945,2040.68,1790.45,2467.91
LD00018946,2376.28,1766.95,2505.88
LD00018947,2746.48,1316.19,1669.34
LD00018948,2139.42,2185.41,2692.56
LD00018949,2935.85,2325.17,1560.51
LD00018950,1929.55,1561.23,2674.4
LD00018951,1939.57,2062.38,2346.5
LD00018952,2668.84,1646.01,2726.84
LD00018953,1625.69,1478.89,2062.92
LD00018954,2108.05,2241.12,1579.23
LD00018955,1591.36,1852.26,2602.04
LD00018956,2240.36,2355.97,1959.43
LD00018957,1834.31,1474.53,1998.35
LD00018958,2513.4,1588.65,1763.83
LD00018959,2734.29,1871.49,2553.48
LD00018960,1977.71,1288.82,1829.62
LD00018961,2422.52,1301.28,1783.19
LD00018962,1692.56,2371.86,2246.24
LD00018963,2897.32,2255.34,2649.59
LD00018964,2127.66,1644.97,2793.42
LD00018965,1676.22,1283.25,2625.43
LD00018966,2126.09,1261.36,1816.75
LD00018967,2109.1,2339.92,1542.0
LD00018968,2475.68,1449.41,1751.6
LD00018969,2991.96,1353.41,1467.28
LD00018970,1647.79,2006.73,1794.7
LD00018971,2128.52,1296.1,2573.68
LD00018972,2445.23,2058.62,2335.81
LD00018973,2643.41,1394.13,1544.04
LD00018974,1528.79,1922.05,1424.19
LD00018975,2123.25,2061.85,2429.38
LD00018976,2507.09,2000.11,1954.62
LD00018977,2238.49,2361.13,2396.23
LD00018978,2860.97,2360.51,2754.3
LD00018979,2396.59,1731.23,2691.69
LD00018980,1794.41,2039.09,1846.3
LD00018981,2821.35,2332.79,2774.55
LD00018982,2555.82,2177.02,2603.0
LD00018983,1969.13,1837.61,2608.61
LD00018984,2148.12,1736.16,2386.27
LD00018985,2252.26,1504.05,2025.67
LD00018986,2795.23,2049.31,1783.03
LD00018987,2643.74,1848.5,1577.37
LD00018988,2744.97,2402.55,2475.11
LD00018989,2719.76,1209.86,2482.63
LD00018990,2839.65,1299.0,2016.36
LD00018991,2190.38,1429.98,1716.41
LD00018992,1643.8,2018.64,2283.94
LD00018993,2346.74,1696.56,2297.21
LD00018994,2524.54,1485.58,1478.75
LD00018995,1846.36,2208.27,2215.76
LD00018996,2737.11,1878.95,2627.62
LD00018997,2835.8,1886.67,2106.51
LD00018998,2337.27,2278.76,2198.14
LD00018999,2894.83,1950.21,2229.0
LD00019000,1624.33,2032.03,2326.05
LD00019001,2109.74,1606.73,2538.57
LD00019002,2329.57,1336.26,1722.88
LD00019003,2054.36,2138.61,2359.86
LD00019004,2640.75,1326.59,2629.97
LD00019005,2061.53,2324.59,1508.46
LD00019006,2457.04,2368.85,1715.47
LD00019007,1652.04,2104.62,1789.31
LD00019008,2361.23,1439.1,1755.23
LD00019009,1604.42,1778.74,1426.95
LD00019010,2584.76,2360.34,1960.46
LD00019011,1936.89,1263.94,1790.78
LD00019012,2549.51,1422.0,1758.59
LD00019013,1949.68,2001.3,1476.8
LD00019014,2893.48,1484.27,2267.41
LD00019015,2357.09,1395.01,2249.6
LD00019016,2139.67,1200.17,2646.48
LD00019017,2150.46,1832.07,2725.25
LD00019018,2398.86,1339.28,1667.97
LD00019019,2628.39,2302.65,2786.65
LD00019020,2427.99,1514.22,2066.04
LD00019021,2800.17,1590.32,2788.01
LD00019022,1675.25,1835.17,2006.54
LD00019023,2447.75,2116.8,2248.82
LD00019024,2225.67,1733.82,1759.61
LD00019025,1996.38,2261.49,1934.58
LD00019026,1840.77,2272.69,1496.45
LD00019027,2722.93,2483.85,1854.86
LD00019028,2671.29,1498.73,2020.6
LD00019029,2097.68,1288.87,1962.33
LD00019030,2995.46,2220.22,2338.48
LD00019031,2082.42,1584.72,1671.12
LD00019032,2328.42,2449.87,1443.39
LD00019033,1689.02,1405.78,2576.88
LD00019034,2293.16,2274.47,1584.99
LD00019035,2703.25,2236.32,2028.51
LD00019036,2170.91,1293.52,2783.47
LD00019037,2118.84,2470.86,1409.59
LD00019038,2875.18,2464.65,2392.4
LD00019039,2249.82,1356.41,2566.65
LD00019040,2437.99,1503.16,2320.64
LD00019041,2903.0,2180.8,1958.35
LD00019042,2807.48,1740.91,2601.61
LD00019043,2255.67,1219.37,2175.19
LD00019044,2132.23,2391.56,1563.09
LD00019045,1808.18,1976.01,2323.36
LD00019046,2281.3,2367.92,2333.42
LD00019047,2930.33,2385.72,1514.39
LD00019048,2196.89,1373.65,1704.15
LD00019049,2874.39,2194.79,2646.94
LD00019050,2964.03,1418.7,2246.07
LD00019051,2417.8,2036.54,2363.51
LD00019052,1791.95,1265.76,1768.14
LD00019053,1978.21,2459.57,2428.16
LD00019054,2933.68,2078.5,1962.39
LD00019055,1874.2,1939.32,1528.98
LD00019056,2377.67,2251.3,1732.32
LD00019057,2439.81,1497.0,1594.7
LD00019058,1768.16,2037.42,2188.32
LD00019059,2713.58,1358.59,2076.71
LD00019060,2967.06,2472.53,1568.33
LD00019061,1556.33,1541.86,2466.35
LD00019062,2198.37,1485.68,1632.58
LD00019063,2698.04,1630.82,2594.83
LD00019064,2324.54,1207.26,2488.76
LD00019065,1842.48,2129.21,1928.85
LD00019066,2052.51,2267.12,1451.37
LD00019067,2326.45,1841.55,2648.72
LD00019068,1856.95,1969.88,1801.05
LD00019069,2105.11,2049.06,2234.34
LD00019070,2424.45,2140.53,1644.38
LD00019071,1772.96,1566.26,1754.37
LD00019072,2026.52,2214.44,1760.76
LD00019073,1709.59,1722.41,2358.03
LD00019074,2340.37,1418.09,1442.81
LD00019075,2257.08,1582.76,1968.32
LD00019076,2703.07,1551.74,1483.57
LD00019077,1577.22,1594.36,1612.57
LD00019078,2943.82,2352.88,2082.44
LD00019079,1776.45,1365.09,1505.98
LD00019080,2138.35,1880.77,2100.33
LD00019081,1948.7,1830.7,2183.07
LD00019082,2180.47,2443.54,1845.18
LD00019083,2438.7,2480.1,1549.12
LD00019084,2747.37,1655.43,1520.1
LD00019085,2675.73,2467.81,2033.87
LD00019086,2259.51,1929.9,1417.72
LD00019087,2701.5,2321.98,2092.93
LD00019088,2599.67,1799.66,2550.37
LD00019089,2875.25,1796.42,2162.35
LD00019090,1551.51,1699.96,2337.99
LD00019091,2790.63,2147.93,2558.45
LD00019092,1513.13,1706.19,2799.33
LD00019093,2544.13,1848.49,1426.56
LD00019094,2932.41,1951.77,1468.04
LD00019095,2763.52,2305.76,1486.59
LD00019096,2697.02,1968.03,1727.91
LD00019097,2608.93,1461.62,1894.09
LD00019098,1881.7,1538.15,1612.98
LD00019099,1542.27,1812.12,2131.54
LD00019100,2927.95,2181.97,2097.22
LD00019101,2125.25,2131.66,2524.0
LD00019102,1727.38,2224.87,1507.97
LD00019103,2555.35,2194.11,1492.54
LD00019104,2557.55,2175.82,1414.49
LD00019105,2407.41,1517.15,2308.69
LD00019106,2049.65,1872.58,1610.76
LD00019107,2019.83,1510.36,2649.72
LD00019108,2825.62,2321.39,2013.14
LD00019109,2795.36,1295.7,1953.67
LD00019110,1832.19,2163.64,2414.72
LD00019111,1554.25,1752.38,2760.71
LD00019112,2392.22,2473.07,1859.3
LD00019113,2381.24,2327.05,1631.53
LD00019114,1796.37,1278.47,2362.89
LD00019115,1992.82,1529.7,1651.46
LD00019116,1770.74,1582.85,2369.51
LD00019117,2292.92,2173.34,2008.04
LD00019118,2076.79,1931.5,1408.29
LD00019119,2542.62,1571.42,2253.13
LD00019120,1977.55,2286.27,1669.53
LD00019121,2530.26,2213.51,2464.36
LD00019122,2105.67,2192.66,2767.1
LD00019123,1518.05,1512.02,2470.4
LD00019124,2703.66,1397.22,2120.76
LD00019125,1991.96,2273.63,1677.41
LD00019126,2987.66,2042.47,2310.82
LD00019127,2412.48,1236.86,1898.7
LD00019128,2779.81,1375.86,2159.58
LD00019129,1533.15,2220.09,1644.67
LD00019130,1524.83,1931.13,1499.25
LD00019131,2491.87,1581.66,2725.19
LD00019132,2892.94,1864.78,1966.37
LD00019133,2930.79,1636.39,1990.38
LD00019134,2350.3,2440.59,2630.16
LD00019135,2844.47,1829.82,2770.71
LD00019136,2779.28,1724.16,2717.13
LD00019137,1743.54,2143.82,1896.14
LD00019138,1882.15,2147.31,2254.38
LD00019139,1867.38,2315.51,1537.38
LD00019140,2175.56,1335.81,1857.08
LD00019141,2741.22,1321.42,2606.72
LD00019142,1834.95,1574.25,1577.2
LD00019143,2988.1,1238.71,2650.16
LD00019144,1789.95,1334.32,1789.87
LD00019145,1724.84,1502.4,2401.15
LD00019146,1532.29,2102.31,2700.65
LD00019147,2169.7,1253.02,2047.8
LD00019148,2133.46,2393.08,1734.97
LD00019149,1777.82,1607.51,2503.02
LD00019150,2946.45,1577.76,2551.04
LD00019151,1780.25,1956.1,2773.43
LD00019152,1769.46,1783.27,1890.08
LD00019153,1899.22,1799.87,2306.66
LD00019154,2827.08,2444.93,2570.53
LD00019155,2841.66,1283.71,2013.14
LD00019156,2794.62,2045.13,1694.58
LD00019157,2990.66,2393.37,2079.38
LD00019158,2720.04,1511.35,2307.85
LD00019159,1759.15,2482.64,1881.03
LD00019160,1760.2,2047.53,2086.01
LD00019161,2662.92,1494.87,2223.98
LD00019162,2662.26,2453.59,2195.79
LD00019163,1839.29,2431.45,1564.19
LD00019164,1700.07,2337.58,2791.9
LD00019165,1862.51,1331.96,1484.24
LD00019166,2361.25,2294.18,1801.83
LD00019167,2781.0,1960.98,2322.75
LD00019168,1997.56,1616.71,2466.34
LD00019169,2193.38,1836.02,2141.18
LD00019170,2765.76,2063.04,1698.92
LD00019171,2495.11,2228.22,1523.87
LD00019172,2469.5,2174.63,2395.07
LD00019173,2916.59,1801.07,1924.48
LD00019174,2326.02,2467.72,1556.91
LD00019175,1778.06,2082.18,2784.1
LD00019176,1716.0,1649.46,2669.05
LD00019177,2432.82,2459.51,2430.52
LD00019178,2294.61,1813.15,1635.67
LD00019179,1766.77,1766.05,2310.83
LD00019180,2652.11,1524.51,1688.14
LD00019181,1920.14,1991.08,1845.86
LD00019182,2347.94,1392.14,2079.53
LD00019183,2546.51,1995.01,2275.81
LD00019184,2305.03,1920.19,2508.33
LD00019185,2721.08,1563.58,2150.8
LD00019186,2771.66,1203.79,2152.17
LD00019187,1522.23,1487.65,1600.98
LD00019188,2386.51,1657.64,2504.38
LD00019189,2076.5,2362.46,1615.57
LD00019190,2038.47,1920.05,1715.82
LD00019191,2577.59,2333.74,1588.12
LD00019192,2470.9,1361.36,1696.99
LD00019193,2868.86,2065.24,1969.78
LD00019194,2392.63,1860.66,2555.44
LD00019195,1562.83,2375.22,2061.43
LD00019196,1612.97,2481.92,2100.11
LD00019197,2935.16,1470.87,1735.35
LD00019198,2344.77,1665.25,2360.54
LD00019199,2308.4,1711.56,2132.89
LD00019200,1927.14,2494.78,2328.17
LD00019201,2703.63,1927.17,2599.23
LD00019202,1849.82,1847.68,2046.75
LD00019203,2362.77,2431.71,2158.31
LD00019204,2505.04,1685.15,1828.67
LD00019205,1536.69,2102.14,2242.02
LD00019206,2756.3,1998.59,1621.32
LD00019207,2075.32,1540.13,1593.24
LD00019208,2613.01,2148.09,1429.29
LD00019209,2299.44,1848.11,2257.03
LD00019210,2224.69,1588.37,1583.47
LD00019211,2179.64,2133.47,1941.22
LD00019212,1844.11,2080.18,1961.14
LD00019213,1789.53,1445.81,1660.43
LD00019214,2703.09,1219.22,1553.81
LD00019215,2695.39,1453.67,2032.07
LD00019216,2150.2,1281.51,2115.25
LD00019217,1604.45,2280.35,1878.55
LD00019218,2882.1,1275.24,1502.91
LD00019219,2314.34,2399.3,2174.23
LD00019220,1909.22,2239.41,2514.01
LD00019221,2285.37,1836.05,2350.68
LD00019222,2653.48,1408.88,1741.77
LD00019223,2535.67,1753.57,2648.47
LD00019224,1778.31,1790.38,2108.39
LD00019225,1994.56,1495.47,2225.72
LD00019226,2749.71,1635.51,1740.43
LD00019227,2047.64,2449.57,2091.96
LD00019228,1776.45,2240.15,2437.79
LD00019229,2629.55,1283.43,2094.53
LD00019230,2508.25,1888.67,1502.9
LD00019231,1851.84,1285.83,2333.37
LD00019232,2600.88,2104.91,1828.96
LD00019233,2282.84,1703.0,2174.57
LD00019234,1644.16,2459.95,2237.31
LD00019235,1979.18,1306.88,2210.95
LD00019236,2078.13,1615.56,2784.87
LD00019237,1986.6,1468.49,2186.3
LD00019238,2394.37,2471.74,2498.51
LD00019239,2208.13,2402.85,1834.4
LD00019240,2332.02,1597.33,1810.9
LD00019241,2851.51,1500.14,2120.82
LD00019242,2271.03,1384.22,2597.37
LD00019243,2766.13,1361.56,1627.82
LD00019244,2615.06,1686.82,1534.31
LD00019245,1647.58,2423.33,2669.12
LD00019246,2671.19,1275.55,1723.77
LD00019247,2830.36,2385.85,1944.29
LD00019248,2835.36,1938.15,2061.3
LD00019249,1635.8,1937.64,1697.88
LD00019250,1942.44,1829.99,2221.57
LD00019251,1852.96,1259.85,2040.55
LD00019252,2290.66,1704.69,1712.02
LD00019253,2291.75,1594.43,1749.75
LD00019254,2691.27,1696.77,2758.04
LD00019255,1881.0,1322.3,1435.48
LD00019256,2074.05,1365.51,2245.46
LD00019257,2142.92,1613.09,1481.69
LD00019258,2291.32,1657.91,2250.53
LD00019259,2861.37,1681.43,2188.44
LD00019260,1957.55,1927.62,1914.7
LD00019261,2464.33,1296.87,2317.86
LD00019262,2062.78,2206.87,1568.25
LD00019263,1747.31,1790.87,2734.97
LD00019264,1887.42,2052.84,2700.22
LD00019265,1784.53,1531.53,2436.92
LD00019266,1544.84,1745.48,2697.58
LD00019267,2188.42,1837.4,2491.83
LD00019268,2322.65,2085.21,1465.84
LD00019269,2448.94,1817.2,1468.1
LD00019270,2274.4,1934.76,2208.59
LD00019271,2819.72,2345.35,1996.03
LD00019272,1669.83,1707.78,1521.02
LD00019273,1536.57,1587.98,2721.54
LD00019274,1585.63,1898.98,1933.41
LD00019275,2212.87,2221.04,2245.16
LD00019276,2012.75,1923.37,1955.47
LD00019277,2527.27,2394.78,2702.73
LD00019278,1659.98,1607.08,2152.89
LD00019279,2978.6,2148.32,1763.49
LD00019280,2470.64,1461.25,1724.6
LD00019281,2755.67,2405.72,1579.12
LD00019282,2482.8,1735.05,2525.38
LD00019283,2467.44,2438.89,2577.85
LD00019284,2497.37,2306.48,2221.81
LD00019285,2188.51,2476.91,2362.98
LD00019286,2356.05,1478.74,2146.6
LD00019287,1612.98,1950.17,1940.54
LD00019288,1585.43,1562.29,2095.15
LD00019289,2106.56,1259.52,1734.81
LD00019290,1603.51,1480.07,1407.73
LD00019291,2524.64,1735.24,2265.14
LD00019292,2168.3,2247.25,2029.9
LD00019293,1609.94,1551.76,2609.76
LD00019294,1792.52,2444.14,2639.87
LD00019295,1640.66,1639.61,2097.73
LD00019296,1929.71,1741.72,2559.39
LD00019297,2246.0,1582.6,1926.72
LD00019298,2225.98,2398.21,1648.02
LD00019299,1951.61,2125.99,2100.58
LD00019300,1800.18,1603.05,2748.55
LD00019301,2796.11,2032.82,1710.14
LD00019302,2883.43,2481.27,1638.66
LD00019303,1782.14,1876.09,1451.77
LD00019304,2642.43,2359.88,1678.33
LD00019305,2310.5,2318.3,2241.6
LD00019306,2169.65,1622.82,2499.44
LD00019307,2333.03,1413.33,2525.38
LD00019308,1554.73,1725.72,2146.48
LD00019309,1736.27,1460.01,1917.2
LD00019310,1976.64,2068.93,2028.93
LD00019311,2455.51,1965.01,2395.81
LD00019312,2864.54,1812.56,2367.23
LD00019313,1879.48,1821.97,2524.44
LD00019314,1848.78,1425.69,1793.5
LD00019315,1860.31,2187.78,1942.65
LD00019316,1747.22,2466.81,1879.24
LD00019317,2529.96,1995.31,1449.31
LD00019318,1938.12,1813.85,1467.12
LD00019319,2905.43,1896.82,2731.79
LD00019320,2562.53,2310.92,2621.21
LD00019321,1570.71,1256.23,2769.0
LD00019322,1597.97,2239.97,2268.7
LD00019323,2294.82,2443.17,2184.91
LD00019324,2806.43,2389.37,2655.04
LD00019325,1876.02,1722.23,2175.53
LD00019326,1834.76,1420.22,2084.2
LD00019327,1978.07,2265.06,1408.19
LD00019328,2002.45,1417.58,2432.6
LD00019329,2281.69,2003.27,1642.28
LD00019330,2044.19,1222.61,1731.94
LD00019331,2061.75,2066.19,2172.52
LD00019332,2714.55,2491.6,1938.61
LD00019333,2736.67,1211.65,2594.46
LD00019334,2892.37,1829.24,1815.52
LD00019335,1584.18,2066.51,1544.21
LD00019336,2583.73,1503.47,2536.4
LD00019337,1744.31,1388.19,2232.23
LD00019338,2720.12,1747.59,2623.35
LD00019339,2915.12,1744.99,2197.66
LD00019340,1776.58,1354.29,1706.06
LD00019341,1594.09,1388.03,1641.21
LD00019342,1572.76,1960.46,2611.44
LD00019343,1615.36,1580.25,2769.05
LD00019344,2014.67,1562.94,1816.36
LD00019345,2770.22,1592.08,2370.19
LD00019346,2009.5,2427.23,1802.89
LD00019347,2198.46,2286.45,1595.77
LD00019348,2621.08,1854.37,2707.17
LD00019349,2229.56,2194.13,1653.75
LD00019350,1955.09,2086.28,2086.08
LD00019351,2572.73,2289.67,1904.86
LD00019352,1759.15,2343.35,2514.14
LD00019353,2236.64,2489.49,1622.43
LD00019354,2944.82,2086.22,2726.34
LD00019355,1603.69,1584.58,1811.16
LD00019356,2276.93,1486.09,1407.98
LD00019357,2240.68,2059.31,2211.63
LD00019358,2003.41,1367.42,1948.52
LD00019359,1732.1,1382.29,1558.91
LD00019360,2416.63,1810.35,2743.13
LD00019361,2412.88,2437.55,2200.79
LD00019362,2407.77,1340.37,1920.73
LD00019363,1732.98,2252.38,1541.17
LD00019364,2304.18,1371.99,1513.35
LD00019365,2587.76,2136.21,1802.07
LD00019366,2910.27,1239.98,2341.48
LD00019367,2664.01,1553.43,2263.62
LD00019368,2405.8,1746.47,1404.77
LD00019369,1686.16,1979.83,1689.01
LD00019370,2047.35,2488.55,2298.03
LD00019371,2333.88,2042.37,2473.29
LD00019372,1633.76,1672.88,1727.55
LD00019373,1511.56,2392.17,2041.31
LD00019374,1829.89,2000.09,1446.36
LD00019375,1729.9,1886.27,2556.1
LD00019376,1782.81,2014.36,1607.48
LD00019377,1765.74,1876.2,2101.34
LD00019378,1643.89,1939.31,1790.26
LD00019379,2216.55,1752.71,2693.54
LD00019380,1735.12,2253.37,1656.0
LD00019381,2790.2,2062.34,1971.14
LD00019382,1989.45,2429.5,2407.61
LD00019383,2389.84,2246.88,2308.75
LD00019384,2346.13,1410.14,2723.45
LD00019385,2641.72,1360.35,2627.24
LD00019386,1761.35,1236.97,1431.06
LD00019387,2570.93,1976.61,2305.7
LD00019388,1726.19,2013.05,1688.24
LD00019389,1939.59,2174.0,1471.24
LD00019390,2648.14,1496.16,2601.16
LD00019391,1546.78,2032.95,2181.05
LD00019392,2387.18,2371.77,1497.06
LD00019393,2466.74,1908.92,2194.03
LD00019394,2084.47,2158.34,2397.7
LD00019395,2124.18,2466.06,1468.91
LD00019396,2505.99,1457.06,2688.88
LD00019397,1831.15,1499.85,1490.69
LD00019398,1952.67,2305.71,2555.97
LD00019399,2031.8,1346.26,2565.55
LD00019400,2389.46,1698.21,2457.09
LD00019401,2188.71,1658.57,2062.87
LD00019402,2563.03,1803.82,1704.02
LD00019403,1889.33,1387.49,1771.22
LD00019404,2462.63,1616.35,2370.88
LD00019405,1665.11,2163.92,2076.57
LD00019406,2036.83,1747.75,2052.43
LD00019407,2972.58,2153.89,2323.12
LD00019408,2670.55,1985.57,2611.95
LD00019409,2268.07,2254.03,1883.23
LD00019410,2888.44,1667.46,2290.81
LD00019411,2180.4,2433.89,2410.38
LD00019412,1957.0,2238.35,2491.11
LD00019413,2083.25,2392.01,2508.62
LD00019414,2925.18,1855.59,2237.94
LD00019415,1801.76,1330.73,2640.43
LD00019416,2127.48,2135.76,1555.67
LD00019417,2808.2,1233.75,1401.65
LD00019418,1773.9,2352.68,2595.81
LD00019419,2883.49,1909.78,2028.57
LD00019420,2376.42,1865.51,1861.26
LD00019421,1839.73,1502.65,2761.16
LD00019422,2981.92,1830.07,2347.17
LD00019423,1778.74,2208.96,2699.38
LD00019424,2534.47,1620.24,2101.63
LD00019425,1671.81,1953.5,2419.63
LD00019426,2552.97,2467.15,2773.1
LD00019427,1596.12,1937.48,1510.73
LD00019428,2344.52,2169.46,2557.71
LD00019429,1556.71,1252.0,1522.24
LD00019430,2460.53,1676.15,1931.81
LD00019431,1832.77,2404.21,2001.55
LD00019432,1725.76,1780.75,1621.13
LD00019433,2047.64,1698.83,2096.81
LD00019434,1843.79,1516.71,1759.82
LD00019435,1836.49,1936.7,1486.87
LD00019436,2258.48,2213.66,2790.35
LD00019437,1620.1,1687.18,2269.89
LD00019438,1727.63,1931.39,1825.86
LD00019439,1593.58,1530.07,2306.98
LD00019440,1605.28,1263.49,1624.9
LD00019441,2967.88,2492.21,2789.71
LD00019442,2640.82,1827.45,2276.88
LD00019443,1969.89,2053.28,1989.43
LD00019444,1716.08,1398.95,1593.11
LD00019445,1644.62,2330.48,2648.36
LD00019446,2033.0,2018.33,2335.55
LD00019447,2822.33,1361.87,1635.8
LD00019448,2355.61,1860.52,2326.98
LD00019449,2166.37,1392.21,2513.22
LD00019450,1610.04,1922.78,2713.79
LD00019451,1994.04,2492.45,1579.37
LD00019452,2163.53,2146.16,2086.53
LD00019453,2400.5,1963.36,1679.3
LD00019454,2177.74,2079.67,1909.21
LD00019455,2723.08,1898.29,2403.52
LD00019456,1963.48,1359.47,1633.39
LD00019457,1663.23,1697.13,1769.54
LD00019458,2998.86,2308.31,1594.71
LD00019459,1587.05,1650.6,1772.98
LD00019460,2964.15,2432.26,1989.57
LD00019461,2228.0,1751.33,2501.26
LD00019462,2852.0,1307.16,2694.2
LD00019463,1637.97,2208.76,2362.34
LD00019464,2935.56,2186.19,2224.11
LD00019465,1558.76,1884.86,1925.28
LD00019466,1994.22,1670.95,2794.71
LD00019467,1613.32,1989.16,1720.19
LD00019468,2347.67,1529.33,2796.59
LD00019469,2366.57,2495.99,2273.94
LD00019470,2716.38,1376.23,1433.19
LD00019471,1658.4,2126.56,2509.85
LD00019472,2061.34,1746.49,1850.71
LD00019473,2545.97,1254.84,2676.38
LD00019474,2061.46,1394.54,1720.33
LD00019475,2894.19,2177.48,2774.44
LD00019476,2648.6,2440.0,2799.87
LD00019477,2645.45,2183.55,1915.38
LD00019478,1854.4,1919.65,2153.58
LD00019479,2529.1,1772.48,1446.33
LD00019480,2926.03,2070.7,2021.35
LD00019481,2326.92,1817.96,2582.59
LD00019482,2910.57,1321.69,1936.46
LD00019483,2705.28,2485.03,2439.28
LD00019484,2762.69,2327.37,1937.29
LD00019485,1519.68,1273.45,2685.88
LD00019486,1828.2,1658.87,1581.77
LD00019487,1568.72,1833.96,2244.4
LD00019488,2647.71,1355.65,1774.64
LD00019489,1636.6,1917.45,1439.65
LD00019490,2942.75,1891.02,2571.09
LD00019491,1719.85,1333.45,1988.98
LD00019492,2051.78,1815.85,2681.91
LD00019493,2118.47,1921.96,2297.99
LD00019494,2674.01,1750.67,2790.92
LD00019495,2526.96,1899.98,1691.87
LD00019496,2287.13,1563.65,1436.92
LD00019497,1614.56,2491.75,1662.01
LD00019498,2315.69,1985.96,2564.58
LD00019499,2911.35,1457.71,2187.65
LD00019500,2497.33,2278.7,2311.94
LD00019501,1854.47,1919.56,1710.17
LD00019502,2504.98,2096.71,1527.59
LD00019503,1904.18,1550.72,2338.35
LD00019504,1715.08,2272.87,1940.86
LD00019505,1550.72,1832.05,2158.88
LD00019506,2879.55,1253.29,1859.85
LD00019507,1759.71,2004.82,2282.42
LD00019508,1736.82,2018.26,1544.05
LD00019509,1863.96,1222.37,2043.85
LD00019510,1700.3,2471.86,1910.72
LD00019511,1544.79,1763.77,2693.98
LD00019512,2301.84,2374.36,2041.84
LD00019513,2856.35,1435.15,2277.56
LD00019514,2487.71,1358.17,2474.52
LD00019515,2015.99,1375.57,2748.87
LD00019516,1569.11,2498.56,2615.4
LD00019517,2660.3,1628.59,1868.66
LD00019518,2842.78,1248.44,1570.49
LD00019519,1982.75,2391.0,2145.83
LD00019520,2110.8,1850.71,1673.63
LD00019521,1869.63,2139.45,2288.4
LD00019522,2330.14,2481.5,1587.8
LD00019523,2289.35,1359.51,2488.37
LD00019524,2938.63,1750.15,1805.41
LD00019525,2613.56,1464.64,2522.56
LD00019526,2185.96,2040.45,2434.34
LD00019527,2219.02,1674.42,2738.35
LD00019528,2846.76,1281.78,1654.37
LD00019529,1779.33,1903.17,1781.72
LD00019530,2253.31,1994.31,1890.52
LD00019531,2348.93,2443.91,1478.93
LD00019532,2647.14,1442.09,2160.5
LD00019533,2746.49,2428.4,2359.79
LD00019534,2400.71,1928.48,1556.0
LD00019535,2901.28,2023.35,1629.71
LD00019536,1630.06,1333.37,1803.26
LD00019537,2475.85,1842.09,2308.33
LD00019538,1947.26,2474.5,1832.52
LD00019539,2560.81,1224.74,2001.53
LD00019540,2607.63,2178.8,2339.48
LD00019541,2616.38,1970.62,2382.69
LD00019542,2297.09,2462.74,2319.52
LD00019543,2706.51,2236.38,1424.41
LD00019544,1772.45,2334.01,2627.06
LD00019545,2728.41,2404.36,1669.83
LD00019546,2315.76,1455.25,2624.21
LD00019547,2299.54,2125.1,1915.26
LD00019548,2579.42,1582.96,2751.63
LD00019549,1858.58,2186.58,2013.35
LD00019550,2641.49,2207.73,1879.64
LD00019551,1538.47,1333.05,1764.77
LD00019552,1794.21,1492.89,2178.4
LD00019553,2013.55,2316.34,1927.66
LD00019554,2360.45,1785.09,1771.87
LD00019555,2450.62,1471.26,1585.77
LD00019556,2330.5,2144.43,2421.87
LD00019557,2559.14,1469.85,2055.01
LD00019558,2894.54,1598.01,2519.93
LD00019559,1531.35,2242.7,2380.88
LD00019560,1648.01,1356.81,2057.18
LD00019561,2568.1,1403.02,1930.46
LD00019562,1815.33,2045.37,1563.31
LD00019563,2535.33,1433.42,2407.19
LD00019564,2860.75,1203.99,1749.73
LD00019565,1639.13,1946.16,2094.0
LD00019566,2913.99,2390.75,2204.31
LD00019567,1741.99,1963.16,2286.1
LD00019568,1877.19,2361.3,2045.43
LD00019569,2076.85,2009.48,1583.71
LD00019570,1847.6,2056.71,2355.67
LD00019571,2378.61,1846.45,2407.88
LD00019572,2623.49,1479.18,2090.01
LD00019573,1965.36,2125.03,2455.96
LD00019574,1902.08,1346.69,1766.51
LD00019575,1990.36,1309.14,2413.62
LD00019576,1506.82,2444.77,2361.85
LD00019577,2931.42,1729.19,1439.89
LD00019578,1601.93,1646.71,1451.75
LD00019579,2765.85,2347.33,1778.51
LD00019580,2937.34,2041.47,2032.73
LD00019581,1517.98,2087.61,1553.07
LD00019582,2242.41,1819.88,1517.89
LD00019583,1630.79,2228.73,2026.56
LD00019584,1502.68,1575.89,2232.84
LD00019585,1860.32,2224.95,2762.53
LD00019586,1871.13,1997.97,1470.17
LD00019587,1686.19,1354.87,2607.95
LD00019588,1630.44,1410.27,2460.74
LD00019589,2890.57,2405.79,1432.09
LD00019590,2606.45,1837.04,1912.28
LD00019591,2566.24,1677.31,2763.33
LD00019592,2850.72,1681.19,1531.33
LD00019593,1965.92,1880.58,1459.93
LD00019594,2763.8,1819.25,2038.72
LD00019595,1919.42,2359.75,2187.43
LD00019596,2342.27,1738.79,2499.39
LD00019597,2505.93,2493.08,2789.53
LD00019598,1940.52,1940.37,1702.04
LD00019599,2332.74,1404.8,2509.02
LD00019600,2191.53,1673.06,1625.42
LD00019601,2969.55,2474.57,1676.97
LD00019602,2699.22,1678.39,2795.84
LD00019603,1611.98,1629.23,2149.22
LD00019604,2451.71,1269.51,2188.21
LD00019605,2054.34,1988.89,1599.62
LD00019606,2820.47,2212.92,1821.69
LD00019607,2170.61,2486.78,2535.23
LD00019608,2972.75,2360.54,2452.67
LD00019609,1840.55,1924.33,2419.97
LD00019610,2213.32,1923.6,1828.91
LD00019611,1776.92,2204.66,1407.67
LD00019612,2209.89,1274.62,1925.78
LD00019613,2479.45,1484.9,2432.01
LD00019614,2159.94,2429.44,1852.8
LD00019615,2276.93,2202.28,2115.51
LD00019616,1795.77,2204.13,1911.73
LD00019617,2524.55,2150.7,2114.65
LD00019618,2302.12,1715.2,2786.69
LD00019619,1806.05,2286.3,2043.64
LD00019620,1576.17,2215.03,2689.39
LD00019621,2308.5,1691.49,2472.14
LD00019622,1807.49,1955.66,1714.64
LD00019623,2212.53,1210.38,2149.91
LD00019624,2697.16,2171.77,1645.97
LD00019625,2132.86,1491.66,2359.83
LD00019626,2951.55,1487.01,1450.65
LD00019627,1698.64,2387.62,2331.64
LD00019628,1854.69,1831.63,2135.1
LD00019629,2258.36,1599.17,2736.12
LD00019630,2608.79,1942.02,1428.53
LD00019631,2832.41,1292.41,1709.57
LD00019632,2967.18,2258.22,1882.58
LD00019633,2575.03,1698.68,1564.47
LD00019634,1549.68,1693.27,2075.65
LD00019635,2495.53,1462.17,1959.21
LD00019636,2449.31,1216.53,2441.66
LD00019637,1739.12,1280.62,2296.3
LD00019638,2984.06,2178.16,1513.89
LD00019639,2375.38,2383.62,1407.85
LD00019640,2964.22,1437.47,2727.73
LD00019641,1643.76,2427.05,1429.53
LD00019642,2835.8,1228.36,2304.66
LD00019643,2895.26,1873.57,1937.82
LD00019644,2894.43,2443.39,2159.09
LD00019645,2590.6,1676.62,2132.9
LD00019646,2001.14,1533.6,2088.62
LD00019647,2100.39,2121.87,2081.78
LD00019648,2862.1,1332.46,2510.22
LD00019649,2788.73,1998.59,2367.72
LD00019650,2986.8,1649.45,1705.47
LD00019651,2142.28,2240.6,2738.86
LD00019652,1919.1,1735.12,2164.25
LD00019653,1665.04,2490.26,1407.21
LD00019654,2686.96,1942.14,1561.54
LD00019655,2448.35,1748.17,2688.52
LD00019656,2228.93,2188.05,2242.6
LD00019657,1785.41,1801.66,1464.35
LD00019658,2181.97,1596.15,2439.52
LD00019659,1688.18,1748.16,1757.96
LD00019660,1550.12,1825.61,1993.45
LD00019661,1693.79,1369.85,1709.13
LD00019662,2473.9,1722.83,2389.71
LD00019663,2818.48,1851.51,1610.45
LD00019664,1969.04,2163.61,2512.72
LD00019665,1504.86,1212.21,2295.13
LD00019666,2382.58,2062.32,2121.36
LD00019667,2801.65,2448.84,2761.85
LD00019668,1718.07,1245.35,2269.35
LD00019669,1636.19,1989.78,1531.22
LD00019670,2307.45,2243.75,2490.85
LD00019671,2378.47,1694.01,1585.9
LD00019672,1771.16,2031.22,2611.87
LD00019673,1736.42,2310.49,1777.28
LD00019674,2189.2,1980.11,1585.8
LD00019675,2434.76,1534.27,2271.92
LD00019676,1605.55,2253.38,1870.54
LD00019677,2664.4,1662.5,1683.49
LD00019678,1652.92,1444.95,2176.55
LD00019679,1568.06,1863.47,1886.49
LD00019680,2429.21,1690.65,1518.03
LD00019681,2533.18,2009.79,1486.6
LD00019682,1983.54,2326.11,2511.36
LD00019683,1759.91,1645.11,1841.52
LD00019684,1566.35,1382.32,1512.6
LD00019685,1769.84,2093.65,2115.32
LD00019686,2684.92,2474.23,2098.97
LD00019687,2846.88,1213.42,2154.06
LD00019688,1756.31,1506.57,1453.06
LD00019689,1765.05,1415.08,1637.22
LD00019690,1986.59,1302.72,1757.1
LD00019691,2079.98,1507.99,2652.99
LD00019692,1940.0,2432.82,1450.19
LD00019693,2380.57,1804.04,2296.32
LD00019694,1808.76,2154.42,1789.43
LD00019695,2959.22,2236.06,2508.09
LD00019696,2091.35,1381.5,2166.88
LD00019697,2195.44,2256.38,1948.53
LD00019698,2763.21,1722.89,2198.47
LD00019699,1529.09,1708.41,1997.65
LD00019700,2759.81,1315.63,2610.27
LD00019701,2566.63,2156.1,2166.87
LD00019702,1886.56,2216.12,2436.32
LD00019703,2461.96,1982.49,1445.09
LD00019704,2494.34,1960.71,1926.54
LD00019705,1988.27,1257.3,2269.79
LD00019706,1546.87,1257.88,1449.93
LD00019707,2792.42,2220.82,2239.35
LD00019708,2477.49,1684.66,2569.01
LD00019709,1854.83,2051.26,1975.83
LD00019710,1742.17,1953.32,2657.19
LD00019711,1519.25,1857.94,2015.72
LD00019712,2377.99,2393.07,1485.07
LD00019713,1871.68,1914.81,1882.19
LD00019714,2097.04,1253.17,2050.31
LD00019715,1531.91,2141.58,2511.15
LD00019716,1873.36,1734.58,2494.07
LD00019717,1844.14,1304.19,1738.11
LD00019718,2505.01,1868.18,2662.78
LD00019719,1751.74,2320.89,2052.24
LD00019720,2365.66,2177.48,2487.07
LD00019721,2549.18,2264.82,1726.56
LD00019722,2213.35,1781.55,2704.74
LD00019723,2955.26,1815.86,1661.99
LD00019724,2737.52,1781.03,2221.91
LD00019725,2325.63,1692.6,2556.88
LD00019726,2587.04,2199.26,2332.75
LD00019727,2916.71,1900.03,1778.55
LD00019728,2864.0,1860.93,1996.75
LD00019729,2501.83,2426.34,2165.95
LD00019730,1835.93,2445.23,2763.78
LD00019731,2690.63,2362.98,2699.4
LD00019732,2155.77,1754.65,1850.86
LD00019733,2048.76,1989.83,2135.09
LD00019734,2781.32,1334.45,2373.78
LD00019735,2502.38,2146.9,2664.28
LD00019736,2202.51,1219.42,2672.65
LD00019737,1965.35,2062.69,1828.18
LD00019738,1587.23,1598.03,2616.53
LD00019739,2606.83,1205.95,2246.25
LD00019740,2228.2,1343.9,2708.04
LD00019741,2369.2,1213.55,2555.84
LD00019742,1657.42,1266.5,1550.78
LD00019743,1768.17,1847.68,2748.99
LD00019744,2721.58,2232.55,2501.2
LD00019745,2388.76,1337.37,1709.59
LD00019746,2283.02,1603.26,1650.76
LD00019747,2643.31,2116.76,1679.32
LD00019748,2621.59,1740.46,2588.63
LD00019749,1900.66,2223.53,1652.23
LD00019750,1953.71,1765.91,2232.89
LD00019751,1593.31,2286.27,2466.63
LD00019752,2532.42,2369.6,2164.58
LD00019753,2277.29,1491.06,2226.08
LD00019754,2163.68,1923.73,1947.89
LD00019755,2399.34,1433.31,2050.27
LD00019756,2149.52,1272.75,2340.53
LD00019757,2557.62,2250.53,2530.04
LD00019758,2358.6,1214.37,1619.49
LD00019759,1823.06,2412.26,2763.41
LD00019760,1539.03,2124.99,1716.96
LD00019761,2579.83,2098.74,2053.26
LD00019762,2664.85,1371.83,2131.67
LD00019763,2019.8,2016.33,2004.13
LD00019764,2867.69,2066.82,2392.85
LD00019765,2230.26,2400.69,1933.27
LD00019766,2719.97,2328.45,2705.34
LD00019767,2020.43,2318.61,1661.87
LD00019768,2088.89,1640.1,2425.32
LD00019769,1857.37,1848.01,2400.62
LD00019770,2487.3,1441.22,2522.13
LD00019771,1710.77,2258.98,1627.15
LD00019772,2972.36,2290.38,2331.2
LD00019773,1904.83,1585.1,2630.87
LD00019774,2916.0,1990.29,2306.65
LD00019775,2661.42,1876.07,2587.03
LD00019776,1576.68,1549.69,2077.52
LD00019777,2028.12,2463.23,2470.31
LD00019778,2713.35,1502.54,2567.41
LD00019779,2130.02,1314.29,1651.41
LD00019780,2214.87,1315.59,1638.23
LD00019781,1617.7,2195.23,1627.93
LD00019782,2796.55,2389.87,2365.56
LD00019783,2938.77,1462.53,2196.03
LD00019784,1647.21,2364.65,2025.35
LD00019785,1617.9,2123.21,2193.33
LD00019786,2469.05,1256.62,2059.17
LD00019787,1985.3,2193.3,1746.11
LD00019788,2144.54,2330.64,2685.92
LD00019789,2076.64,2155.87,1643.54
LD00019790,1765.31,2083.83,2649.26
LD00019791,1749.7,2159.97,1742.09
LD00019792,2176.94,1544.52,1950.97
LD00019793,2288.12,1606.63,1640.38
LD00019794,1537.55,2434.84,1819.4
LD00019795,2603.42,2177.55,1783.54
LD00019796,2334.61,2187.06,2457.72
LD00019797,2554.59,1305.75,2427.12
LD00019798,1600.8,2375.39,2354.35
LD00019799,2132.52,1566.14,2658.06
LD00019800,2470.17,1927.7,2227.4
LD00019801,2810.73,1269.6,1889.63
LD00019802,2837.24,1444.8,1485.17
LD00019803,2544.3,1758.38,2366.27
LD00019804,2704.71,1697.84,2432.31
LD00019805,2914.32,1471.37,2037.35
LD00019806,2703.87,2081.83,2503.89
LD00019807,2168.46,1319.34,1470.19
LD00019808,2041.44,1321.13,2314.21
LD00019809,2558.21,1596.53,2416.9
LD00019810,1709.05,1645.6,2637.88
LD00019811,1585.12,2118.09,1690.77
LD00019812,1568.91,1904.77,2681.05
LD00019813,1689.29,2265.79,1400.3
LD00019814,2472.44,1978.9,2174.97
LD00019815,2431.98,2112.22,1541.94
LD00019816,1883.94,2365.16,2613.67
LD00019817,1957.21,1311.98,2637.52
LD00019818,2158.19,1326.82,2550.09
LD00019819,2248.17,1403.39,1982.56
LD00019820,2459.91,2370.43,2091.52
LD00019821,2961.27,1582.73,1909.07
LD00019822,1703.64,2175.09,2344.68
LD00019823,1572.48,1976.55,2264.66
LD00019824,1910.59,2374.43,2701.38
LD00019825,2307.31,1556.96,1993.42
LD00019826,1866.97,2036.68,1409.8
LD00019827,2706.16,1257.67,2644.76
LD00019828,1584.9,1225.42,1457.86
LD00019829,2728.36,1817.89,2068.93
LD00019830,1825.33,1907.31,1587.63
LD00019831,1537.04,1959.38,2038.82
LD00019832,2888.16,2466.48,2083.55
LD00019833,2183.68,1933.29,1976.65
LD00019834,1550.13,1798.8,2783.73
LD00019835,1632.06,2198.12,2035.69
LD00019836,1673.1,1277.66,2080.06
LD00019837,2750.37,1538.74,2228.67
LD00019838,2912.89,2203.26,2531.87
LD00019839,2476.12,2476.87,1637.92
LD00019840,1590.01,2172.32,1603.7
LD00019841,1915.59,1602.08,2603.37
LD00019842,1535.77,1596.63,1571.37
LD00019843,1761.18,2183.05,2129.58
LD00019844,1951.96,1574.7,2183.17
LD00019845,1840.31,2185.07,1600.61
LD00019846,1511.92,2446.3,1574.48
LD00019847,1932.87,1544.41,1814.47
LD00019848,2873.38,2349.98,2648.92
LD00019849,1542.82,2361.44,2153.93
LD00019850,1539.31,1262.26,2038.07
LD00019851,2228.87,1281.93,1844.54
LD00019852,1674.64,2267.31,1850.26
LD00019853,2608.85,1445.96,2095.25
LD00019854,2599.31,1945.05,2372.95
LD00019855,1607.17,2200.33,2307.32
LD00019856,2337.78,2337.67,1558.86
LD00019857,2468.48,1558.76,1967.89
LD00019858,2554.76,1986.05,1762.25
LD00019859,2162.3,1435.36,2751.76
LD00019860,1771.75,2050.1,1547.41
LD00019861,2226.59,1744.78,2328.1
LD00019862,2419.88,1251.64,2108.04
LD00019863,2634.93,2273.84,1543.29
LD00019864,2388.53,2113.39,2656.81
LD00019865,2958.68,1992.14,2421.83
LD00019866,2825.97,2266.3,2512.4
LD00019867,1811.16,2271.0,1903.27
LD00019868,1792.38,1654.72,2480.74
LD00019869,1727.12,1264.89,1646.81
LD00019870,2032.06,1550.69,1746.98
LD00019871,2136.39,2172.63,1610.16
LD00019872,2052.33,1906.49,2396.1
LD00019873,2044.96,1688.66,1599.56
LD00019874,1565.77,2274.45,2266.3
LD00019875,2582.8,1628.57,2721.85
LD00019876,1817.87,2307.1,1767.12
LD00019877,2348.04,2231.07,1665.5
LD00019878,1566.15,1695.73,1448.72
LD00019879,2885.91,1981.25,2716.47
LD00019880,2283.54,1518.78,1697.49
LD00019881,2107.58,1212.8,2083.43
LD00019882,2681.8,2206.45,2485.91
LD00019883,2636.14,2303.13,2777.85
LD00019884,1753.98,2121.58,2647.15
LD00019885,2410.48,2214.0,1658.87
LD00019886,2377.09,1840.63,1653.28
LD00019887,2880.01,1637.11,2518.05
LD00019888,2009.63,2305.32,2558.45
LD00019889,2510.74,2001.61,2238.02
LD00019890,1856.08,1961.5,2651.45
LD00019891,2089.47,1408.5,2226.53
LD00019892,2310.8,2257.39,1438.25
LD00019893,2517.12,1297.36,2260.03
LD00019894,1577.85,1638.97,1586.98
LD00019895,2561.21,1496.21,1751.24
LD00019896,2927.13,1288.42,2006.51
LD00019897,2895.76,1364.71,2048.61
LD00019898,2485.43,1786.14,1480.06
LD00019899,2002.34,2440.81,1469.79
LD00019900,2834.85,1458.55,2573.55
LD00019901,2507.64,1323.46,2522.17
LD00019902,2563.29,1830.28,2798.1
LD00019903,2207.41,1766.03,2513.5
LD00019904,1856.37,2104.24,1771.33
LD00019905,2827.01,1865.34,2113.38
LD00019906,1623.14,2396.91,2577.86
LD00019907,1662.54,1906.18,1564.12
LD00019908,2136.6,1800.46,2661.62
LD00019909,2310.05,1877.16,2607.69
LD00019910,2583.08,1847.7,2072.75
LD00019911,2862.3,1232.64,1901.18
LD00019912,2140.99,1839.06,1862.63
LD00019913,1773.54,2123.41,1735.0
LD00019914,1788.78,1579.6,2201.47
LD00019915,2519.74,1382.96,1425.07
LD00019916,2814.72,1875.63,1452.23
LD00019917,1576.71,1751.74,2487.38
LD00019918,1558.9,1875.08,1625.8
LD00019919,1575.44,2188.52,1570.86
LD00019920,1730.27,1523.78,2021.16
LD00019921,2704.33,1584.68,1775.41
LD00019922,2155.39,1461.35,2526.05
LD00019923,2281.45,1308.14,2122.95
LD00019924,2583.02,1567.09,2154.87
LD00019925,2236.66,2069.69,2182.8
LD00019926,1621.89,2314.22,1440.19
LD00019927,2770.47,1507.53,1502.34
LD00019928,1940.89,2087.5,2298.45
LD00019929,2280.18,1843.71,2685.93
LD00019930,2885.58,2451.51,2589.65
LD00019931,2697.4,1889.66,1927.55
LD00019932,2596.86,2194.39,1418.56
LD00019933,2560.15,1991.41,1571.11
LD00019934,1589.33,1873.96,1726.2
LD00019935,2469.8,1668.63,2066.69
LD00019936,1609.51,2273.29,2407.17
LD00019937,1502.62,2446.05,1406.44
LD00019938,2548.18,1272.73,1401.82
LD00019939,2799.41,2005.36,1845.0
LD00019940,2403.9,2452.83,2541.25
LD00019941,1574.36,1402.53,1584.44
LD00019942,2861.92,1729.51,2269.31
LD00019943,2994.3,1802.88,2627.76
LD00019944,2235.31,1312.41,2340.12
LD00019945,2874.96,1288.24,1745.98
LD00019946,1553.42,1528.05,2545.23
LD00019947,2645.45,1433.16,2350.03
LD00019948,1618.38,2254.89,2732.36
LD00019949,2748.75,1997.55,1618.3
LD00019950,2554.28,1696.16,2414.98
LD00019951,2627.41,1826.84,2110.86
LD00019952,2874.93,2448.73,2474.41
LD00019953,2749.6,1617.66,1763.35
LD00019954,1872.11,2178.65,1409.76
LD00019955,1538.15,1210.24,2607.27
LD00019956,2247.52,1824.95,2028.27
LD00019957,1845.97,1518.5,1999.35
LD00019958,2239.74,1272.78,2123.09
LD00019959,2894.39,1201.83,2072.1
LD00019960,1911.25,1556.15,1833.58
LD00019961,2329.68,1405.2,2246.24
LD00019962,1989.35,2058.27,1532.17
LD00019963,1959.38,1776.97,2560.06
LD00019964,1623.68,2307.67,2436.18
LD00019965,2734.52,1358.21,2236.19
LD00019966,2137.5,2193.8,1783.09
LD00019967,1779.57,1361.41,2332.73
LD00019968,2136.42,2082.34,1503.26
LD00019969,2551.88,2306.13,2278.64
LD00019970,2934.49,1475.21,2519.79
LD00019971,2985.45,1544.6,1942.34
LD00019972,2987.4,1805.75,1487.53
LD00019973,1506.4,1515.19,1655.99
LD00019974,2006.51,1923.46,2426.31
LD00019975,2005.94,2262.16,2752.76
LD00019976,1778.02,2246.9,1750.04
LD00019977,1526.34,2188.21,1760.77
LD00019978,2441.9,2224.34,1944.3
LD00019979,2782.93,1787.19,2698.59
LD00019980,2595.66,1872.49,2335.14
LD00019981,2896.33,1361.36,1410.18
LD00019982,2188.11,1259.37,2791.39
LD00019983,2124.51,2116.23,2600.58
LD00019984,2080.68,1525.96,2513.49
LD00019985,1856.64,1803.41,2165.76
LD00019986,1997.67,1340.95,2491.25
LD00019987,1647.33,1333.94,1866.09
LD00019988,1558.38,2093.92,2553.26
LD00019989,1949.4,1263.25,1774.95
LD00019990,2433.16,1524.24,2582.75
LD00019991,2606.63,1530.69,1647.75
LD00019992,1719.54,2366.27,2477.14
LD00019993,2249.62,1475.18,1717.3
LD00019994,1551.89,1463.55,2374.21
LD00019995,2586.27,1755.82,2766.31
LD00019996,2858.26,2266.07,2563.05
LD00019997,2712.92,2045.91,2276.67
LD00019998,2698.68,1725.58,2531.2
LD00019999,1832.48,2183.52,1544.41
LD00020000,2466.5,1444.06,1936.97
LD00020001,1817.14,2050.23,1781.28
LD00020002,2498.24,1714.73,1956.13
LD00020003,1769.82,1392.79,2100.06
LD00020004,1848.57,1842.54,1583.85
LD00020005,1767.29,2231.91,2061.71
LD00020006,2614.35,2212.7,1534.57
LD00020007,1786.63,2446.06,1657.15
LD00020008,2376.04,1293.28,1436.48
LD00020009,1709.43,2258.14,2577.99
LD00020010,2018.06,2268.35,2702.83
LD00020011,2416.14,2457.89,2780.6
LD00020012,2333.23,1201.93,2252.2
LD00020013,2093.84,1241.34,2663.41
LD00020014,2973.59,1917.27,2287.94
LD00020015,2287.6,1684.78,1558.08
LD00020016,1559.5,1737.45,1708.45
LD00020017,1668.22,1614.61,2386.39
LD00020018,2326.05,1310.55,1848.67
LD00020019,2472.86,2078.59,2769.83
LD00020020,2760.62,1603.97,2396.5
LD00020021,2503.04,1995.25,2169.67
LD00020022,1957.18,2071.72,1772.52
LD00020023,1704.41,2495.5,2688.12
LD00020024,2484.1,2446.82,1733.82
LD00020025,1656.45,2407.93,2723.98
LD00020026,1922.68,1998.68,1676.07
LD00020027,2519.82,1874.57,1537.44
LD00020028,2593.83,1335.08,2284.69
LD00020029,2066.82,1297.05,2577.46
LD00020030,1858.09,2282.62,1442.99
LD00020031,1681.72,1716.1,2732.7
LD00020032,1636.43,1311.16,2504.5
LD00020033,2456.73,1448.67,2085.19
LD00020034,2550.37,2291.79,1421.22
LD00020035,1836.69,1689.65,1540.75
LD00020036,2873.17,1458.09,1881.31
LD00020037,2853.46,1716.07,2501.06
LD00020038,1545.5,1201.22,2371.61
LD00020039,2622.66,1567.56,2211.29
LD00020040,2606.31,1746.84,2335.58
LD00020041,2906.39,2105.59,2341.88
LD00020042,2820.79,1925.1,1886.3
LD00020043,2565.05,1770.19,1838.69
LD00020044,1698.82,1994.01,2689.08
LD00020045,2156.37,1851.05,2590.0
LD00020046,2520.68,1950.82,1975.93
LD00020047,2231.64,2465.1,2550.67
LD00020048,1953.05,1203.8,1505.02
LD00020049,1802.01,2012.43,1674.58
LD00020050,2384.49,1800.79,2775.97
LD00020051,1656.39,1287.87,1989.26
LD00020052,2928.91,1483.51,1405.46
LD00020053,2573.09,1630.79,2726.28
LD00020054,2072.8,2022.9,1509.51
LD00020055,1850.33,1550.87,1438.35
LD00020056,1924.84,1499.65,2168.9
LD00020057,2436.92,1349.84,1929.26
LD00020058,1961.31,2094.02,2780.12
LD00020059,2266.22,2094.14,2676.23
LD00020060,1602.65,1503.07,1876.83
LD00020061,2443.14,2103.39,1838.56
LD00020062,2228.49,1448.23,1411.79
LD00020063,2770.06,2478.41,2452.01
LD00020064,2453.78,2138.68,2354.97
LD00020065,2514.42,1982.52,1519.62
LD00020066,2171.78,1909.31,1403.1
LD00020067,2793.72,2012.69,2730.99
LD00020068,2239.96,1838.35,1990.98
LD00020069,2207.44,1634.16,1883.74
LD00020070,1897.63,2149.49,2784.05
LD00020071,2242.48,1434.28,2592.88
LD00020072,2994.24,2160.17,2744.79
LD00020073,2542.68,1294.94,1713.98
LD00020074,1533.39,1678.85,2287.9
LD00020075,1887.26,1354.24,1599.62
LD00020076,2188.08,2043.14,2520.54
LD00020077,2029.56,1609.43,2548.85
LD00020078,2501.39,1366.3,1444.45
LD00020079,1945.95,1815.57,1679.46
LD00020080,2831.45,1540.13,2759.61
LD00020081,2029.42,1849.73,2409.95
LD00020082,2695.19,1760.71,1757.79
LD00020083,2592.69,2372.69,1831.42
LD00020084,2752.53,1295.23,1557.95
LD00020085,1906.37,2359.45,2097.3
LD00020086,2869.51,1507.31,2592.12
LD00020087,2556.07,1733.04,1488.67
LD00020088,2792.95,1401.39,2760.46
LD00020089,2780.83,2471.38,2577.56
LD00020090,2599.76,1981.65,1637.53
LD00020091,2414.64,2039.52,1478.45
LD00020092,2943.69,2159.88,1412.24
LD00020093,2300.97,1406.39,1608.93
LD00020094,2688.32,2192.57,2191.07
LD00020095,2738.56,2024.88,1973.26
LD00020096,2152.75,2143.54,1803.66
LD00020097,1984.98,1833.91,2109.91
LD00020098,1819.98,1723.65,1693.55
LD00020099,2072.04,2097.65,2202.93
LD00020100,2243.94,1632.89,1765.3
LD00020101,2815.96,1990.95,2702.65
LD00020102,2930.21,2011.91,1500.09
LD00020103,2727.69,1908.89,2205.14
LD00020104,2188.33,2128.01,1900.39
LD00020105,1646.85,1985.37,1640.34
LD00020106,2255.75,2168.16,1912.49
LD00020107,2762.89,1496.58,1667.77
LD00020108,2913.57,2273.21,2315.01
LD00020109,2684.26,1857.09,1651.91
LD00020110,2348.2,1931.52,1520.19
LD00020111,1794.4,1762.15,1966.86
LD00020112,2603.25,2121.34,1911.63
LD00020113,1655.33,1866.02,2322.54
LD00020114,2442.84,2282.5,1601.09
LD00020115,2291.34,2138.46,1701.64
LD00020116,2360.64,2431.31,2172.91
LD00020117,1769.06,2085.81,2246.21
LD00020118,1827.09,1711.39,1655.91
LD00020119,2668.39,2159.39,1928.77
LD00020120,2880.63,1291.92,1612.55
LD00020121,1674.5,1567.98,1691.44
LD00020122,2663.36,2223.86,2623.93
LD00020123,2465.77,1670.15,2301.48
LD00020124,2047.7,2121.41,2680.15
LD00020125,2468.72,1946.91,1970.79
LD00020126,2729.42,1332.57,1699.11
LD00020127,1505.78,1914.18,2658.81
LD00020128,1956.12,1411.59,2779.32
LD00020129,2701.8,1630.59,2121.78
LD00020130,2645.86,2395.44,2428.34
LD00020131,2382.63,1589.18,1929.06
LD00020132,2236.97,1508.14,2237.29
LD00020133,2620.31,1239.03,2257.43
LD00020134,1943.38,1800.69,1477.12
LD00020135,1652.82,1891.78,2205.6
LD00020136,2569.22,2190.85,1776.48
LD00020137,2131.36,1975.44,2331.65
LD00020138,2432.2,1926.41,1991.18
LD00020139,2481.09,1281.14,2355.6
LD00020140,1687.1,2436.94,2742.09
LD00020141,1658.69,1973.62,2739.32
LD00020142,2818.13,2106.73,2464.66
LD00020143,2452.29,1756.86,1794.77
LD00020144,2974.9,1328.49,1689.48
LD00020145,1829.87,2147.82,1845.18
LD00020146,1561.21,1223.57,2222.61
LD00020147,1790.78,2329.93,2266.43
LD00020148,2824.45,1527.11,2659.32
LD00020149,1617.71,1589.71,2338.31
LD00020150,1621.06,1944.09,2320.41
LD00020151,1723.68,1910.08,2118.57
LD00020152,1666.01,1725.86,1413.84
LD00020153,1996.99,1410.18,2423.09
LD00020154,1736.68,1282.05,2305.92
LD00020155,1851.64,1510.77,2307.09
LD00020156,1738.62,1558.39,2527.46
LD00020157,2773.72,1253.56,2516.64
LD00020158,1562.9,1383.74,1771.39
LD00020159,2793.62,2406.09,2275.72
LD00020160,2780.39,1803.52,2653.26
LD00020161,1589.38,1621.03,2613.78
LD00020162,2167.49,2310.5,1889.2
LD00020163,1749.94,1950.03,2046.66
LD00020164,2184.51,1747.96,2570.74
LD00020165,2263.37,2291.32,1959.0
LD00020166,2553.0,1831.14,1434.65
LD00020167,1857.78,2026.3,2170.31
LD00020168,2333.04,1704.1,2700.26
LD00020169,1549.66,1560.53,2731.17
LD00020170,2070.03,1988.22,1487.02
LD00020171,2302.54,1360.87,2761.27
LD00020172,2699.58,2413.87,2761.38
LD00020173,2301.54,2146.44,1848.57
LD00020174,2617.56,2208.6,1617.46
LD00020175,2391.5,2297.82,2754.41
LD00020176,1843.17,1347.31,1880.02
LD00020177,2077.48,2131.08,1658.24
LD00020178,1924.5,2458.71,1452.54
LD00020179,2928.73,1774.32,2469.66
LD00020180,1820.97,1781.45,2653.71
LD00020181,1959.37,2491.28,2776.59
LD00020182,2895.2,1568.67,1964.67
LD00020183,2886.63,2465.06,1592.78
LD00020184,2659.73,1229.85,2288.69
LD00020185,1967.05,2067.95,1623.92
LD00020186,1687.65,1481.27,1722.31
LD00020187,2123.11,1431.48,2743.75
LD00020188,2781.85,1843.64,1899.06
LD00020189,2826.84,2450.85,2154.68
LD00020190,2935.03,1327.42,2348.27
LD00020191,1554.93,1419.52,2229.97
LD00020192,2458.47,1772.17,2482.71
LD00020193,1944.16,1332.41,2670.74
LD00020194,1977.42,1561.28,2076.95
LD00020195,1518.66,1713.69,1448.42
LD00020196,2102.55,1795.42,2303.52
LD00020197,1987.85,1973.69,1954.17
LD00020198,2206.65,1824.42,2240.03
LD00020199,1748.08,2269.37,1565.27
LD00020200,2203.23,1721.96,2674.91
LD00020201,1620.93,1991.11,2675.92
LD00020202,2712.65,2326.64,2748.62
LD00020203,1534.97,2074.9,1573.1
LD00020204,1939.46,2089.7,2704.4
LD00020205,2733.9,2118.56,2010.22
LD00020206,1568.73,2497.63,1722.24
LD00020207,1755.51,2338.52,2685.22
LD00020208,2770.26,1241.58,2192.58
LD00020209,1682.39,2243.96,1421.0
LD00020210,2668.23,2173.58,2118.07
LD00020211,2300.75,1400.17,1842.81
LD00020212,2765.57,2407.6,1438.69
LD00020213,2837.71,1316.52,2437.98
LD00020214,2572.21,1997.51,2059.92
LD00020215,1585.26,1889.8,2450.22
LD00020216,2814.7,2135.08,1848.33
LD00020217,2648.14,2282.66,2746.23
LD00020218,2197.76,2182.57,1453.76
LD00020219,2794.35,2082.21,2669.64
LD00020220,2249.0,1599.71,2766.58
LD00020221,1727.59,2252.4,2088.43
LD00020222,1893.44,1941.85,2465.97
LD00020223,2976.25,2061.6,1603.63
LD00020224,2621.32,1719.27,1857.77
LD00020225,1627.78,1504.57,2078.4
LD00020226,1612.73,1429.32,1836.9
LD00020227,2461.0,1341.9,2325.15
LD00020228,1673.49,2250.29,2337.49
LD00020229,2250.59,1485.02,1954.33
LD00020230,1712.03,2361.5,1722.92
LD00020231,2248.44,1773.1,2260.53
LD00020232,2437.76,2144.97,2200.06
LD00020233,2319.41,1211.46,2163.68
LD00020234,2577.16,1854.64,2291.75
LD00020235,2612.51,1490.28,2050.91
LD00020236,2716.73,1732.67,1853.88
LD00020237,2164.64,2027.7,2429.75
LD00020238,2325.32,1265.75,1782.34
LD00020239,1801.05,1218.95,2422.03
LD00020240,1767.86,1499.51,1982.74
LD00020241,2891.23,1540.7,2129.76
LD00020242,2842.42,1862.94,2483.92
LD00020243,2332.39,1309.86,1981.06
LD00020244,1982.47,1356.76,1488.81
LD00020245,2326.25,2054.2,2095.76
LD00020246,2816.51,1444.51,2741.1
LD00020247,2116.14,1560.37,1772.48
LD00020248,2986.07,2177.23,2303.9
LD00020249,1691.61,2370.08,1905.92
LD00020250,1531.05,1742.13,1939.62
LD00020251,2004.31,1481.27,1889.04
LD00020252,1990.11,1377.9,2700.77
LD00020253,1700.69,2414.17,2067.49
LD00020254,2975.18,2326.92,2199.8
LD00020255,1977.49,1788.19,2553.8
LD00020256,1911.55,2417.29,1761.2
LD00020257,1743.13,2206.78,2713.53
LD00020258,1861.75,1351.66,2042.4
LD00020259,2259.09,1929.23,2783.33
LD00020260,1615.84,1934.57,2389.77
LD00020261,1934.44,2404.31,2284.28
LD00020262,2446.49,2020.71,2130.59
LD00020263,2021.06,1793.57,1962.95
LD00020264,2161.34,1310.92,1997.32
LD00020265,2275.64,1948.42,2651.74
LD00020266,2688.45,1773.33,2142.59
LD00020267,2571.31,2071.69,2746.44
LD00020268,2771.61,1756.81,2641.74
LD00020269,2821.04,2107.05,2439.74
LD00020270,1848.79,2003.38,1765.18
LD00020271,1877.57,1906.85,2727.12
LD00020272,1678.14,1763.05,2407.95
LD00020273,2178.69,2409.22,2359.15
LD00020274,2084.38,1735.79,2031.65
LD00020275,2074.26,2119.38,1425.95
LD00020276,1523.61,1860.43,2264.02
LD00020277,2171.51,1300.3,2412.31
LD00020278,1827.47,2148.15,2534.99
LD00020279,2948.77,1972.42,1445.59
LD00020280,2681.85,1460.2,1895.31
LD00020281,1651.31,2345.21,1923.21
LD00020282,2531.04,1938.12,1780.72
LD00020283,2652.29,2159.52,2586.88
LD00020284,1945.52,2062.39,1785.59
LD00020285,1999.87,2144.21,2757.46
LD00020286,2824.41,1259.65,1950.52
LD00020287,1874.56,2278.79,1812.48
LD00020288,1752.39,1278.47,1570.99
LD00020289,1599.15,1722.36,1425.8
LD00020290,2164.31,1678.0,2550.45
LD00020291,2433.63,1311.89,1698.09
LD00020292,2438.46,1554.48,2377.44
LD00020293,1781.03,1429.13,1554.32
LD00020294,2229.1,1651.15,2192.67
LD00020295,1653.84,1997.95,2690.63
LD00020296,2332.35,2301.35,1647.29
LD00020297,2305.97,2055.58,1580.35
LD00020298,1537.59,2291.43,1822.18
LD00020299,1823.77,2042.38,2329.5
LD00020300,2432.37,1954.15,1414.52
LD00020301,1805.42,1815.93,2179.3
LD00020302,2564.16,1782.73,1902.97
LD00020303,2351.23,2174.43,2152.02
LD00020304,2955.67,1642.15,1861.34
LD00020305,1676.25,2146.97,2187.47
LD00020306,2342.42,1976.19,2648.33
LD00020307,2360.07,2374.03,1500.37
LD00020308,2502.87,1737.85,2037.39
LD00020309,2989.31,1352.16,2487.31
LD00020310,2009.73,2106.58,1998.26
LD00020311,1513.59,2150.5,1828.71
LD00020312,2444.56,1595.15,2790.45
LD00020313,2875.9,2026.76,2599.37
LD00020314,2251.19,2155.17,2361.14
LD00020315,1795.8,1900.14,2556.85
LD00020316,2597.81,1613.45,1710.13
LD00020317,1897.76,2364.81,2017.43
LD00020318,2293.78,1805.07,2041.95
LD00020319,2906.63,2065.28,1901.56
LD00020320,2654.39,1738.61,2335.97
LD00020321,2461.15,1676.31,1986.85
LD00020322,1748.07,1747.79,1747.38
LD00020323,2436.24,1465.74,2655.77
LD00020324,2073.82,2211.97,2599.66
LD00020325,2846.1,1922.51,2077.67
LD00020326,2192.65,1519.0,1844.46
LD00020327,2482.63,1314.65,2794.81
LD00020328,1875.55,2149.6,2026.47
LD00020329,1976.3,1262.04,1798.16
LD00020330,2951.38,2059.97,2780.86
LD00020331,1989.01,1276.27,2790.38
LD00020332,2801.78,2215.58,2228.47
LD00020333,1535.69,2090.64,1537.26
LD00020334,2886.61,1443.66,1949.08
LD00020335,2265.22,2148.85,1787.1
LD00020336,2204.55,1424.79,2048.8
LD00020337,2344.57,2269.99,2168.78
LD00020338,2712.1,1447.85,1592.75
LD00020339,2552.82,1212.86,2280.23
LD00020340,2324.44,1918.64,2125.8
LD00020341,2573.62,1927.17,2315.9
LD00020342,1623.38,1919.75,1794.35
LD00020343,1694.58,2139.02,1721.99
LD00020344,2067.68,1600.65,1981.46
LD00020345,2851.64,1781.27,1634.97
LD00020346,2414.13,2242.82,2443.5
LD00020347,2147.56,1763.47,2137.94
LD00020348,2135.81,1664.15,1918.31
LD00020349,2494.45,1481.87,1893.9
LD00020350,2617.33,1983.44,2796.34
LD00020351,2101.01,2007.54,1877.24
LD00020352,2417.85,2311.97,1930.83
LD00020353,2754.08,1850.82,2080.01
LD00020354,1724.98,1280.78,1823.22
LD00020355,2102.19,2197.92,2482.12
LD00020356,2085.44,1315.58,1762.68
LD00020357,2099.56,1362.11,2653.56
LD00020358,2016.0,1697.39,2739.56
LD00020359,2527.43,1472.78,2250.87
LD00020360,2948.1,2385.63,2681.06
LD00020361,2370.03,2033.82,2233.43
LD00020362,2919.06,1349.52,2128.94
LD00020363,1871.02,2399.79,2264.93
LD00020364,2230.74,2086.41,1412.21
LD00020365,2221.54,2479.19,1479.02
LD00020366,2247.0,1825.09,1705.37
LD00020367,2399.13,1675.66,2623.7
LD00020368,2628.43,2250.08,1458.16
LD00020369,2089.36,2011.63,2509.02
LD00020370,1593.65,2224.99,2274.07
LD00020371,2998.92,1565.5,1728.0
LD00020372,2044.65,1623.69,2592.6
LD00020373,1605.0,1989.35,1605.72
LD00020374,2914.03,2354.78,2590.34
LD00020375,2272.28,1290.37,2196.07
LD00020376,2342.05,1662.11,2470.09
LD00020377,2120.82,1320.36,1958.15
LD00020378,1735.17,1999.85,2055.16
LD00020379,2132.3,1476.53,1539.42
LD00020380,1722.27,1741.03,2276.79
LD00020381,2631.53,1487.65,1590.19
LD00020382,2913.17,2165.35,2771.43
LD00020383,2928.52,1587.02,2517.06
LD00020384,2773.63,2380.43,2130.32
LD00020385,1913.39,2384.07,2553.86
LD00020386,2705.26,1284.64,2108.05
LD00020387,2237.29,1858.99,2250.77
LD00020388,2043.22,1416.98,1454.38
LD00020389,2914.02,2037.53,1725.12
LD00020390,2272.71,2345.7,1704.67
LD00020391,1633.95,1709.55,2796.57
LD00020392,1645.23,2452.11,1525.64
LD00020393,2398.3,1774.16,2307.31
LD00020394,2065.22,2179.78,2760.62
LD00020395,2298.59,2373.03,2319.83
LD00020396,2108.09,2009.78,2690.76
LD00020397,1551.58,1679.26,1415.86
LD00020398,2163.69,1827.03,2095.63
LD00020399,1977.68,2206.37,2325.36
LD00020400,2272.64,1850.69,1851.76
LD00020401,1648.75,1900.11,1535.13
LD00020402,1905.43,2459.36,2672.38
LD00020403,2408.9,2218.94,2326.56
LD00020404,1702.51,1817.44,2764.89
LD00020405,2364.79,1294.03,2590.4
LD00020406,2515.06,1501.25,2297.67
LD00020407,2136.89,1327.82,2052.86
LD00020408,2693.05,2146.68,2640.01
LD00020409,2148.65,2381.39,2402.31
LD00020410,2173.37,1631.04,2619.09
LD00020411,2345.24,2341.33,2263.24
LD00020412,2170.45,1578.17,1545.95
LD00020413,2174.13,2037.56,1660.34
LD00020414,2267.31,1860.58,1721.43
LD00020415,2945.4,1757.41,1683.66
LD00020416,2501.3,2113.85,1677.63
LD00020417,1958.75,1543.77,1828.1
LD00020418,2400.43,1298.9,1975.17
LD00020419,2542.26,2384.13,1761.38
LD00020420,2995.12,2422.3,1632.7
LD00020421,2828.57,1994.65,1759.45
LD00020422,2527.24,1847.58,1824.3
LD00020423,1603.39,1422.27,2739.51
LD00020424,2798.6,1449.45,1691.42
LD00020425,2620.72,2152.83,1999.44
LD00020426,2181.51,1366.6,1524.37
LD00020427,2395.12,2495.26,1566.85
LD00020428,1795.65,1998.77,1519.67
LD00020429,1659.52,2378.81,2442.27
LD00020430,2786.42,1873.97,1818.65
LD00020431,1939.19,1786.77,1911.77
LD00020432,2672.3,2182.67,1546.72
LD00020433,1957.58,2302.37,2466.37
LD00020434,2685.77,1977.02,2673.16
LD00020435,1643.16,1352.81,1876.47
LD00020436,2721.23,2381.03,2332.18
LD00020437,2127.16,1511.6,2662.34
LD00020438,2013.99,1694.32,1658.34
LD00020439,1882.2,2362.02,1751.45
LD00020440,2371.47,1914.57,2313.89
LD00020441,2715.32,1745.31,1697.6
LD00020442,2024.61,1308.64,2492.31
LD00020443,2349.19,1549.31,2417.81
LD00020444,2228.83,1997.5,2613.15
LD00020445,1973.52,1550.61,2759.83
LD00020446,2468.69,1475.01,2752.92
LD00020447,2207.8,1735.51,2282.11
LD00020448,2840.55,1987.26,2308.27
LD00020449,2476.4,2418.15,1764.75
LD00020450,2665.38,2478.16,2757.64
LD00020451,2164.78,1618.96,2782.7
LD00020452,2336.66,2165.69,1889.59
LD00020453,2279.84,2171.09,2724.73
LD00020454,1535.23,2285.99,2676.35
LD00020455,2930.5,2303.38,2151.15
LD00020456,1987.83,2478.93,2378.08
LD00020457,2434.92,2117.78,2617.67
LD00020458,2266.16,2384.26,2038.8
LD00020459,2900.99,2103.8,2141.97
LD00020460,2722.53,1211.47,1893.03
LD00020461,1944.27,1537.73,1791.94
LD00020462,2453.83,1813.64,2731.23
LD00020463,2383.52,1622.1,2263.84
LD00020464,1631.02,1292.77,1768.09
LD00020465,1556.34,1751.12,2187.91
LD00020466,2664.14,1453.6,1597.72
LD00020467,1704.8,1696.15,2400.14
LD00020468,1607.05,2392.77,1461.13
LD00020469,2371.56,2049.41,2082.08
LD00020470,1950.46,2241.35,1730.74
LD00020471,2590.99,2244.41,2652.07
LD00020472,1661.32,1374.42,2713.23
LD00020473,1830.53,2407.68,1426.0
LD00020474,2129.95,1811.51,2195.66
LD00020475,1553.14,1772.41,2234.35
LD00020476,1852.92,1998.76,2060.12
LD00020477,2631.47,2371.04,1958.25
LD00020478,2615.39,1872.89,1423.9
LD00020479,2505.57,1737.58,1635.64
LD00020480,1916.78,1890.0,1650.74
LD00020481,1595.95,2261.65,2739.59
LD00020482,2048.53,1367.69,1479.19
LD00020483,2238.61,1987.2,2199.25
LD00020484,2180.39,2292.71,2560.93
LD00020485,2708.57,2087.45,1485.78
LD00020486,1739.57,1854.42,2614.6
LD00020487,1994.93,2392.24,1766.62
LD00020488,2030.92,1548.33,1839.63
LD00020489,1880.02,2177.43,1540.11
LD00020490,2901.27,2439.55,1843.13
LD00020491,2044.91,1323.88,1890.31
LD00020492,2058.7,1546.73,2419.82
LD00020493,1971.4,2423.55,2558.52
LD00020494,2357.37,1851.58,2745.02
LD00020495,2734.88,1371.28,1822.52
LD00020496,1739.23,1339.3,2157.98
LD00020497,1803.04,2303.61,2172.08
LD00020498,1507.51,1823.84,2326.32
LD00020499,2734.58,2369.14,2397.64
LD00020500,1599.52,2425.37,1647.23
LD00020501,1824.4,1621.7,2745.2
LD00020502,1930.67,1846.36,2586.94
LD00020503,1944.44,1724.76,2759.1
LD00020504,2122.34,1623.31,1868.03
LD00020505,1734.84,1433.03,1583.44
LD00020506,2597.74,2462.36,1537.86
LD00020507,1503.15,2317.98,2093.61
LD00020508,2423.63,1735.33,1456.03
LD00020509,2342.6,1932.6,2194.31
LD00020510,2024.03,2240.19,1781.07
LD00020511,2668.63,1280.61,1687.64
LD00020512,1677.28,2253.58,1568.14
LD00020513,2359.82,1233.51,2770.48
LD00020514,1795.49,2421.98,2771.81
LD00020515,2332.21,1435.26,2283.66
LD00020516,2130.06,2013.53,1433.89
LD00020517,1502.05,1774.13,2048.28
LD00020518,2146.38,1807.71,1411.76
LD00020519,2993.21,1632.21,2072.19
LD00020520,2174.95,2447.33,2348.11
LD00020521,2735.79,1296.5,1981.45
LD00020522,1660.7,2441.88,2486.28
LD00020523,2987.13,1668.89,1738.22
LD00020524,2470.03,2336.58,1893.51
LD00020525,2142.84,2201.54,2354.11
LD00020526,2304.12,1852.37,1427.02
LD00020527,1680.61,2015.2,2348.91
LD00020528,2315.64,2492.7,2435.19
LD00020529,2573.95,2042.84,1653.16
LD00020530,2451.36,2139.63,2144.32
LD00020531,1870.14,1826.47,2243.19
LD00020532,1994.34,2326.71,2449.41
LD00020533,2844.26,2003.58,2673.15
LD00020534,2288.11,2210.87,2732.07
LD00020535,2898.24,2303.55,1689.72
LD00020536,2969.92,1510.54,2614.14
LD00020537,1913.46,1889.83,1698.12
LD00020538,2582.06,1653.8,1739.07
LD00020539,1784.65,1916.39,1775.26
LD00020540,1609.03,2213.0,2119.15
LD00020541,2025.04,1319.33,2578.18
LD00020542,1690.66,1973.28,2769.13
LD00020543,2536.41,2130.55,2028.59
LD00020544,1552.47,2324.62,1429.74
LD00020545,2817.18,1203.03,2154.12
LD00020546,2336.57,1649.26,2466.12
LD00020547,2012.12,1857.28,1559.87
LD00020548,1532.21,2099.64,2452.99
LD00020549,1994.36,2447.73,2556.98
LD00020550,2931.49,1202.46,2703.85
LD00020551,2025.08,2077.41,1774.11
LD00020552,2374.33,1686.63,2791.83
LD00020553,2184.36,2338.24,1851.46
LD00020554,2874.2,2296.71,1502.74
LD00020555,1612.07,1834.03,1778.39
LD00020556,2384.9,2161.16,2691.24
LD00020557,1837.83,1965.64,2773.98
LD00020558,2477.78,2377.02,2139.31
LD00020559,2557.58,2335.96,2361.39
LD00020560,2766.81,2299.09,2259.31
LD00020561,2653.23,2365.23,2361.08
LD00020562,2897.43,1446.44,2263.54
LD00020563,2671.93,1848.85,2165.88
LD00020564,2492.65,2298.54,1568.45
LD00020565,2325.51,1833.65,1706.41
LD00020566,2615.14,1794.6,2638.33
LD00020567,2667.59,1521.81,2362.67
LD00020568,2907.47,1370.71,2627.36
LD00020569,2180.2,2068.03,1664.18
LD00020570,2347.18,1226.15,2424.65
LD00020571,2145.03,1831.38,1562.74
LD00020572,1631.54,2194.53,2175.77
LD00020573,1799.09,2313.12,1634.48
LD00020574,1947.45,1460.19,1937.88
LD00020575,1976.68,1621.78,2618.86
LD00020576,2608.16,1527.65,2768.88
LD00020577,1840.6,1613.33,2207.72
LD00020578,2578.43,2014.08,2048.84
LD00020579,2887.34,2405.75,1556.72
LD00020580,2062.98,1389.64,2031.51
LD00020581,2311.45,1824.29,1419.32
LD00020582,2122.88,2275.49,1573.25
LD00020583,2658.88,1233.37,2285.48
LD00020584,1751.75,1256.18,2229.84
LD00020585,2350.86,2184.27,1458.85
LD00020586,2276.45,1995.33,2321.07
LD00020587,2213.05,2390.51,2781.42
LD00020588,1908.64,1675.93,2319.78
LD00020589,2484.61,1956.5,1799.05
LD00020590,2560.66,1981.95,1491.6
LD00020591,2664.35,1994.6,2757.73
LD00020592,2417.15,1462.18,2789.87
LD00020593,2701.19,1303.75,1433.7
LD00020594,2923.83,2350.77,2744.15
LD00020595,1991.66,2181.98,2508.8
LD00020596,2024.43,1960.59,1635.63
LD00020597,1670.54,1588.04,1619.21
LD00020598,2856.01,1246.09,1638.14
LD00020599,1788.17,1307.28,2169.3
LD00020600,2976.18,2209.3,2656.27
LD00020601,2594.18,1376.62,1750.63
LD00020602,2468.34,2231.76,2478.37
LD00020603,2685.38,1948.83,2157.85
LD00020604,2070.32,1660.2,2143.9
LD00020605,2695.7,1470.8,2746.17
LD00020606,2778.79,1693.29,2161.28
LD00020607,2672.56,1514.95,1502.37
LD00020608,2578.54,1473.32,2551.77
LD00020609,2973.89,1616.16,1622.0
LD00020610,2787.43,2255.42,1423.7
LD00020611,2831.83,2262.92,1991.95
LD00020612,2130.58,1681.35,2564.18
LD00020613,2474.38,1576.25,2648.87
LD00020614,2427.2,1565.97,2180.23
LD00020615,2030.21,1900.57,1759.3
LD00020616,2642.89,1365.21,2395.87
LD00020617,2172.39,2215.7,2276.96
LD00020618,1982.15,1766.03,1791.09
LD00020619,2113.83,1245.82,1909.56
LD00020620,2863.72,1286.67,2609.65
LD00020621,2679.74,2461.16,1745.95
LD00020622,2671.8,2298.44,1448.74
LD00020623,2845.96,1279.28,2101.92
LD00020624,2686.42,1617.9,2406.21
LD00020625,2287.77,1857.2,1411.82
LD00020626,2169.9,1748.5,2798.11
LD00020627,2946.46,1731.5,1902.86
LD00020628,1743.83,1538.02,2051.23
LD00020629,1807.07,1889.45,2562.09
LD00020630,2785.1,2259.7,1567.2
LD00020631,2144.56,2154.59,2222.61
LD00020632,2688.43,1833.22,1845.12
LD00020633,2247.92,1891.79,1892.78
LD00020634,1731.27,2380.18,2626.21
LD00020635,2340.21,1970.26,1430.49
LD00020636,1575.14,1597.24,2426.62
LD00020637,1594.75,2109.07,2139.57
LD00020638,2303.45,2254.49,2611.52
LD00020639,2146.8,2316.26,2087.55
LD00020640,2782.16,2339.93,1423.68
LD00020641,1660.97,1793.31,1900.03
LD00020642,2829.26,1208.72,2599.85
LD00020643,2005.13,1443.18,1557.31
LD00020644,2286.96,2064.06,1731.78
LD00020645,2380.59,1824.36,1444.84
LD00020646,2301.38,1892.18,2230.24
LD00020647,2792.72,1290.58,2531.7
LD00020648,2762.38,1534.59,2200.48
LD00020649,2390.75,2396.04,2412.79
LD00020650,2328.83,2221.67,1556.78
LD00020651,2002.75,1340.08,2584.5
LD00020652,1516.71,1476.31,1548.67
LD00020653,2948.37,2271.51,2566.82
LD00020654,2335.06,1458.29,2324.63
LD00020655,1811.19,1479.68,2635.93
LD00020656,2508.28,2013.54,2157.08
LD00020657,2192.88,1821.22,2506.41
LD00020658,2475.98,1714.76,1409.03
LD00020659,2169.48,1299.09,1963.33
LD00020660,2216.64,1491.39,2057.5
LD00020661,2857.06,1424.45,2389.5
LD00020662,2690.69,1498.19,2717.54
LD00020663,1865.72,2290.82,1864.15
LD00020664,2260.36,2302.0,1963.06
LD00020665,2369.24,1363.95,2472.04
LD00020666,2566.61,2309.06,2772.29
LD00020667,2340.18,2209.35,1643.51
LD00020668,1593.58,2177.27,2791.46
LD00020669,2469.89,1628.66,1707.78
LD00020670,1530.13,1972.95,2028.63
LD00020671,2684.85,2057.54,2367.24
LD00020672,2094.09,1553.3,2719.63
LD00020673,2318.6,1642.42,2253.47
LD00020674,2620.72,2468.47,2652.63
LD00020675,1820.26,1213.12,2424.17
LD00020676,2066.75,2198.09,2126.61
LD00020677,2744.71,2246.79,1604.81
LD00020678,2980.18,2327.34,2185.17
LD00020679,2834.58,2329.15,2295.94
LD00020680,2167.84,2302.04,2254.4
LD00020681,2054.1,1823.83,1478.54
LD00020682,2134.58,2394.76,2526.96
LD00020683,2376.51,1242.57,2246.94
LD00020684,2245.73,1280.75,2761.04
LD00020685,1561.11,1766.4,1630.2
LD00020686,1558.26,1440.27,1568.02
LD00020687,2382.34,1498.37,2368.89
LD00020688,1988.73,1588.49,2616.21
LD00020689,2196.32,1470.87,2746.48
LD00020690,2816.98,1348.67,1555.67
LD00020691,1683.92,2360.08,2182.88
LD00020692,2111.68,1743.99,2591.1
LD00020693,2737.24,2263.31,1506.06
LD00020694,1927.23,1761.97,2276.98
LD00020695,2318.04,2127.25,1465.0
LD00020696,2982.22,2393.16,2657.54
LD00020697,2021.4,1722.95,2722.62
LD00020698,1865.4,1377.88,2447.57
LD00020699,2703.8,1378.84,1818.25
LD00020700,1645.13,1317.17,1482.33
LD00020701,2958.51,1998.75,1827.48
LD00020702,2425.62,2182.65,1918.56
LD00020703,2530.76,1807.72,2556.03
LD00020704,2764.5,1702.23,2640.75
LD00020705,2448.84,1610.56,2674.19
LD00020706,1776.34,1760.04,2297.06
LD00020707,1740.26,2365.1,2589.27
LD00020708,1802.18,2166.1,1951.74
LD00020709,2385.47,1932.24,2588.44
LD00020710,1826.9,2391.69,2639.42
LD00020711,2446.91,1358.56,2162.56
LD00020712,2256.89,1721.95,2053.25
LD00020713,2735.13,2307.91,1850.28
LD00020714,1567.72,1504.37,2259.68
LD00020715,2803.06,1355.45,2112.88
LD00020716,2695.3,2250.29,2498.5
LD00020717,1759.17,2328.98,1430.97
LD00020718,1822.93,2311.75,1512.73
LD00020719,2572.64,1606.88,1845.59
LD00020720,2840.49,1309.97,2653.11
LD00020721,2139.87,1651.7,1986.07
LD00020722,1590.3,1907.03,2142.2
LD00020723,2103.29,2353.74,1409.69
LD00020724,2462.58,2219.06,2141.62
LD00020725,2923.8,1564.58,2306.55
LD00020726,2142.43,2146.01,2350.03
LD00020727,2677.13,2090.86,1731.43
LD00020728,2893.81,2157.58,2341.11
LD00020729,2200.56,1610.34,2781.57
LD00020730,2055.4,1762.3,2356.53
LD00020731,2865.72,1467.7,1457.45
LD00020732,2162.97,2008.58,1875.05
LD00020733,2910.99,2086.39,2130.83
LD00020734,1917.43,1374.56,1551.14
LD00020735,1534.66,1826.82,1887.2
LD00020736,2306.75,2134.59,2060.95
LD00020737,1717.27,1266.87,1848.02
LD00020738,2134.74,1524.85,1823.17
LD00020739,2424.4,1988.33,1454.19
LD00020740,2542.0,2258.01,2425.16
LD00020741,2194.73,1458.1,1803.76
LD00020742,2803.38,1681.23,1812.15
LD00020743,2317.53,2436.73,1419.48
LD00020744,2338.69,2335.34,2799.98
LD00020745,2845.62,1309.04,2789.85
LD00020746,2947.88,2484.2,2536.23
LD00020747,2820.54,1787.43,2769.7
LD00020748,2535.13,1313.91,2316.05
LD00020749,2821.65,1417.07,1682.88
LD00020750,1819.61,1537.4,1467.76
LD00020751,2308.79,2363.7,1425.47
LD00020752,2596.66,1943.42,2280.16
LD00020753,1780.68,2166.48,2026.21
LD00020754,1806.84,2497.96,1455.34
LD00020755,2445.46,1870.03,1863.58
LD00020756,1915.98,2305.78,2544.29
LD00020757,1533.0,2002.5,1455.01
LD00020758,2783.91,1314.73,2205.4
LD00020759,2515.12,1827.2,2025.67
LD00020760,1795.94,1844.5,2124.68
LD00020761,2273.69,1948.07,1658.23
LD00020762,1679.37,1808.88,2147.62
LD00020763,2299.5,2317.24,2007.83
LD00020764,2063.44,1486.69,2107.51
LD00020765,1624.25,2396.51,1777.93
LD00020766,2274.84,1279.39,2327.1
LD00020767,1512.32,1444.17,1627.18
LD00020768,2634.05,1796.79,1632.02
LD00020769,1794.74,2382.87,2682.28
LD00020770,2992.29,1575.14,1458.45
LD00020771,2196.7,2071.77,2706.64
LD00020772,2443.96,2151.68,2057.58
LD00020773,2292.5,2030.71,2385.64
LD00020774,1915.53,2279.94,1739.57
LD00020775,1606.02,2358.9,2683.97
LD00020776,2633.74,1899.94,2794.5
LD00020777,2965.93,1880.82,1461.38
LD00020778,1705.74,2132.31,2738.12
LD00020779,1749.56,2374.01,2799.37
LD00020780,1837.09,1215.56,2582.29
LD00020781,2612.3,1932.84,1794.4
LD00020782,2927.84,1402.93,1492.36
LD00020783,2324.64,2473.0,2721.4
LD00020784,2645.48,1499.35,1542.49
LD00020785,2144.02,2374.12,2680.44
LD00020786,1887.62,2212.84,1560.25
LD00020787,2441.91,1916.26,1645.56
LD00020788,2926.91,1879.21,2079.49
LD00020789,2010.88,1276.43,2179.83
LD00020790,2172.19,2117.86,1748.16
LD00020791,2719.65,1974.82,2778.03
LD00020792,2721.05,1528.91,2490.87
LD00020793,1969.75,2497.64,2158.86
LD00020794,1642.44,2232.32,2667.28
LD00020795,1806.88,1827.48,2331.54
LD00020796,2397.94,1235.68,1961.58
LD00020797,2853.74,2227.97,2671.23
LD00020798,1501.65,2068.12,2264.92
LD00020799,2038.36,2235.72,2717.13
LD00020800,2752.39,1872.59,1728.54
LD00020801,1811.14,1733.2,1995.1
LD00020802,1871.94,1525.62,2732.98
LD00020803,2566.3,1516.71,2035.5
LD00020804,1843.68,2461.0,2040.97
LD00020805,1587.66,2139.42,2034.52
LD00020806,2069.81,1293.81,1931.12
LD00020807,2082.35,1236.15,1903.98
LD00020808,2867.71,1514.72,2242.74
LD00020809,2176.58,2129.27,2323.04
LD00020810,1848.95,1789.61,1939.27
LD00020811,2416.63,1301.79,1665.87
LD00020812,1907.64,2122.95,2712.17
LD00020813,2469.17,1741.9,1991.16
LD00020814,2068.65,2226.71,2484.08
LD00020815,1917.84,2188.71,2560.34
LD00020816,2697.99,1298.09,2462.83
LD00020817,2063.69,2039.95,2763.63
LD00020818,2566.44,2313.2,2085.52
LD00020819,2635.16,1873.01,2555.77
LD00020820,1862.83,2430.37,2387.39
LD00020821,2298.91,1608.98,2574.5
LD00020822,2498.21,1347.41,1400.22
LD00020823,2237.06,1576.1,2100.39
LD00020824,1651.77,1681.22,2395.39
LD00020825,2978.45,2323.5,1507.68
LD00020826,1534.45,2075.99,2691.09
LD00020827,2772.01,1783.5,1848.43
LD00020828,2341.88,1710.54,2587.39
LD00020829,1816.83,1461.2,2350.15
LD00020830,2228.44,2274.94,2795.26
LD00020831,1759.72,1575.21,2517.39
LD00020832,2341.78,1720.77,1728.03
LD00020833,2789.77,1303.24,2127.85
LD00020834,1660.81,1735.81,1752.24
LD00020835,2456.9,1949.77,2037.02
LD00020836,2777.78,1213.65,2055.16
LD00020837,2152.14,2346.9,2078.83
LD00020838,1642.3,1961.61,1432.08
LD00020839,2281.46,1467.51,1476.68
LD00020840,2919.21,2309.54,1751.24
LD00020841,1785.37,1874.02,2133.09
LD00020842,2270.22,1900.03,1968.12
LD00020843,2990.21,2103.88,1483.68
LD00020844,2321.85,2496.65,1999.33
LD00020845,1639.09,2396.55,2037.89
LD00020846,2907.07,2402.79,2168.22
LD00020847,1671.01,2459.74,2472.87
LD00020848,1935.43,1872.79,1489.08
LD00020849,2289.43,1470.69,1813.05
LD00020850,2786.76,1925.37,2066.06
LD00020851,2148.58,1762.43,2176.45
LD00020852,1877.95,1631.11,2347.87
LD00020853,2891.38,1725.87,2023.26
LD00020854,1666.03,1615.02,1941.71
LD00020855,2553.46,1870.69,1665.38
LD00020856,2526.96,1565.1,1486.23
LD00020857,1910.33,1928.6,1856.77
LD00020858,2211.98,2239.38,1933.02
LD00020859,2066.56,1880.79,2521.06
LD00020860,1745.59,1590.02,2498.18
LD00020861,2263.6,2191.14,2654.74
LD00020862,1519.48,1225.43,2435.56
LD00020863,1732.82,1844.32,1861.54
LD00020864,2637.82,2365.19,1693.53
LD00020865,1737.51,1777.97,1611.02
LD00020866,1570.82,1860.66,2039.67
LD00020867,2624.34,1864.6,1482.91
LD00020868,2883.58,1232.02,2717.29
LD00020869,2587.65,1906.35,1838.16
LD00020870,1770.9,2254.7,2197.09
LD00020871,2282.98,1305.47,1923.28
LD00020872,1639.38,1231.9,2742.32
LD00020873,2922.9,1447.89,2245.08
LD00020874,2024.01,1586.29,2092.58
LD00020875,2300.35,1805.41,1449.12
LD00020876,1864.46,2379.99,2682.23
LD00020877,1795.2,1498.52,1551.05
LD00020878,2109.3,1634.54,2386.17
LD00020879,2672.05,1382.11,2375.33
LD00020880,1954.77,1512.41,2269.1
LD00020881,1767.97,1555.56,1467.93
LD00020882,2501.43,1732.31,2746.84
LD00020883,2924.46,1561.5,2702.64
LD00020884,2649.18,1669.02,2361.93
LD00020885,2933.9,1618.23,2473.15
LD00020886,1650.48,1611.53,1879.34
LD00020887,1518.68,2309.24,1452.85
LD00020888,1645.41,1777.06,1990.57
LD00020889,1717.99,1475.94,1607.27
LD00020890,2147.06,2177.57,2215.02
LD00020891,2243.81,2222.95,2012.2
LD00020892,2108.65,1498.39,2724.25
LD00020893,1705.86,2297.3,2653.28
LD00020894,1631.6,1759.69,2563.65
LD00020895,1668.84,1743.5,1800.66
LD00020896,2725.2,1718.48,1998.41
LD00020897,2505.32,1691.92,2415.77
LD00020898,2810.64,1342.8,2369.69
LD00020899,2005.04,2119.91,2470.32
LD00020900,1832.93,2391.32,2493.91
LD00020901,1528.99,1704.43,1674.91
LD00020902,2778.38,1203.38,2258.9
LD00020903,1996.07,2004.85,2537.91
LD00020904,2402.81,1326.84,2196.93
LD00020905,1583.43,1589.93,2325.0
LD00020906,2068.96,1486.51,2638.71
LD00020907,1909.17,1508.51,1441.42
LD00020908,1534.22,1283.84,1738.25
LD00020909,1504.87,2031.06,2473.66
LD00020910,2923.67,1877.62,1683.17
LD00020911,2228.52,2439.28,2724.59
LD00020912,1878.73,1996.86,1977.91
LD00020913,2373.72,1913.06,2563.27
LD00020914,2050.39,1598.44,1876.59
LD00020915,2973.56,2302.56,2170.26
LD00020916,2340.65,1249.29,1436.22
LD00020917,2397.67,2075.03,1846.24
LD00020918,2064.69,2354.58,1460.37
LD00020919,2911.5,1874.08,2541.21
LD00020920,2165.85,2345.38,1437.76
LD00020921,2376.34,1578.81,2642.54
LD00020922,2905.26,1370.49,1509.38
LD00020923,1691.56,2295.66,1870.02
LD00020924,1767.89,2116.63,2428.83
LD00020925,1701.32,1567.41,1679.65
LD00020926,2168.99,2494.52,2227.79
LD00020927,1588.85,1789.6,2473.84
LD00020928,2689.19,1306.85,2481.23
LD00020929,1944.03,1690.2,2071.69
LD00020930,2115.93,1586.13,1481.75
LD00020931,1516.82,1589.62,2287.22
LD00020932,2013.52,1227.71,2150.8
LD00020933,2329.26,2006.15,1593.96
LD00020934,1673.09,2359.8,2508.93
LD00020935,1846.86,2113.37,1629.87
LD00020936,1899.27,1576.68,1687.09
LD00020937,1857.51,1705.53,2488.39
LD00020938,1760.04,1832.4,1618.82
LD00020939,1599.72,1312.27,1452.04
LD00020940,2090.15,1814.1,1518.07
LD00020941,2120.77,2382.21,1944.21
LD00020942,2970.69,2311.6,2167.96
LD00020943,1936.6,1615.56,1436.22
LD00020944,1975.09,1396.25,2442.5
LD00020945,2607.16,2458.79,2492.26
LD00020946,2425.68,1417.34,2793.9
LD00020947,1701.4,2390.46,2269.96
LD00020948,2322.73,1471.09,2407.5
LD00020949,2299.03,2226.0,1964.1
LD00020950,2337.03,1652.95,2058.79
LD00020951,2630.19,2027.9,2471.83
LD00020952,2303.58,1906.34,2573.94
LD00020953,1668.28,2349.49,2345.9
LD00020954,2724.55,1626.19,1708.28
LD00020955,1815.94,1602.54,2687.59
LD00020956,2207.21,1400.49,2232.39
LD00020957,1513.78,1973.85,1404.24
LD00020958,2214.27,1472.76,2374.64
LD00020959,2058.68,1578.84,2645.62
LD00020960,2067.26,1302.25,1500.52
LD00020961,2409.42,1833.78,2755.04
LD00020962,2578.54,1369.37,2621.6
LD00020963,2242.21,2343.32,1500.53
LD00020964,1592.3,1304.02,1546.65
LD00020965,2575.7,1837.68,2539.42
LD00020966,2217.4,1341.19,1767.52
LD00020967,2152.79,1433.37,2445.77
LD00020968,2482.22,1450.45,2479.58
LD00020969,2072.39,2449.18,1910.57
LD00020970,2426.13,1658.17,1979.22
LD00020971,2802.4,1805.1,2428.39
LD00020972,2571.78,2478.41,2547.87
LD00020973,2723.69,1612.75,2442.74
LD00020974,2768.5,1292.32,1825.53
LD00020975,1981.68,1242.29,2378.36
LD00020976,1992.74,1962.05,2474.99
LD00020977,2479.17,2216.09,1967.14
LD00020978,2353.46,1753.81,1958.6
LD00020979,2974.01,1473.13,2117.53
LD00020980,1602.62,2323.35,1922.72
LD00020981,1605.84,1457.65,1572.02
LD00020982,2212.17,2148.97,1832.68
LD00020983,2600.0,2462.92,1936.25
LD00020984,1824.65,1753.62,2074.13
LD00020985,1797.16,2382.9,2346.96
LD00020986,2974.25,2038.96,2780.38
LD00020987,2372.88,1832.16,2504.94
LD00020988,2762.25,1796.31,2018.64
LD00020989,2709.7,1382.1,2479.8
LD00020990,2867.0,1823.56,1807.84
LD00020991,2016.02,1834.43,2427.73
LD00020992,2772.49,1546.55,1589.55
LD00020993,2089.48,2418.27,1835.49
LD00020994,2210.58,2106.26,1997.53
LD00020995,1820.06,1516.38,1530.74
LD00020996,2135.06,1309.22,1753.96
LD00020997,2634.01,2202.15,1473.72
LD00020998,2239.17,1462.34,2068.19
LD00020999,1900.36,1773.2,2433.47
LD00021000,2591.41,2104.29,2277.11
LD00021001,2029.67,1787.5,1836.0
LD00021002,2279.79,2143.07,2490.52
LD00021003,2362.4,1712.9,1749.11
LD00021004,2851.74,1364.22,1934.01
LD00021005,1876.05,1384.92,2013.54
LD00021006,2031.46,2203.82,2280.18
LD00021007,2328.31,1646.03,2194.26
LD00021008,2706.58,1325.95,2399.81
LD00021009,2525.14,2098.24,1400.67
LD00021010,1812.19,1316.23,1568.73
LD00021011,2090.0,2319.34,2680.56
LD00021012,2185.3,1989.3,2600.16
LD00021013,1642.39,1460.78,2429.53
LD00021014,2024.21,2018.67,2286.52
LD00021015,2124.94,1520.91,1976.6
LD00021016,1560.79,2423.13,2446.18
LD00021017,2613.58,1362.14,1787.08
LD00021018,2662.55,1849.97,1414.41
LD00021019,2074.9,2339.98,2463.61
LD00021020,1950.92,1367.29,2569.86
LD00021021,1922.62,2077.73,1623.15
LD00021022,1538.63,1690.53,2755.09
LD00021023,2697.41,1475.27,1554.6
LD00021024,2712.91,1856.16,2665.45
LD00021025,2815.59,2029.8,2463.47
LD00021026,2459.42,2174.79,2751.17
LD00021027,1860.78,1213.47,1482.85
LD00021028,1662.42,1597.79,1657.76
LD00021029,2004.45,1464.62,2089.98
LD00021030,1552.91,1740.16,2673.55
LD00021031,2502.68,2384.88,1864.37
LD00021032,2456.16,2376.48,2453.08
LD00021033,1981.31,2325.72,1707.59
LD00021034,1902.89,2049.66,1856.89
LD00021035,2684.87,1739.67,1615.05
LD00021036,2620.84,1258.12,2525.18
LD00021037,2786.71,2046.52,2273.4
LD00021038,1917.85,1834.3,2415.17
LD00021039,1722.61,1632.49,2549.21
LD00021040,1817.36,1825.75,2043.26
LD00021041,2270.04,1504.88,2635.76
LD00021042,1746.77,2165.68,2028.45
LD00021043,1506.91,1257.44,2168.91
LD00021044,1918.57,2059.24,1475.12
LD00021045,2986.86,1629.53,1770.77
LD00021046,2726.38,2072.78,2151.24
LD00021047,1800.01,2459.56,2069.99
LD00021048,2726.87,1966.51,1961.65
LD00021049,2672.86,1332.63,1667.66
LD00021050,1633.3,1238.47,1958.37
LD00021051,2355.15,2269.04,2222.16
LD00021052,1805.71,1228.13,1464.81
LD00021053,2788.93,1706.47,2173.01
LD00021054,1898.16,2343.18,1470.32
LD00021055,2403.4,1642.96,1598.96
LD00021056,2742.73,1864.48,1603.97
LD00021057,1952.13,2312.69,1771.91
LD00021058,2006.33,1707.43,2435.17
LD00021059,2307.25,1247.33,2552.48
LD00021060,1784.99,2170.37,1468.4
LD00021061,2991.39,2066.72,2700.55
LD00021062,1933.15,1635.45,2429.05
LD00021063,1682.08,1976.95,1649.7
LD00021064,2199.07,1509.52,1991.79
LD00021065,2656.53,1513.92,1426.69
LD00021066,2473.91,2266.5,1964.94
LD00021067,1843.46,1643.68,1887.75
LD00021068,2047.99,1456.22,1674.24
LD00021069,2975.29,2029.16,2315.98
LD00021070,1807.42,2433.66,1561.5
LD00021071,2320.88,2258.4,2360.67
LD00021072,2800.81,2085.3,2254.26
LD00021073,2542.54,2058.51,1728.1
LD00021074,1635.75,1432.82,2400.28
LD00021075,2081.72,2102.54,2315.57
LD00021076,1650.51,2227.87,2212.84
LD00021077,2262.09,1771.19,2429.37
LD00021078,1786.55,1771.75,1980.91
LD00021079,2913.33,1746.05,1978.99
LD00021080,2847.31,1696.56,2226.54
LD00021081,2069.34,2193.58,2328.86
LD00021082,2648.81,1201.66,2513.7
LD00021083,2750.78,1315.56,2342.88
LD00021084,2361.6,1613.7,1951.41
LD00021085,2705.97,1681.29,1871.81
LD00021086,2880.33,1319.17,2301.98
LD00021087,2140.0,2082.38,2070.99
LD00021088,1644.37,2447.41,1907.19
LD00021089,1885.24,1597.7,2325.13
LD00021090,2616.07,1437.33,2304.57
LD00021091,2539.92,2152.76,1719.42
LD00021092,2845.95,1650.93,2151.03
LD00021093,2829.84,2043.57,2199.49
LD00021094,2115.58,1968.65,2270.24
LD00021095,2444.56,2432.81,1626.18
LD00021096,2116.87,2052.31,2399.52
LD00021097,2043.7,2384.16,2488.78
LD00021098,2761.55,1376.54,2240.79
LD00021099,2397.62,2407.76,2733.31
LD00021100,2144.77,2274.15,2069.84
LD00021101,2815.14,2296.5,1682.54
LD00021102,2240.27,1283.75,2203.16
LD00021103,1662.28,1563.47,2121.98
LD00021104,2645.37,1611.25,2520.62
LD00021105,2666.79,2476.65,2713.77
LD00021106,2418.28,1819.62,2433.07
LD00021107,2313.07,1880.82,1727.38
LD00021108,2287.09,1614.28,2546.82
LD00021109,2976.68,1212.79,2307.78
LD00021110,1854.5,1295.04,2260.0
LD00021111,2900.3,2299.81,2180.51
LD00021112,2818.19,1980.77,2137.77
LD00021113,2867.48,1531.93,2564.99
LD00021114,2478.83,2109.95,2785.14
LD00021115,1546.62,1772.37,1487.61
LD00021116,1803.54,2154.06,1557.69
LD00021117,2717.93,1721.96,2232.1
LD00021118,2807.72,2178.85,2277.79
LD00021119,2428.89,2146.75,2762.87
LD00021120,1740.53,1759.84,1960.24
LD00021121,1907.49,1575.6,2560.04
LD00021122,2010.14,1726.51,2187.33
LD00021123,2254.27,2141.23,1980.4
LD00021124,2380.52,1551.3,2291.08
LD00021125,1510.33,2377.31,2322.8
LD00021126,2753.61,2409.84,1854.15
LD00021127,2729.74,2044.29,1878.15
LD00021128,2107.17,1877.75,2601.44
LD00021129,1745.75,2059.33,1530.53
LD00021130,1905.21,2329.47,1948.5
LD00021131,1687.74,2139.77,2751.33
LD00021132,1800.78,2041.85,1601.24
LD00021133,1577.04,1415.94,1407.82
LD00021134,2872.54,2105.05,1900.14
LD00021135,2031.42,1638.73,1919.58
LD00021136,2096.4,1732.39,2476.7
LD00021137,2356.18,1439.06,2003.89
LD00021138,1932.89,1542.76,2582.09
LD00021139,2882.42,2383.14,1439.81
LD00021140,2876.44,1612.96,1969.86
LD00021141,2785.52,1872.12,1992.5
LD00021142,2699.47,1949.89,1714.5
LD00021143,2294.15,1259.0,2767.87
LD00021144,2991.06,2463.08,2407.86
LD00021145,1828.46,2396.64,2715.99
LD00021146,2155.09,2383.28,2381.76
LD00021147,1663.36,2284.05,1701.96
LD00021148,1597.59,1493.58,1837.14
LD00021149,2030.75,2459.69,2028.01
LD00021150,2532.81,1292.84,1965.05
LD00021151,1834.89,1910.65,2135.42
LD00021152,2281.97,2439.51,1962.54
LD00021153,2528.28,1204.55,2319.55
LD00021154,1714.03,2071.03,1645.31
LD00021155,1757.52,2373.65,1795.98
LD00021156,1642.54,2376.38,2225.02
LD00021157,2823.2,1736.32,1937.17
LD00021158,1716.54,2078.48,2405.83
LD00021159,2631.23,2308.86,2500.87
LD00021160,2644.36,2021.2,1535.57
LD00021161,2239.68,1338.32,2001.79
LD00021162,2431.72,1443.93,2490.83
LD00021163,2197.33,1451.09,1876.89
LD00021164,2727.44,2075.04,2075.61
LD00021165,2994.93,1637.96,1440.26
LD00021166,1652.21,2331.65,1571.21
LD00021167,2238.1,2028.34,2184.95
LD00021168,1711.1,1341.59,1606.84
LD00021169,2944.0,2303.02,2033.97
LD00021170,2807.24,1849.93,2100.91
LD00021171,1821.52,1941.37,1624.76
LD00021172,1889.58,2127.93,1512.18
LD00021173,2275.39,1824.67,2746.04
LD00021174,2501.15,1544.76,2526.61
LD00021175,2750.32,2316.48,2022.93
LD00021176,2340.3,1625.86,2071.79
LD00021177,2484.67,2498.32,1941.93
LD00021178,1877.26,2122.82,2690.48
LD00021179,2270.89,2034.77,1517.3
LD00021180,2659.64,2332.87,2342.6
LD00021181,2644.25,1541.41,1436.99
LD00021182,1624.11,2497.1,2513.05
LD00021183,2316.54,1297.25,1677.16
LD00021184,2489.39,1858.7,2078.63
LD00021185,1769.56,2399.1,2768.02
LD00021186,2758.83,1793.39,1621.8
LD00021187,1652.17,1918.58,2632.44
LD00021188,2534.97,1888.2,2256.61
LD00021189,2097.6,2155.74,2627.29
LD00021190,1534.36,2021.74,2762.96
LD00021191,1555.41,1449.73,2281.22
LD00021192,2011.14,1875.93,1502.84
LD00021193,2727.45,2133.08,1731.46
LD00021194,2399.8,2051.27,1455.66
LD00021195,2700.79,2198.71,2037.59
LD00021196,1717.89,1593.32,2042.07
LD00021197,2340.46,2126.25,1470.49
LD00021198,2150.73,1521.6,1687.56
LD00021199,2024.16,1319.43,2777.39
LD00021200,2990.34,1287.84,2458.45
LD00021201,1586.59,2308.21,1984.52
LD00021202,2147.94,1804.47,2689.3
LD00021203,2857.43,1350.71,1583.02
LD00021204,2900.66,1256.57,1538.11
LD00021205,2293.11,1800.46,1445.18
LD00021206,2593.76,2059.33,2426.68
LD00021207,1776.76,1276.19,2199.84
LD00021208,1938.39,1207.02,2347.32
LD00021209,1871.5,1212.27,1400.97
LD00021210,2545.18,1596.43,1873.76
LD00021211,2714.14,1624.94,2081.69
LD00021212,2255.9,2077.25,2164.64
LD00021213,2352.57,2337.01,2303.98
LD00021214,2321.77,2331.4,1767.81
LD00021215,1868.5,1959.78,2498.8
LD00021216,2049.88,2089.93,1932.76
LD00021217,2578.24,1809.02,2057.29
LD00021218,1679.26,1443.43,2799.99
LD00021219,1960.15,2346.67,1859.75
LD00021220,2589.94,1967.01,2632.07
LD00021221,2759.65,1299.28,1767.56
LD00021222,2314.18,1922.1,2678.51
LD00021223,1597.27,1590.35,1762.29
LD00021224,2549.36,1616.28,2110.75
LD00021225,1978.94,1473.68,1553.68
LD00021226,2104.11,1437.08,2294.59
LD00021227,2468.55,2353.66,1879.67
LD00021228,2446.29,1686.89,1960.2
LD00021229,2138.39,1226.1,1503.21
LD00021230,2663.48,1486.38,2423.59
LD00021231,2458.79,2313.66,2098.86
LD00021232,2345.85,1820.92,2463.04
LD00021233,1566.21,2207.69,2504.3
LD00021234,1739.79,1853.29,2244.91
LD00021235,1625.5,2350.0,1943.84
LD00021236,1742.83,1669.92,2608.4
LD00021237,2755.4,2093.98,1552.88
LD00021238,2786.7,1764.87,2471.26
LD00021239,2791.89,1776.06,2245.83
LD00021240,1899.63,1829.4,1910.81
LD00021241,1902.44,2168.1,2265.42
LD00021242,2953.93,1313.57,2183.46
LD00021243,2992.13,2020.48,1977.75
LD00021244,1976.95,1874.37,1605.67
LD00021245,1916.78,2276.48,2572.19
LD00021246,1572.06,2495.82,1996.88
LD00021247,2262.92,2178.36,2736.78
LD00021248,2101.65,1895.18,1410.36
LD00021249,2235.34,2232.46,1882.82
LD00021250,1663.63,2086.44,1411.55
LD00021251,2746.41,1624.14,2727.98
LD00021252,2632.67,1903.4,2593.47
LD00021253,2619.98,1662.82,1835.53
LD00021254,2674.47,2063.16,2338.71
LD00021255,2951.71,1435.42,1843.3
LD00021256,2809.77,2283.91,1965.16
LD00021257,1874.95,1666.2,1692.16
LD00021258,2254.24,1960.84,2098.28
LD00021259,1728.84,1733.06,1917.77
LD00021260,2458.61,1577.91,1424.91
LD00021261,2886.93,2116.93,2334.22
LD00021262,2374.54,1447.05,2182.86
LD00021263,1854.71,1836.46,1938.72
LD00021264,1962.14,1772.06,1471.15
LD00021265,2506.52,2300.96,2197.01
LD00021266,1506.31,2221.37,2453.79
LD00021267,1729.4,2079.26,2427.35
LD00021268,2262.13,1981.41,2039.47
LD00021269,2206.45,2336.27,2749.55
LD00021270,1635.93,1235.52,1585.12
LD00021271,2400.79,1463.86,1767.76
LD00021272,2128.23,1623.82,1456.95
LD00021273,2287.07,1936.88,2303.92
LD00021274,2130.99,1365.92,1466.09
LD00021275,2878.76,2069.13,2286.45
LD00021276,1801.45,2271.75,1590.94
LD00021277,1773.0,1235.99,1495.45
LD00021278,2559.12,1412.41,1706.09
LD00021279,2283.9,1683.7,1568.82
LD00021280,1606.25,1569.7,1900.83
LD00021281,1728.98,1768.05,1776.59
LD00021282,2269.07,1895.51,1910.15
LD00021283,2567.21,2128.42,2250.15
LD00021284,2104.7,1604.7,1445.24
LD00021285,2943.54,1521.34,2647.75
LD00021286,2263.99,1313.7,1569.92
LD00021287,2181.93,1385.07,2695.18
LD00021288,1813.22,1234.71,1509.27
LD00021289,1508.32,1990.14,2030.05
LD00021290,2256.1,2492.64,2585.85
LD00021291,2349.49,1612.27,2034.15
LD00021292,2171.12,2043.63,2617.72
LD00021293,2382.04,2243.69,2152.73
LD00021294,2009.87,1388.61,2390.39
LD00021295,2026.43,1403.3,2540.94
LD00021296,2972.1,1908.56,1617.27
LD00021297,2394.97,1270.82,2010.64
LD00021298,2842.78,2046.96,2730.91
LD00021299,1694.71,1489.53,1692.64
LD00021300,2018.38,1649.64,1705.56
LD00021301,2475.47,2159.7,1581.45
LD00021302,2092.97,1643.25,1633.97
LD00021303,1916.42,1529.76,1652.16
LD00021304,2901.07,1769.88,2594.08
LD00021305,1982.36,1874.28,1823.63
LD00021306,1949.5,2167.37,1537.71
LD00021307,2063.94,2257.52,2112.15
LD00021308,2173.31,2074.41,2727.7
LD00021309,1910.19,1544.2,1585.13
LD00021310,1944.87,1507.41,1464.75
LD00021311,2985.6,2209.51,1794.18
LD00021312,2138.3,1910.83,2690.99
LD00021313,2441.89,1416.17,2599.49
LD00021314,2928.67,2240.67,2514.94
LD00021315,2146.57,2462.03,2574.08
LD00021316,1890.95,1978.34,2255.0
LD00021317,2531.14,1916.81,1803.24
LD00021318,2443.66,2468.91,2679.29
LD00021319,2682.3,1657.7,1671.44
LD00021320,1644.58,1586.57,2382.1
LD00021321,1653.39,2391.4,2268.01
LD00021322,2297.18,1279.18,2075.15
LD00021323,1619.0,2261.75,1407.77
LD00021324,2083.5,2156.33,2190.58
LD00021325,2553.29,1452.99,2360.89
LD00021326,1648.24,1710.78,1909.38
LD00021327,2632.64,1259.45,2298.67
LD00021328,2225.86,1847.66,2026.07
LD00021329,2688.2,1208.61,1981.35
LD00021330,2722.24,2325.75,2416.65
LD00021331,2592.18,2111.88,2194.29
LD00021332,1812.82,1661.68,2471.82
LD00021333,1649.99,1820.51,2381.21
LD00021334,1658.73,1287.1,2233.56
LD00021335,1743.93,1503.89,2522.91
LD00021336,2049.89,1590.52,2006.07
LD00021337,1874.12,1287.55,1932.8
LD00021338,2761.83,2300.84,1420.78
LD00021339,2696.81,1338.47,2333.1
LD00021340,1754.5,1357.08,2370.67
LD00021341,2433.93,1885.95,2633.9
LD00021342,2533.85,1574.08,2081.78
LD00021343,1582.86,1622.28,1614.51
LD00021344,1878.77,1473.9,1400.28
LD00021345,2126.76,2360.12,1810.1
LD00021346,2387.79,1981.34,1606.39
LD00021347,1776.91,2364.77,1901.74
LD00021348,1732.46,1422.89,1618.58
LD00021349,1657.0,1967.62,1631.37
LD00021350,1934.07,2357.15,2413.08
LD00021351,1639.36,1305.9,2602.61
LD00021352,1598.37,2137.54,2060.11
LD00021353,2435.38,2396.11,2517.75
LD00021354,2379.3,2395.49,1841.83
LD00021355,2848.96,1735.22,2642.0
LD00021356,2281.9,1378.73,2795.99
LD00021357,2868.33,1881.72,1599.77
LD00021358,2834.61,1682.97,1935.46
LD00021359,1529.04,1276.24,1786.64
LD00021360,2458.17,2041.2,2322.88
LD00021361,2677.71,1505.28,1714.39
LD00021362,1843.52,1469.74,2698.08
LD00021363,1510.08,1294.05,2127.18
LD00021364,2747.31,1743.98,2254.17
LD00021365,2930.15,2000.34,2435.42
LD00021366,2866.18,2130.1,1616.99
LD00021367,2330.05,1885.92,2664.87
LD00021368,1536.86,2027.93,1896.04
LD00021369,2169.0,1564.95,2396.1
LD00021370,2109.43,2265.83,2570.45
LD00021371,2523.19,1589.98,1898.37
LD00021372,1722.17,1807.46,2035.13
LD00021373,1598.01,1436.51,2385.11
LD00021374,1927.65,1398.99,2504.57
LD00021375,1811.06,2160.08,1975.38
LD00021376,2835.51,1640.07,1646.3
LD00021377,2835.53,1446.22,1542.97
LD00021378,1717.15,2163.65,2271.09
LD00021379,2724.02,2445.95,2082.83
LD00021380,2582.13,1355.64,1853.13
LD00021381,1942.41,2094.56,2706.76
LD00021382,1992.34,2228.6,1443.13
LD00021383,2808.35,2428.88,1776.99
LD00021384,2930.6,1926.38,2249.5
LD00021385,1935.95,1478.72,2385.4
LD00021386,2881.12,1834.6,1906.91
LD00021387,2744.81,1713.2,2529.27
LD00021388,2518.53,1228.36,1600.46
LD00021389,2725.76,2002.94,2637.67
LD00021390,2836.87,1422.06,1663.61
LD00021391,2072.91,1420.73,2790.97
LD00021392,1797.86,1692.61,2205.87
LD00021393,2431.61,1858.36,2292.64
LD00021394,2437.94,2313.56,2684.42
LD00021395,1640.32,1214.73,2495.48
LD00021396,1818.07,2367.44,1820.95
LD00021397,1888.29,1984.42,2235.74
LD00021398,2477.08,1791.17,2686.71
LD00021399,1848.71,1757.21,2616.67
LD00021400,2616.24,2228.67,2607.93
LD00021401,1516.94,2308.92,2138.71
LD00021402,1605.03,2368.18,2340.97
LD00021403,2829.17,1854.73,1747.05
LD00021404,2208.31,1327.32,2218.69
LD00021405,1939.85,1206.28,2589.42
LD00021406,1660.15,1911.03,1709.46
LD00021407,2062.31,1511.95,1505.66
LD00021408,1706.12,2369.28,2711.68
LD00021409,2168.46,1529.91,1543.41
LD00021410,2692.21,2107.25,2180.17
LD00021411,1514.2,2420.13,1785.91
LD00021412,1966.1,2194.06,1612.53
LD00021413,1919.66,1433.95,2539.08
LD00021414,1956.66,2187.33,2313.05
LD00021415,2900.8,2228.73,2433.56
LD00021416,1504.94,2063.49,1475.2
LD00021417,2126.85,1521.26,1787.23
LD00021418,1774.17,2119.84,1702.85
LD00021419,1602.95,1418.63,1672.59
LD00021420,2787.27,2149.42,1839.86
LD00021421,2359.93,1261.13,2163.86
LD00021422,1694.52,1300.65,2150.35
LD00021423,1595.17,2079.43,1607.93
LD00021424,2624.93,1903.8,2782.95
LD00021425,2833.04,1518.12,2020.24
LD00021426,2494.11,1365.89,2280.43
LD00021427,2611.9,1643.88,2656.13
LD00021428,2492.31,2258.8,2301.96
LD00021429,2490.73,2470.58,2248.31
LD00021430,2654.0,1519.34,2014.62
LD00021431,2551.9,2396.18,2133.6
LD00021432,1778.61,1928.74,1685.03
LD00021433,2001.85,1475.07,2618.34
LD00021434,2022.9,2461.52,2524.77
LD00021435,2523.66,1324.06,2183.72
LD00021436,1756.72,2080.09,1540.1
LD00021437,2601.18,1227.56,2014.16
LD00021438,2558.98,2155.38,1966.74
LD00021439,2297.11,2281.52,2439.79
LD00021440,1738.35,2461.43,2361.06
LD00021441,2218.33,1239.48,1580.77
LD00021442,2782.32,1863.82,2300.27
LD00021443,2006.91,1220.48,1421.62
LD00021444,2517.27,1960.17,2331.45
LD00021445,1550.99,1917.23,2014.61
LD00021446,2459.14,1818.74,1780.42
LD00021447,2142.58,2455.6,1510.43
LD00021448,2805.26,2480.27,2145.92
LD00021449,1869.24,2136.98,1909.79
LD00021450,2984.25,2438.87,2062.46
LD00021451,2695.62,1303.97,2484.53
LD00021452,2769.71,2019.06,2478.04
LD00021453,2583.37,1303.68,2428.3
LD00021454,2131.94,2111.65,2754.78
LD00021455,1673.63,1576.01,2603.56
LD00021456,1876.78,1484.88,2541.69
LD00021457,2709.82,1535.77,1991.11
LD00021458,1564.28,1480.95,2316.47
LD00021459,1796.97,1478.98,2175.19
LD00021460,2424.1,1341.95,2608.63
LD00021461,2311.52,1684.72,2635.08
LD00021462,2271.53,2073.15,2547.59
LD00021463,2848.93,1841.31,1550.64
LD00021464,1774.91,1395.44,2219.16
LD00021465,1622.8,1241.63,1487.19
LD00021466,2984.71,1497.55,1672.92
LD00021467,1698.83,2147.28,1906.72
LD00021468,1946.71,2114.14,2799.79
LD00021469,2067.31,1297.75,2090.35
LD00021470,2046.24,1750.74,1965.99
LD00021471,1868.36,1493.47,1872.1
LD00021472,2997.01,2135.36,2204.88
LD00021473,2984.71,1823.72,1504.27
LD00021474,2156.87,1555.55,2556.99
LD00021475,2849.5,2055.66,1558.28
LD00021476,2062.41,2419.22,1643.48
LD00021477,1943.32,1460.21,2478.22
LD00021478,1792.03,1765.75,1572.38
LD00021479,2739.95,2066.01,2274.29
LD00021480,2857.47,1808.23,2254.45
LD00021481,1713.29,2181.83,1425.2
LD00021482,2991.42,1484.15,2682.89
LD00021483,2581.37,2451.65,1779.08
LD00021484,1728.6,1301.78,1535.88
LD00021485,1983.83,2101.42,2153.15
LD00021486,1889.65,1864.91,2391.53
LD00021487,2767.75,1338.34,2440.84
LD00021488,2698.16,2354.22,2760.02
LD00021489,1649.15,2485.35,2434.37
LD00021490,1612.39,1550.74,2155.9
LD00021491,2660.24,1582.2,1717.76
LD00021492,2666.21,1337.65,2041.12
LD00021493,2881.4,1715.68,1821.97
LD00021494,2228.51,1385.31,2503.87
LD00021495,2242.93,1359.8,1681.78
LD00021496,2668.7,2031.94,1630.24
LD00021497,1758.49,1807.26,1814.02
LD00021498,2486.15,2182.06,1550.14
LD00021499,1662.07,2285.86,2411.08
LD00021500,2616.57,2295.31,2230.57
LD00021501,1729.26,2400.65,2287.39
LD00021502,2584.81,1980.23,2242.0
LD00021503,2317.16,1567.76,1996.26
LD00021504,2364.82,1762.47,2399.93
LD00021505,2586.49,2170.13,1782.13
LD00021506,2472.36,2052.84,2541.43
LD00021507,2678.16,1248.84,1936.65
LD00021508,1799.64,1445.38,2082.89
LD00021509,2959.34,1300.35,1845.77
LD00021510,2634.23,2307.64,2480.94
LD00021511,2532.85,1200.92,2077.18
LD00021512,1845.59,1865.71,2182.09
LD00021513,2414.12,1954.65,1538.36
LD00021514,1974.61,1453.07,2572.71
LD00021515,1667.52,1637.48,2538.55
LD00021516,2333.69,1724.83,1705.3
LD00021517,2798.05,1671.63,2559.58
LD00021518,2679.72,1370.3,2142.99
LD00021519,2960.83,2493.58,1426.76
LD00021520,2743.9,1985.79,1962.51
LD00021521,2417.11,1329.09,2220.74
LD00021522,1637.46,1921.33,2252.8
LD00021523,2513.47,1936.78,2005.33
LD00021524,2708.06,1708.87,2774.65
LD00021525,1965.22,2464.56,1911.36
LD00021526,1679.7,1298.36,1421.56
LD00021527,1972.36,1838.32,2143.11
LD00021528,2202.1,1389.76,1454.79
LD00021529,1826.52,1613.8,2667.73
LD00021530,2966.52,1424.88,2215.05
LD00021531,2313.72,1526.11,1490.66
LD00021532,2106.11,2293.49,1874.86
LD00021533,1628.38,1395.76,2367.69
LD00021534,1940.16,2273.41,1842.95
LD00021535,2382.66,1664.73,1607.57
LD00021536,2768.53,2142.55,2610.24
LD00021537,1620.44,2324.57,1518.92
LD00021538,1562.55,1834.53,2628.88
LD00021539,2456.6,1260.5,2317.37
LD00021540,2133.65,1805.29,2268.19
LD00021541,2601.4,1225.11,2267.36
LD00021542,2574.23,1720.74,1468.57
LD00021543,1713.78,1887.38,2109.81
LD00021544,1966.95,1728.65,2633.69
LD00021545,2888.51,1267.9,1661.82
LD00021546,2089.87,2365.27,2014.16
LD00021547,2508.91,2428.2,2135.23
LD00021548,1964.38,2351.45,1697.17
LD00021549,2182.42,2321.47,1947.84
LD00021550,2889.49,1846.4,2373.05
LD00021551,1946.03,1470.97,1956.9
LD00021552,2435.21,1871.44,2655.71
LD00021553,2667.04,1621.65,1795.64
LD00021554,1507.8,1568.66,1402.57
LD00021555,2227.76,2094.58,1700.37
LD00021556,1689.59,2396.85,2338.4
LD00021557,2293.13,2482.02,1528.46
LD00021558,2133.21,1805.0,1894.33
LD00021559,2982.46,1212.43,1768.59
LD00021560,2296.37,1810.22,2276.34
LD00021561,1851.08,1416.94,1518.56
LD00021562,2787.05,1503.94,1980.89
LD00021563,1585.01,1223.95,1891.33
LD00021564,2768.24,1407.33,2496.12
LD00021565,1720.77,1711.08,2557.16
LD00021566,2417.61,2022.63,1973.27
LD00021567,2057.14,2066.29,2051.37
LD00021568,2649.19,1364.62,2599.34
LD00021569,2195.63,1291.59,1873.42
LD00021570,2403.92,2121.1,2271.05
LD00021571,2994.01,2150.05,2259.59
LD00021572,1944.78,1827.49,1741.43
LD00021573,2865.4,1267.66,2125.4
LD00021574,2636.44,1856.4,2047.72
LD00021575,2346.47,2190.04,2551.6
LD00021576,1579.49,1981.76,1841.13
LD00021577,1810.12,2498.48,2416.63
LD00021578,2850.72,2274.55,2529.23
LD00021579,2540.63,2062.11,2117.81
LD00021580,2470.03,1680.2,1945.57
LD00021581,2284.59,2428.68,1928.43
LD00021582,1956.1,1344.8,1745.23
LD00021583,2386.72,1209.64,2697.1
LD00021584,2741.33,2221.99,2290.36
LD00021585,2859.17,1471.49,2081.5
LD00021586,2706.5,2166.63,2582.86
LD00021587,2021.44,1855.65,1626.46
LD00021588,2199.63,1979.55,1993.58
LD00021589,2347.62,2147.08,2146.41
LD00021590,2724.58,1337.3,2657.48
LD00021591,1782.92,1663.16,1785.14
LD00021592,2235.44,1609.78,2261.34
LD00021593,2608.88,1725.43,1585.65
LD00021594,2996.93,1598.37,2169.15
LD00021595,2389.12,2068.24,1773.12
LD00021596,2631.91,2269.08,2104.67
LD00021597,2322.59,2280.22,1441.68
LD00021598,2274.26,2233.62,2597.98
LD00021599,2578.3,2230.18,2093.87
LD00021600,1892.59,2279.6,2770.02
LD00021601,1714.8,1435.23,2664.3
LD00021602,2672.56,2417.17,2183.76
LD00021603,2087.5,1852.7,2099.09
LD00021604,2013.73,1592.61,1498.37
LD00021605,1862.54,1768.58,2313.62
LD00021606,2116.78,1648.65,1666.39
LD00021607,1777.14,2152.67,1686.63
LD00021608,2264.05,1544.94,2186.37
LD00021609,2064.65,1228.79,1870.0
LD00021610,1603.93,1474.9,1793.29
LD00021611,2821.35,2331.87,1846.1
LD00021612,1884.86,2244.91,1948.02
LD00021613,2314.07,1294.76,1974.44
LD00021614,2852.3,1850.41,2774.93
LD00021615,2593.08,1367.72,2279.38
LD00021616,2310.27,2280.72,2525.38
LD00021617,2504.75,2440.86,2785.27
LD00021618,2279.33,1544.64,2089.67
LD00021619,2123.63,1562.31,1886.97
LD00021620,1905.95,1683.38,2203.16
LD00021621,2223.99,1699.43,2751.06
LD00021622,1631.47,2439.1,1744.76
LD00021623,1742.87,1594.66,2611.61
LD00021624,2262.42,2326.1,2031.67
LD00021625,2358.99,1475.71,2686.1
LD00021626,2509.95,1571.0,1595.67
LD00021627,2738.46,1542.04,2493.71
LD00021628,2856.95,2191.51,2711.64
LD00021629,1802.89,2486.47,1462.44
LD00021630,2665.11,2408.38,2631.23
LD00021631,2060.87,2393.58,1659.79
LD00021632,1598.06,1996.31,2000.99
LD00021633,1622.7,1423.54,1919.15
LD00021634,2250.75,1469.06,2641.78
LD00021635,1558.02,2153.75,2428.0
LD00021636,2277.69,1237.33,2526.98
LD00021637,1737.1,2247.33,2567.76
LD00021638,1989.5,1880.76,2242.78
LD00021639,1845.27,2180.93,2165.01
LD00021640,1574.75,1620.16,2183.6
LD00021641,2748.33,1936.29,2489.41
LD00021642,1579.25,2233.25,1633.11
LD00021643,2969.93,1347.68,1579.62
LD00021644,1816.44,1558.41,2770.94
LD00021645,1832.96,1519.01,2667.3
LD00021646,2299.59,1520.41,1737.73
LD00021647,2859.36,1930.32,2032.04
LD00021648,1993.72,1481.8,2084.56
LD00021649,2570.16,1808.13,2572.12
LD00021650,1879.82,1762.67,2325.89
LD00021651,2303.39,1779.12,1904.6
LD00021652,1912.86,2311.14,2400.0
LD00021653,1919.42,1349.21,2204.94
LD00021654,2700.74,1862.08,2190.01
LD00021655,2589.06,1388.64,2184.67
LD00021656,1952.01,1409.05,2766.26
LD00021657,1578.37,2497.42,2314.81
LD00021658,1860.21,1519.61,2096.66
LD00021659,2992.37,1416.82,1885.69
LD00021660,2664.72,1698.63,1660.13
LD00021661,2808.44,1344.25,2213.81
LD00021662,1547.59,1646.13,2040.1
LD00021663,2825.29,1271.15,2301.02
LD00021664,1800.9,1235.78,1446.54
LD00021665,1869.56,1882.98,1758.31
LD00021666,2165.37,1235.69,1827.36
LD00021667,1659.11,1984.96,2778.15
LD00021668,2332.62,1236.85,2231.57
LD00021669,2071.33,1333.41,2444.53
LD00021670,1900.44,1712.13,2213.43
LD00021671,2532.54,2405.25,2211.06
LD00021672,2408.67,2009.54,1408.76
LD00021673,2111.99,1900.66,1862.36
LD00021674,2596.32,2259.85,2401.59
LD00021675,1914.15,2279.9,2298.32
LD00021676,2844.59,2456.05,1423.79
LD00021677,2049.69,1707.49,2602.35
LD00021678,1870.94,2403.23,1517.13
LD00021679,2424.22,1953.35,1460.39
LD00021680,1511.69,1975.63,2603.52
LD00021681,1926.28,2376.5,1917.6
LD00021682,1574.81,1768.25,2527.03
LD00021683,1535.0,1684.27,2525.93
LD00021684,2508.3,1212.29,2606.84
LD00021685,2517.86,1542.81,2347.3
LD00021686,1681.02,1828.73,1594.99
LD00021687,1667.92,1927.34,1564.61
LD00021688,2987.1,2325.88,2549.88
LD00021689,2748.54,2350.8,1750.45
LD00021690,2947.3,2236.8,1998.24
LD00021691,2070.3,1472.33,2666.99
LD00021692,1882.47,1755.59,1578.13
LD00021693,1876.87,2002.38,2002.35
LD00021694,1990.72,1879.03,2210.24
LD00021695,2447.58,1842.83,1671.02
LD00021696,2583.12,1267.29,1415.91
LD00021697,1618.91,2142.94,1773.57
LD00021698,2133.75,2267.47,2544.4
LD00021699,2954.1,1330.45,2769.48
LD00021700,2898.83,1759.04,1675.09
LD00021701,2153.89,1331.82,2697.42
LD00021702,2789.58,1481.45,1798.69
LD00021703,2084.51,1399.44,1711.97
LD00021704,2150.75,2161.41,1873.62
LD00021705,1853.98,1249.93,2446.02
LD00021706,2547.21,1858.52,2105.05
LD00021707,1523.73,1967.54,2716.01
LD00021708,2089.07,1674.76,2100.09
LD00021709,2211.51,2476.25,1689.12
LD00021710,2175.4,2247.08,2452.98
LD00021711,2734.53,2405.95,1839.09
LD00021712,1931.7,1606.33,1604.58
LD00021713,2210.97,1334.14,2098.74
LD00021714,1766.48,1899.28,2797.86
LD00021715,2044.09,1690.54,2727.51
LD00021716,1674.56,1278.51,2369.14
LD00021717,2705.38,1743.94,1503.31
LD00021718,2883.73,1792.13,1576.88
LD00021719,1984.83,2163.57,2580.04
LD00021720,2503.08,1817.11,2447.78
LD00021721,2449.64,1386.6,2037.18
LD00021722,2324.14,1803.44,1747.9
LD00021723,1726.65,1312.15,2559.2
LD00021724,2648.33,1723.6,1678.78
LD00021725,1512.94,2379.92,2550.07
LD00021726,2737.69,2321.18,1922.71
LD00021727,2560.04,2035.48,2552.3
LD00021728,2987.07,1527.06,1884.08
LD00021729,1545.08,1933.28,2540.06
LD00021730,2600.79,1433.53,2497.06
LD00021731,1955.09,2010.46,1722.41
LD00021732,2180.72,1928.09,2536.44
LD00021733,1533.74,2469.97,2499.23
LD00021734,2830.17,2150.19,2676.32
LD00021735,1669.48,1200.71,2650.2
LD00021736,2796.84,2211.68,2136.11
LD00021737,2414.78,2170.71,1788.08
LD00021738,1726.5,2185.0,1587.38
LD00021739,2143.62,1902.6,2103.74
LD00021740,2261.82,1920.48,1605.15
LD00021741,2222.26,1927.66,1979.97
LD00021742,2443.0,2331.12,1603.91
LD00021743,2582.6,2042.22,1554.69
LD00021744,2550.46,2070.8,1922.95
LD00021745,2206.34,1211.19,2755.22
LD00021746,1888.04,1731.86,2365.67
LD00021747,2546.81,1716.18,2188.5
LD00021748,1832.94,1739.91,2561.74
LD00021749,2499.18,1859.73,2193.52
LD00021750,2942.63,2464.52,2735.75
LD00021751,1832.64,1361.99,1648.97
LD00021752,2115.13,1659.96,2264.36
LD00021753,2795.14,1722.12,1559.66
LD00021754,2503.2,2399.38,1750.33
LD00021755,2746.2,1988.87,2423.8
LD00021756,2115.77,2237.73,2292.48
LD00021757,2221.12,1971.37,2587.15
LD00021758,2786.53,1993.5,2504.12
LD00021759,2057.74,1641.39,2387.75
LD00021760,1932.82,1207.29,2250.59
LD00021761,1804.53,1287.56,1668.45
LD00021762,1925.34,1413.31,2035.67
LD00021763,2085.75,1910.48,2789.48
LD00021764,2305.67,1808.99,2486.93
LD00021765,1765.27,2469.67,2469.83
LD00021766,2138.66,1542.95,1469.42
LD00021767,2838.79,1278.26,1861.48
LD00021768,2468.16,1721.34,1506.19
LD00021769,1719.57,1702.31,1723.31
LD00021770,1702.88,1327.19,1677.76
LD00021771,2897.98,2206.54,1700.94
LD00021772,1978.69,1888.08,2465.7
LD00021773,1849.39,2106.62,1935.75
LD00021774,2653.3,1587.32,2464.46
LD00021775,1848.08,1432.65,2544.04
LD00021776,2185.91,2117.28,1746.63
LD00021777,2826.73,2164.57,2494.49
LD00021778,2931.2,1946.37,1712.54
LD00021779,2389.57,1589.54,1719.49
LD00021780,1512.86,1956.57,2535.61
LD00021781,2972.51,1349.43,1533.77
LD00021782,2653.89,2262.76,2173.48
LD00021783,2241.13,2383.88,2679.55
LD00021784,2620.36,2138.79,2038.87
LD00021785,2051.17,2460.14,2417.8
LD00021786,1812.74,2490.86,1567.45
LD00021787,2647.42,1974.39,2787.76
LD00021788,2318.31,2074.13,2732.68
LD00021789,2242.5,2020.7,1782.35
LD00021790,1569.63,2375.87,2387.83
LD00021791,1871.84,1691.38,2711.77
LD00021792,1673.3,1278.6,2228.87
LD00021793,2527.41,1830.37,2092.24
LD00021794,2975.09,2101.74,2177.97
LD00021795,2191.06,1480.48,2604.19
LD00021796,2046.35,1321.35,2205.45
LD00021797,2258.25,1863.55,2440.66
LD00021798,1786.01,2229.88,1430.79
LD00021799,2542.37,1499.76,2546.92
LD00021800,2102.07,1286.64,1614.26
LD00021801,2669.18,2106.47,2038.71
LD00021802,2333.97,1913.25,2753.0
LD00021803,1991.57,1909.67,2006.65
LD00021804,1534.49,1970.52,2767.52
LD00021805,2634.34,1518.66,2283.77
LD00021806,2846.59,1970.01,2659.42
LD00021807,1703.81,1989.93,1936.17
LD00021808,1586.24,2417.74,1809.24
LD00021809,2543.42,1764.12,2273.92
LD00021810,1985.4,1819.25,1920.68
LD00021811,2766.51,2332.08,2643.57
LD00021812,1755.54,2194.85,1948.91
LD00021813,2873.52,2021.56,2117.57
LD00021814,1651.2,1718.78,1878.23
LD00021815,2422.47,1414.15,2268.07
LD00021816,2165.04,2270.24,1648.27
LD00021817,2435.82,1690.89,1540.24
LD00021818,2027.22,1902.54,2197.09
LD00021819,1799.55,2017.81,2229.97
LD00021820,1946.6,1427.78,2638.55
LD00021821,2582.05,1333.95,2684.5
LD00021822,2838.08,2381.71,2579.48
LD00021823,2694.98,2244.21,1727.32
LD00021824,2761.61,1436.86,2362.58
LD00021825,2427.68,2248.05,2241.97
LD00021826,1514.84,1672.63,1929.91
LD00021827,2492.53,2152.7,2140.2
LD00021828,2602.52,2482.19,2732.75
LD00021829,2496.14,1322.25,1941.79
LD00021830,2874.35,1979.57,2387.38
LD00021831,2553.35,1320.89,2433.14
LD00021832,2399.61,1468.18,1920.66
LD00021833,2933.94,1997.73,1430.35
LD00021834,2829.68,1897.72,1616.6
LD00021835,2166.38,1553.75,1543.53
LD00021836,2966.49,1403.55,2330.33
LD00021837,1508.91,1949.34,1500.87
LD00021838,2214.77,1668.72,2763.02
LD00021839,2999.68,1287.54,1583.96
LD00021840,2948.24,1553.88,2335.62
LD00021841,1625.61,2066.79,1967.13
LD00021842,1610.62,1200.51,2706.3
LD00021843,2761.52,2197.99,2593.96
LD00021844,2601.89,1247.58,1537.03
LD00021845,2907.48,1775.93,1899.44
LD00021846,1611.21,2197.89,2709.89
LD00021847,2460.78,1644.67,1657.15
LD00021848,1871.09,1599.66,1718.07
LD00021849,2564.72,1462.75,2343.06
LD00021850,1908.41,1805.83,2319.17
LD00021851,1998.14,1336.13,1634.31
LD00021852,1502.36,2414.47,2623.98
LD00021853,1737.88,1219.87,2509.89
LD00021854,2381.52,1305.32,2139.55
LD00021855,2741.86,2075.35,1708.64
LD00021856,1614.02,2034.86,2759.51
LD00021857,1636.0,1472.01,1461.89
LD00021858,1734.59,2167.93,1651.78
LD00021859,1719.13,2212.29,2751.9
LD00021860,2808.52,1375.05,2157.03
LD00021861,2970.09,1728.74,2790.74
LD00021862,2977.56,2418.46,2241.36
LD00021863,1512.41,1373.66,1779.24
LD00021864,1553.77,1261.52,2394.88
LD00021865,2260.52,1314.82,1661.75
LD00021866,2644.65,1532.14,2533.35
LD00021867,1726.97,1318.41,2172.09
LD00021868,2626.14,1495.49,2297.07
LD00021869,2864.76,1964.78,1652.47
LD00021870,2176.56,2235.84,2529.18
LD00021871,2812.59,1793.14,2637.94
LD00021872,2843.33,1992.89,1670.78
LD00021873,2124.03,2457.47,1481.29
LD00021874,2628.47,2015.13,1833.57
LD00021875,2559.55,1888.06,1844.88
LD00021876,2368.66,2291.35,1444.6
LD00021877,1920.72,2018.53,2236.08
LD00021878,1828.17,2216.45,2211.17
LD00021879,2018.95,2017.83,2265.32
LD00021880,2705.22,1365.14,2494.41
LD00021881,2250.46,1232.72,1918.22
LD00021882,2992.18,1987.16,2230.44
LD00021883,2428.07,1468.35,2768.62
LD00021884,2550.81,1899.29,2679.56
LD00021885,2678.08,1892.98,1512.4
LD00021886,2264.78,2485.4,2400.0
LD00021887,2918.02,2379.31,1781.88
LD00021888,2996.77,1278.06,2488.75
LD00021889,2263.3,1758.72,2060.65
LD00021890,2398.42,1766.04,2226.02
LD00021891,2862.04,1977.34,1976.45
LD00021892,2090.43,1842.45,2370.42
LD00021893,2560.54,2335.9,1422.5
LD00021894,2011.36,1451.55,2088.88
LD00021895,2891.24,1408.34,2459.4
LD00021896,1562.5,2063.16,2228.05
LD00021897,2856.92,1957.25,1578.71
LD00021898,1667.98,1772.78,1739.0
LD00021899,2331.91,1432.63,2460.97
LD00021900,1718.25,1965.35,2572.26
LD00021901,2178.88,1946.5,2398.24
LD00021902,1857.45,2201.78,1753.04
LD00021903,1816.7,1933.9,1715.18
LD00021904,1767.12,1312.31,1421.27
LD00021905,2762.3,1453.07,1989.31
LD00021906,2956.55,2224.32,2743.02
LD00021907,2774.22,2058.35,1694.69
LD00021908,2450.97,1265.73,2448.81
LD00021909,1523.08,2111.44,1625.11
LD00021910,2651.13,1284.0,2010.73
LD00021911,2588.11,1944.53,2168.99
LD00021912,1761.71,2094.74,2593.78
LD00021913,2093.37,1247.32,2048.83
LD00021914,2194.86,2288.9,1842.09
LD00021915,2965.97,1688.26,1511.33
LD00021916,1616.27,2058.83,2323.99
LD00021917,2886.05,2154.45,1701.77
LD00021918,2586.24,1631.14,2343.47
LD00021919,2636.21,2135.65,1479.88
LD00021920,1594.87,1285.35,2199.0
LD00021921,2415.36,1636.5,2126.58
LD00021922,2074.56,1707.2,2163.86
LD00021923,2867.3,1625.69,1552.23
LD00021924,2987.92,1325.6,1967.44
LD00021925,2492.67,1344.27,2302.09
LD00021926,1676.6,1689.0,1417.33
LD00021927,2411.3,2375.0,1861.96
LD00021928,2209.8,1607.87,2614.6
LD00021929,1845.99,1762.63,1600.73
LD00021930,1780.81,1312.76,1461.02
LD00021931,2945.24,2099.95,2644.77
LD00021932,2193.77,1807.14,1440.31
LD00021933,2603.66,1760.78,1929.2
LD00021934,2985.52,1958.41,2377.99
LD00021935,1707.08,2017.88,2083.14
LD00021936,1826.32,2447.1,2728.49
LD00021937,2485.74,1652.65,2242.87
LD00021938,2843.68,1562.95,2617.29
LD00021939,2723.58,1847.3,2162.94
LD00021940,2673.09,1501.07,2327.98
LD00021941,1651.34,2124.13,2070.95
LD00021942,1527.42,1983.03,2682.25
LD00021943,2114.48,1514.92,2470.26
LD00021944,2994.1,1266.69,2067.33
LD00021945,2373.1,2293.37,1997.18
LD00021946,2422.44,2485.25,2043.8
LD00021947,2002.39,1498.5,1507.93
LD00021948,2728.01,2249.9,1408.71
LD00021949,2156.88,2269.17,2374.51
LD00021950,1694.34,2082.51,1440.19
LD00021951,1586.66,1245.83,2383.55
LD00021952,2390.5,2340.68,2434.57
LD00021953,2109.77,2336.97,2645.83
LD00021954,2814.04,2370.78,2671.01
LD00021955,2309.16,1861.37,2286.11
LD00021956,1703.98,1792.84,1408.51
LD00021957,2935.28,1752.16,1756.53
LD00021958,2834.38,2011.03,2278.71
LD00021959,2801.41,2399.82,2433.42
LD00021960,1699.61,1985.49,2592.84
LD00021961,1788.97,1237.96,1702.64
LD00021962,2030.31,1788.3,2517.02
LD00021963,1519.92,1367.28,2294.13
LD00021964,1553.89,1284.29,1650.39
LD00021965,2020.73,1430.64,2304.13
LD00021966,2764.5,2223.28,1719.4
LD00021967,2170.77,2062.83,1480.28
LD00021968,2491.39,1391.84,2080.75
LD00021969,2035.6,1518.1,1570.89
LD00021970,2113.95,1605.07,2788.97
LD00021971,1861.92,2029.6,2032.65
LD00021972,2975.79,1317.7,1406.69
LD00021973,1666.9,2310.02,1796.42
LD00021974,2822.67,1210.94,1989.71
LD00021975,1603.03,1930.78,1974.25
LD00021976,2190.24,1661.21,2092.64
LD00021977,2958.35,1272.42,1705.66
LD00021978,2246.57,1478.96,2029.14
LD00021979,2969.56,1407.23,2550.26
LD00021980,2239.55,1885.08,1702.02
LD00021981,2448.92,1896.08,2095.9
LD00021982,2226.46,1340.42,1693.37
LD00021983,2845.33,2294.53,1574.93
LD00021984,1830.59,1611.88,1972.77
LD00021985,2968.77,2143.75,1727.26
LD00021986,1593.81,1416.86,2074.95
LD00021987,2934.22,2490.3,1774.9
LD00021988,2368.96,2487.62,2534.55
LD00021989,2830.85,2298.82,1465.6
LD00021990,1904.27,1562.43,2655.35
LD00021991,1955.58,1826.48,1663.9
LD00021992,1517.67,1721.27,1988.13
LD00021993,2432.04,1570.13,1870.67
LD00021994,2550.42,1752.18,1410.6
LD00021995,2435.13,1504.28,2035.88
LD00021996,2114.43,1524.12,1627.36
LD00021997,2933.61,1760.73,2033.48
LD00021998,2890.15,1659.5,2765.15
LD00021999,2796.53,1435.0,2064.65
LD00022000,1653.43,1508.8,1907.66
LD00022001,1596.31,1370.55,2637.58
LD00022002,1886.66,2091.46,1856.46
LD00022003,2533.68,2409.03,2373.86
LD00022004,2222.15,1500.95,1842.29
LD00022005,2864.95,1538.58,2163.82
LD00022006,2148.58,2492.91,1733.48
LD00022007,2823.98,1310.58,1864.14
LD00022008,1995.23,1790.99,1953.66
LD00022009,1676.41,2024.65,1820.84
LD00022010,2453.58,2152.51,1862.15
LD00022011,2823.02,2411.86,1597.71
LD00022012,2706.48,1792.98,1596.79
LD00022013,2967.73,1954.92,2004.39
LD00022014,2790.57,2469.74,2427.6
LD00022015,2632.76,1229.39,2251.83
LD00022016,2975.27,2300.28,1516.26
LD00022017,2768.0,1261.72,1769.15
LD00022018,2630.29,1603.95,2708.02
LD00022019,2664.2,2338.13,1408.4
LD00022020,2905.83,2193.71,2641.22
LD00022021,2857.42,2489.51,1795.97
LD00022022,2034.01,1272.17,2475.3
LD00022023,2904.48,2286.92,2544.95
LD00022024,1842.23,1783.45,2134.53
LD00022025,2814.85,1908.57,2168.74
LD00022026,2681.94,2332.52,2301.61
LD00022027,1956.45,2163.07,2022.99
LD00022028,1768.82,2078.71,2467.59
LD00022029,1823.87,2305.28,2001.3
LD00022030,2761.34,1208.49,2010.17
LD00022031,1725.08,2060.55,1678.27
LD00022032,1545.75,1851.0,2330.38
LD00022033,2275.85,1427.58,1770.28
LD00022034,2696.74,1704.09,2653.93
LD00022035,2492.11,1411.88,1974.27
LD00022036,1845.63,1336.59,2264.22
LD00022037,1804.12,1324.98,2152.44
LD00022038,2299.31,1359.58,1609.56
LD00022039,2759.47,2279.38,2306.12
LD00022040,2278.16,2142.42,2737.91
LD00022041,1640.38,1376.17,1467.1
LD00022042,2936.41,1319.94,2262.32
LD00022043,2299.42,1403.85,1415.21
LD00022044,2955.61,1624.69,2781.21
LD00022045,2277.82,1766.71,2316.56
LD00022046,2141.6,2263.36,1767.31
LD00022047,2329.18,2348.19,1495.2
LD00022048,2040.26,1370.53,2639.44
LD00022049,2337.28,1269.42,1402.77
LD00022050,2808.05,1767.15,2265.47
LD00022051,2991.42,2101.68,2071.37
LD00022052,2559.59,2016.3,1588.17
LD00022053,2121.22,1782.8,2325.1
LD00022054,2166.1,1422.92,2049.0
LD00022055,2030.9,2189.47,2150.57
LD00022056,1782.57,1954.44,1945.58
LD00022057,2661.83,2397.58,2298.12
LD00022058,1603.13,1533.35,1867.92
LD00022059,2728.95,1518.58,1759.96
LD00022060,2653.53,2158.56,1721.8
LD00022061,2745.27,1471.25,2672.16
LD00022062,2622.7,1674.39,2099.65
LD00022063,1660.18,1814.94,2755.38
LD00022064,1654.44,1473.17,2737.06
LD00022065,2951.26,1639.87,2072.37
LD00022066,2780.19,1246.82,1967.43
LD00022067,2094.74,2357.96,1616.28
LD00022068,2732.21,1713.73,2472.97
LD00022069,2378.57,1597.37,2091.69
LD00022070,2223.38,1341.04,1978.41
LD00022071,2723.18,2100.1,1762.16
LD00022072,1814.51,1564.61,2187.52
LD00022073,2628.77,1309.21,2234.78
LD00022074,1943.82,1725.36,1578.2
LD00022075,2154.22,2382.19,1626.65
LD00022076,1597.09,2346.37,1589.11
LD00022077,2279.86,1640.27,1757.07
LD00022078,2687.03,1554.71,1570.1
LD00022079,1993.99,1300.98,1924.59
LD00022080,2254.02,2333.61,1467.29
LD00022081,1995.52,1420.51,2675.41
LD00022082,2360.09,2116.18,2476.7
LD00022083,1658.88,2442.69,2732.29
LD00022084,1557.58,2303.15,2611.44
LD00022085,2394.7,1786.41,2405.68
LD00022086,1733.63,1978.72,2434.75
LD00022087,1753.72,2394.47,2347.06
LD00022088,1622.09,1829.65,1967.88
LD00022089,1607.77,1272.27,1939.0
LD00022090,1821.26,2280.55,2428.8
LD00022091,1938.76,1740.6,2625.34
LD00022092,2261.16,2433.35,2118.29
LD00022093,1694.94,1326.73,2119.41
LD00022094,2422.66,2011.48,1439.74
LD00022095,1885.81,2190.12,2199.73
LD00022096,2151.61,2219.63,2291.36
LD00022097,1992.73,1924.77,2750.93
LD00022098,2588.57,1612.65,1570.33
LD00022099,2891.21,2090.2,2473.83
LD00022100,2406.16,1601.2,1877.14
LD00022101,1945.27,1290.88,2525.28
LD00022102,2274.14,1928.46,2563.94
LD00022103,1801.41,1789.03,2317.45
LD00022104,2396.0,2102.67,2467.23
LD00022105,2964.33,1436.95,2395.21
LD00022106,2637.56,2279.35,2025.22
LD00022107,1642.57,1938.37,1585.09
LD00022108,2445.1,2408.01,2736.28
LD00022109,2528.92,1289.32,2070.25
LD00022110,2095.63,1394.44,2193.6
LD00022111,1513.98,1552.58,1935.83
LD00022112,2419.25,1443.61,2315.2
LD00022113,2838.57,1506.56,2335.11
LD00022114,1806.93,1497.69,2212.21
LD00022115,2741.17,1775.01,2343.23
LD00022116,2849.99,1229.4,1561.25
LD00022117,1753.64,2396.65,2142.49
LD00022118,2148.95,1758.48,2686.58
LD00022119,1702.62,1707.15,1673.85
LD00022120,2151.37,1851.89,1568.91
LD00022121,1855.44,1884.04,1522.16
LD00022122,2735.46,1666.27,2237.18
LD00022123,2587.85,2355.07,1955.99
LD00022124,2347.8,1314.22,2716.29
LD00022125,1561.05,1956.68,2506.96
LD00022126,1587.0,1875.81,1491.34
LD00022127,1546.81,1999.87,2763.98
LD00022128,2394.92,1908.04,1919.87
LD00022129,1614.01,2273.63,2462.48
LD00022130,2307.7,2404.43,2402.99
LD00022131,2102.14,1625.03,2022.78
LD00022132,2439.99,1368.27,2250.63
LD00022133,1530.16,1385.56,1782.66
LD00022134,1830.54,1871.53,1703.37
LD00022135,2926.19,1580.64,1793.94
LD00022136,2254.75,1879.45,1898.38
LD00022137,2586.97,2268.89,1434.98
LD00022138,1988.73,2092.08,2443.07
LD00022139,2731.55,2114.45,1898.01
LD00022140,1869.4,1347.76,2179.13
LD00022141,1753.42,1569.55,2274.92
LD00022142,2484.03,1816.72,1425.26
LD00022143,2500.39,1338.93,1414.54
LD00022144,2296.86,2144.42,2268.06
LD00022145,2147.75,1281.43,2151.77
LD00022146,2377.67,2058.86,1488.48
LD00022147,2789.51,2227.9,1559.47
LD00022148,2292.98,1369.7,2600.54
LD00022149,2162.34,2347.56,2664.67
LD00022150,2261.21,1634.63,2232.9
LD00022151,2189.24,1851.49,2387.97
LD00022152,2073.95,1330.67,1952.85
LD00022153,2338.8,1736.37,2146.73
LD00022154,2626.78,1431.08,2415.01
LD00022155,2973.58,1410.21,1566.92
LD00022156,2812.33,1346.74,2784.37
LD00022157,2455.99,1712.63,1882.56
LD00022158,2511.84,2061.55,1843.6
LD00022159,2864.04,1687.76,2569.65
LD00022160,1614.83,1770.94,2128.33
LD00022161,2682.6,2311.21,1656.38
LD00022162,2499.2,2129.44,2744.32
LD00022163,2201.9,2257.06,2331.48
LD00022164,1728.09,2348.08,2748.92
LD00022165,2656.95,2401.43,2402.96
LD00022166,2519.44,2099.83,1932.11
LD00022167,1519.3,1514.2,1448.89
LD00022168,2052.63,2194.1,1478.65
LD00022169,1615.5,2377.86,2135.95
LD00022170,2510.19,1297.72,1746.63
LD00022171,2853.45,1618.59,2731.37
LD00022172,2369.16,2286.03,2235.5
LD00022173,2381.94,1539.95,1796.66
LD00022174,2982.92,2115.05,2079.44
LD00022175,1968.24,2452.54,2695.29
LD00022176,1876.27,2236.78,1659.16
LD00022177,2787.05,1978.95,1449.0
LD00022178,2218.55,1487.72,2367.0
LD00022179,1971.53,1267.46,2306.55
LD00022180,1833.54,1384.43,1968.95
LD00022181,2485.81,2405.68,2769.98
LD00022182,2090.25,1797.52,1449.77
LD00022183,1570.18,1895.74,1638.37
LD00022184,1805.96,2141.19,1984.78
LD00022185,2005.49,1588.87,1969.25
LD00022186,2146.42,1731.36,1562.74
LD00022187,2224.72,2000.0,1958.51
LD00022188,2098.54,2317.59,2394.65
LD00022189,2146.11,1833.39,2698.78
LD00022190,2555.4,1355.9,1480.99
LD00022191,2075.11,1951.75,2604.87
LD00022192,2584.09,1650.81,2458.34
LD00022193,1611.78,2480.6,2121.65
LD00022194,2642.23,1770.69,2421.83
LD00022195,2529.82,2304.57,2654.29
LD00022196,1893.56,1875.02,2326.46
LD00022197,2968.98,1239.77,2608.81
LD00022198,2102.64,2046.53,2433.0
LD00022199,1541.06,1979.04,2493.23
LD00022200,1528.27,1822.92,1994.04
LD00022201,2347.75,2484.64,1978.99
LD00022202,2165.51,1772.92,2581.39
LD00022203,2759.54,2226.33,1711.14
LD00022204,1969.83,1365.24,1615.26
LD00022205,2986.97,1557.82,2140.11
LD00022206,2721.6,1912.81,1947.61
LD00022207,2616.79,1929.02,1636.41
LD00022208,2967.65,1632.28,1501.41
LD00022209,1633.37,2259.29,1669.56
LD00022210,1662.46,1407.96,2263.32
LD00022211,2719.76,2256.2,2350.17
LD00022212,1871.17,1238.24,2671.6
LD00022213,1587.75,1783.05,1460.73
LD00022214,2728.63,1691.87,1777.3
LD00022215,1540.03,2219.12,1580.15
LD00022216,1705.9,2196.52,2196.3
LD00022217,2008.55,1929.61,1860.47
LD00022218,2567.05,2238.43,2249.71
LD00022219,1613.98,2279.28,1715.12
LD00022220,1517.33,2376.12,1483.99
LD00022221,2937.1,1514.43,1805.13
LD00022222,2122.28,2214.41,2350.59
LD00022223,2763.29,1368.38,1994.4
LD00022224,2001.1,1946.43,1809.5
LD00022225,2179.24,2155.7,2763.13
LD00022226,2768.22,2312.09,2351.39
LD00022227,2652.89,1697.53,1616.63
LD00022228,2589.69,2471.41,2232.01
LD00022229,1571.66,2218.02,1721.27
LD00022230,1542.66,1266.23,2684.47
LD00022231,2184.18,1607.98,2140.76
LD00022232,2493.59,2486.39,2178.61
LD00022233,2589.75,1672.52,1670.28
LD00022234,1521.31,1688.46,2328.73
LD00022235,1509.56,2397.58,2150.94
LD00022236,2260.47,1490.47,2048.07
LD00022237,2096.17,2075.5,2560.06
LD00022238,2554.87,1413.03,1886.54
LD00022239,2437.36,2213.47,2107.99
LD00022240,2056.01,2327.58,2396.56
LD00022241,2841.91,2491.61,2234.23
LD00022242,2238.32,1522.5,1712.82
LD00022243,1655.2,2074.06,2690.71
LD00022244,1653.17,1858.12,2181.16
LD00022245,1923.08,1535.35,1935.48
LD00022246,1698.94,1596.67,2575.0
LD00022247,2726.28,2032.84,1812.82
LD00022248,2074.1,2046.58,1529.37
LD00022249,2026.9,1532.7,2391.29
LD00022250,2365.88,1344.96,1400.33
LD00022251,2274.66,1793.99,1681.66
LD00022252,1620.14,2071.32,1991.61
LD00022253,2101.06,1435.53,2266.84
LD00022254,1808.37,1533.96,1774.02
LD00022255,1699.38,2497.92,2723.18
LD00022256,1660.14,2180.81,2096.18
LD00022257,2964.44,1549.51,2660.17
LD00022258,2573.43,2403.93,2791.27
LD00022259,1866.52,1245.27,1960.76
LD00022260,2701.04,1237.68,2165.6
LD00022261,2740.3,2328.38,2182.22
LD00022262,1592.04,2492.3,1814.5
LD00022263,2458.57,2162.62,1877.27
LD00022264,2371.18,1579.21,1436.66
LD00022265,2126.31,2325.35,1943.75
LD00022266,1985.6,1328.69,2125.27
LD00022267,1807.58,2099.5,1616.45
LD00022268,2973.48,2072.35,1800.56
LD00022269,1697.78,1512.16,1541.75
LD00022270,2714.05,1926.89,2053.22
LD00022271,2359.52,1314.62,2664.02
LD00022272,1875.6,1594.95,1542.03
LD00022273,2020.18,1293.81,2345.72
LD00022274,2405.26,2178.54,1484.29
LD00022275,1930.87,2102.51,2075.97
LD00022276,2953.6,1799.89,1763.69
LD00022277,2846.86,2368.34,1514.2
LD00022278,2380.1,1240.59,2237.7
LD00022279,1669.13,1577.24,2595.62
LD00022280,1773.07,2113.82,2628.01
LD00022281,2157.83,2333.03,2679.3
LD00022282,1847.19,2223.38,2273.45
LD00022283,1755.33,2485.99,1839.57
LD00022284,1662.41,1723.49,1470.86
LD00022285,1876.87,1698.06,2620.82
LD00022286,2635.2,1249.52,2100.29
LD00022287,2965.51,1638.16,1673.18
LD00022288,2211.03,1852.49,2257.97
LD00022289,1936.27,1408.7,1436.02
LD00022290,1779.6,1845.08,2188.16
LD00022291,1789.76,1420.8,2287.81
LD00022292,2579.02,1532.42,2034.96
LD00022293,2337.7,2385.81,2420.84
LD00022294,1755.2,1272.63,1777.67
LD00022295,2398.43,2265.36,2198.9
LD00022296,2797.3,1413.54,1770.88
LD00022297,2596.75,2237.29,1424.39
LD00022298,1742.42,1666.21,2446.37
LD00022299,1979.78,2428.89,1975.65
LD00022300,2451.65,2480.67,1855.54
LD00022301,2771.51,1868.63,1548.2
LD00022302,2837.48,1529.93,1772.28
LD00022303,2873.2,1211.68,1875.09
LD00022304,2832.23,2261.16,1997.77
LD00022305,2015.45,2101.68,1538.97
LD00022306,2532.5,1760.71,2370.57
LD00022307,2072.32,1261.52,2180.79
LD00022308,2713.35,2138.5,1656.72
LD00022309,1684.94,2207.59,2485.74
LD00022310,2131.8,2306.03,2781.23
LD00022311,2174.01,2311.71,2127.89
LD00022312,1873.64,2218.68,2424.21
LD00022313,2269.33,1220.85,1981.19
LD00022314,2025.41,2239.51,1403.66
LD00022315,2923.36,1899.09,2359.68
LD00022316,1987.27,2089.8,2030.55
LD00022317,1736.57,2089.4,2300.06
LD00022318,2546.73,1290.86,1747.53
LD00022319,2734.31,1926.78,2056.68
LD00022320,2735.37,2416.84,2786.16
LD00022321,2505.2,1296.11,2218.2
LD00022322,1622.3,2466.6,2746.62
LD00022323,1894.23,1674.27,2028.88
LD00022324,2370.69,1867.53,2433.33
LD00022325,2648.81,1577.22,1900.7
LD00022326,1766.97,1697.24,2549.67
LD00022327,2072.14,1311.66,2703.65
LD00022328,2451.57,2252.21,2625.73
LD00022329,2128.47,2425.94,2663.95
LD00022330,1621.98,2191.87,2642.61
LD00022331,1684.64,2167.64,2787.74
LD00022332,2777.74,2216.16,2080.55
LD00022333,2922.57,2495.08,1625.36
LD00022334,2274.36,1794.26,1868.76
LD00022335,1520.2,1427.55,2260.33
LD00022336,1553.27,1984.84,2336.02
LD00022337,2941.07,1741.98,1452.75
LD00022338,2356.52,1778.48,2302.58
LD00022339,2126.54,1474.86,2678.5
LD00022340,1749.59,2319.27,2160.25
LD00022341,2597.0,2454.63,1807.14
LD00022342,2881.63,1386.31,1477.44
LD00022343,2805.22,1625.89,1712.47
LD00022344,2575.54,2193.26,2491.78
LD00022345,2835.94,2046.93,2322.77
LD00022346,2467.62,1381.75,2587.48
LD00022347,2605.02,1499.63,1613.58
LD00022348,2591.2,1453.42,1424.52
LD00022349,1742.59,1790.64,2287.72
LD00022350,2356.16,1834.25,2012.21
LD00022351,2961.97,1359.09,2030.85
LD00022352,1978.21,1658.03,2780.61
LD00022353,2953.68,1282.41,1741.86
LD00022354,1795.61,2403.99,1716.44
LD00022355,2881.62,1614.78,2759.28
LD00022356,2184.56,2018.75,2432.1
LD00022357,2567.77,2035.86,1861.61
LD00022358,1559.5,1356.13,2408.94
LD00022359,1647.5,1807.73,2780.79
LD00022360,1706.34,1738.89,2701.34
LD00022361,2494.42,1950.47,2020.44
LD00022362,2862.91,2052.31,2165.71
LD00022363,1505.25,1651.71,2275.29
LD00022364,2262.1,1840.06,2263.47
LD00022365,2605.42,1974.89,1627.03
LD00022366,1707.05,1336.88,1568.52
LD00022367,2250.64,2362.17,2511.07
LD00022368,2674.04,2011.3,2419.89
LD00022369,2149.51,1669.95,1881.2
LD00022370,2765.04,2315.99,1567.9
LD00022371,2758.62,2233.7,1652.33
LD00022372,1997.5,1609.3,1749.93
LD00022373,2047.75,1947.52,2161.74
LD00022374,2674.93,2385.24,2259.29
LD00022375,2827.66,2227.55,2498.49
LD00022376,2611.09,1299.53,1855.16
LD00022377,2356.39,1578.66,1863.95
LD00022378,1757.19,1967.9,1562.23
LD00022379,2797.47,2162.12,2176.8
LD00022380,2696.95,1620.8,2262.33
LD00022381,1627.03,1308.97,2489.52
LD00022382,1810.25,1348.46,2111.82
LD00022383,2274.89,2186.88,2577.05
LD00022384,2042.52,1424.71,1627.19
LD00022385,2880.86,1851.5,1635.13
LD00022386,2944.8,2082.74,2481.37
LD00022387,2712.83,1870.92,2279.18
LD00022388,2915.91,1367.92,1846.66
LD00022389,1586.98,2410.85,1859.98
LD00022390,1576.31,1234.43,1941.09
LD00022391,2104.67,1564.57,2308.32
LD00022392,2025.29,1408.24,2138.4
LD00022393,1703.11,1817.15,1681.52
LD00022394,2590.77,1900.55,2423.46
LD00022395,2218.98,2068.49,2605.67
LD00022396,2954.61,1957.8,1614.2
LD00022397,1966.08,1233.29,2174.82
LD00022398,1601.65,1445.38,2611.33
LD00022399,2615.01,1486.27,1916.41
LD00022400,1517.28,1582.24,2710.99
LD00022401,2318.11,1365.01,2116.03
LD00022402,2677.52,2224.85,2620.95
LD00022403,2686.26,2071.28,2059.76
LD00022404,1825.41,1566.57,1631.22
LD00022405,1659.73,1294.83,2152.93
LD00022406,2076.0,1645.96,1565.12
LD00022407,2957.5,1297.64,2484.73
LD00022408,1581.99,2288.3,2659.89
LD00022409,1525.93,1492.95,2656.88
LD00022410,2124.65,1346.64,2605.51
LD00022411,2190.08,2289.9,2769.92
LD00022412,1516.13,1329.49,2492.75
LD00022413,2417.04,1443.74,1786.48
LD00022414,1969.55,2292.71,2627.36
LD00022415,1973.1,2420.49,1742.03
LD00022416,2270.06,2274.81,1844.44
LD00022417,1693.64,1779.24,2076.35
LD00022418,2166.05,2091.33,2771.66
LD00022419,2929.25,1607.06,2103.31
LD00022420,2827.96,1489.98,2698.22
LD00022421,2888.13,1253.44,2130.59
LD00022422,1883.4,2437.24,2056.81
LD00022423,2859.82,1410.46,2212.03
LD00022424,2015.6,1207.15,1886.72
LD00022425,1927.69,1936.6,2497.59
LD00022426,2203.26,2091.87,1624.96
LD00022427,1602.65,1752.18,1446.81
LD00022428,2409.31,1241.12,1942.76
LD00022429,2987.2,1485.49,1526.9
LD00022430,2025.23,1770.12,2104.08
LD00022431,2871.57,1543.98,2118.53
LD00022432,2380.28,1968.46,1822.03
LD00022433,2780.2,1526.99,2475.48
LD00022434,2215.82,2290.73,2522.0
LD00022435,2767.44,1698.38,1452.94
LD00022436,2856.31,2394.44,2253.45
LD00022437,1874.11,1824.69,2529.02
LD00022438,2440.24,2327.96,2098.21
LD00022439,2857.21,1332.02,2575.05
LD00022440,1532.33,1715.61,1890.53
LD00022441,2255.7,2386.28,2298.24
LD00022442,2420.31,2175.18,2088.98
LD00022443,2824.02,1872.28,1416.4
LD00022444,2513.93,1527.23,2143.21
LD00022445,2314.71,1486.77,2484.53
LD00022446,2614.83,2077.02,1586.04
LD00022447,1791.57,1220.36,2711.32
LD00022448,1519.71,1699.07,2365.62
LD00022449,1876.95,1607.11,1950.42
LD00022450,2449.14,2160.93,2736.16
LD00022451,1628.6,1745.28,2794.14
LD00022452,2209.17,1331.25,1422.36
LD00022453,2667.24,1448.69,1609.14
LD00022454,2297.08,1733.76,2507.05
LD00022455,1729.24,2185.27,2657.04
LD00022456,2371.71,1946.19,2053.33
LD00022457,2350.46,1557.38,2590.27
LD00022458,2096.97,2348.33,1823.57
LD00022459,1767.98,1535.79,1928.13
LD00022460,2369.77,1284.32,1606.49
LD00022461,1816.41,2178.23,2483.16
LD00022462,2029.27,2130.54,1972.16
LD00022463,2807.13,1505.98,2063.3
LD00022464,2277.58,1309.92,1750.19
LD00022465,1876.23,2160.15,1979.16
LD00022466,2066.75,1776.33,1807.53
LD00022467,2850.2,1368.7,2250.5
LD00022468,2240.42,1401.77,2750.26
LD00022469,1901.51,2070.75,2372.98
LD00022470,2962.18,1751.13,2175.3
LD00022471,2795.03,2241.53,2594.95
LD00022472,1636.35,1363.61,2080.09
LD00022473,1637.11,1451.29,2444.41
LD00022474,1916.84,1487.74,2315.15
LD00022475,2803.17,2177.82,1615.88
LD00022476,1910.94,1804.96,2639.01
LD00022477,1871.57,2269.14,2295.76
LD00022478,2449.09,2123.53,2407.92
LD00022479,2914.2,1601.21,2757.3
LD00022480,1572.19,1512.46,2728.36
LD00022481,2719.07,1582.59,2186.26
LD00022482,1940.93,1289.6,1532.82
LD00022483,1509.19,1623.52,1491.29
LD00022484,1769.39,2097.84,1931.5
LD00022485,2435.53,1560.08,1433.64
LD00022486,2354.84,2040.49,1740.22
LD00022487,2555.54,1915.54,2195.59
LD00022488,2287.22,1956.04,1684.18
LD00022489,1744.32,1729.46,2400.4
LD00022490,1827.37,1869.86,2294.7
LD00022491,2572.07,2439.33,2003.97
LD00022492,2257.34,2469.98,2026.22
LD00022493,2522.12,1668.38,1598.57
LD00022494,2762.31,2172.52,2289.7
LD00022495,2727.2,2143.01,1539.0
LD00022496,2706.32,1972.59,2262.05
LD00022497,1995.07,2248.94,2125.78
LD00022498,1594.96,1931.66,1931.47
LD00022499,2691.8,1990.42,1877.12
LD00022500,2049.91,2302.73,2098.82
LD00022501,2951.08,2418.96,1600.78
LD00022502,2697.0,1287.01,2377.13
LD00022503,2953.64,1633.17,2132.48
LD00022504,1671.41,1524.43,2627.69
LD00022505,1614.01,2439.9,1855.54
LD00022506,1517.93,1886.39,2763.75
LD00022507,1891.87,2203.45,2137.31
LD00022508,2038.69,1600.41,2209.72
LD00022509,2363.05,2001.3,1534.98
LD00022510,2823.7,2155.68,1483.08
LD00022511,2480.76,1884.4,1651.23
LD00022512,2491.0,2166.66,2787.22
LD00022513,1978.35,1362.31,2781.91
LD00022514,2805.76,2055.61,2222.9
LD00022515,2689.97,1901.34,2256.71
LD00022516,2714.82,2297.71,1511.52
LD00022517,1513.65,1329.15,1830.47
LD00022518,2600.58,1225.38,2396.23
LD00022519,2214.28,2056.34,2170.07
LD00022520,2890.61,1762.49,1609.12
LD00022521,1882.15,2305.52,1449.43
LD00022522,2501.98,1410.59,2156.13
LD00022523,2096.68,1829.64,1467.59
LD00022524,2864.52,2362.09,2360.55
LD00022525,2629.24,2373.64,2735.32
LD00022526,2703.42,2072.9,2746.11
LD00022527,2529.8,1572.22,2583.01
LD00022528,2756.9,2422.5,2333.15
LD00022529,2392.9,1652.32,2019.47
LD00022530,2515.89,1522.92,2547.84
LD00022531,2661.11,1965.86,2116.71
LD00022532,2173.34,1404.74,2353.23
LD00022533,1916.8,1856.98,2590.37
LD00022534,2722.83,1895.17,1919.19
LD00022535,2310.16,1774.47,2594.76
LD00022536,2988.33,1670.03,2097.44
LD00022537,2457.87,1808.35,2380.68
LD00022538,2764.79,1865.22,2773.54
LD00022539,1838.7,1712.72,1927.08
LD00022540,2952.11,1316.6,2199.94
LD00022541,2512.73,1681.45,2170.79
LD00022542,2520.2,1500.05,2221.27
LD00022543,2009.79,1427.12,2029.2
LD00022544,2470.73,1780.69,2658.32
LD00022545,2712.69,2317.59,1435.06
LD00022546,2925.9,2373.37,1477.53
LD00022547,2171.43,1915.09,1941.93
LD00022548,2168.78,2463.13,2231.61
LD00022549,2114.08,2277.9,2634.39
LD00022550,1510.21,2078.73,2684.45
LD00022551,2095.45,1620.11,1629.9
LD00022552,2237.36,1613.89,2151.77
LD00022553,2012.59,1967.16,2555.65
LD00022554,2640.82,1889.05,2128.49
LD00022555,2002.49,1580.42,2313.3
LD00022556,2267.79,2398.33,1804.61
LD00022557,2192.57,2342.86,1833.49
LD00022558,2759.14,1949.2,2700.94
LD00022559,2382.04,1766.75,1977.02
LD00022560,1551.53,2137.04,2573.27
LD00022561,2566.27,1316.94,1411.71
LD00022562,2908.69,1925.58,1553.73
LD00022563,2631.59,1899.78,2269.76
LD00022564,2759.25,2023.71,2171.0
LD00022565,1857.65,1727.7,1837.16
LD00022566,2162.71,2352.43,2471.87
LD00022567,2942.34,1925.24,1598.7
LD00022568,2195.44,1615.41,2385.1
LD00022569,2226.14,1999.62,2333.15
LD00022570,1959.79,1523.53,1661.18
LD00022571,1520.71,1902.16,2010.32
LD00022572,2425.05,1242.2,1967.74
LD00022573,2614.32,1907.12,2086.99
LD00022574,1829.1,2409.53,1572.07
LD00022575,1866.6,1343.48,1713.59
LD00022576,2371.87,2340.61,2503.6
LD00022577,1914.8,2357.17,2161.87
LD00022578,2455.77,2320.5,2267.73
LD00022579,1547.44,1296.74,1814.02
LD00022580,2255.24,2098.32,2707.8
LD00022581,2313.73,1569.46,2442.64
LD00022582,1733.96,1282.02,2382.75
LD00022583,2848.25,2372.96,2014.83
LD00022584,2859.81,1548.49,1666.85
LD00022585,1710.13,2423.57,2310.33
LD00022586,1738.19,1270.33,1937.04
LD00022587,2828.51,1232.18,1467.5
LD00022588,1808.0,1708.32,2377.98
LD00022589,2391.42,2009.51,1603.08
LD00022590,2486.08,2010.93,1662.51
LD00022591,2613.0,1761.29,1483.94
LD00022592,1637.05,1381.67,2513.16
LD00022593,2523.38,1417.96,2487.9
LD00022594,1733.2,2190.41,1601.07
LD00022595,2040.47,1543.68,2522.88
LD00022596,2801.19,1836.56,2189.04
LD00022597,1750.29,1946.25,1930.9
LD00022598,2125.59,2038.51,2375.79
LD00022599,1959.02,1870.61,1454.46
LD00022600,1823.18,2220.28,2401.47
LD00022601,1894.25,2142.67,2021.86
LD00022602,1617.32,1753.66,2115.56
LD00022603,1922.84,1761.3,1574.16
LD00022604,2113.18,2422.94,1648.62
LD00022605,1735.9,1918.47,1551.54
LD00022606,2317.76,1847.82,1445.71
LD00022607,2152.56,1998.23,1951.36
LD00022608,2307.33,1987.97,2206.86
LD00022609,1912.14,1888.12,1707.5
LD00022610,1739.94,2198.7,2146.56
LD00022611,2472.06,2214.77,1904.18
LD00022612,1897.17,2005.75,1974.76
LD00022613,2421.41,2183.29,2355.96
LD00022614,2794.39,2081.78,1622.71
LD00022615,1521.1,2485.36,1401.31
LD00022616,1638.26,1805.52,2631.18
LD00022617,1507.21,1986.68,1832.02
LD00022618,2357.82,1927.19,2372.6
LD00022619,2188.24,1765.28,2495.64
LD00022620,1652.92,2396.35,2366.06
LD00022621,2257.46,1340.06,1710.76
LD00022622,1529.34,1976.71,2649.66
LD00022623,2060.45,1805.78,1956.1
LD00022624,1505.51,1746.16,2211.39
LD00022625,2731.05,1911.95,2790.85
LD00022626,1716.61,1568.09,1992.86
LD00022627,2550.28,1678.52,1857.86
