engineer_name,pay_id,home_location,work_location,joining_date
Engineer_0,ENG00001,Liverpool,Wales,2021-06-19
Engineer_1,ENG00002,Southampton,Yorkshire,2022-04-29
Engineer_2,ENG00003,Liverpool,Wales,2026-01-15
Engineer_3,ENG00004,Manchester,North West,2024-11-17
Engineer_4,ENG00005,Sheffield,South East,2022-10-13
Engineer_5,ENG00006,London,Yorkshire,2021-07-03
Engineer_6,ENG00007,Sheffield,Wales,2023-11-07
Engineer_7,ENG00008,Bristol,South West,2022-09-21
Engineer_8,ENG00009,Liverpool,Wales,2023-12-31
Engineer_9,ENG00010,Bristol,Yorkshire,2022-06-02
Engineer_10,ENG00011,Manchester,South East,2024-08-03
Engineer_11,ENG00012,Manchester,Scotland,2024-07-03
Engineer_12,ENG00013,Newcastle,North West,2023-09-28
Engineer_13,ENG00014,London,Wales,2021-03-09
Engineer_14,ENG00015,Birmingham,North West,2023-12-31
Engineer_15,ENG00016,Birmingham,Yorkshire,2021-12-12
Engineer_16,ENG00017,Sheffield,Midlands,2025-03-14
Engineer_17,ENG00018,Southampton,London,2025-10-27
Engineer_18,ENG00019,London,Yorkshire,2025-07-08
Engineer_19,ENG00020,Birmingham,Yorkshire,2026-04-10
Engineer_20,ENG00021,Sheffield,Scotland,2025-04-10
Engineer_21,ENG00022,London,South West,2022-03-31
Engineer_22,ENG00023,Newcastle,Yorkshire,2021-09-09
Engineer_23,ENG00024,Glasgow,London,2022-04-15
Engineer_24,ENG00025,Bristol,South West,2025-01-08
Engineer_25,ENG00026,Glasgow,Midlands,2025-08-21
Engineer_26,ENG00027,Southampton,Midlands,2025-03-03
Engineer_27,ENG00028,Sheffield,Midlands,2026-02-22
Engineer_28,ENG00029,Manchester,South West,2023-02-09
Engineer_29,ENG00030,Manchester,North West,2026-04-06
Engineer_30,ENG00031,Newcastle,North East,2021-04-29
Engineer_31,ENG00032,Manchester,Midlands,2022-12-05
Engineer_32,ENG00033,Southampton,South East,2022-03-07
Engineer_33,ENG00034,Southampton,North East,2026-02-03
Engineer_34,ENG00035,Manchester,Scotland,2025-06-17
Engineer_35,ENG00036,Leeds,Yorkshire,2024-12-26
Engineer_36,ENG00037,Liverpool,South East,2023-02-07
Engineer_37,ENG00038,Liverpool,London,2021-11-30
Engineer_38,ENG00039,London,Midlands,2026-02-12
Engineer_39,ENG00040,Manchester,Wales,2021-05-02
Engineer_40,ENG00041,Leeds,North West,2024-08-23
Engineer_41,ENG00042,Sheffield,Midlands,2023-07-31
Engineer_42,ENG00043,Glasgow,Midlands,2021-05-23
Engineer_43,ENG00044,Sheffield,North East,2025-06-17
Engineer_44,ENG00045,London,South East,2023-02-20
Engineer_45,ENG00046,Birmingham,Yorkshire,2024-07-06
Engineer_46,ENG00047,Newcastle,Wales,2021-02-24
Engineer_47,ENG00048,Newcastle,South East,2023-11-03
Engineer_48,ENG00049,Manchester,Midlands,2022-08-16
Engineer_49,ENG00050,Newcastle,Scotland,2024-11-19
Engineer_50,ENG00051,Liverpool,North East,2021-05-11
Engineer_51,ENG00052,Southampton,South West,2026-01-26
Engineer_52,ENG00053,Southampton,South West,2024-11-25
Engineer_53,ENG00054,London,Wales,2022-01-10
Engineer_54,ENG00055,Sheffield,Yorkshire,2021-12-09
Engineer_55,ENG00056,Southampton,North East,2021-08-13
Engineer_56,ENG00057,Manchester,Scotland,2023-04-06
Engineer_57,ENG00058,London,Yorkshire,2026-02-06
Engineer_58,ENG00059,Newcastle,London,2026-03-22
Engineer_59,ENG00060,Newcastle,Midlands,2025-05-17
Engineer_60,ENG00061,Newcastle,South East,2025-02-13
Engineer_61,ENG00062,Birmingham,South East,2024-07-01
Engineer_62,ENG00063,London,North West,2023-12-01
Engineer_63,ENG00064,Sheffield,London,2025-05-09
Engineer_64,ENG00065,Glasgow,Wales,2024-05-25
Engineer_65,ENG00066,Bristol,Scotland,2024-10-21
Engineer_66,ENG00067,Liverpool,South East,2022-08-14
Engineer_67,ENG00068,Newcastle,London,2023-05-03
Engineer_68,ENG00069,London,North West,2022-09-14
Engineer_69,ENG00070,London,North West,2022-01-11
Engineer_70,ENG00071,London,Scotland,2022-07-01
Engineer_71,ENG00072,London,London,2023-02-17
Engineer_72,ENG00073,Manchester,North East,2025-05-08
Engineer_73,ENG00074,Southampton,North East,2022-12-01
Engineer_74,ENG00075,London,Midlands,2025-06-18
Engineer_75,ENG00076,Manchester,Yorkshire,2026-01-06
Engineer_76,ENG00077,Newcastle,South West,2025-06-13
Engineer_77,ENG00078,Glasgow,London,2023-10-06
Engineer_78,ENG00079,Bristol,South West,2026-04-07
Engineer_79,ENG00080,Manchester,Yorkshire,2023-01-15
Engineer_80,ENG00081,London,London,2023-06-30
Engineer_81,ENG00082,Sheffield,London,2021-09-19
Engineer_82,ENG00083,Leeds,London,2023-09-02
Engineer_83,ENG00084,London,South East,2022-09-10
Engineer_84,ENG00085,Glasgow,Midlands,2025-08-22
Engineer_85,ENG00086,Sheffield,Wales,2022-03-30
Engineer_86,ENG00087,Newcastle,Yorkshire,2026-02-24
Engineer_87,ENG00088,Southampton,Wales,2023-07-02
Engineer_88,ENG00089,Sheffield,Midlands,2023-08-25
Engineer_89,ENG00090,Manchester,London,2024-01-10
Engineer_90,ENG00091,Sheffield,Yorkshire,2025-06-04
Engineer_91,ENG00092,Liverpool,Scotland,2022-05-24
Engineer_92,ENG00093,London,South West,2021-07-03
Engineer_93,ENG00094,Newcastle,Yorkshire,2024-06-23
Engineer_94,ENG00095,Manchester,Yorkshire,2021-03-22
Engineer_95,ENG00096,Liverpool,Yorkshire,2025-12-16
Engineer_96,ENG00097,Manchester,Yorkshire,2025-12-28
Engineer_97,ENG00098,Leeds,Midlands,2021-07-14
Engineer_98,ENG00099,Leeds,Yorkshire,2021-04-24
Engineer_99,ENG00100,Manchester,North West,2025-06-28
Engineer_100,ENG00101,Liverpool,Midlands,2023-06-25
Engineer_101,ENG00102,Newcastle,North West,2025-12-23
Engineer_102,ENG00103,Birmingham,London,2023-06-01
Engineer_103,ENG00104,Birmingham,Yorkshire,2025-04-03
Engineer_104,ENG00105,Glasgow,South West,2023-08-01
Engineer_105,ENG00106,Leeds,South West,2025-12-02
Engineer_106,ENG00107,Liverpool,North West,2022-11-19
Engineer_107,ENG00108,Sheffield,Midlands,2023-02-08
Engineer_108,ENG00109,Newcastle,North West,2023-06-06
Engineer_109,ENG00110,Birmingham,Scotland,2021-03-12
Engineer_110,ENG00111,Sheffield,South West,2021-05-04
Engineer_111,ENG00112,Bristol,South East,2023-11-12
Engineer_112,ENG00113,Leeds,South West,2021-03-22
Engineer_113,ENG00114,Liverpool,London,2022-07-24
Engineer_114,ENG00115,Birmingham,Scotland,2025-12-06
Engineer_115,ENG00116,Manchester,North West,2024-09-05
Engineer_116,ENG00117,Liverpool,South East,2021-08-24
Engineer_117,ENG00118,Glasgow,Wales,2023-03-14
Engineer_118,ENG00119,Birmingham,South East,2021-11-10
Engineer_119,ENG00120,Southampton,Yorkshire,2025-05-20
Engineer_120,ENG00121,Liverpool,Scotland,2023-03-11
Engineer_121,ENG00122,London,Yorkshire,2022-11-08
Engineer_122,ENG00123,Glasgow,Yorkshire,2024-03-26
Engineer_123,ENG00124,Newcastle,Wales,2025-11-18
Engineer_124,ENG00125,Bristol,Yorkshire,2023-02-12
Engineer_125,ENG00126,London,London,2025-08-26
Engineer_126,ENG00127,Liverpool,Yorkshire,2023-12-06
Engineer_127,ENG00128,Birmingham,London,2025-11-16
Engineer_128,ENG00129,Birmingham,North West,2024-05-15
Engineer_129,ENG00130,Bristol,North West,2023-01-20
Engineer_130,ENG00131,London,Midlands,2021-02-14
Engineer_131,ENG00132,Birmingham,Wales,2025-12-21
Engineer_132,ENG00133,Bristol,North East,2022-02-08
Engineer_133,ENG00134,Southampton,Yorkshire,2021-12-18
Engineer_134,ENG00135,Southampton,Midlands,2022-09-06
Engineer_135,ENG00136,London,Scotland,2021-04-13
Engineer_136,ENG00137,Leeds,South East,2022-07-20
Engineer_137,ENG00138,Birmingham,Wales,2024-10-18
Engineer_138,ENG00139,Glasgow,South West,2025-10-07
Engineer_139,ENG00140,Glasgow,Scotland,2023-10-04
Engineer_140,ENG00141,Manchester,South East,2025-09-12
Engineer_141,ENG00142,Southampton,South West,2024-11-20
Engineer_142,ENG00143,Leeds,Yorkshire,2025-10-15
Engineer_143,ENG00144,Sheffield,Yorkshire,2021-04-11
Engineer_144,ENG00145,Glasgow,Scotland,2022-11-03
Engineer_145,ENG00146,Bristol,North East,2021-05-19
Engineer_146,ENG00147,Liverpool,South West,2023-02-25
Engineer_147,ENG00148,Bristol,Yorkshire,2023-10-03
Engineer_148,ENG00149,Leeds,Wales,2025-03-23
Engineer_149,ENG00150,Southampton,Scotland,2022-03-02
Engineer_150,ENG00151,Glasgow,South West,2024-03-05
Engineer_151,ENG00152,Sheffield,South West,2023-02-25
Engineer_152,ENG00153,Newcastle,Scotland,2024-05-14
Engineer_153,ENG00154,Southampton,Scotland,2021-04-25
Engineer_154,ENG00155,Birmingham,South West,2022-01-09
Engineer_155,ENG00156,London,London,2022-06-28
Engineer_156,ENG00157,London,South West,2021-04-17
Engineer_157,ENG00158,Newcastle,Midlands,2024-10-07
Engineer_158,ENG00159,Sheffield,London,2021-09-24
Engineer_159,ENG00160,Bristol,South West,2024-06-16
Engineer_160,ENG00161,Manchester,Yorkshire,2026-02-21
Engineer_161,ENG00162,Southampton,Scotland,2024-01-10
Engineer_162,ENG00163,Sheffield,Scotland,2023-06-26
Engineer_163,ENG00164,London,North West,2022-11-03
Engineer_164,ENG00165,Manchester,Wales,2023-07-26
Engineer_165,ENG00166,Bristol,London,2025-07-27
Engineer_166,ENG00167,Bristol,Wales,2025-10-30
Engineer_167,ENG00168,Birmingham,London,2022-12-14
Engineer_168,ENG00169,Southampton,South East,2021-05-07
Engineer_169,ENG00170,Liverpool,North West,2024-03-04
Engineer_170,ENG00171,Manchester,London,2025-05-11
Engineer_171,ENG00172,Leeds,North East,2023-06-23
Engineer_172,ENG00173,Birmingham,Midlands,2021-10-15
Engineer_173,ENG00174,Sheffield,Midlands,2024-06-19
Engineer_174,ENG00175,Glasgow,North East,2023-07-30
Engineer_175,ENG00176,Leeds,London,2023-07-10
Engineer_176,ENG00177,Southampton,Scotland,2024-05-15
Engineer_177,ENG00178,London,Scotland,2024-05-05
Engineer_178,ENG00179,Newcastle,North West,2022-03-08
Engineer_179,ENG00180,Newcastle,North West,2023-03-10
Engineer_180,ENG00181,Bristol,South West,2022-07-08
Engineer_181,ENG00182,Southampton,Scotland,2025-08-07
Engineer_182,ENG00183,Southampton,Wales,2022-07-29
Engineer_183,ENG00184,Leeds,North West,2024-10-01
Engineer_184,ENG00185,Liverpool,London,2021-07-04
Engineer_185,ENG00186,Manchester,South East,2023-09-20
Engineer_186,ENG00187,Birmingham,Wales,2024-01-30
Engineer_187,ENG00188,London,South West,2022-10-07
Engineer_188,ENG00189,Leeds,Yorkshire,2022-07-05
Engineer_189,ENG00190,Southampton,Yorkshire,2022-07-20
Engineer_190,ENG00191,Manchester,Wales,2021-10-24
Engineer_191,ENG00192,Newcastle,Scotland,2022-02-25
Engineer_192,ENG00193,Leeds,North East,2025-10-25
Engineer_193,ENG00194,Bristol,South West,2023-04-25
Engineer_194,ENG00195,Bristol,North East,2022-09-01
Engineer_195,ENG00196,Liverpool,South West,2023-02-20
Engineer_196,ENG00197,Glasgow,Midlands,2023-06-22
Engineer_197,ENG00198,Liverpool,London,2023-06-24
Engineer_198,ENG00199,London,Wales,2022-05-05
Engineer_199,ENG00200,London,Midlands,2023-01-02
Engineer_200,ENG00201,Manchester,Yorkshire,2026-03-26
Engineer_201,ENG00202,Birmingham,Wales,2022-06-02
Engineer_202,ENG00203,London,North East,2024-12-31
Engineer_203,ENG00204,Leeds,Wales,2025-09-15
Engineer_204,ENG00205,Leeds,North West,2024-09-09
Engineer_205,ENG00206,Southampton,Scotland,2021-07-04
Engineer_206,ENG00207,Birmingham,Scotland,2024-01-15
Engineer_207,ENG00208,Leeds,North East,2021-07-23
Engineer_208,ENG00209,Sheffield,London,2021-10-12
Engineer_209,ENG00210,Manchester,London,2025-09-15
Engineer_210,ENG00211,Bristol,South West,2024-12-05
Engineer_211,ENG00212,Glasgow,South East,2021-07-03
Engineer_212,ENG00213,Sheffield,Midlands,2025-07-11
Engineer_213,ENG00214,Liverpool,Yorkshire,2024-08-17
Engineer_214,ENG00215,Leeds,South East,2022-09-16
Engineer_215,ENG00216,Bristol,Wales,2026-01-16
Engineer_216,ENG00217,Manchester,Midlands,2022-07-04
Engineer_217,ENG00218,Bristol,South West,2025-08-29
Engineer_218,ENG00219,Birmingham,South East,2025-07-14
Engineer_219,ENG00220,Leeds,Wales,2023-11-29
Engineer_220,ENG00221,Manchester,Scotland,2025-01-12
Engineer_221,ENG00222,Southampton,South East,2025-09-06
Engineer_222,ENG00223,Newcastle,London,2022-02-21
Engineer_223,ENG00224,Sheffield,London,2021-08-20
Engineer_224,ENG00225,London,Midlands,2021-05-08
Engineer_225,ENG00226,Southampton,Midlands,2023-01-27
Engineer_226,ENG00227,London,London,2023-06-28
Engineer_227,ENG00228,Liverpool,Scotland,2026-01-14
Engineer_228,ENG00229,Bristol,South East,2023-05-18
Engineer_229,ENG00230,Leeds,South West,2021-10-04
Engineer_230,ENG00231,Southampton,South West,2023-03-26
Engineer_231,ENG00232,Liverpool,Midlands,2025-01-26
Engineer_232,ENG00233,Glasgow,Wales,2022-09-26
Engineer_233,ENG00234,Bristol,North West,2024-12-29
Engineer_234,ENG00235,Sheffield,South East,2023-12-31
Engineer_235,ENG00236,Birmingham,Midlands,2022-02-26
Engineer_236,ENG00237,Newcastle,Midlands,2023-10-31
Engineer_237,ENG00238,Leeds,Wales,2025-04-30
Engineer_238,ENG00239,Sheffield,London,2021-04-21
Engineer_239,ENG00240,Bristol,Yorkshire,2022-12-10
Engineer_240,ENG00241,Bristol,South West,2024-08-02
Engineer_241,ENG00242,London,Scotland,2022-11-29
Engineer_242,ENG00243,Leeds,North East,2024-07-14
Engineer_243,ENG00244,Bristol,Wales,2021-11-04
Engineer_244,ENG00245,Sheffield,North West,2026-04-19
Engineer_245,ENG00246,Sheffield,Wales,2023-08-25
Engineer_246,ENG00247,London,South East,2022-03-22
Engineer_247,ENG00248,Glasgow,Yorkshire,2023-07-12
Engineer_248,ENG00249,Glasgow,South East,2025-04-11
Engineer_249,ENG00250,Birmingham,South East,2025-03-14
Engineer_250,ENG00251,Manchester,North West,2024-07-11
Engineer_251,ENG00252,Newcastle,London,2023-07-01
Engineer_252,ENG00253,Glasgow,North West,2022-10-14
Engineer_253,ENG00254,Liverpool,London,2024-10-21
Engineer_254,ENG00255,Southampton,Midlands,2026-04-14
Engineer_255,ENG00256,Birmingham,Scotland,2025-03-18
Engineer_256,ENG00257,Manchester,Wales,2023-09-05
Engineer_257,ENG00258,Manchester,Scotland,2022-11-15
Engineer_258,ENG00259,Liverpool,Wales,2024-01-16
Engineer_259,ENG00260,Newcastle,London,2021-04-09
Engineer_260,ENG00261,Sheffield,North West,2026-03-09
Engineer_261,ENG00262,Manchester,Midlands,2022-08-28
Engineer_262,ENG00263,Sheffield,Scotland,2022-12-31
Engineer_263,ENG00264,Birmingham,North East,2021-04-12
Engineer_264,ENG00265,London,London,2021-05-04
Engineer_265,ENG00266,Newcastle,South West,2024-05-25
Engineer_266,ENG00267,Bristol,Midlands,2022-01-13
Engineer_267,ENG00268,Leeds,South East,2023-05-21
Engineer_268,ENG00269,Southampton,London,2025-07-01
Engineer_269,ENG00270,Sheffield,Wales,2021-06-12
Engineer_270,ENG00271,Leeds,South West,2021-02-22
Engineer_271,ENG00272,Manchester,Scotland,2025-08-06
Engineer_272,ENG00273,Glasgow,Yorkshire,2021-11-06
Engineer_273,ENG00274,Sheffield,Scotland,2024-04-02
Engineer_274,ENG00275,Manchester,Yorkshire,2022-04-06
Engineer_275,ENG00276,Southampton,Scotland,2024-04-24
Engineer_276,ENG00277,Bristol,London,2023-02-05
Engineer_277,ENG00278,Birmingham,Midlands,2021-07-07
Engineer_278,ENG00279,Liverpool,North West,2025-08-28
Engineer_279,ENG00280,Leeds,South East,2021-08-03
Engineer_280,ENG00281,Bristol,London,2025-04-07
Engineer_281,ENG00282,Glasgow,Wales,2025-04-08
Engineer_282,ENG00283,Newcastle,North East,2021-07-05
Engineer_283,ENG00284,Birmingham,Wales,2024-07-06
Engineer_284,ENG00285,Manchester,South West,2024-10-19
Engineer_285,ENG00286,Glasgow,South West,2023-05-12
Engineer_286,ENG00287,London,Scotland,2021-03-30
Engineer_287,ENG00288,Leeds,North West,2021-03-14
Engineer_288,ENG00289,Liverpool,London,2023-04-07
Engineer_289,ENG00290,Bristol,North West,2025-01-05
Engineer_290,ENG00291,Sheffield,London,2025-12-04
Engineer_291,ENG00292,Leeds,London,2021-06-04
Engineer_292,ENG00293,Glasgow,London,2025-04-16
Engineer_293,ENG00294,Bristol,Wales,2025-01-22
Engineer_294,ENG00295,Southampton,Yorkshire,2025-11-30
Engineer_295,ENG00296,Sheffield,Midlands,2025-03-30
Engineer_296,ENG00297,Manchester,North West,2024-12-03
Engineer_297,ENG00298,Bristol,London,2024-07-15
Engineer_298,ENG00299,London,Yorkshire,2026-01-25
Engineer_299,ENG00300,Birmingham,South East,2022-05-28
Engineer_300,ENG00301,Newcastle,Yorkshire,2021-12-17
Engineer_301,ENG00302,Birmingham,North East,2023-08-04
Engineer_302,ENG00303,Manchester,London,2026-03-07
Engineer_303,ENG00304,Leeds,Midlands,2022-11-19
Engineer_304,ENG00305,Southampton,Yorkshire,2021-08-27
Engineer_305,ENG00306,London,North West,2024-12-30
Engineer_306,ENG00307,Sheffield,Yorkshire,2025-08-28
Engineer_307,ENG00308,Newcastle,Wales,2025-08-17
Engineer_308,ENG00309,Liverpool,North West,2021-03-31
Engineer_309,ENG00310,Leeds,Midlands,2025-07-17
Engineer_310,ENG00311,Glasgow,South West,2022-04-23
Engineer_311,ENG00312,Southampton,South East,2024-02-05
Engineer_312,ENG00313,Newcastle,Yorkshire,2025-03-01
Engineer_313,ENG00314,Leeds,North East,2023-10-29
Engineer_314,ENG00315,Manchester,Yorkshire,2022-06-25
Engineer_315,ENG00316,Liverpool,South West,2025-02-17
Engineer_316,ENG00317,Newcastle,North West,2025-07-30
Engineer_317,ENG00318,Sheffield,Midlands,2021-07-29
Engineer_318,ENG00319,Southampton,North East,2023-07-10
Engineer_319,ENG00320,Glasgow,Scotland,2025-11-14
Engineer_320,ENG00321,Sheffield,Midlands,2023-09-04
Engineer_321,ENG00322,Southampton,Scotland,2024-09-16
Engineer_322,ENG00323,Leeds,Scotland,2022-11-15
Engineer_323,ENG00324,Liverpool,London,2022-11-04
Engineer_324,ENG00325,Manchester,North West,2022-11-02
Engineer_325,ENG00326,Manchester,London,2024-08-06
Engineer_326,ENG00327,Southampton,South West,2022-01-12
Engineer_327,ENG00328,Liverpool,South West,2021-06-03
Engineer_328,ENG00329,Glasgow,Wales,2025-10-26
Engineer_329,ENG00330,Sheffield,Wales,2021-12-07
Engineer_330,ENG00331,Manchester,London,2023-10-27
Engineer_331,ENG00332,Bristol,Scotland,2025-05-12
Engineer_332,ENG00333,Glasgow,Wales,2024-06-07
Engineer_333,ENG00334,Newcastle,Scotland,2021-12-03
Engineer_334,ENG00335,Bristol,North West,2026-03-07
Engineer_335,ENG00336,London,North East,2022-08-10
Engineer_336,ENG00337,Bristol,Scotland,2025-04-09
Engineer_337,ENG00338,Sheffield,Yorkshire,2021-04-18
Engineer_338,ENG00339,Birmingham,Wales,2022-06-22
Engineer_339,ENG00340,Glasgow,North East,2025-02-18
Engineer_340,ENG00341,Liverpool,Yorkshire,2024-12-05
Engineer_341,ENG00342,Manchester,Wales,2022-09-30
Engineer_342,ENG00343,Liverpool,North West,2022-12-13
Engineer_343,ENG00344,Newcastle,Scotland,2023-03-13
Engineer_344,ENG00345,Southampton,North East,2021-07-30
Engineer_345,ENG00346,Manchester,Yorkshire,2026-01-22
Engineer_346,ENG00347,Birmingham,Wales,2021-10-31
Engineer_347,ENG00348,Leeds,Wales,2024-10-22
Engineer_348,ENG00349,Manchester,North West,2021-08-17
Engineer_349,ENG00350,Leeds,South West,2024-12-16
Engineer_350,ENG00351,London,North East,2024-05-30
Engineer_351,ENG00352,London,South East,2023-09-20
Engineer_352,ENG00353,Leeds,Midlands,2024-03-02
Engineer_353,ENG00354,Liverpool,South West,2023-02-09
Engineer_354,ENG00355,London,Midlands,2026-02-23
Engineer_355,ENG00356,Bristol,London,2023-12-12
Engineer_356,ENG00357,Sheffield,Midlands,2022-01-17
Engineer_357,ENG00358,Southampton,South East,2024-11-07
Engineer_358,ENG00359,Glasgow,North East,2025-09-06
Engineer_359,ENG00360,Southampton,North East,2021-03-22
Engineer_360,ENG00361,Glasgow,South West,2025-04-16
Engineer_361,ENG00362,Southampton,North East,2024-07-09
Engineer_362,ENG00363,Birmingham,Midlands,2024-04-11
Engineer_363,ENG00364,Bristol,North West,2022-07-25
Engineer_364,ENG00365,Newcastle,South East,2021-04-26
Engineer_365,ENG00366,Sheffield,North East,2025-02-17
Engineer_366,ENG00367,Bristol,South West,2025-06-10
Engineer_367,ENG00368,Manchester,North East,2024-06-01
Engineer_368,ENG00369,Sheffield,London,2023-08-13
Engineer_369,ENG00370,Bristol,Yorkshire,2023-12-21
Engineer_370,ENG00371,Southampton,Wales,2023-05-08
Engineer_371,ENG00372,Newcastle,Wales,2021-06-16
Engineer_372,ENG00373,Leeds,Midlands,2025-03-01
Engineer_373,ENG00374,Manchester,Scotland,2023-12-29
Engineer_374,ENG00375,Bristol,Yorkshire,2023-12-20
Engineer_375,ENG00376,Bristol,North East,2024-10-04
Engineer_376,ENG00377,Southampton,Scotland,2023-06-18
Engineer_377,ENG00378,Liverpool,South West,2025-10-14
Engineer_378,ENG00379,Glasgow,Scotland,2022-02-04
Engineer_379,ENG00380,Bristol,Scotland,2025-01-31
Engineer_380,ENG00381,Southampton,Midlands,2021-04-03
Engineer_381,ENG00382,Birmingham,Midlands,2024-08-31
Engineer_382,ENG00383,Birmingham,Yorkshire,2024-02-20
Engineer_383,ENG00384,Leeds,South West,2025-06-22
Engineer_384,ENG00385,Birmingham,Wales,2022-10-01
Engineer_385,ENG00386,Newcastle,South West,2024-09-25
Engineer_386,ENG00387,Southampton,London,2023-09-01
Engineer_387,ENG00388,London,South West,2025-06-20
Engineer_388,ENG00389,Birmingham,South West,2023-09-29
Engineer_389,ENG00390,Liverpool,Midlands,2022-02-21
Engineer_390,ENG00391,Newcastle,North East,2025-12-05
Engineer_391,ENG00392,Southampton,South West,2023-03-16
Engineer_392,ENG00393,Sheffield,London,2024-06-29
Engineer_393,ENG00394,Bristol,North West,2024-05-07
Engineer_394,ENG00395,Newcastle,Yorkshire,2023-11-29
Engineer_395,ENG00396,Sheffield,Scotland,2021-02-19
Engineer_396,ENG00397,Leeds,Scotland,2023-10-06
Engineer_397,ENG00398,Birmingham,South East,2023-03-14
Engineer_398,ENG00399,Glasgow,Yorkshire,2021-04-19
Engineer_399,ENG00400,Sheffield,South West,2025-06-07
Engineer_400,ENG00401,Sheffield,North East,2021-08-10
Engineer_401,ENG00402,Glasgow,South West,2023-08-30
Engineer_402,ENG00403,Bristol,London,2023-05-12
Engineer_403,ENG00404,Manchester,Yorkshire,2022-05-13
Engineer_404,ENG00405,Southampton,Yorkshire,2021-11-02
Engineer_405,ENG00406,London,London,2022-12-27
Engineer_406,ENG00407,Leeds,North West,2021-07-06
Engineer_407,ENG00408,Sheffield,Wales,2023-01-20
Engineer_408,ENG00409,Southampton,London,2022-10-09
Engineer_409,ENG00410,Southampton,Midlands,2025-01-06
Engineer_410,ENG00411,London,Yorkshire,2022-07-16
Engineer_411,ENG00412,Birmingham,Yorkshire,2023-08-22
Engineer_412,ENG00413,Manchester,South West,2023-08-03
Engineer_413,ENG00414,Glasgow,Wales,2023-05-09
Engineer_414,ENG00415,Liverpool,Scotland,2026-04-07
Engineer_415,ENG00416,Liverpool,Scotland,2022-06-06
Engineer_416,ENG00417,Manchester,South East,2021-12-17
Engineer_417,ENG00418,Sheffield,North East,2025-12-30
Engineer_418,ENG00419,Bristol,North West,2025-02-07
Engineer_419,ENG00420,Birmingham,Wales,2024-10-25
Engineer_420,ENG00421,Bristol,North West,2021-09-22
Engineer_421,ENG00422,Liverpool,South East,2023-06-01
Engineer_422,ENG00423,Newcastle,Wales,2022-12-28
Engineer_423,ENG00424,Sheffield,Midlands,2023-10-28
Engineer_424,ENG00425,Newcastle,South West,2022-03-12
Engineer_425,ENG00426,Bristol,Yorkshire,2022-01-07
Engineer_426,ENG00427,Liverpool,London,2021-10-11
Engineer_427,ENG00428,Sheffield,Wales,2023-08-07
Engineer_428,ENG00429,Bristol,South East,2021-08-19
Engineer_429,ENG00430,Sheffield,Yorkshire,2024-05-27
Engineer_430,ENG00431,Glasgow,London,2024-01-07
Engineer_431,ENG00432,Bristol,Wales,2026-04-03
Engineer_432,ENG00433,Liverpool,North West,2026-02-17
Engineer_433,ENG00434,Birmingham,London,2025-04-08
Engineer_434,ENG00435,Leeds,North West,2022-02-22
Engineer_435,ENG00436,Newcastle,Yorkshire,2026-03-03
Engineer_436,ENG00437,Manchester,Yorkshire,2023-03-05
Engineer_437,ENG00438,Bristol,Wales,2025-06-12
Engineer_438,ENG00439,Glasgow,North West,2025-01-16
Engineer_439,ENG00440,Liverpool,Yorkshire,2023-11-16
Engineer_440,ENG00441,Leeds,Midlands,2021-07-17
Engineer_441,ENG00442,Glasgow,Midlands,2024-08-19
Engineer_442,ENG00443,Southampton,South East,2026-04-06
Engineer_443,ENG00444,Sheffield,Scotland,2025-06-15
Engineer_444,ENG00445,Sheffield,North East,2025-03-23
Engineer_445,ENG00446,Sheffield,North East,2025-12-16
Engineer_446,ENG00447,Bristol,South West,2023-03-25
Engineer_447,ENG00448,Leeds,North West,2025-02-24
Engineer_448,ENG00449,Liverpool,South East,2022-07-05
Engineer_449,ENG00450,London,Midlands,2025-12-29
Engineer_450,ENG00451,Sheffield,North East,2021-10-05
Engineer_451,ENG00452,Sheffield,South East,2024-11-23
Engineer_452,ENG00453,Manchester,South East,2021-09-29
Engineer_453,ENG00454,Birmingham,Midlands,2023-10-23
Engineer_454,ENG00455,Manchester,South West,2022-01-08
Engineer_455,ENG00456,Southampton,Midlands,2025-12-27
Engineer_456,ENG00457,Glasgow,Wales,2026-03-26
Engineer_457,ENG00458,Liverpool,Scotland,2024-05-09
Engineer_458,ENG00459,Manchester,North East,2021-09-06
Engineer_459,ENG00460,Leeds,North West,2023-07-09
Engineer_460,ENG00461,London,Scotland,2025-07-05
Engineer_461,ENG00462,Bristol,Midlands,2021-06-01
Engineer_462,ENG00463,Sheffield,North West,2026-01-09
Engineer_463,ENG00464,Sheffield,North West,2021-05-01
Engineer_464,ENG00465,Glasgow,Midlands,2021-08-04
Engineer_465,ENG00466,Southampton,Wales,2025-10-16
Engineer_466,ENG00467,Southampton,North East,2022-07-04
Engineer_467,ENG00468,Bristol,Midlands,2022-12-03
Engineer_468,ENG00469,Sheffield,Yorkshire,2021-05-28
Engineer_469,ENG00470,Birmingham,Yorkshire,2023-07-10
Engineer_470,ENG00471,Southampton,North West,2021-05-31
Engineer_471,ENG00472,Newcastle,London,2022-03-24
Engineer_472,ENG00473,Bristol,Scotland,2025-12-04
Engineer_473,ENG00474,Southampton,North West,2022-03-11
Engineer_474,ENG00475,Liverpool,Midlands,2024-04-29
Engineer_475,ENG00476,Sheffield,London,2025-04-27
Engineer_476,ENG00477,Newcastle,London,2021-12-19
Engineer_477,ENG00478,London,Yorkshire,2022-04-15
Engineer_478,ENG00479,Bristol,North East,2021-05-16
Engineer_479,ENG00480,Manchester,South West,2021-11-01
Engineer_480,ENG00481,Birmingham,Yorkshire,2022-06-25
Engineer_481,ENG00482,Birmingham,Wales,2025-01-07
Engineer_482,ENG00483,Manchester,Scotland,2021-07-04
Engineer_483,ENG00484,Bristol,North West,2024-09-08
Engineer_484,ENG00485,London,Wales,2025-05-06
Engineer_485,ENG00486,Southampton,Scotland,2023-01-05
Engineer_486,ENG00487,Glasgow,North East,2024-04-05
Engineer_487,ENG00488,Sheffield,North West,2025-02-21
Engineer_488,ENG00489,Newcastle,South West,2026-04-06
Engineer_489,ENG00490,Newcastle,Midlands,2024-07-30
Engineer_490,ENG00491,Sheffield,London,2021-12-06
Engineer_491,ENG00492,Sheffield,Scotland,2025-12-21
Engineer_492,ENG00493,Birmingham,North East,2022-12-10
Engineer_493,ENG00494,Southampton,South West,2021-04-18
Engineer_494,ENG00495,Sheffield,North West,2021-06-01
Engineer_495,ENG00496,Leeds,Scotland,2024-02-26
Engineer_496,ENG00497,Liverpool,South East,2023-11-25
Engineer_497,ENG00498,Birmingham,South West,2022-03-31
Engineer_498,ENG00499,Glasgow,Midlands,2021-10-31
Engineer_499,ENG00500,Sheffield,South West,2021-10-13
Engineer_500,ENG00501,Bristol,London,2026-04-03
Engineer_501,ENG00502,London,Scotland,2021-06-01
Engineer_502,ENG00503,Leeds,South West,2022-01-28
Engineer_503,ENG00504,London,Scotland,2023-09-04
Engineer_504,ENG00505,Glasgow,North West,2026-04-03
Engineer_505,ENG00506,Liverpool,South East,2021-03-20
Engineer_506,ENG00507,Newcastle,Wales,2023-07-22
Engineer_507,ENG00508,Manchester,Scotland,2024-08-17
Engineer_508,ENG00509,London,South West,2022-05-25
Engineer_509,ENG00510,Birmingham,Wales,2021-08-19
Engineer_510,ENG00511,Southampton,Midlands,2022-04-14
Engineer_511,ENG00512,Leeds,Midlands,2023-01-29
Engineer_512,ENG00513,Liverpool,Yorkshire,2025-12-14
Engineer_513,ENG00514,Sheffield,Midlands,2024-01-08
Engineer_514,ENG00515,Sheffield,Wales,2024-12-08
Engineer_515,ENG00516,Southampton,South West,2025-09-04
Engineer_516,ENG00517,Sheffield,South West,2023-01-20
Engineer_517,ENG00518,Leeds,North West,2025-07-27
Engineer_518,ENG00519,Leeds,Scotland,2026-01-22
Engineer_519,ENG00520,Manchester,North East,2025-03-15
Engineer_520,ENG00521,London,Midlands,2024-01-06
Engineer_521,ENG00522,London,Midlands,2023-10-24
Engineer_522,ENG00523,Manchester,South East,2025-10-12
Engineer_523,ENG00524,Sheffield,London,2023-12-30
Engineer_524,ENG00525,Manchester,London,2025-07-25
Engineer_525,ENG00526,Glasgow,North West,2025-03-23
Engineer_526,ENG00527,London,Wales,2023-05-17
Engineer_527,ENG00528,Bristol,South West,2025-11-19
Engineer_528,ENG00529,Manchester,Yorkshire,2024-08-26
Engineer_529,ENG00530,Liverpool,Scotland,2025-06-30
Engineer_530,ENG00531,Birmingham,Scotland,2021-07-23
Engineer_531,ENG00532,Birmingham,Yorkshire,2023-02-09
Engineer_532,ENG00533,Sheffield,Wales,2023-01-26
Engineer_533,ENG00534,Newcastle,Yorkshire,2026-04-12
Engineer_534,ENG00535,Newcastle,North East,2023-08-02
Engineer_535,ENG00536,Bristol,Scotland,2021-02-26
Engineer_536,ENG00537,Liverpool,North East,2025-10-24
Engineer_537,ENG00538,Birmingham,South East,2021-07-09
Engineer_538,ENG00539,Glasgow,South East,2022-02-10
Engineer_539,ENG00540,Liverpool,Midlands,2023-08-20
Engineer_540,ENG00541,Sheffield,North West,2025-03-03
Engineer_541,ENG00542,London,Scotland,2024-08-17
Engineer_542,ENG00543,Newcastle,Scotland,2025-07-29
Engineer_543,ENG00544,Leeds,North East,2025-11-14
Engineer_544,ENG00545,Southampton,South West,2021-04-30
Engineer_545,ENG00546,Manchester,South West,2024-04-12
Engineer_546,ENG00547,Southampton,South East,2021-10-26
Engineer_547,ENG00548,Southampton,North West,2022-09-01
Engineer_548,ENG00549,Southampton,Wales,2023-07-02
Engineer_549,ENG00550,Glasgow,Scotland,2021-06-26
Engineer_550,ENG00551,Newcastle,South West,2021-04-11
Engineer_551,ENG00552,Liverpool,Wales,2024-06-02
Engineer_552,ENG00553,London,North West,2022-09-19
Engineer_553,ENG00554,Manchester,London,2021-05-26
Engineer_554,ENG00555,Southampton,South West,2021-05-06
Engineer_555,ENG00556,Leeds,Wales,2024-05-21
Engineer_556,ENG00557,Glasgow,South East,2022-09-30
Engineer_557,ENG00558,Sheffield,Midlands,2026-01-19
Engineer_558,ENG00559,London,Yorkshire,2025-05-24
Engineer_559,ENG00560,Leeds,North West,2025-08-12
Engineer_560,ENG00561,Liverpool,South West,2025-07-20
Engineer_561,ENG00562,Leeds,North East,2024-11-02
Engineer_562,ENG00563,London,Wales,2023-08-18
Engineer_563,ENG00564,London,Wales,2022-12-16
Engineer_564,ENG00565,Leeds,Yorkshire,2022-03-19
Engineer_565,ENG00566,Glasgow,Yorkshire,2022-01-30
Engineer_566,ENG00567,Southampton,North East,2021-09-28
Engineer_567,ENG00568,Newcastle,Yorkshire,2021-09-19
Engineer_568,ENG00569,Birmingham,South East,2021-03-20
Engineer_569,ENG00570,Sheffield,South East,2021-04-08
Engineer_570,ENG00571,Liverpool,North East,2021-04-04
Engineer_571,ENG00572,Bristol,Wales,2025-01-31
Engineer_572,ENG00573,Sheffield,Wales,2024-03-15
Engineer_573,ENG00574,Southampton,North West,2023-10-16
Engineer_574,ENG00575,Sheffield,North East,2024-11-03
Engineer_575,ENG00576,Sheffield,Yorkshire,2022-07-15
Engineer_576,ENG00577,Glasgow,Yorkshire,2025-04-10
Engineer_577,ENG00578,Newcastle,Wales,2021-10-07
Engineer_578,ENG00579,Bristol,South East,2025-10-06
Engineer_579,ENG00580,Leeds,South East,2024-02-20
Engineer_580,ENG00581,Southampton,Yorkshire,2022-08-16
Engineer_581,ENG00582,Birmingham,Midlands,2022-01-26
Engineer_582,ENG00583,Liverpool,London,2025-04-16
Engineer_583,ENG00584,Bristol,Midlands,2026-02-28
Engineer_584,ENG00585,Bristol,Midlands,2021-04-23
Engineer_585,ENG00586,Manchester,Scotland,2022-06-05
Engineer_586,ENG00587,Newcastle,South East,2024-02-09
Engineer_587,ENG00588,Newcastle,Midlands,2022-03-09
Engineer_588,ENG00589,Sheffield,Midlands,2023-12-15
Engineer_589,ENG00590,London,North East,2022-05-24
Engineer_590,ENG00591,Liverpool,South West,2022-10-29
Engineer_591,ENG00592,Sheffield,North West,2021-05-06
Engineer_592,ENG00593,Southampton,Yorkshire,2024-10-29
Engineer_593,ENG00594,London,North West,2022-03-19
Engineer_594,ENG00595,Newcastle,Scotland,2025-03-05
Engineer_595,ENG00596,Southampton,Yorkshire,2024-09-11
Engineer_596,ENG00597,Leeds,Scotland,2025-01-07
Engineer_597,ENG00598,Southampton,South West,2021-05-23
Engineer_598,ENG00599,London,Wales,2024-05-28
Engineer_599,ENG00600,Glasgow,Scotland,2023-09-14
Engineer_600,ENG00601,London,South East,2025-03-26
Engineer_601,ENG00602,Leeds,South East,2023-08-16
Engineer_602,ENG00603,Southampton,South East,2021-11-03
Engineer_603,ENG00604,Glasgow,Wales,2025-08-02
Engineer_604,ENG00605,Manchester,Yorkshire,2026-04-17
Engineer_605,ENG00606,Birmingham,Wales,2025-07-19
Engineer_606,ENG00607,Newcastle,North East,2025-03-16
Engineer_607,ENG00608,London,South East,2022-10-30
Engineer_608,ENG00609,Birmingham,South West,2024-10-17
Engineer_609,ENG00610,Southampton,North West,2024-12-02
Engineer_610,ENG00611,Sheffield,Wales,2024-11-23
Engineer_611,ENG00612,Manchester,Yorkshire,2025-06-09
Engineer_612,ENG00613,Bristol,Scotland,2022-04-17
Engineer_613,ENG00614,Manchester,Wales,2021-06-24
Engineer_614,ENG00615,Bristol,Yorkshire,2026-03-07
Engineer_615,ENG00616,London,London,2024-06-28
Engineer_616,ENG00617,Manchester,North East,2026-03-07
Engineer_617,ENG00618,Birmingham,Wales,2024-05-06
Engineer_618,ENG00619,Southampton,South East,2021-04-22
Engineer_619,ENG00620,Leeds,Midlands,2022-04-18
Engineer_620,ENG00621,Manchester,Scotland,2026-02-09
Engineer_621,ENG00622,Southampton,South East,2025-08-08
Engineer_622,ENG00623,Sheffield,Wales,2023-11-25
Engineer_623,ENG00624,Leeds,South West,2022-02-09
Engineer_624,ENG00625,Manchester,North East,2025-04-21
Engineer_625,ENG00626,Newcastle,Midlands,2024-10-09
Engineer_626,ENG00627,Birmingham,South East,2022-10-17
Engineer_627,ENG00628,Glasgow,London,2021-04-15
Engineer_628,ENG00629,London,North East,2023-09-06
Engineer_629,ENG00630,Leeds,South West,2021-05-13
Engineer_630,ENG00631,Manchester,South West,2025-09-16
Engineer_631,ENG00632,Manchester,South East,2025-07-15
Engineer_632,ENG00633,Glasgow,Midlands,2021-12-12
Engineer_633,ENG00634,Glasgow,London,2021-02-16
Engineer_634,ENG00635,Bristol,Yorkshire,2026-04-17
Engineer_635,ENG00636,Liverpool,North East,2026-03-22
Engineer_636,ENG00637,Birmingham,South West,2026-02-19
Engineer_637,ENG00638,London,North East,2025-08-21
Engineer_638,ENG00639,Southampton,Midlands,2021-03-24
Engineer_639,ENG00640,Sheffield,Midlands,2021-10-22
Engineer_640,ENG00641,Manchester,Yorkshire,2022-11-26
Engineer_641,ENG00642,Southampton,South East,2025-01-21
Engineer_642,ENG00643,Manchester,South West,2022-07-05
Engineer_643,ENG00644,Birmingham,Midlands,2022-10-06
Engineer_644,ENG00645,Manchester,North West,2022-11-25
Engineer_645,ENG00646,Glasgow,Midlands,2023-12-27
Engineer_646,ENG00647,Leeds,South West,2023-09-24
Engineer_647,ENG00648,Southampton,Yorkshire,2025-03-12
Engineer_648,ENG00649,Manchester,Scotland,2022-07-22
Engineer_649,ENG00650,Leeds,Midlands,2021-10-08
Engineer_650,ENG00651,Bristol,Scotland,2025-07-11
Engineer_651,ENG00652,Liverpool,Wales,2024-07-24
Engineer_652,ENG00653,London,Yorkshire,2023-03-18
Engineer_653,ENG00654,Southampton,North East,2026-01-22
Engineer_654,ENG00655,Manchester,Scotland,2025-08-02
Engineer_655,ENG00656,Bristol,Midlands,2021-09-21
Engineer_656,ENG00657,London,Wales,2022-10-28
Engineer_657,ENG00658,Birmingham,Scotland,2026-04-18
Engineer_658,ENG00659,Birmingham,Wales,2023-09-12
Engineer_659,ENG00660,Manchester,North East,2022-08-27
Engineer_660,ENG00661,Bristol,North East,2023-12-08
Engineer_661,ENG00662,London,Scotland,2024-02-04
Engineer_662,ENG00663,Sheffield,Wales,2021-09-20
Engineer_663,ENG00664,Leeds,Midlands,2022-07-09
Engineer_664,ENG00665,Leeds,London,2025-12-14
Engineer_665,ENG00666,Newcastle,Wales,2021-03-12
Engineer_666,ENG00667,Liverpool,North West,2024-11-27
Engineer_667,ENG00668,Bristol,South West,2025-11-17
Engineer_668,ENG00669,Leeds,Wales,2023-11-16
Engineer_669,ENG00670,Bristol,London,2025-12-31
Engineer_670,ENG00671,Manchester,South West,2021-04-17
Engineer_671,ENG00672,Birmingham,Yorkshire,2022-11-11
Engineer_672,ENG00673,Sheffield,Wales,2025-12-06
Engineer_673,ENG00674,Liverpool,Wales,2023-08-12
Engineer_674,ENG00675,Southampton,London,2022-08-16
Engineer_675,ENG00676,Southampton,Midlands,2021-11-11
Engineer_676,ENG00677,Leeds,North East,2025-01-30
Engineer_677,ENG00678,Leeds,Scotland,2022-02-16
Engineer_678,ENG00679,Manchester,North East,2024-05-15
Engineer_679,ENG00680,Glasgow,North West,2024-08-25
Engineer_680,ENG00681,Manchester,London,2025-06-09
Engineer_681,ENG00682,Southampton,North West,2024-07-31
Engineer_682,ENG00683,Sheffield,Wales,2025-08-08
Engineer_683,ENG00684,Southampton,Scotland,2023-05-28
Engineer_684,ENG00685,Sheffield,London,2022-04-23
Engineer_685,ENG00686,Newcastle,North West,2023-06-02
Engineer_686,ENG00687,Leeds,North East,2023-12-05
Engineer_687,ENG00688,Sheffield,South East,2023-02-14
Engineer_688,ENG00689,Southampton,Yorkshire,2021-02-25
Engineer_689,ENG00690,Birmingham,North West,2024-10-06
Engineer_690,ENG00691,Bristol,Yorkshire,2022-09-27
Engineer_691,ENG00692,London,South East,2023-02-02
Engineer_692,ENG00693,Leeds,North West,2025-01-29
Engineer_693,ENG00694,Liverpool,South West,2023-07-16
Engineer_694,ENG00695,Bristol,North West,2023-10-21
Engineer_695,ENG00696,Birmingham,North West,2022-12-10
Engineer_696,ENG00697,Liverpool,Wales,2022-04-06
Engineer_697,ENG00698,Glasgow,North East,2024-11-26
Engineer_698,ENG00699,London,Yorkshire,2025-01-13
Engineer_699,ENG00700,Liverpool,North East,2023-01-10
Engineer_700,ENG00701,Southampton,Midlands,2021-11-21
Engineer_701,ENG00702,Liverpool,North East,2026-01-22
Engineer_702,ENG00703,Sheffield,Yorkshire,2025-07-06
Engineer_703,ENG00704,Newcastle,North East,2022-08-25
Engineer_704,ENG00705,Manchester,Yorkshire,2025-09-14
Engineer_705,ENG00706,Liverpool,Yorkshire,2021-03-14
Engineer_706,ENG00707,Leeds,Scotland,2022-01-03
Engineer_707,ENG00708,Birmingham,Scotland,2023-05-25
Engineer_708,ENG00709,Southampton,Yorkshire,2023-06-17
Engineer_709,ENG00710,Sheffield,North West,2021-08-09
Engineer_710,ENG00711,Liverpool,London,2023-07-07
Engineer_711,ENG00712,Newcastle,North East,2023-06-23
Engineer_712,ENG00713,Manchester,South West,2025-11-20
Engineer_713,ENG00714,Bristol,Yorkshire,2025-04-01
Engineer_714,ENG00715,Manchester,South East,2025-05-01
Engineer_715,ENG00716,Liverpool,South West,2025-05-23
Engineer_716,ENG00717,Bristol,London,2024-05-04
Engineer_717,ENG00718,London,Wales,2025-07-24
Engineer_718,ENG00719,Southampton,South East,2022-02-28
Engineer_719,ENG00720,Sheffield,Yorkshire,2023-04-23
Engineer_720,ENG00721,Leeds,South West,2022-02-16
Engineer_721,ENG00722,Sheffield,South East,2025-05-27
Engineer_722,ENG00723,Birmingham,London,2025-11-04
Engineer_723,ENG00724,Bristol,North East,2025-09-03
Engineer_724,ENG00725,Birmingham,Wales,2025-12-08
Engineer_725,ENG00726,Sheffield,Midlands,2022-01-18
Engineer_726,ENG00727,Newcastle,North East,2025-07-12
Engineer_727,ENG00728,Glasgow,Scotland,2021-08-18
Engineer_728,ENG00729,Sheffield,Wales,2024-08-11
Engineer_729,ENG00730,Bristol,South West,2021-05-21
Engineer_730,ENG00731,Liverpool,London,2025-07-16
Engineer_731,ENG00732,Liverpool,North West,2022-04-09
Engineer_732,ENG00733,Bristol,Midlands,2025-02-12
Engineer_733,ENG00734,Manchester,North East,2024-01-26
Engineer_734,ENG00735,Southampton,London,2021-10-04
Engineer_735,ENG00736,Newcastle,Midlands,2022-02-02
Engineer_736,ENG00737,Leeds,North East,2023-04-10
Engineer_737,ENG00738,Bristol,Midlands,2025-10-10
Engineer_738,ENG00739,Glasgow,Midlands,2021-04-07
Engineer_739,ENG00740,Newcastle,Yorkshire,2024-10-06
Engineer_740,ENG00741,Manchester,Yorkshire,2022-02-18
Engineer_741,ENG00742,Glasgow,Wales,2021-07-01
Engineer_742,ENG00743,Southampton,North West,2025-02-11
Engineer_743,ENG00744,Southampton,South East,2022-12-06
Engineer_744,ENG00745,Newcastle,South East,2022-01-16
Engineer_745,ENG00746,Sheffield,South East,2026-03-17
Engineer_746,ENG00747,Newcastle,North West,2022-07-25
Engineer_747,ENG00748,London,Wales,2025-04-22
Engineer_748,ENG00749,Southampton,Midlands,2025-10-30
Engineer_749,ENG00750,Sheffield,Scotland,2026-04-21
Engineer_750,ENG00751,Leeds,Scotland,2022-07-27
Engineer_751,ENG00752,Liverpool,South East,2026-03-12
Engineer_752,ENG00753,Manchester,Midlands,2021-07-16
Engineer_753,ENG00754,Sheffield,Scotland,2025-03-28
Engineer_754,ENG00755,Leeds,South West,2023-10-22
Engineer_755,ENG00756,Manchester,London,2025-05-13
Engineer_756,ENG00757,Leeds,Scotland,2021-07-16
Engineer_757,ENG00758,Leeds,North East,2022-06-23
Engineer_758,ENG00759,London,Midlands,2021-09-08
Engineer_759,ENG00760,Sheffield,Yorkshire,2026-02-01
Engineer_760,ENG00761,Manchester,Yorkshire,2023-07-01
Engineer_761,ENG00762,Manchester,Scotland,2021-03-02
Engineer_762,ENG00763,Manchester,Yorkshire,2026-03-15
Engineer_763,ENG00764,Bristol,London,2024-02-09
Engineer_764,ENG00765,Southampton,Wales,2024-10-22
Engineer_765,ENG00766,London,London,2025-06-25
Engineer_766,ENG00767,Leeds,London,2026-04-16
Engineer_767,ENG00768,Manchester,South West,2024-09-16
Engineer_768,ENG00769,Newcastle,South East,2023-04-03
Engineer_769,ENG00770,Birmingham,North East,2021-09-09
Engineer_770,ENG00771,Liverpool,North East,2022-09-19
Engineer_771,ENG00772,Leeds,Wales,2023-03-01
Engineer_772,ENG00773,Glasgow,North East,2023-03-31
Engineer_773,ENG00774,Glasgow,South West,2023-08-26
Engineer_774,ENG00775,London,South East,2022-06-02
Engineer_775,ENG00776,Bristol,London,2025-05-25
Engineer_776,ENG00777,Glasgow,London,2021-06-30
Engineer_777,ENG00778,Manchester,North East,2025-02-18
Engineer_778,ENG00779,Southampton,North West,2023-12-10
Engineer_779,ENG00780,Newcastle,London,2025-09-24
Engineer_780,ENG00781,Liverpool,North West,2025-08-23
Engineer_781,ENG00782,Newcastle,London,2021-12-11
Engineer_782,ENG00783,Newcastle,Wales,2025-09-01
Engineer_783,ENG00784,Liverpool,Scotland,2021-08-23
Engineer_784,ENG00785,Liverpool,Wales,2024-06-07
Engineer_785,ENG00786,London,North West,2021-04-26
Engineer_786,ENG00787,Glasgow,South East,2024-01-30
Engineer_787,ENG00788,Bristol,London,2021-07-23
Engineer_788,ENG00789,Newcastle,London,2023-02-27
Engineer_789,ENG00790,Birmingham,Scotland,2024-05-12
Engineer_790,ENG00791,Glasgow,South West,2024-11-15
Engineer_791,ENG00792,Glasgow,Scotland,2025-09-30
Engineer_792,ENG00793,Birmingham,Yorkshire,2024-06-18
Engineer_793,ENG00794,Sheffield,London,2024-10-06
Engineer_794,ENG00795,Newcastle,Yorkshire,2022-11-23
Engineer_795,ENG00796,Sheffield,North East,2025-04-03
Engineer_796,ENG00797,Sheffield,South East,2023-12-13
Engineer_797,ENG00798,Newcastle,Yorkshire,2023-11-06
Engineer_798,ENG00799,Leeds,London,2021-06-02
Engineer_799,ENG00800,London,Midlands,2021-05-17
Engineer_800,ENG00801,Sheffield,North West,2022-08-24
Engineer_801,ENG00802,Glasgow,South West,2021-04-11
Engineer_802,ENG00803,Leeds,South West,2026-03-02
Engineer_803,ENG00804,Birmingham,South West,2024-01-23
Engineer_804,ENG00805,Leeds,London,2024-12-18
Engineer_805,ENG00806,Southampton,Midlands,2021-10-15
Engineer_806,ENG00807,Glasgow,Yorkshire,2026-02-16
Engineer_807,ENG00808,Southampton,South West,2022-05-09
Engineer_808,ENG00809,London,North East,2024-12-09
Engineer_809,ENG00810,Liverpool,Scotland,2023-11-30
Engineer_810,ENG00811,Newcastle,Wales,2024-03-25
Engineer_811,ENG00812,Birmingham,Yorkshire,2024-11-02
Engineer_812,ENG00813,London,North West,2025-07-06
Engineer_813,ENG00814,Liverpool,South East,2022-10-15
Engineer_814,ENG00815,Newcastle,Yorkshire,2023-09-13
Engineer_815,ENG00816,Bristol,Wales,2024-01-17
Engineer_816,ENG00817,Bristol,London,2021-08-10
Engineer_817,ENG00818,Bristol,London,2026-01-08
Engineer_818,ENG00819,Leeds,London,2023-09-11
Engineer_819,ENG00820,London,Scotland,2023-02-15
Engineer_820,ENG00821,Birmingham,North West,2024-09-03
Engineer_821,ENG00822,Bristol,Wales,2022-01-28
Engineer_822,ENG00823,Bristol,North West,2025-06-15
Engineer_823,ENG00824,Liverpool,North East,2023-01-23
Engineer_824,ENG00825,Southampton,Scotland,2023-02-15
Engineer_825,ENG00826,Birmingham,North West,2023-06-02
Engineer_826,ENG00827,Bristol,Midlands,2025-11-30
Engineer_827,ENG00828,Southampton,South West,2024-05-08
Engineer_828,ENG00829,Manchester,North East,2024-12-28
Engineer_829,ENG00830,Bristol,South East,2022-09-02
Engineer_830,ENG00831,Leeds,North East,2025-02-22
Engineer_831,ENG00832,Liverpool,Yorkshire,2025-09-07
Engineer_832,ENG00833,Newcastle,London,2022-11-05
Engineer_833,ENG00834,Birmingham,South East,2023-08-22
Engineer_834,ENG00835,Leeds,London,2025-05-17
Engineer_835,ENG00836,Newcastle,South West,2021-05-19
Engineer_836,ENG00837,Southampton,Wales,2021-03-11
Engineer_837,ENG00838,Newcastle,Yorkshire,2025-03-17
Engineer_838,ENG00839,Glasgow,South East,2023-07-18
Engineer_839,ENG00840,Leeds,London,2021-11-23
Engineer_840,ENG00841,Southampton,Scotland,2023-01-23
Engineer_841,ENG00842,Leeds,Yorkshire,2024-06-09
Engineer_842,ENG00843,Birmingham,North East,2026-03-18
Engineer_843,ENG00844,Birmingham,Wales,2025-07-31
Engineer_844,ENG00845,Bristol,North West,2021-09-11
Engineer_845,ENG00846,Bristol,South West,2022-10-02
Engineer_846,ENG00847,Southampton,South West,2026-03-11
Engineer_847,ENG00848,Liverpool,Wales,2024-01-25
Engineer_848,ENG00849,Sheffield,London,2022-12-23
Engineer_849,ENG00850,Sheffield,Scotland,2025-04-25
Engineer_850,ENG00851,Liverpool,South East,2024-10-09
Engineer_851,ENG00852,Manchester,Scotland,2024-12-03
Engineer_852,ENG00853,Leeds,South West,2021-12-24
Engineer_853,ENG00854,Bristol,Scotland,2025-10-01
Engineer_854,ENG00855,Sheffield,Yorkshire,2021-08-26
Engineer_855,ENG00856,Glasgow,North West,2021-10-06
Engineer_856,ENG00857,Leeds,Yorkshire,2026-01-06
Engineer_857,ENG00858,Newcastle,Midlands,2023-07-26
Engineer_858,ENG00859,Newcastle,Scotland,2021-10-17
Engineer_859,ENG00860,Birmingham,London,2025-08-04
Engineer_860,ENG00861,Birmingham,Yorkshire,2025-08-04
Engineer_861,ENG00862,Bristol,Midlands,2022-06-04
Engineer_862,ENG00863,Sheffield,Wales,2023-03-24
Engineer_863,ENG00864,Leeds,Wales,2025-12-22
Engineer_864,ENG00865,Sheffield,London,2024-02-26
Engineer_865,ENG00866,Sheffield,South West,2022-02-20
Engineer_866,ENG00867,London,South West,2023-01-30
Engineer_867,ENG00868,Birmingham,North East,2024-12-15
Engineer_868,ENG00869,Manchester,Scotland,2022-11-18
Engineer_869,ENG00870,Birmingham,Yorkshire,2022-04-28
Engineer_870,ENG00871,London,North East,2025-10-29
Engineer_871,ENG00872,London,North East,2025-07-07
Engineer_872,ENG00873,Leeds,Scotland,2024-05-13
Engineer_873,ENG00874,Newcastle,North West,2023-11-04
Engineer_874,ENG00875,Manchester,South West,2021-09-09
Engineer_875,ENG00876,Southampton,Midlands,2025-09-25
Engineer_876,ENG00877,Manchester,Midlands,2025-08-31
Engineer_877,ENG00878,Sheffield,Midlands,2023-10-03
Engineer_878,ENG00879,Birmingham,Wales,2022-03-11
Engineer_879,ENG00880,Birmingham,North East,2022-05-19
Engineer_880,ENG00881,Leeds,Yorkshire,2023-11-10
Engineer_881,ENG00882,Glasgow,Midlands,2023-06-12
Engineer_882,ENG00883,Sheffield,Scotland,2021-11-21
Engineer_883,ENG00884,London,Yorkshire,2022-05-16
Engineer_884,ENG00885,Newcastle,South West,2021-12-20
Engineer_885,ENG00886,Newcastle,Scotland,2022-11-29
Engineer_886,ENG00887,Sheffield,Wales,2024-01-23
Engineer_887,ENG00888,Leeds,Scotland,2025-01-30
Engineer_888,ENG00889,Glasgow,North East,2024-05-01
Engineer_889,ENG00890,Sheffield,Yorkshire,2024-12-25
Engineer_890,ENG00891,London,North East,2022-02-13
Engineer_891,ENG00892,Leeds,North West,2025-05-07
Engineer_892,ENG00893,Sheffield,Midlands,2024-08-26
Engineer_893,ENG00894,Birmingham,North West,2022-03-04
Engineer_894,ENG00895,Sheffield,London,2021-08-27
Engineer_895,ENG00896,Leeds,Midlands,2022-08-22
Engineer_896,ENG00897,Birmingham,Midlands,2024-11-09
Engineer_897,ENG00898,Leeds,Midlands,2025-06-07
Engineer_898,ENG00899,Southampton,London,2023-03-25
Engineer_899,ENG00900,Manchester,Wales,2025-09-27
Engineer_900,ENG00901,Birmingham,South East,2022-01-02
Engineer_901,ENG00902,Bristol,South East,2023-09-08
Engineer_902,ENG00903,London,Scotland,2024-05-10
Engineer_903,ENG00904,Sheffield,Scotland,2021-07-12
Engineer_904,ENG00905,Newcastle,Scotland,2023-07-24
Engineer_905,ENG00906,London,Scotland,2023-09-29
Engineer_906,ENG00907,Manchester,North West,2024-11-08
Engineer_907,ENG00908,Southampton,South East,2022-09-26
Engineer_908,ENG00909,Newcastle,North East,2021-10-31
Engineer_909,ENG00910,Sheffield,London,2025-12-05
Engineer_910,ENG00911,Southampton,North West,2024-07-06
Engineer_911,ENG00912,Sheffield,Scotland,2023-10-09
Engineer_912,ENG00913,Sheffield,Yorkshire,2025-09-04
Engineer_913,ENG00914,London,London,2023-03-28
Engineer_914,ENG00915,Manchester,North East,2025-09-18
Engineer_915,ENG00916,Birmingham,Wales,2024-02-20
Engineer_916,ENG00917,London,Midlands,2025-03-01
Engineer_917,ENG00918,Glasgow,Midlands,2021-05-08
Engineer_918,ENG00919,Birmingham,North West,2025-03-27
Engineer_919,ENG00920,Newcastle,South East,2025-11-20
Engineer_920,ENG00921,Newcastle,North West,2024-01-08
Engineer_921,ENG00922,London,South West,2024-03-21
Engineer_922,ENG00923,Liverpool,South East,2025-02-10
Engineer_923,ENG00924,London,North West,2021-10-21
Engineer_924,ENG00925,Birmingham,South East,2025-10-21
Engineer_925,ENG00926,Leeds,South West,2022-05-20
Engineer_926,ENG00927,Leeds,London,2025-07-04
Engineer_927,ENG00928,Leeds,Midlands,2025-09-15
Engineer_928,ENG00929,Sheffield,Scotland,2025-09-30
Engineer_929,ENG00930,Bristol,North West,2023-11-12
Engineer_930,ENG00931,Liverpool,Midlands,2022-02-04
Engineer_931,ENG00932,Leeds,South West,2022-11-20
Engineer_932,ENG00933,Southampton,North East,2022-06-10
Engineer_933,ENG00934,Glasgow,North East,2023-12-18
Engineer_934,ENG00935,Birmingham,London,2022-04-12
Engineer_935,ENG00936,Southampton,South West,2025-06-26
Engineer_936,ENG00937,Sheffield,London,2023-07-25
Engineer_937,ENG00938,Glasgow,North West,2026-03-02
Engineer_938,ENG00939,Bristol,North West,2023-12-12
Engineer_939,ENG00940,Sheffield,Scotland,2024-11-06
Engineer_940,ENG00941,Glasgow,London,2024-03-03
Engineer_941,ENG00942,Birmingham,Yorkshire,2022-11-11
Engineer_942,ENG00943,Bristol,North East,2022-12-03
Engineer_943,ENG00944,Bristol,South East,2021-07-24
Engineer_944,ENG00945,Newcastle,South East,2022-02-21
Engineer_945,ENG00946,Leeds,Yorkshire,2025-11-12
Engineer_946,ENG00947,Southampton,North East,2024-02-20
Engineer_947,ENG00948,Leeds,Midlands,2024-11-19
Engineer_948,ENG00949,Bristol,London,2024-09-25
Engineer_949,ENG00950,Newcastle,Wales,2022-04-12
Engineer_950,ENG00951,Newcastle,South East,2022-10-03
Engineer_951,ENG00952,Manchester,North West,2023-05-05
Engineer_952,ENG00953,Manchester,Midlands,2025-11-18
Engineer_953,ENG00954,Bristol,London,2025-03-28
Engineer_954,ENG00955,Southampton,South East,2025-11-07
Engineer_955,ENG00956,Leeds,South East,2026-01-01
Engineer_956,ENG00957,Birmingham,Yorkshire,2024-11-29
Engineer_957,ENG00958,Bristol,Midlands,2024-07-07
Engineer_958,ENG00959,Liverpool,Scotland,2023-02-05
Engineer_959,ENG00960,Glasgow,North West,2022-02-27
Engineer_960,ENG00961,Manchester,Wales,2024-12-07
Engineer_961,ENG00962,Glasgow,Midlands,2021-07-12
Engineer_962,ENG00963,London,Midlands,2024-03-29
Engineer_963,ENG00964,Manchester,South East,2023-02-14
Engineer_964,ENG00965,Sheffield,Scotland,2021-10-16
Engineer_965,ENG00966,Birmingham,South East,2023-03-20
Engineer_966,ENG00967,Manchester,Scotland,2022-01-08
Engineer_967,ENG00968,Newcastle,North West,2021-11-23
Engineer_968,ENG00969,London,North East,2024-06-27
Engineer_969,ENG00970,Southampton,North West,2021-03-10
Engineer_970,ENG00971,Southampton,Midlands,2023-08-03
Engineer_971,ENG00972,Glasgow,London,2021-02-21
Engineer_972,ENG00973,Glasgow,North West,2021-08-11
Engineer_973,ENG00974,Bristol,Wales,2022-01-21
Engineer_974,ENG00975,Liverpool,Midlands,2026-03-28
Engineer_975,ENG00976,Southampton,North East,2024-06-22
Engineer_976,ENG00977,London,Yorkshire,2025-05-03
Engineer_977,ENG00978,Liverpool,Wales,2022-01-30
Engineer_978,ENG00979,Glasgow,Midlands,2025-02-22
Engineer_979,ENG00980,Liverpool,Midlands,2024-08-07
Engineer_980,ENG00981,Southampton,South West,2023-04-04
Engineer_981,ENG00982,London,North West,2023-08-17
Engineer_982,ENG00983,Glasgow,Wales,2023-08-26
Engineer_983,ENG00984,Glasgow,London,2023-06-13
Engineer_984,ENG00985,London,North West,2026-01-26
Engineer_985,ENG00986,Bristol,South East,2022-10-12
Engineer_986,ENG00987,Southampton,Yorkshire,2021-07-15
Engineer_987,ENG00988,Liverpool,Wales,2021-12-19
Engineer_988,ENG00989,Bristol,London,2022-11-25
Engineer_989,ENG00990,Bristol,Yorkshire,2025-04-06
Engineer_990,ENG00991,Newcastle,Scotland,2022-05-15
Engineer_991,ENG00992,Southampton,Wales,2024-04-11
Engineer_992,ENG00993,Newcastle,South East,2021-10-26
Engineer_993,ENG00994,Leeds,Scotland,2026-02-18
Engineer_994,ENG00995,Sheffield,Scotland,2022-03-09
Engineer_995,ENG00996,Liverpool,London,2024-11-30
Engineer_996,ENG00997,Sheffield,South East,2022-06-03
Engineer_997,ENG00998,London,North West,2022-03-10
Engineer_998,ENG00999,Leeds,London,2024-01-21
Engineer_999,ENG01000,Birmingham,South East,2022-04-07
Engineer_1000,ENG01001,Bristol,Scotland,2023-04-28
Engineer_1001,ENG01002,Liverpool,North East,2024-01-02
Engineer_1002,ENG01003,Newcastle,Scotland,2024-03-17
Engineer_1003,ENG01004,Newcastle,North East,2023-02-28
Engineer_1004,ENG01005,Newcastle,Wales,2026-04-11
Engineer_1005,ENG01006,Liverpool,Midlands,2021-11-29
Engineer_1006,ENG01007,London,Scotland,2022-10-24
Engineer_1007,ENG01008,Birmingham,Yorkshire,2021-08-25
Engineer_1008,ENG01009,Manchester,Scotland,2022-09-04
Engineer_1009,ENG01010,Southampton,North West,2022-07-23
Engineer_1010,ENG01011,Leeds,North West,2023-11-27
Engineer_1011,ENG01012,Bristol,North East,2023-01-23
Engineer_1012,ENG01013,Sheffield,Yorkshire,2023-02-13
Engineer_1013,ENG01014,Sheffield,Yorkshire,2021-05-09
Engineer_1014,ENG01015,Birmingham,Scotland,2022-01-09
Engineer_1015,ENG01016,Southampton,South West,2022-08-04
Engineer_1016,ENG01017,Leeds,Scotland,2025-02-12
Engineer_1017,ENG01018,Newcastle,Scotland,2021-06-26
Engineer_1018,ENG01019,London,North West,2021-04-29
Engineer_1019,ENG01020,Bristol,South West,2025-03-27
Engineer_1020,ENG01021,Leeds,North East,2025-05-13
Engineer_1021,ENG01022,Birmingham,Yorkshire,2022-06-11
Engineer_1022,ENG01023,Newcastle,North West,2021-10-06
Engineer_1023,ENG01024,Birmingham,Scotland,2023-09-15
Engineer_1024,ENG01025,Glasgow,London,2021-05-28
Engineer_1025,ENG01026,Birmingham,Midlands,2023-09-08
Engineer_1026,ENG01027,Liverpool,Midlands,2023-06-21
Engineer_1027,ENG01028,London,Yorkshire,2022-12-10
Engineer_1028,ENG01029,Birmingham,South East,2021-08-11
Engineer_1029,ENG01030,Liverpool,South East,2025-05-07
Engineer_1030,ENG01031,Sheffield,North East,2023-08-29
Engineer_1031,ENG01032,Manchester,Yorkshire,2023-02-20
Engineer_1032,ENG01033,Birmingham,Wales,2024-04-09
Engineer_1033,ENG01034,Leeds,Midlands,2026-02-06
Engineer_1034,ENG01035,Sheffield,Yorkshire,2022-03-10
Engineer_1035,ENG01036,Newcastle,North East,2022-02-01
Engineer_1036,ENG01037,Sheffield,Yorkshire,2023-03-02
Engineer_1037,ENG01038,Southampton,North West,2024-12-08
Engineer_1038,ENG01039,Bristol,South East,2024-07-24
Engineer_1039,ENG01040,Birmingham,North West,2021-03-14
Engineer_1040,ENG01041,Glasgow,South West,2023-02-28
Engineer_1041,ENG01042,Glasgow,Yorkshire,2022-11-21
Engineer_1042,ENG01043,Southampton,South East,2024-12-21
Engineer_1043,ENG01044,Leeds,South East,2022-08-20
Engineer_1044,ENG01045,London,Yorkshire,2024-06-25
Engineer_1045,ENG01046,Glasgow,Scotland,2025-01-25
Engineer_1046,ENG01047,Southampton,Wales,2021-03-18
Engineer_1047,ENG01048,Leeds,South West,2025-07-24
Engineer_1048,ENG01049,London,London,2024-08-01
Engineer_1049,ENG01050,Bristol,Yorkshire,2023-11-17
Engineer_1050,ENG01051,Leeds,Yorkshire,2025-05-11
Engineer_1051,ENG01052,Leeds,North East,2023-10-05
Engineer_1052,ENG01053,Birmingham,Scotland,2023-04-11
Engineer_1053,ENG01054,Newcastle,Wales,2024-04-20
Engineer_1054,ENG01055,Southampton,South East,2022-03-01
Engineer_1055,ENG01056,Glasgow,North East,2024-10-03
Engineer_1056,ENG01057,Birmingham,North East,2022-08-02
Engineer_1057,ENG01058,Southampton,North West,2022-12-30
Engineer_1058,ENG01059,Glasgow,Wales,2023-07-19
Engineer_1059,ENG01060,Leeds,London,2022-02-19
Engineer_1060,ENG01061,London,Scotland,2022-05-13
Engineer_1061,ENG01062,London,North East,2022-03-08
Engineer_1062,ENG01063,Birmingham,North West,2023-04-16
Engineer_1063,ENG01064,Southampton,North East,2022-05-18
Engineer_1064,ENG01065,Newcastle,Midlands,2024-11-10
Engineer_1065,ENG01066,Leeds,South West,2022-11-29
Engineer_1066,ENG01067,Liverpool,North East,2023-05-04
Engineer_1067,ENG01068,Birmingham,South West,2021-04-21
Engineer_1068,ENG01069,Sheffield,Wales,2026-03-08
Engineer_1069,ENG01070,Birmingham,Scotland,2025-11-12
Engineer_1070,ENG01071,Glasgow,North East,2025-09-26
Engineer_1071,ENG01072,Leeds,North East,2021-08-31
Engineer_1072,ENG01073,Sheffield,Midlands,2021-10-03
Engineer_1073,ENG01074,Bristol,South West,2026-02-21
Engineer_1074,ENG01075,London,South East,2024-08-08
Engineer_1075,ENG01076,Manchester,Yorkshire,2026-04-11
Engineer_1076,ENG01077,Sheffield,Midlands,2021-11-29
Engineer_1077,ENG01078,Bristol,South East,2024-04-13
Engineer_1078,ENG01079,Sheffield,North West,2023-07-15
Engineer_1079,ENG01080,Bristol,Scotland,2025-06-07
Engineer_1080,ENG01081,London,Wales,2023-11-28
Engineer_1081,ENG01082,London,Yorkshire,2023-04-18
Engineer_1082,ENG01083,Newcastle,South West,2025-04-03
Engineer_1083,ENG01084,Bristol,Midlands,2023-03-15
Engineer_1084,ENG01085,Glasgow,South East,2025-06-28
Engineer_1085,ENG01086,Leeds,South West,2023-09-23
Engineer_1086,ENG01087,Sheffield,Yorkshire,2023-06-25
Engineer_1087,ENG01088,Manchester,London,2022-09-07
Engineer_1088,ENG01089,Glasgow,Yorkshire,2022-02-28
Engineer_1089,ENG01090,London,Midlands,2022-06-21
Engineer_1090,ENG01091,Liverpool,Midlands,2023-06-07
Engineer_1091,ENG01092,Southampton,South West,2024-10-09
Engineer_1092,ENG01093,Newcastle,Yorkshire,2026-02-25
Engineer_1093,ENG01094,Newcastle,London,2025-04-09
Engineer_1094,ENG01095,Southampton,North East,2022-05-13
Engineer_1095,ENG01096,Bristol,Scotland,2023-10-17
Engineer_1096,ENG01097,London,North East,2024-08-28
Engineer_1097,ENG01098,Sheffield,North West,2022-04-25
Engineer_1098,ENG01099,Leeds,North East,2022-01-22
Engineer_1099,ENG01100,Sheffield,North East,2024-09-04
Engineer_1100,ENG01101,Glasgow,South East,2023-06-25
Engineer_1101,ENG01102,Sheffield,Wales,2021-09-19
Engineer_1102,ENG01103,Bristol,South East,2023-02-23
Engineer_1103,ENG01104,Manchester,North West,2025-07-12
Engineer_1104,ENG01105,Liverpool,Yorkshire,2021-11-12
Engineer_1105,ENG01106,Bristol,North East,2023-01-13
Engineer_1106,ENG01107,Birmingham,Scotland,2024-03-01
Engineer_1107,ENG01108,Southampton,Scotland,2024-09-07
Engineer_1108,ENG01109,Bristol,London,2023-04-26
Engineer_1109,ENG01110,Bristol,Yorkshire,2023-04-24
Engineer_1110,ENG01111,London,North West,2021-07-30
Engineer_1111,ENG01112,London,South East,2024-03-03
Engineer_1112,ENG01113,Manchester,South West,2026-04-08
Engineer_1113,ENG01114,Leeds,North West,2025-07-19
Engineer_1114,ENG01115,Manchester,Midlands,2023-08-28
Engineer_1115,ENG01116,Glasgow,South West,2025-01-30
Engineer_1116,ENG01117,Birmingham,North West,2025-03-07
Engineer_1117,ENG01118,Liverpool,Scotland,2024-05-06
Engineer_1118,ENG01119,Southampton,North West,2024-08-30
Engineer_1119,ENG01120,Sheffield,South West,2025-11-07
Engineer_1120,ENG01121,Leeds,Wales,2024-05-26
Engineer_1121,ENG01122,London,Yorkshire,2021-09-08
Engineer_1122,ENG01123,London,London,2022-03-17
Engineer_1123,ENG01124,Sheffield,North West,2021-06-17
Engineer_1124,ENG01125,Manchester,South East,2025-06-08
Engineer_1125,ENG01126,Manchester,North West,2024-02-18
Engineer_1126,ENG01127,Newcastle,North East,2025-05-10
Engineer_1127,ENG01128,Bristol,Yorkshire,2021-07-01
Engineer_1128,ENG01129,Newcastle,North East,2025-05-21
Engineer_1129,ENG01130,Glasgow,North West,2021-06-05
Engineer_1130,ENG01131,Newcastle,South West,2024-06-09
Engineer_1131,ENG01132,Glasgow,Midlands,2026-02-16
Engineer_1132,ENG01133,Bristol,Wales,2022-06-02
Engineer_1133,ENG01134,Glasgow,North East,2024-12-22
Engineer_1134,ENG01135,Birmingham,North West,2024-09-02
Engineer_1135,ENG01136,Southampton,Wales,2023-04-28
Engineer_1136,ENG01137,Newcastle,London,2021-10-30
Engineer_1137,ENG01138,Manchester,Midlands,2022-01-09
Engineer_1138,ENG01139,Bristol,South East,2022-01-31
Engineer_1139,ENG01140,Glasgow,Scotland,2023-11-22
Engineer_1140,ENG01141,Newcastle,Scotland,2023-10-17
Engineer_1141,ENG01142,Newcastle,North West,2022-01-19
Engineer_1142,ENG01143,Liverpool,London,2022-09-16
Engineer_1143,ENG01144,Sheffield,London,2022-11-05
Engineer_1144,ENG01145,Manchester,London,2022-11-23
Engineer_1145,ENG01146,Manchester,Wales,2022-09-24
Engineer_1146,ENG01147,Birmingham,North East,2025-08-29
Engineer_1147,ENG01148,Sheffield,Wales,2025-09-29
Engineer_1148,ENG01149,Sheffield,South East,2022-02-05
Engineer_1149,ENG01150,Glasgow,Scotland,2021-11-19
Engineer_1150,ENG01151,Birmingham,Wales,2022-02-22
Engineer_1151,ENG01152,London,Yorkshire,2023-10-05
Engineer_1152,ENG01153,Southampton,Midlands,2024-09-13
Engineer_1153,ENG01154,London,London,2025-11-20
Engineer_1154,ENG01155,Sheffield,Scotland,2025-03-04
Engineer_1155,ENG01156,Glasgow,North East,2026-04-13
Engineer_1156,ENG01157,London,London,2024-04-18
Engineer_1157,ENG01158,Southampton,North West,2024-01-17
Engineer_1158,ENG01159,London,South West,2024-10-03
Engineer_1159,ENG01160,Leeds,South West,2023-01-30
Engineer_1160,ENG01161,Leeds,Scotland,2023-02-15
Engineer_1161,ENG01162,Sheffield,Midlands,2026-04-02
Engineer_1162,ENG01163,Glasgow,North West,2021-11-26
Engineer_1163,ENG01164,Liverpool,Yorkshire,2025-08-11
Engineer_1164,ENG01165,Sheffield,Wales,2025-07-01
Engineer_1165,ENG01166,Leeds,North East,2021-11-12
Engineer_1166,ENG01167,Southampton,North East,2025-12-16
Engineer_1167,ENG01168,Manchester,North West,2023-03-10
Engineer_1168,ENG01169,London,North East,2021-11-21
Engineer_1169,ENG01170,Glasgow,South West,2024-07-14
Engineer_1170,ENG01171,Glasgow,London,2025-12-12
Engineer_1171,ENG01172,Manchester,South East,2022-11-26
Engineer_1172,ENG01173,Birmingham,Scotland,2021-03-16
Engineer_1173,ENG01174,Manchester,North East,2024-05-03
Engineer_1174,ENG01175,Glasgow,North East,2026-03-04
Engineer_1175,ENG01176,Birmingham,Yorkshire,2025-12-12
Engineer_1176,ENG01177,Bristol,North East,2025-07-22
Engineer_1177,ENG01178,Leeds,Yorkshire,2023-04-12
Engineer_1178,ENG01179,Southampton,South East,2021-10-22
Engineer_1179,ENG01180,Southampton,South West,2024-06-28
Engineer_1180,ENG01181,Birmingham,Scotland,2024-07-23
Engineer_1181,ENG01182,Leeds,North East,2022-10-23
Engineer_1182,ENG01183,London,Yorkshire,2025-06-28
Engineer_1183,ENG01184,Glasgow,Yorkshire,2025-09-14
Engineer_1184,ENG01185,Manchester,Scotland,2023-06-05
Engineer_1185,ENG01186,Leeds,Yorkshire,2021-08-10
Engineer_1186,ENG01187,Birmingham,Midlands,2021-03-23
Engineer_1187,ENG01188,Newcastle,Midlands,2023-05-05
Engineer_1188,ENG01189,Manchester,South East,2024-08-25
Engineer_1189,ENG01190,Manchester,Wales,2026-04-02
Engineer_1190,ENG01191,Liverpool,Wales,2024-07-14
Engineer_1191,ENG01192,Glasgow,Midlands,2021-12-05
Engineer_1192,ENG01193,Sheffield,South East,2025-12-02
Engineer_1193,ENG01194,Glasgow,North East,2024-06-06
Engineer_1194,ENG01195,Liverpool,Midlands,2021-06-27
Engineer_1195,ENG01196,Leeds,North East,2025-02-02
Engineer_1196,ENG01197,Southampton,Midlands,2021-11-01
Engineer_1197,ENG01198,Manchester,Midlands,2026-01-07
Engineer_1198,ENG01199,Leeds,London,2023-11-14
Engineer_1199,ENG01200,Leeds,Wales,2026-02-28
Engineer_1200,ENG01201,Newcastle,North West,2024-03-25
Engineer_1201,ENG01202,Newcastle,Scotland,2021-07-19
Engineer_1202,ENG01203,Liverpool,Scotland,2024-08-11
Engineer_1203,ENG01204,Newcastle,North West,2024-12-09
Engineer_1204,ENG01205,Bristol,North West,2023-03-23
Engineer_1205,ENG01206,Southampton,Yorkshire,2022-08-04
Engineer_1206,ENG01207,Southampton,Wales,2025-07-23
Engineer_1207,ENG01208,Glasgow,North West,2023-09-22
Engineer_1208,ENG01209,Newcastle,North East,2021-07-06
Engineer_1209,ENG01210,Birmingham,Yorkshire,2026-04-25
Engineer_1210,ENG01211,Southampton,Yorkshire,2024-06-23
Engineer_1211,ENG01212,Glasgow,Midlands,2026-01-22
Engineer_1212,ENG01213,London,Yorkshire,2021-04-03
Engineer_1213,ENG01214,Liverpool,North East,2023-09-26
Engineer_1214,ENG01215,Manchester,North West,2024-06-30
Engineer_1215,ENG01216,Manchester,South East,2022-01-12
Engineer_1216,ENG01217,Manchester,London,2022-08-24
Engineer_1217,ENG01218,Birmingham,Wales,2026-02-15
Engineer_1218,ENG01219,Birmingham,North West,2021-05-27
Engineer_1219,ENG01220,Southampton,Wales,2022-06-05
Engineer_1220,ENG01221,Southampton,Midlands,2026-01-31
Engineer_1221,ENG01222,London,Scotland,2022-06-07
Engineer_1222,ENG01223,Sheffield,Midlands,2023-01-25
Engineer_1223,ENG01224,Glasgow,Midlands,2021-04-19
Engineer_1224,ENG01225,Manchester,London,2025-05-06
Engineer_1225,ENG01226,Bristol,Wales,2024-12-10
Engineer_1226,ENG01227,Birmingham,Wales,2021-10-09
Engineer_1227,ENG01228,Southampton,North East,2025-11-02
Engineer_1228,ENG01229,Bristol,London,2026-03-20
Engineer_1229,ENG01230,Newcastle,South West,2021-11-04
Engineer_1230,ENG01231,Leeds,North East,2021-12-28
Engineer_1231,ENG01232,Manchester,South East,2021-11-28
Engineer_1232,ENG01233,Newcastle,North East,2025-05-20
Engineer_1233,ENG01234,Bristol,Scotland,2022-05-22
Engineer_1234,ENG01235,Glasgow,Yorkshire,2024-07-11
Engineer_1235,ENG01236,London,South East,2022-04-13
Engineer_1236,ENG01237,Manchester,North East,2024-08-25
Engineer_1237,ENG01238,Bristol,Yorkshire,2021-06-21
Engineer_1238,ENG01239,Sheffield,Scotland,2022-09-03
Engineer_1239,ENG01240,Liverpool,North East,2021-07-30
Engineer_1240,ENG01241,Leeds,South West,2021-05-20
Engineer_1241,ENG01242,Newcastle,London,2023-01-07
Engineer_1242,ENG01243,Manchester,North West,2025-12-19
Engineer_1243,ENG01244,Birmingham,North East,2021-08-16
Engineer_1244,ENG01245,Bristol,North East,2025-06-04
Engineer_1245,ENG01246,Liverpool,Yorkshire,2026-01-15
Engineer_1246,ENG01247,Leeds,London,2021-09-09
Engineer_1247,ENG01248,Sheffield,North West,2024-02-13
Engineer_1248,ENG01249,Bristol,South East,2021-03-07
Engineer_1249,ENG01250,Bristol,North West,2024-02-17
Engineer_1250,ENG01251,Glasgow,North West,2023-09-27
Engineer_1251,ENG01252,Liverpool,South West,2025-08-19
Engineer_1252,ENG01253,London,London,2025-02-27
Engineer_1253,ENG01254,Southampton,London,2022-06-29
Engineer_1254,ENG01255,Newcastle,South East,2021-10-27
Engineer_1255,ENG01256,Birmingham,South West,2021-10-29
Engineer_1256,ENG01257,Liverpool,London,2022-01-06
Engineer_1257,ENG01258,Bristol,Midlands,2022-07-06
Engineer_1258,ENG01259,Manchester,Scotland,2021-06-23
Engineer_1259,ENG01260,Leeds,North East,2024-08-09
Engineer_1260,ENG01261,London,North West,2023-01-07
Engineer_1261,ENG01262,Birmingham,South East,2024-06-24
Engineer_1262,ENG01263,Sheffield,London,2021-10-08
Engineer_1263,ENG01264,Manchester,London,2026-03-08
Engineer_1264,ENG01265,Glasgow,London,2025-01-16
Engineer_1265,ENG01266,Southampton,London,2021-11-25
Engineer_1266,ENG01267,Sheffield,North East,2022-06-22
Engineer_1267,ENG01268,Birmingham,Midlands,2024-08-01
Engineer_1268,ENG01269,Newcastle,Midlands,2024-05-06
Engineer_1269,ENG01270,Liverpool,Scotland,2021-09-09
Engineer_1270,ENG01271,Newcastle,South West,2023-07-22
Engineer_1271,ENG01272,Birmingham,North West,2023-10-04
Engineer_1272,ENG01273,Liverpool,Midlands,2024-11-09
Engineer_1273,ENG01274,Sheffield,Yorkshire,2025-02-05
Engineer_1274,ENG01275,Leeds,Midlands,2023-05-21
Engineer_1275,ENG01276,Manchester,South West,2022-09-13
Engineer_1276,ENG01277,Newcastle,South West,2024-01-28
Engineer_1277,ENG01278,Newcastle,London,2022-05-01
Engineer_1278,ENG01279,Newcastle,South East,2024-04-22
Engineer_1279,ENG01280,Newcastle,Scotland,2024-07-08
Engineer_1280,ENG01281,Manchester,Scotland,2021-10-19
Engineer_1281,ENG01282,London,North West,2022-06-18
Engineer_1282,ENG01283,Bristol,Yorkshire,2024-03-09
Engineer_1283,ENG01284,Glasgow,North West,2022-03-12
Engineer_1284,ENG01285,Manchester,Midlands,2021-09-21
Engineer_1285,ENG01286,Newcastle,Scotland,2025-07-11
Engineer_1286,ENG01287,London,Yorkshire,2022-09-01
Engineer_1287,ENG01288,Bristol,North West,2024-01-26
Engineer_1288,ENG01289,Manchester,South East,2021-07-20
Engineer_1289,ENG01290,Birmingham,London,2025-06-01
Engineer_1290,ENG01291,Newcastle,North West,2023-06-14
Engineer_1291,ENG01292,Southampton,London,2022-09-11
Engineer_1292,ENG01293,Bristol,South East,2021-11-17
Engineer_1293,ENG01294,Birmingham,London,2023-05-14
Engineer_1294,ENG01295,Newcastle,North East,2024-11-10
Engineer_1295,ENG01296,Leeds,Midlands,2021-12-17
Engineer_1296,ENG01297,Glasgow,Yorkshire,2022-10-14
Engineer_1297,ENG01298,Southampton,North West,2025-01-12
Engineer_1298,ENG01299,Liverpool,Wales,2025-02-09
Engineer_1299,ENG01300,Southampton,South East,2025-10-18
Engineer_1300,ENG01301,Sheffield,Yorkshire,2023-01-15
Engineer_1301,ENG01302,Leeds,Midlands,2023-11-25
Engineer_1302,ENG01303,Southampton,Yorkshire,2025-10-20
Engineer_1303,ENG01304,Southampton,Midlands,2022-07-06
Engineer_1304,ENG01305,Glasgow,London,2023-04-01
Engineer_1305,ENG01306,Birmingham,South East,2022-10-09
Engineer_1306,ENG01307,Leeds,Scotland,2026-04-01
Engineer_1307,ENG01308,Sheffield,Midlands,2025-06-19
Engineer_1308,ENG01309,Bristol,Wales,2025-06-20
Engineer_1309,ENG01310,Newcastle,North West,2022-09-28
Engineer_1310,ENG01311,Liverpool,North West,2026-01-28
Engineer_1311,ENG01312,Leeds,South East,2023-05-15
Engineer_1312,ENG01313,London,Wales,2026-02-06
Engineer_1313,ENG01314,Bristol,Yorkshire,2025-09-21
Engineer_1314,ENG01315,Glasgow,Yorkshire,2025-05-03
Engineer_1315,ENG01316,Glasgow,North West,2024-05-24
Engineer_1316,ENG01317,Southampton,South East,2021-12-05
Engineer_1317,ENG01318,Liverpool,North East,2023-06-03
Engineer_1318,ENG01319,Southampton,Scotland,2023-12-13
Engineer_1319,ENG01320,Leeds,South West,2021-06-24
Engineer_1320,ENG01321,Southampton,Wales,2025-10-10
Engineer_1321,ENG01322,London,North West,2023-02-22
Engineer_1322,ENG01323,Bristol,Midlands,2023-09-11
Engineer_1323,ENG01324,Bristol,North West,2021-10-24
Engineer_1324,ENG01325,Southampton,South East,2025-06-22
Engineer_1325,ENG01326,Bristol,Wales,2021-06-30
Engineer_1326,ENG01327,Glasgow,Yorkshire,2024-10-18
Engineer_1327,ENG01328,Birmingham,Yorkshire,2026-03-11
Engineer_1328,ENG01329,Manchester,North West,2021-12-09
Engineer_1329,ENG01330,Sheffield,Midlands,2022-07-12
Engineer_1330,ENG01331,London,Yorkshire,2023-07-03
Engineer_1331,ENG01332,Southampton,Yorkshire,2023-03-06
Engineer_1332,ENG01333,Newcastle,South East,2024-07-28
Engineer_1333,ENG01334,Leeds,Wales,2025-10-12
Engineer_1334,ENG01335,Bristol,Yorkshire,2024-10-20
Engineer_1335,ENG01336,Newcastle,Yorkshire,2021-10-04
Engineer_1336,ENG01337,Sheffield,London,2026-03-12
Engineer_1337,ENG01338,Newcastle,North West,2025-03-20
Engineer_1338,ENG01339,Glasgow,London,2022-10-15
Engineer_1339,ENG01340,Newcastle,North West,2024-12-14
Engineer_1340,ENG01341,Newcastle,South East,2021-04-21
Engineer_1341,ENG01342,Leeds,London,2023-03-04
Engineer_1342,ENG01343,Bristol,Scotland,2025-01-07
Engineer_1343,ENG01344,London,London,2022-07-30
Engineer_1344,ENG01345,Glasgow,South East,2025-07-28
Engineer_1345,ENG01346,Birmingham,Midlands,2023-09-02
Engineer_1346,ENG01347,Sheffield,Wales,2025-08-16
Engineer_1347,ENG01348,Manchester,South West,2023-03-11
Engineer_1348,ENG01349,Newcastle,London,2026-04-26
Engineer_1349,ENG01350,Birmingham,Yorkshire,2024-09-29
Engineer_1350,ENG01351,Glasgow,Midlands,2021-04-13
Engineer_1351,ENG01352,London,Yorkshire,2026-02-05
Engineer_1352,ENG01353,London,South East,2021-05-20
Engineer_1353,ENG01354,Bristol,London,2021-04-12
Engineer_1354,ENG01355,Manchester,South West,2022-12-07
Engineer_1355,ENG01356,Glasgow,London,2021-02-14
Engineer_1356,ENG01357,Glasgow,London,2021-11-02
Engineer_1357,ENG01358,Sheffield,South West,2022-03-29
Engineer_1358,ENG01359,Glasgow,Wales,2022-03-07
Engineer_1359,ENG01360,London,North East,2026-04-22
Engineer_1360,ENG01361,Manchester,London,2025-11-12
Engineer_1361,ENG01362,Leeds,Wales,2023-03-25
Engineer_1362,ENG01363,London,South West,2022-01-08
Engineer_1363,ENG01364,Liverpool,South West,2025-11-28
Engineer_1364,ENG01365,Leeds,South West,2022-04-21
Engineer_1365,ENG01366,Sheffield,Yorkshire,2026-04-04
Engineer_1366,ENG01367,Newcastle,North East,2025-03-29
Engineer_1367,ENG01368,Sheffield,London,2023-01-14
Engineer_1368,ENG01369,Bristol,Yorkshire,2023-06-26
Engineer_1369,ENG01370,Newcastle,South East,2025-09-22
Engineer_1370,ENG01371,Manchester,Wales,2021-09-10
Engineer_1371,ENG01372,Sheffield,Yorkshire,2025-10-25
Engineer_1372,ENG01373,Southampton,London,2025-02-23
Engineer_1373,ENG01374,Sheffield,Yorkshire,2025-05-04
Engineer_1374,ENG01375,Sheffield,North East,2026-03-12
Engineer_1375,ENG01376,Southampton,Yorkshire,2023-11-21
Engineer_1376,ENG01377,London,Wales,2024-10-27
Engineer_1377,ENG01378,Sheffield,Scotland,2023-11-26
Engineer_1378,ENG01379,Southampton,North West,2022-03-03
Engineer_1379,ENG01380,Southampton,Wales,2022-05-12
Engineer_1380,ENG01381,London,Scotland,2026-03-21
Engineer_1381,ENG01382,Glasgow,North West,2023-05-03
Engineer_1382,ENG01383,Southampton,South East,2023-05-11
Engineer_1383,ENG01384,Southampton,South East,2023-08-26
Engineer_1384,ENG01385,Manchester,North East,2024-01-04
Engineer_1385,ENG01386,London,Wales,2023-07-24
Engineer_1386,ENG01387,Southampton,South East,2023-12-01
Engineer_1387,ENG01388,London,London,2025-02-11
Engineer_1388,ENG01389,Leeds,South East,2024-07-16
Engineer_1389,ENG01390,Liverpool,North East,2023-06-09
Engineer_1390,ENG01391,London,South East,2024-12-05
Engineer_1391,ENG01392,London,Midlands,2023-06-06
Engineer_1392,ENG01393,Sheffield,Midlands,2024-10-27
Engineer_1393,ENG01394,Glasgow,South West,2023-08-04
Engineer_1394,ENG01395,London,South West,2026-02-25
Engineer_1395,ENG01396,Liverpool,Midlands,2023-02-06
Engineer_1396,ENG01397,Glasgow,Yorkshire,2023-05-05
Engineer_1397,ENG01398,Southampton,South East,2025-02-11
Engineer_1398,ENG01399,Sheffield,South East,2021-10-22
Engineer_1399,ENG01400,London,Midlands,2023-10-28
Engineer_1400,ENG01401,London,Midlands,2024-02-08
Engineer_1401,ENG01402,Newcastle,North East,2025-11-06
Engineer_1402,ENG01403,London,South West,2022-10-30
Engineer_1403,ENG01404,London,North East,2025-11-28
Engineer_1404,ENG01405,Sheffield,London,2022-02-19
Engineer_1405,ENG01406,Leeds,South West,2024-08-10
Engineer_1406,ENG01407,Sheffield,North West,2021-03-16
Engineer_1407,ENG01408,Manchester,South East,2024-01-07
Engineer_1408,ENG01409,Manchester,Wales,2025-09-24
Engineer_1409,ENG01410,Liverpool,North East,2024-05-12
Engineer_1410,ENG01411,Liverpool,Scotland,2021-03-28
Engineer_1411,ENG01412,London,Midlands,2021-11-11
Engineer_1412,ENG01413,Liverpool,Wales,2024-06-15
Engineer_1413,ENG01414,Bristol,Yorkshire,2022-12-22
Engineer_1414,ENG01415,Liverpool,North East,2024-02-07
Engineer_1415,ENG01416,London,North East,2022-03-18
Engineer_1416,ENG01417,Birmingham,London,2024-05-10
Engineer_1417,ENG01418,Southampton,Midlands,2021-08-10
Engineer_1418,ENG01419,Bristol,London,2021-09-18
Engineer_1419,ENG01420,Glasgow,South East,2024-08-26
Engineer_1420,ENG01421,Leeds,South East,2021-06-11
Engineer_1421,ENG01422,Liverpool,Scotland,2023-03-13
Engineer_1422,ENG01423,Bristol,Wales,2025-04-23
Engineer_1423,ENG01424,Sheffield,North East,2024-04-03
Engineer_1424,ENG01425,Newcastle,Yorkshire,2021-09-08
Engineer_1425,ENG01426,Glasgow,South West,2022-09-04
Engineer_1426,ENG01427,Southampton,South East,2024-10-20
Engineer_1427,ENG01428,Manchester,Wales,2023-04-18
Engineer_1428,ENG01429,London,Scotland,2022-09-20
Engineer_1429,ENG01430,Newcastle,South West,2024-09-25
Engineer_1430,ENG01431,Glasgow,North East,2023-09-21
Engineer_1431,ENG01432,Leeds,London,2021-04-28
Engineer_1432,ENG01433,Manchester,Midlands,2022-10-22
Engineer_1433,ENG01434,London,North West,2021-07-11
Engineer_1434,ENG01435,Manchester,North East,2024-05-18
Engineer_1435,ENG01436,Birmingham,Midlands,2023-04-22
Engineer_1436,ENG01437,Bristol,Wales,2024-10-30
Engineer_1437,ENG01438,Southampton,Yorkshire,2023-04-02
Engineer_1438,ENG01439,Liverpool,North East,2025-10-08
Engineer_1439,ENG01440,Leeds,London,2023-01-26
Engineer_1440,ENG01441,Birmingham,Yorkshire,2025-11-15
Engineer_1441,ENG01442,Newcastle,South East,2025-08-23
Engineer_1442,ENG01443,London,South East,2021-09-29
Engineer_1443,ENG01444,Leeds,Scotland,2025-08-06
Engineer_1444,ENG01445,Bristol,North West,2023-10-26
Engineer_1445,ENG01446,Liverpool,Midlands,2025-04-11
Engineer_1446,ENG01447,Manchester,Scotland,2022-05-06
Engineer_1447,ENG01448,Newcastle,London,2022-09-19
Engineer_1448,ENG01449,Bristol,South West,2024-02-27
Engineer_1449,ENG01450,Birmingham,London,2021-08-09
Engineer_1450,ENG01451,Southampton,Wales,2025-01-20
Engineer_1451,ENG01452,London,North West,2021-12-08
Engineer_1452,ENG01453,Manchester,North East,2024-09-21
Engineer_1453,ENG01454,Birmingham,North West,2024-10-13
Engineer_1454,ENG01455,Liverpool,London,2025-04-24
Engineer_1455,ENG01456,Birmingham,Scotland,2024-11-03
Engineer_1456,ENG01457,Sheffield,North East,2024-01-11
Engineer_1457,ENG01458,Glasgow,London,2022-11-08
Engineer_1458,ENG01459,Bristol,North East,2024-02-10
Engineer_1459,ENG01460,Southampton,London,2024-01-29
Engineer_1460,ENG01461,London,Wales,2023-05-14
Engineer_1461,ENG01462,Southampton,South East,2023-02-13
Engineer_1462,ENG01463,Liverpool,Wales,2026-01-08
Engineer_1463,ENG01464,Sheffield,South East,2025-10-12
Engineer_1464,ENG01465,Southampton,Midlands,2022-02-20
Engineer_1465,ENG01466,London,Midlands,2023-09-11
Engineer_1466,ENG01467,Liverpool,North East,2022-10-01
Engineer_1467,ENG01468,London,South East,2023-08-16
Engineer_1468,ENG01469,London,South East,2023-06-02
Engineer_1469,ENG01470,Southampton,South East,2024-07-28
Engineer_1470,ENG01471,London,South East,2022-03-21
Engineer_1471,ENG01472,Glasgow,North West,2023-05-25
Engineer_1472,ENG01473,Newcastle,Wales,2022-06-14
Engineer_1473,ENG01474,Glasgow,North West,2022-09-23
Engineer_1474,ENG01475,Glasgow,Wales,2021-12-23
Engineer_1475,ENG01476,Bristol,Midlands,2025-06-14
Engineer_1476,ENG01477,Southampton,Wales,2021-08-14
Engineer_1477,ENG01478,Newcastle,Scotland,2025-07-07
Engineer_1478,ENG01479,Manchester,North West,2022-09-16
Engineer_1479,ENG01480,Sheffield,South West,2022-05-18
Engineer_1480,ENG01481,Newcastle,North West,2024-05-02
Engineer_1481,ENG01482,Liverpool,Midlands,2025-02-13
Engineer_1482,ENG01483,Liverpool,Scotland,2022-01-17
Engineer_1483,ENG01484,Sheffield,South West,2024-10-14
Engineer_1484,ENG01485,Liverpool,North East,2023-01-20
Engineer_1485,ENG01486,Southampton,Wales,2022-12-09
Engineer_1486,ENG01487,Leeds,South West,2024-06-08
Engineer_1487,ENG01488,Birmingham,Scotland,2022-11-02
Engineer_1488,ENG01489,Sheffield,North East,2023-11-22
Engineer_1489,ENG01490,Newcastle,Scotland,2025-09-01
Engineer_1490,ENG01491,Sheffield,South West,2022-02-16
Engineer_1491,ENG01492,Glasgow,South West,2025-01-13
Engineer_1492,ENG01493,Birmingham,North East,2021-05-05
Engineer_1493,ENG01494,London,London,2024-01-23
Engineer_1494,ENG01495,Birmingham,Wales,2025-12-04
Engineer_1495,ENG01496,Newcastle,North East,2025-11-23
Engineer_1496,ENG01497,Birmingham,Midlands,2024-03-23
Engineer_1497,ENG01498,Liverpool,Scotland,2021-04-21
Engineer_1498,ENG01499,Leeds,Scotland,2021-05-26
Engineer_1499,ENG01500,Southampton,South East,2024-03-27
Engineer_1500,ENG01501,Birmingham,Wales,2025-11-02
Engineer_1501,ENG01502,Bristol,Scotland,2022-03-21
Engineer_1502,ENG01503,Newcastle,South East,2024-06-27
Engineer_1503,ENG01504,Sheffield,North East,2023-04-05
Engineer_1504,ENG01505,Southampton,Midlands,2025-08-09
Engineer_1505,ENG01506,London,North West,2021-09-23
Engineer_1506,ENG01507,Southampton,London,2021-11-07
Engineer_1507,ENG01508,Newcastle,Midlands,2024-04-27
Engineer_1508,ENG01509,Southampton,Scotland,2025-08-06
Engineer_1509,ENG01510,Leeds,South East,2023-04-13
Engineer_1510,ENG01511,Glasgow,North West,2024-09-28
Engineer_1511,ENG01512,Newcastle,South East,2025-05-29
Engineer_1512,ENG01513,Southampton,South West,2023-02-16
Engineer_1513,ENG01514,Leeds,Yorkshire,2023-02-02
Engineer_1514,ENG01515,Manchester,Wales,2025-03-17
Engineer_1515,ENG01516,Sheffield,Yorkshire,2023-10-12
Engineer_1516,ENG01517,Leeds,North East,2021-12-10
Engineer_1517,ENG01518,Newcastle,London,2022-06-13
Engineer_1518,ENG01519,Bristol,London,2024-05-20
Engineer_1519,ENG01520,Leeds,Yorkshire,2022-01-03
Engineer_1520,ENG01521,London,North East,2025-09-18
Engineer_1521,ENG01522,Leeds,London,2026-03-06
Engineer_1522,ENG01523,Sheffield,Scotland,2026-02-01
Engineer_1523,ENG01524,Birmingham,Yorkshire,2024-10-09
Engineer_1524,ENG01525,Birmingham,Midlands,2026-03-29
Engineer_1525,ENG01526,Leeds,North East,2023-08-28
Engineer_1526,ENG01527,Newcastle,North West,2023-09-11
Engineer_1527,ENG01528,Southampton,North East,2021-07-26
Engineer_1528,ENG01529,Newcastle,North East,2022-06-03
Engineer_1529,ENG01530,Newcastle,South West,2024-11-18
Engineer_1530,ENG01531,Sheffield,London,2026-03-25
Engineer_1531,ENG01532,Sheffield,North West,2024-08-04
Engineer_1532,ENG01533,Glasgow,South West,2024-12-20
Engineer_1533,ENG01534,Leeds,Wales,2023-08-04
Engineer_1534,ENG01535,London,Yorkshire,2022-07-27
Engineer_1535,ENG01536,Birmingham,Midlands,2021-11-18
Engineer_1536,ENG01537,Bristol,Yorkshire,2024-05-29
Engineer_1537,ENG01538,Birmingham,North West,2025-12-02
Engineer_1538,ENG01539,Southampton,South East,2026-04-25
Engineer_1539,ENG01540,Bristol,South West,2024-06-28
Engineer_1540,ENG01541,Sheffield,London,2021-06-17
Engineer_1541,ENG01542,London,North West,2023-04-12
Engineer_1542,ENG01543,Bristol,Yorkshire,2024-04-22
Engineer_1543,ENG01544,London,North West,2021-10-27
Engineer_1544,ENG01545,Bristol,Wales,2026-02-03
Engineer_1545,ENG01546,Liverpool,Midlands,2021-07-26
Engineer_1546,ENG01547,Leeds,North East,2025-08-11
Engineer_1547,ENG01548,Southampton,Wales,2025-07-23
Engineer_1548,ENG01549,Newcastle,Midlands,2024-08-28
Engineer_1549,ENG01550,Southampton,Midlands,2023-04-28
Engineer_1550,ENG01551,Southampton,Scotland,2024-08-04
Engineer_1551,ENG01552,Leeds,London,2023-05-29
Engineer_1552,ENG01553,Birmingham,North West,2024-08-28
Engineer_1553,ENG01554,Bristol,North West,2022-08-14
Engineer_1554,ENG01555,Leeds,Midlands,2022-08-11
Engineer_1555,ENG01556,Newcastle,South West,2025-09-25
Engineer_1556,ENG01557,Birmingham,Yorkshire,2022-12-14
Engineer_1557,ENG01558,Southampton,London,2022-10-14
Engineer_1558,ENG01559,Newcastle,London,2023-04-15
Engineer_1559,ENG01560,Newcastle,Midlands,2023-10-31
Engineer_1560,ENG01561,Southampton,London,2022-07-04
Engineer_1561,ENG01562,Manchester,London,2024-11-11
Engineer_1562,ENG01563,Glasgow,South West,2023-01-29
Engineer_1563,ENG01564,Sheffield,North East,2023-12-07
Engineer_1564,ENG01565,Bristol,South West,2021-12-04
Engineer_1565,ENG01566,Newcastle,London,2024-05-10
Engineer_1566,ENG01567,Southampton,South West,2021-06-04
Engineer_1567,ENG01568,London,Scotland,2024-08-19
Engineer_1568,ENG01569,Manchester,London,2024-08-20
Engineer_1569,ENG01570,Glasgow,Midlands,2022-01-18
Engineer_1570,ENG01571,Manchester,North West,2025-05-09
Engineer_1571,ENG01572,Leeds,Yorkshire,2024-06-16
Engineer_1572,ENG01573,Leeds,Yorkshire,2025-06-11
Engineer_1573,ENG01574,Sheffield,South East,2024-09-25
Engineer_1574,ENG01575,Manchester,Yorkshire,2026-04-06
Engineer_1575,ENG01576,Glasgow,Midlands,2026-02-27
Engineer_1576,ENG01577,Manchester,Wales,2025-03-27
Engineer_1577,ENG01578,Manchester,Yorkshire,2024-12-13
Engineer_1578,ENG01579,Newcastle,South East,2023-12-29
Engineer_1579,ENG01580,Bristol,Midlands,2025-02-19
Engineer_1580,ENG01581,Liverpool,South West,2024-01-10
Engineer_1581,ENG01582,Leeds,London,2022-03-19
Engineer_1582,ENG01583,Glasgow,Scotland,2023-07-24
Engineer_1583,ENG01584,Glasgow,North East,2023-03-21
Engineer_1584,ENG01585,Birmingham,Wales,2021-06-25
Engineer_1585,ENG01586,Sheffield,Yorkshire,2024-03-05
Engineer_1586,ENG01587,Liverpool,North West,2021-09-01
Engineer_1587,ENG01588,Liverpool,North East,2022-04-23
Engineer_1588,ENG01589,Manchester,South West,2021-12-05
Engineer_1589,ENG01590,Newcastle,North East,2024-01-13
Engineer_1590,ENG01591,Sheffield,Scotland,2024-02-21
Engineer_1591,ENG01592,Glasgow,Midlands,2025-12-07
Engineer_1592,ENG01593,Southampton,Midlands,2022-04-12
Engineer_1593,ENG01594,Newcastle,Wales,2022-08-07
Engineer_1594,ENG01595,Birmingham,North West,2021-04-09
Engineer_1595,ENG01596,Manchester,Yorkshire,2024-11-22
Engineer_1596,ENG01597,Bristol,Scotland,2021-08-14
Engineer_1597,ENG01598,Southampton,Yorkshire,2025-08-16
Engineer_1598,ENG01599,Liverpool,South West,2022-03-17
Engineer_1599,ENG01600,Manchester,Scotland,2024-06-09
Engineer_1600,ENG01601,Newcastle,London,2021-09-14
Engineer_1601,ENG01602,London,South West,2025-02-08
Engineer_1602,ENG01603,Liverpool,South East,2024-04-25
Engineer_1603,ENG01604,Bristol,Midlands,2025-10-16
Engineer_1604,ENG01605,London,South West,2021-09-02
Engineer_1605,ENG01606,Southampton,London,2023-09-18
Engineer_1606,ENG01607,Liverpool,Yorkshire,2026-03-29
Engineer_1607,ENG01608,Manchester,Midlands,2023-06-27
Engineer_1608,ENG01609,Leeds,South East,2024-11-24
Engineer_1609,ENG01610,London,Yorkshire,2021-04-29
Engineer_1610,ENG01611,London,South West,2021-07-07
Engineer_1611,ENG01612,Southampton,North West,2024-07-08
Engineer_1612,ENG01613,London,London,2024-01-13
Engineer_1613,ENG01614,Leeds,South West,2022-11-20
Engineer_1614,ENG01615,Newcastle,Scotland,2024-03-26
Engineer_1615,ENG01616,Bristol,North East,2024-06-27
Engineer_1616,ENG01617,Bristol,North East,2024-05-16
Engineer_1617,ENG01618,Southampton,North West,2022-08-16
Engineer_1618,ENG01619,Bristol,Scotland,2024-03-20
Engineer_1619,ENG01620,Glasgow,Wales,2025-01-20
Engineer_1620,ENG01621,Liverpool,North West,2023-09-18
Engineer_1621,ENG01622,Sheffield,North East,2023-04-02
Engineer_1622,ENG01623,Birmingham,South East,2022-12-03
Engineer_1623,ENG01624,Bristol,London,2023-11-12
Engineer_1624,ENG01625,Bristol,Wales,2022-07-06
Engineer_1625,ENG01626,Liverpool,Yorkshire,2022-04-18
Engineer_1626,ENG01627,Glasgow,South West,2022-01-04
Engineer_1627,ENG01628,Manchester,London,2021-10-07
Engineer_1628,ENG01629,Liverpool,North West,2023-08-06
Engineer_1629,ENG01630,Bristol,North East,2022-02-02
Engineer_1630,ENG01631,Birmingham,Midlands,2022-04-22
Engineer_1631,ENG01632,Southampton,Wales,2024-10-21
Engineer_1632,ENG01633,Sheffield,North West,2022-05-19
Engineer_1633,ENG01634,London,North West,2025-03-23
Engineer_1634,ENG01635,Leeds,South West,2023-02-02
Engineer_1635,ENG01636,Glasgow,South East,2025-08-10
Engineer_1636,ENG01637,Manchester,Midlands,2025-12-28
Engineer_1637,ENG01638,Glasgow,North East,2022-01-13
Engineer_1638,ENG01639,Manchester,Scotland,2025-11-29
Engineer_1639,ENG01640,Birmingham,South East,2021-06-13
Engineer_1640,ENG01641,Bristol,South West,2026-01-24
Engineer_1641,ENG01642,London,South West,2023-12-05
Engineer_1642,ENG01643,London,South East,2023-10-12
Engineer_1643,ENG01644,Bristol,Yorkshire,2022-08-01
Engineer_1644,ENG01645,Leeds,London,2022-12-28
Engineer_1645,ENG01646,Bristol,North East,2021-02-20
Engineer_1646,ENG01647,Newcastle,London,2024-08-08
Engineer_1647,ENG01648,Liverpool,Midlands,2024-09-28
Engineer_1648,ENG01649,Manchester,North East,2024-04-03
Engineer_1649,ENG01650,Bristol,Scotland,2021-04-27
Engineer_1650,ENG01651,Glasgow,North East,2025-12-27
Engineer_1651,ENG01652,Bristol,Midlands,2025-05-13
Engineer_1652,ENG01653,Leeds,Yorkshire,2024-11-02
Engineer_1653,ENG01654,Southampton,Scotland,2025-03-01
Engineer_1654,ENG01655,Birmingham,North West,2024-08-05
Engineer_1655,ENG01656,Liverpool,Midlands,2025-01-09
Engineer_1656,ENG01657,Birmingham,North East,2023-12-05
Engineer_1657,ENG01658,Manchester,Wales,2025-10-25
Engineer_1658,ENG01659,Birmingham,South East,2023-12-15
Engineer_1659,ENG01660,Southampton,South East,2025-04-16
Engineer_1660,ENG01661,Southampton,Yorkshire,2025-07-27
Engineer_1661,ENG01662,Newcastle,Wales,2025-06-09
Engineer_1662,ENG01663,Liverpool,North East,2024-02-11
Engineer_1663,ENG01664,Liverpool,Scotland,2024-08-30
Engineer_1664,ENG01665,Southampton,Midlands,2023-04-28
Engineer_1665,ENG01666,London,Midlands,2025-08-26
Engineer_1666,ENG01667,London,Yorkshire,2025-05-17
Engineer_1667,ENG01668,Birmingham,North West,2024-03-28
Engineer_1668,ENG01669,Bristol,Yorkshire,2025-04-03
Engineer_1669,ENG01670,Newcastle,Yorkshire,2021-02-27
Engineer_1670,ENG01671,Birmingham,South West,2024-03-26
Engineer_1671,ENG01672,Newcastle,London,2024-03-02
Engineer_1672,ENG01673,Birmingham,South West,2024-03-19
Engineer_1673,ENG01674,Birmingham,Midlands,2025-08-27
Engineer_1674,ENG01675,Southampton,North East,2024-04-29
Engineer_1675,ENG01676,London,South West,2024-01-25
Engineer_1676,ENG01677,London,Midlands,2023-10-19
Engineer_1677,ENG01678,Leeds,Yorkshire,2022-03-12
Engineer_1678,ENG01679,Manchester,Wales,2021-03-30
Engineer_1679,ENG01680,Glasgow,Midlands,2024-03-09
Engineer_1680,ENG01681,Southampton,South West,2021-10-04
Engineer_1681,ENG01682,Birmingham,Scotland,2024-03-07
Engineer_1682,ENG01683,London,South West,2023-10-18
Engineer_1683,ENG01684,Sheffield,Midlands,2024-08-06
Engineer_1684,ENG01685,Newcastle,North East,2025-08-18
Engineer_1685,ENG01686,London,North West,2022-05-05
Engineer_1686,ENG01687,Newcastle,Yorkshire,2021-03-15
Engineer_1687,ENG01688,Liverpool,South East,2022-02-09
Engineer_1688,ENG01689,Liverpool,South West,2021-02-18
Engineer_1689,ENG01690,Sheffield,North East,2023-02-03
Engineer_1690,ENG01691,Bristol,Scotland,2026-03-17
Engineer_1691,ENG01692,Newcastle,Scotland,2022-05-05
Engineer_1692,ENG01693,Southampton,South East,2022-06-11
Engineer_1693,ENG01694,Sheffield,Midlands,2026-02-04
Engineer_1694,ENG01695,Birmingham,North West,2021-10-09
Engineer_1695,ENG01696,Glasgow,South East,2025-03-16
Engineer_1696,ENG01697,London,North West,2023-09-27
Engineer_1697,ENG01698,Glasgow,North West,2024-06-12
Engineer_1698,ENG01699,Bristol,London,2022-10-05
Engineer_1699,ENG01700,Liverpool,London,2025-11-20
Engineer_1700,ENG01701,Manchester,Yorkshire,2025-12-09
Engineer_1701,ENG01702,Sheffield,South West,2022-04-03
Engineer_1702,ENG01703,Newcastle,North East,2025-12-25
Engineer_1703,ENG01704,Leeds,North West,2022-12-01
Engineer_1704,ENG01705,Leeds,Wales,2025-11-03
Engineer_1705,ENG01706,Newcastle,Scotland,2025-12-28
Engineer_1706,ENG01707,Glasgow,North East,2022-08-28
Engineer_1707,ENG01708,Sheffield,Midlands,2023-12-04
Engineer_1708,ENG01709,Liverpool,Scotland,2021-11-07
Engineer_1709,ENG01710,Sheffield,South West,2022-10-11
Engineer_1710,ENG01711,Glasgow,North East,2023-11-26
Engineer_1711,ENG01712,Newcastle,Scotland,2025-05-09
Engineer_1712,ENG01713,Newcastle,North East,2024-09-27
Engineer_1713,ENG01714,Southampton,North East,2024-09-10
Engineer_1714,ENG01715,Liverpool,Wales,2022-04-03
Engineer_1715,ENG01716,Newcastle,South West,2021-06-01
Engineer_1716,ENG01717,Sheffield,Scotland,2024-08-19
Engineer_1717,ENG01718,Sheffield,North West,2023-10-24
Engineer_1718,ENG01719,Manchester,South East,2022-10-30
Engineer_1719,ENG01720,Leeds,North West,2024-12-29
Engineer_1720,ENG01721,Bristol,Wales,2021-12-03
Engineer_1721,ENG01722,Glasgow,South West,2025-10-19
Engineer_1722,ENG01723,Glasgow,North East,2024-03-04
Engineer_1723,ENG01724,Glasgow,Scotland,2023-07-24
Engineer_1724,ENG01725,London,Wales,2023-08-09
Engineer_1725,ENG01726,Newcastle,Scotland,2021-09-30
Engineer_1726,ENG01727,Liverpool,South West,2023-11-15
Engineer_1727,ENG01728,London,Scotland,2026-02-09
Engineer_1728,ENG01729,Birmingham,Wales,2024-04-17
Engineer_1729,ENG01730,Bristol,North East,2021-07-12
Engineer_1730,ENG01731,Bristol,South East,2021-12-06
Engineer_1731,ENG01732,Liverpool,Midlands,2023-01-28
Engineer_1732,ENG01733,Sheffield,South East,2025-01-28
Engineer_1733,ENG01734,Liverpool,Scotland,2024-05-29
Engineer_1734,ENG01735,Manchester,South East,2025-06-30
Engineer_1735,ENG01736,London,North East,2026-01-31
Engineer_1736,ENG01737,Liverpool,South East,2025-04-20
Engineer_1737,ENG01738,Birmingham,Scotland,2024-03-18
Engineer_1738,ENG01739,Glasgow,South West,2021-09-08
Engineer_1739,ENG01740,Glasgow,South West,2023-08-14
Engineer_1740,ENG01741,Newcastle,South East,2026-03-25
Engineer_1741,ENG01742,Birmingham,Yorkshire,2023-02-23
Engineer_1742,ENG01743,Birmingham,North West,2025-01-31
Engineer_1743,ENG01744,Glasgow,North East,2025-12-15
Engineer_1744,ENG01745,Birmingham,Yorkshire,2021-05-29
Engineer_1745,ENG01746,Southampton,North West,2025-07-05
Engineer_1746,ENG01747,Manchester,South West,2023-05-18
Engineer_1747,ENG01748,London,South West,2021-11-13
Engineer_1748,ENG01749,Manchester,North East,2022-05-20
Engineer_1749,ENG01750,Sheffield,Wales,2022-04-11
Engineer_1750,ENG01751,Newcastle,Scotland,2023-03-18
Engineer_1751,ENG01752,Leeds,Scotland,2023-09-21
Engineer_1752,ENG01753,Newcastle,Scotland,2021-10-01
Engineer_1753,ENG01754,Sheffield,North West,2025-08-26
Engineer_1754,ENG01755,Liverpool,London,2023-04-07
Engineer_1755,ENG01756,Newcastle,Midlands,2025-09-03
Engineer_1756,ENG01757,Birmingham,Yorkshire,2024-10-01
Engineer_1757,ENG01758,Southampton,North West,2023-01-06
Engineer_1758,ENG01759,Bristol,North East,2023-05-19
Engineer_1759,ENG01760,Liverpool,Midlands,2023-05-30
Engineer_1760,ENG01761,Glasgow,Scotland,2023-01-22
Engineer_1761,ENG01762,Southampton,South East,2026-03-29
Engineer_1762,ENG01763,Leeds,Yorkshire,2021-12-30
Engineer_1763,ENG01764,Newcastle,London,2023-07-15
Engineer_1764,ENG01765,Bristol,Yorkshire,2021-09-24
Engineer_1765,ENG01766,Bristol,South West,2025-11-19
Engineer_1766,ENG01767,Newcastle,London,2022-10-26
Engineer_1767,ENG01768,Birmingham,South East,2024-02-28
Engineer_1768,ENG01769,Southampton,North East,2022-01-12
Engineer_1769,ENG01770,Birmingham,Wales,2026-02-21
Engineer_1770,ENG01771,Glasgow,South West,2023-05-26
Engineer_1771,ENG01772,London,South West,2025-10-10
Engineer_1772,ENG01773,Sheffield,South West,2021-06-13
Engineer_1773,ENG01774,Newcastle,North West,2026-01-12
Engineer_1774,ENG01775,Newcastle,London,2024-07-10
Engineer_1775,ENG01776,Sheffield,Scotland,2023-09-18
Engineer_1776,ENG01777,Leeds,North East,2023-03-04
Engineer_1777,ENG01778,Newcastle,Yorkshire,2024-11-01
Engineer_1778,ENG01779,Newcastle,Midlands,2026-03-08
Engineer_1779,ENG01780,Birmingham,South West,2021-04-05
Engineer_1780,ENG01781,Birmingham,South West,2021-11-03
Engineer_1781,ENG01782,Leeds,North East,2021-04-08
Engineer_1782,ENG01783,Southampton,Scotland,2024-04-23
Engineer_1783,ENG01784,Glasgow,Scotland,2022-12-22
Engineer_1784,ENG01785,London,South East,2024-09-06
Engineer_1785,ENG01786,Birmingham,Wales,2023-08-13
Engineer_1786,ENG01787,Birmingham,North West,2024-03-12
Engineer_1787,ENG01788,Sheffield,London,2022-01-17
Engineer_1788,ENG01789,Sheffield,Wales,2026-04-02
Engineer_1789,ENG01790,Birmingham,North West,2023-06-11
Engineer_1790,ENG01791,Sheffield,Yorkshire,2023-08-20
Engineer_1791,ENG01792,Birmingham,Midlands,2021-12-08
Engineer_1792,ENG01793,London,North West,2023-09-13
Engineer_1793,ENG01794,Manchester,Midlands,2024-04-23
Engineer_1794,ENG01795,Liverpool,Scotland,2025-03-23
Engineer_1795,ENG01796,Glasgow,South East,2022-04-05
Engineer_1796,ENG01797,Sheffield,South East,2022-12-19
Engineer_1797,ENG01798,Birmingham,Wales,2022-10-26
Engineer_1798,ENG01799,Leeds,Scotland,2022-03-20
Engineer_1799,ENG01800,Manchester,Midlands,2022-06-11
Engineer_1800,ENG01801,Birmingham,Midlands,2026-01-26
Engineer_1801,ENG01802,Liverpool,South East,2023-05-30
Engineer_1802,ENG01803,Sheffield,London,2025-07-01
Engineer_1803,ENG01804,Southampton,South West,2024-07-17
Engineer_1804,ENG01805,Birmingham,London,2025-08-23
Engineer_1805,ENG01806,Birmingham,London,2023-01-11
Engineer_1806,ENG01807,Glasgow,South East,2022-12-23
Engineer_1807,ENG01808,Sheffield,Scotland,2024-08-03
Engineer_1808,ENG01809,Bristol,South West,2026-01-02
Engineer_1809,ENG01810,Liverpool,Wales,2023-06-30
Engineer_1810,ENG01811,Newcastle,Wales,2021-09-29
Engineer_1811,ENG01812,Birmingham,Midlands,2022-11-15
Engineer_1812,ENG01813,Birmingham,South West,2023-07-01
Engineer_1813,ENG01814,Bristol,Wales,2026-04-09
Engineer_1814,ENG01815,Liverpool,South East,2021-10-16
Engineer_1815,ENG01816,Liverpool,South West,2021-04-02
Engineer_1816,ENG01817,Leeds,Scotland,2025-09-30
Engineer_1817,ENG01818,Newcastle,Scotland,2023-10-07
Engineer_1818,ENG01819,Leeds,South West,2021-10-06
Engineer_1819,ENG01820,Liverpool,North West,2024-08-15
Engineer_1820,ENG01821,Liverpool,North East,2025-04-12
Engineer_1821,ENG01822,Liverpool,South West,2022-05-10
Engineer_1822,ENG01823,Southampton,Midlands,2023-10-09
Engineer_1823,ENG01824,Newcastle,North West,2023-03-22
Engineer_1824,ENG01825,Newcastle,London,2024-08-26
Engineer_1825,ENG01826,Bristol,Yorkshire,2025-06-12
Engineer_1826,ENG01827,Birmingham,North East,2025-01-31
Engineer_1827,ENG01828,Southampton,North West,2022-11-10
Engineer_1828,ENG01829,Sheffield,Scotland,2021-11-07
Engineer_1829,ENG01830,Birmingham,South East,2022-08-06
Engineer_1830,ENG01831,Liverpool,Scotland,2022-01-25
Engineer_1831,ENG01832,Newcastle,Yorkshire,2021-07-09
Engineer_1832,ENG01833,Southampton,South East,2024-08-01
Engineer_1833,ENG01834,Glasgow,Midlands,2023-10-03
Engineer_1834,ENG01835,Sheffield,South East,2025-07-02
Engineer_1835,ENG01836,Bristol,North West,2024-10-31
Engineer_1836,ENG01837,London,Wales,2026-03-13
Engineer_1837,ENG01838,London,Midlands,2024-02-25
Engineer_1838,ENG01839,Manchester,Scotland,2021-04-19
Engineer_1839,ENG01840,Sheffield,North West,2021-03-30
Engineer_1840,ENG01841,Birmingham,Scotland,2021-11-24
Engineer_1841,ENG01842,Bristol,Yorkshire,2022-10-03
Engineer_1842,ENG01843,Birmingham,London,2024-06-06
Engineer_1843,ENG01844,Glasgow,Scotland,2024-12-20
Engineer_1844,ENG01845,Sheffield,London,2021-06-13
Engineer_1845,ENG01846,London,North West,2022-10-16
Engineer_1846,ENG01847,Manchester,North East,2022-12-10
Engineer_1847,ENG01848,Manchester,Scotland,2022-05-24
Engineer_1848,ENG01849,Birmingham,Midlands,2021-09-14
Engineer_1849,ENG01850,Glasgow,Yorkshire,2023-12-21
Engineer_1850,ENG01851,Newcastle,London,2024-01-19
Engineer_1851,ENG01852,Southampton,Yorkshire,2022-07-03
Engineer_1852,ENG01853,London,Midlands,2024-03-13
Engineer_1853,ENG01854,Newcastle,South East,2022-05-12
Engineer_1854,ENG01855,London,South East,2025-10-11
Engineer_1855,ENG01856,Glasgow,North East,2022-10-18
Engineer_1856,ENG01857,Bristol,Midlands,2021-02-17
Engineer_1857,ENG01858,Manchester,Yorkshire,2025-11-21
Engineer_1858,ENG01859,Liverpool,South West,2023-07-27
Engineer_1859,ENG01860,Glasgow,Midlands,2022-02-04
Engineer_1860,ENG01861,Southampton,Scotland,2024-08-21
Engineer_1861,ENG01862,Manchester,South West,2021-08-26
Engineer_1862,ENG01863,Southampton,Scotland,2026-01-11
Engineer_1863,ENG01864,Leeds,London,2024-09-19
Engineer_1864,ENG01865,Glasgow,Scotland,2021-06-18
Engineer_1865,ENG01866,Birmingham,North West,2023-04-18
Engineer_1866,ENG01867,Liverpool,North West,2023-05-12
Engineer_1867,ENG01868,Birmingham,North West,2023-01-04
Engineer_1868,ENG01869,Glasgow,Scotland,2023-10-06
Engineer_1869,ENG01870,Birmingham,Yorkshire,2022-01-03
Engineer_1870,ENG01871,Southampton,London,2021-08-02
Engineer_1871,ENG01872,Manchester,Yorkshire,2023-08-28
Engineer_1872,ENG01873,Leeds,Midlands,2023-11-01
Engineer_1873,ENG01874,Bristol,North West,2022-03-29
Engineer_1874,ENG01875,Manchester,Scotland,2024-12-23
Engineer_1875,ENG01876,London,North West,2022-02-27
Engineer_1876,ENG01877,Leeds,Scotland,2023-09-28
Engineer_1877,ENG01878,Sheffield,North East,2022-07-13
Engineer_1878,ENG01879,London,South East,2025-04-27
Engineer_1879,ENG01880,Liverpool,North West,2024-01-09
Engineer_1880,ENG01881,Newcastle,North East,2024-07-05
Engineer_1881,ENG01882,Glasgow,North East,2025-11-26
Engineer_1882,ENG01883,Glasgow,Scotland,2021-11-27
Engineer_1883,ENG01884,Leeds,North West,2026-04-04
Engineer_1884,ENG01885,London,Yorkshire,2022-12-05
Engineer_1885,ENG01886,London,North East,2025-04-07
Engineer_1886,ENG01887,Liverpool,Midlands,2023-12-17
Engineer_1887,ENG01888,Liverpool,South East,2022-10-02
Engineer_1888,ENG01889,London,Midlands,2025-10-19
Engineer_1889,ENG01890,Leeds,Midlands,2024-02-18
Engineer_1890,ENG01891,London,Midlands,2023-03-26
Engineer_1891,ENG01892,London,South East,2024-09-22
Engineer_1892,ENG01893,Newcastle,South East,2024-01-17
Engineer_1893,ENG01894,Birmingham,Scotland,2022-09-12
Engineer_1894,ENG01895,Birmingham,London,2024-09-07
Engineer_1895,ENG01896,Leeds,London,2024-09-02
Engineer_1896,ENG01897,London,North East,2022-06-16
Engineer_1897,ENG01898,Glasgow,Wales,2021-10-11
Engineer_1898,ENG01899,Birmingham,North West,2021-03-28
Engineer_1899,ENG01900,Glasgow,South East,2026-03-26
Engineer_1900,ENG01901,Leeds,Midlands,2025-11-30
Engineer_1901,ENG01902,Newcastle,South East,2025-05-27
Engineer_1902,ENG01903,Glasgow,South West,2024-07-01
Engineer_1903,ENG01904,Manchester,Yorkshire,2023-10-27
Engineer_1904,ENG01905,Glasgow,Wales,2023-07-16
Engineer_1905,ENG01906,Leeds,Scotland,2023-05-22
Engineer_1906,ENG01907,Bristol,North West,2025-05-11
Engineer_1907,ENG01908,Manchester,South West,2024-02-09
Engineer_1908,ENG01909,Bristol,South West,2024-06-19
Engineer_1909,ENG01910,London,Yorkshire,2024-12-22
Engineer_1910,ENG01911,Glasgow,Midlands,2024-04-01
Engineer_1911,ENG01912,Manchester,North West,2026-04-17
Engineer_1912,ENG01913,Southampton,Wales,2022-01-19
Engineer_1913,ENG01914,London,Yorkshire,2026-02-24
Engineer_1914,ENG01915,Manchester,North West,2022-11-18
Engineer_1915,ENG01916,Birmingham,South West,2025-04-26
Engineer_1916,ENG01917,Bristol,Wales,2023-11-03
Engineer_1917,ENG01918,Liverpool,South West,2026-03-11
Engineer_1918,ENG01919,Bristol,South East,2023-01-09
Engineer_1919,ENG01920,Newcastle,North West,2022-08-10
Engineer_1920,ENG01921,Leeds,North West,2022-01-16
Engineer_1921,ENG01922,Manchester,South East,2026-01-08
Engineer_1922,ENG01923,Birmingham,Wales,2021-08-13
Engineer_1923,ENG01924,Liverpool,Wales,2022-12-22
Engineer_1924,ENG01925,Liverpool,Wales,2022-09-04
Engineer_1925,ENG01926,Sheffield,North East,2025-11-05
Engineer_1926,ENG01927,Leeds,South West,2024-05-26
Engineer_1927,ENG01928,Sheffield,North East,2023-08-10
Engineer_1928,ENG01929,Newcastle,North East,2026-03-07
Engineer_1929,ENG01930,Glasgow,North West,2025-05-03
Engineer_1930,ENG01931,Birmingham,Scotland,2021-11-11
Engineer_1931,ENG01932,Glasgow,Midlands,2021-03-30
Engineer_1932,ENG01933,Birmingham,Scotland,2024-07-17
Engineer_1933,ENG01934,Bristol,North East,2022-05-28
Engineer_1934,ENG01935,London,South West,2021-05-18
Engineer_1935,ENG01936,Southampton,South West,2021-05-19
Engineer_1936,ENG01937,Sheffield,London,2026-04-26
Engineer_1937,ENG01938,Southampton,Wales,2023-07-30
Engineer_1938,ENG01939,London,South East,2024-07-14
Engineer_1939,ENG01940,Liverpool,North East,2021-10-30
Engineer_1940,ENG01941,Glasgow,Yorkshire,2021-10-06
Engineer_1941,ENG01942,Sheffield,Scotland,2021-11-07
Engineer_1942,ENG01943,Liverpool,Yorkshire,2021-11-09
Engineer_1943,ENG01944,Manchester,Yorkshire,2026-03-10
Engineer_1944,ENG01945,Sheffield,Wales,2021-10-25
Engineer_1945,ENG01946,Southampton,Yorkshire,2022-01-18
Engineer_1946,ENG01947,Southampton,Wales,2026-01-20
Engineer_1947,ENG01948,Birmingham,Yorkshire,2023-03-07
Engineer_1948,ENG01949,Glasgow,South East,2022-05-23
Engineer_1949,ENG01950,London,North West,2024-06-26
Engineer_1950,ENG01951,Southampton,Yorkshire,2023-11-02
Engineer_1951,ENG01952,Glasgow,Wales,2024-11-28
Engineer_1952,ENG01953,Glasgow,Wales,2022-07-09
Engineer_1953,ENG01954,Southampton,South West,2023-09-05
Engineer_1954,ENG01955,Glasgow,Scotland,2026-02-23
Engineer_1955,ENG01956,London,Yorkshire,2022-03-08
Engineer_1956,ENG01957,Birmingham,Wales,2023-06-27
Engineer_1957,ENG01958,Manchester,South West,2021-07-02
Engineer_1958,ENG01959,London,Yorkshire,2021-12-24
Engineer_1959,ENG01960,Sheffield,North West,2021-06-23
Engineer_1960,ENG01961,Newcastle,Yorkshire,2024-08-13
Engineer_1961,ENG01962,Manchester,North East,2025-02-22
Engineer_1962,ENG01963,Liverpool,South West,2023-05-06
Engineer_1963,ENG01964,Leeds,South West,2023-10-21
Engineer_1964,ENG01965,Sheffield,Yorkshire,2025-07-09
Engineer_1965,ENG01966,Newcastle,Wales,2025-02-23
Engineer_1966,ENG01967,Manchester,South East,2026-02-10
Engineer_1967,ENG01968,Manchester,Scotland,2021-10-19
Engineer_1968,ENG01969,Southampton,Wales,2023-10-18
Engineer_1969,ENG01970,Sheffield,South West,2025-11-21
Engineer_1970,ENG01971,Liverpool,Yorkshire,2026-04-25
Engineer_1971,ENG01972,Sheffield,Wales,2021-10-20
Engineer_1972,ENG01973,Bristol,Wales,2021-08-29
Engineer_1973,ENG01974,Southampton,South West,2026-04-08
Engineer_1974,ENG01975,Glasgow,South East,2025-01-20
Engineer_1975,ENG01976,Newcastle,Scotland,2021-12-28
Engineer_1976,ENG01977,Leeds,North West,2026-03-10
Engineer_1977,ENG01978,Manchester,North East,2024-02-07
Engineer_1978,ENG01979,Glasgow,London,2023-10-24
Engineer_1979,ENG01980,Southampton,Midlands,2024-07-18
Engineer_1980,ENG01981,Southampton,South East,2023-12-10
Engineer_1981,ENG01982,Leeds,London,2025-02-02
Engineer_1982,ENG01983,Sheffield,North West,2022-08-12
Engineer_1983,ENG01984,Newcastle,Midlands,2024-01-03
Engineer_1984,ENG01985,Glasgow,Wales,2023-01-06
Engineer_1985,ENG01986,London,London,2022-03-12
Engineer_1986,ENG01987,Southampton,South West,2025-11-24
Engineer_1987,ENG01988,Bristol,London,2024-11-11
Engineer_1988,ENG01989,Leeds,Yorkshire,2022-06-10
Engineer_1989,ENG01990,Bristol,Midlands,2025-06-25
Engineer_1990,ENG01991,Birmingham,Yorkshire,2021-05-17
Engineer_1991,ENG01992,Leeds,Scotland,2024-03-07
Engineer_1992,ENG01993,Bristol,South West,2025-04-22
Engineer_1993,ENG01994,Sheffield,South West,2025-12-02
Engineer_1994,ENG01995,Leeds,North East,2026-01-21
Engineer_1995,ENG01996,Glasgow,Midlands,2022-10-24
Engineer_1996,ENG01997,London,London,2025-02-16
Engineer_1997,ENG01998,Sheffield,Scotland,2024-06-02
Engineer_1998,ENG01999,Manchester,Scotland,2024-07-26
Engineer_1999,ENG02000,Leeds,South East,2023-04-29
Engineer_2000,ENG02001,Sheffield,Scotland,2021-08-01
Engineer_2001,ENG02002,Newcastle,Yorkshire,2022-08-08
Engineer_2002,ENG02003,Liverpool,South West,2025-03-31
Engineer_2003,ENG02004,Glasgow,Yorkshire,2025-02-03
Engineer_2004,ENG02005,Southampton,North East,2022-11-20
Engineer_2005,ENG02006,Liverpool,Wales,2022-05-15
Engineer_2006,ENG02007,Birmingham,London,2024-05-06
Engineer_2007,ENG02008,London,London,2024-09-16
Engineer_2008,ENG02009,Birmingham,South West,2024-03-22
Engineer_2009,ENG02010,London,South West,2025-12-12
Engineer_2010,ENG02011,Manchester,South West,2024-02-11
Engineer_2011,ENG02012,Birmingham,Scotland,2025-03-09
Engineer_2012,ENG02013,Southampton,South West,2021-07-02
Engineer_2013,ENG02014,Leeds,Wales,2022-11-12
Engineer_2014,ENG02015,Southampton,North West,2022-02-19
Engineer_2015,ENG02016,Leeds,Midlands,2021-03-06
Engineer_2016,ENG02017,Newcastle,South West,2024-06-20
Engineer_2017,ENG02018,Newcastle,South West,2025-11-01
Engineer_2018,ENG02019,Southampton,Yorkshire,2025-03-18
Engineer_2019,ENG02020,Bristol,South East,2025-10-31
Engineer_2020,ENG02021,Glasgow,South West,2025-05-27
Engineer_2021,ENG02022,Manchester,Yorkshire,2023-09-18
Engineer_2022,ENG02023,Liverpool,North East,2023-08-20
Engineer_2023,ENG02024,Bristol,South West,2023-10-28
Engineer_2024,ENG02025,London,North West,2023-08-26
Engineer_2025,ENG02026,Birmingham,Midlands,2021-10-15
Engineer_2026,ENG02027,Southampton,South East,2025-05-21
Engineer_2027,ENG02028,Birmingham,North East,2022-03-10
Engineer_2028,ENG02029,Birmingham,Yorkshire,2023-01-15
Engineer_2029,ENG02030,Newcastle,South West,2023-06-03
Engineer_2030,ENG02031,Liverpool,Wales,2021-10-27
Engineer_2031,ENG02032,Newcastle,Scotland,2025-10-12
Engineer_2032,ENG02033,Bristol,Yorkshire,2021-11-13
Engineer_2033,ENG02034,Glasgow,South East,2025-02-20
Engineer_2034,ENG02035,Bristol,Scotland,2024-01-06
Engineer_2035,ENG02036,Liverpool,Scotland,2023-04-18
Engineer_2036,ENG02037,Bristol,Yorkshire,2024-11-15
Engineer_2037,ENG02038,Manchester,Midlands,2022-10-07
Engineer_2038,ENG02039,Manchester,Yorkshire,2023-07-13
Engineer_2039,ENG02040,London,Scotland,2024-11-26
Engineer_2040,ENG02041,London,London,2024-05-24
Engineer_2041,ENG02042,Birmingham,South West,2025-05-19
Engineer_2042,ENG02043,Sheffield,North West,2021-04-06
Engineer_2043,ENG02044,London,Wales,2021-05-07
Engineer_2044,ENG02045,Birmingham,North West,2024-11-13
Engineer_2045,ENG02046,Glasgow,Midlands,2025-08-11
Engineer_2046,ENG02047,Sheffield,Wales,2021-12-03
Engineer_2047,ENG02048,Manchester,Yorkshire,2025-08-31
Engineer_2048,ENG02049,Liverpool,Wales,2023-07-14
Engineer_2049,ENG02050,Glasgow,London,2024-06-29
Engineer_2050,ENG02051,Newcastle,Wales,2022-08-12
Engineer_2051,ENG02052,Liverpool,North West,2021-12-02
Engineer_2052,ENG02053,Sheffield,Midlands,2021-04-29
Engineer_2053,ENG02054,Newcastle,South West,2022-02-24
Engineer_2054,ENG02055,Southampton,South West,2024-09-25
Engineer_2055,ENG02056,Newcastle,Midlands,2023-02-01
Engineer_2056,ENG02057,Newcastle,London,2025-12-24
Engineer_2057,ENG02058,Leeds,South West,2024-09-16
Engineer_2058,ENG02059,Newcastle,North East,2025-05-20
Engineer_2059,ENG02060,Bristol,South East,2024-10-08
Engineer_2060,ENG02061,Birmingham,Midlands,2024-12-16
Engineer_2061,ENG02062,Newcastle,South East,2024-07-16
Engineer_2062,ENG02063,Newcastle,North East,2023-10-08
Engineer_2063,ENG02064,Newcastle,South East,2023-12-12
Engineer_2064,ENG02065,Liverpool,North East,2022-08-24
Engineer_2065,ENG02066,London,South East,2021-02-19
Engineer_2066,ENG02067,Southampton,South East,2025-04-26
Engineer_2067,ENG02068,Leeds,Scotland,2022-07-11
Engineer_2068,ENG02069,London,Yorkshire,2021-04-24
Engineer_2069,ENG02070,Birmingham,North West,2024-05-04
Engineer_2070,ENG02071,London,Midlands,2025-05-16
Engineer_2071,ENG02072,Liverpool,Wales,2022-07-15
Engineer_2072,ENG02073,Newcastle,London,2024-04-12
Engineer_2073,ENG02074,Bristol,Scotland,2021-10-13
Engineer_2074,ENG02075,Manchester,Scotland,2022-09-29
Engineer_2075,ENG02076,Leeds,Yorkshire,2023-07-31
Engineer_2076,ENG02077,Liverpool,Midlands,2025-09-06
Engineer_2077,ENG02078,Southampton,Wales,2023-03-25
Engineer_2078,ENG02079,Sheffield,Midlands,2023-01-07
Engineer_2079,ENG02080,Glasgow,Midlands,2021-07-09
Engineer_2080,ENG02081,Birmingham,North West,2023-07-27
Engineer_2081,ENG02082,Glasgow,Scotland,2022-08-07
Engineer_2082,ENG02083,London,South East,2022-05-30
Engineer_2083,ENG02084,Sheffield,Yorkshire,2025-09-06
Engineer_2084,ENG02085,Newcastle,South West,2021-07-14
Engineer_2085,ENG02086,Leeds,Yorkshire,2023-06-03
Engineer_2086,ENG02087,London,Yorkshire,2025-03-19
Engineer_2087,ENG02088,Southampton,London,2024-10-14
Engineer_2088,ENG02089,Bristol,Midlands,2023-03-07
Engineer_2089,ENG02090,Sheffield,South East,2023-04-07
Engineer_2090,ENG02091,Manchester,North East,2022-11-24
Engineer_2091,ENG02092,Manchester,South East,2022-02-14
Engineer_2092,ENG02093,Bristol,Midlands,2021-07-14
Engineer_2093,ENG02094,Bristol,South West,2021-06-15
Engineer_2094,ENG02095,Manchester,Midlands,2023-02-18
Engineer_2095,ENG02096,Newcastle,London,2024-07-06
Engineer_2096,ENG02097,Liverpool,South East,2021-06-18
Engineer_2097,ENG02098,Leeds,North West,2023-07-26
Engineer_2098,ENG02099,Bristol,South West,2025-07-04
Engineer_2099,ENG02100,Southampton,Midlands,2023-06-30
Engineer_2100,ENG02101,Birmingham,Midlands,2023-01-06
Engineer_2101,ENG02102,Leeds,South West,2022-06-13
Engineer_2102,ENG02103,Birmingham,South West,2024-06-22
Engineer_2103,ENG02104,Bristol,South East,2025-08-18
Engineer_2104,ENG02105,Leeds,Midlands,2022-01-18
Engineer_2105,ENG02106,Leeds,Yorkshire,2025-08-20
Engineer_2106,ENG02107,Leeds,South East,2022-01-23
Engineer_2107,ENG02108,Bristol,South West,2025-04-07
Engineer_2108,ENG02109,Bristol,Wales,2023-12-24
Engineer_2109,ENG02110,Glasgow,Midlands,2024-01-12
Engineer_2110,ENG02111,Leeds,London,2025-12-07
Engineer_2111,ENG02112,Newcastle,North East,2021-09-26
Engineer_2112,ENG02113,Southampton,Yorkshire,2023-06-01
Engineer_2113,ENG02114,Glasgow,Midlands,2021-06-15
Engineer_2114,ENG02115,Sheffield,South West,2021-04-15
Engineer_2115,ENG02116,Southampton,Midlands,2023-03-16
Engineer_2116,ENG02117,London,South East,2023-06-30
Engineer_2117,ENG02118,Southampton,North West,2021-03-06
Engineer_2118,ENG02119,Liverpool,Wales,2024-07-01
Engineer_2119,ENG02120,London,South East,2024-08-21
Engineer_2120,ENG02121,London,North West,2025-04-03
Engineer_2121,ENG02122,Leeds,North West,2025-01-02
Engineer_2122,ENG02123,Southampton,South West,2022-02-05
Engineer_2123,ENG02124,Glasgow,South East,2024-07-28
Engineer_2124,ENG02125,Liverpool,South East,2024-09-03
Engineer_2125,ENG02126,Leeds,South East,2023-09-15
Engineer_2126,ENG02127,Sheffield,Midlands,2021-06-30
Engineer_2127,ENG02128,Bristol,Wales,2024-06-01
Engineer_2128,ENG02129,Birmingham,Wales,2025-02-09
Engineer_2129,ENG02130,Sheffield,North East,2024-01-30
Engineer_2130,ENG02131,Manchester,London,2023-01-30
Engineer_2131,ENG02132,Sheffield,Midlands,2023-01-29
Engineer_2132,ENG02133,Birmingham,Wales,2025-12-09
Engineer_2133,ENG02134,Liverpool,Midlands,2025-03-10
Engineer_2134,ENG02135,London,South West,2023-09-13
Engineer_2135,ENG02136,London,North West,2025-01-20
Engineer_2136,ENG02137,Newcastle,Yorkshire,2026-02-16
Engineer_2137,ENG02138,Leeds,Midlands,2024-05-21
Engineer_2138,ENG02139,Birmingham,North West,2021-08-24
Engineer_2139,ENG02140,London,Scotland,2026-01-07
Engineer_2140,ENG02141,Birmingham,Midlands,2022-12-28
Engineer_2141,ENG02142,Glasgow,North West,2023-01-27
Engineer_2142,ENG02143,Newcastle,Yorkshire,2025-07-15
Engineer_2143,ENG02144,Glasgow,South West,2022-07-06
Engineer_2144,ENG02145,Leeds,South East,2021-07-01
Engineer_2145,ENG02146,Bristol,North East,2022-12-06
Engineer_2146,ENG02147,Sheffield,North West,2022-01-21
Engineer_2147,ENG02148,Sheffield,South West,2021-08-02
Engineer_2148,ENG02149,Bristol,North West,2025-05-13
Engineer_2149,ENG02150,London,Wales,2025-11-24
Engineer_2150,ENG02151,Newcastle,South West,2023-04-16
Engineer_2151,ENG02152,Glasgow,North West,2022-05-16
Engineer_2152,ENG02153,Liverpool,South West,2025-08-29
Engineer_2153,ENG02154,Liverpool,North West,2023-01-10
Engineer_2154,ENG02155,Leeds,Scotland,2022-02-09
Engineer_2155,ENG02156,Leeds,London,2026-04-15
Engineer_2156,ENG02157,Leeds,Midlands,2024-08-09
Engineer_2157,ENG02158,Sheffield,South East,2024-03-28
Engineer_2158,ENG02159,Glasgow,North West,2022-01-29
Engineer_2159,ENG02160,Bristol,Yorkshire,2023-03-22
Engineer_2160,ENG02161,London,South East,2023-02-17
Engineer_2161,ENG02162,Manchester,Wales,2025-06-27
Engineer_2162,ENG02163,Sheffield,South East,2024-07-23
Engineer_2163,ENG02164,Birmingham,North East,2024-04-26
Engineer_2164,ENG02165,Southampton,London,2022-07-28
Engineer_2165,ENG02166,Glasgow,Midlands,2022-03-19
Engineer_2166,ENG02167,Leeds,North West,2024-05-04
Engineer_2167,ENG02168,London,Midlands,2025-04-15
Engineer_2168,ENG02169,Liverpool,South West,2023-04-28
Engineer_2169,ENG02170,Southampton,North West,2024-07-19
Engineer_2170,ENG02171,Liverpool,Midlands,2021-08-19
Engineer_2171,ENG02172,Manchester,South West,2025-03-17
Engineer_2172,ENG02173,London,North East,2023-07-25
Engineer_2173,ENG02174,Manchester,London,2022-02-04
Engineer_2174,ENG02175,Leeds,South East,2023-04-17
Engineer_2175,ENG02176,Newcastle,South West,2023-12-12
Engineer_2176,ENG02177,Birmingham,London,2025-06-23
Engineer_2177,ENG02178,Liverpool,Scotland,2023-12-05
Engineer_2178,ENG02179,Manchester,South West,2021-12-29
Engineer_2179,ENG02180,Manchester,Scotland,2024-01-19
Engineer_2180,ENG02181,Sheffield,Scotland,2023-11-22
Engineer_2181,ENG02182,Glasgow,Scotland,2021-05-18
Engineer_2182,ENG02183,London,Wales,2026-02-11
Engineer_2183,ENG02184,London,South East,2021-07-20
Engineer_2184,ENG02185,Manchester,South East,2022-04-15
Engineer_2185,ENG02186,Manchester,North West,2026-04-09
Engineer_2186,ENG02187,Leeds,North East,2024-05-25
Engineer_2187,ENG02188,Leeds,London,2025-09-22
Engineer_2188,ENG02189,Birmingham,Yorkshire,2024-02-01
Engineer_2189,ENG02190,Sheffield,Yorkshire,2023-08-02
Engineer_2190,ENG02191,Liverpool,South West,2024-01-12
Engineer_2191,ENG02192,Leeds,North East,2024-10-26
Engineer_2192,ENG02193,Birmingham,North East,2023-05-06
Engineer_2193,ENG02194,Bristol,London,2023-05-01
Engineer_2194,ENG02195,Birmingham,South East,2024-09-17
Engineer_2195,ENG02196,Birmingham,South East,2023-05-11
Engineer_2196,ENG02197,Birmingham,Wales,2021-08-25
Engineer_2197,ENG02198,London,Midlands,2025-11-23
Engineer_2198,ENG02199,Liverpool,London,2024-01-21
Engineer_2199,ENG02200,Bristol,South East,2023-03-08
Engineer_2200,ENG02201,Glasgow,Scotland,2021-12-25
Engineer_2201,ENG02202,Sheffield,Scotland,2021-04-09
Engineer_2202,ENG02203,Southampton,South East,2025-02-18
Engineer_2203,ENG02204,Liverpool,South East,2024-10-15
Engineer_2204,ENG02205,London,Yorkshire,2024-11-25
Engineer_2205,ENG02206,Birmingham,Midlands,2024-01-11
Engineer_2206,ENG02207,Sheffield,North West,2026-01-30
Engineer_2207,ENG02208,Glasgow,Yorkshire,2022-09-29
Engineer_2208,ENG02209,Glasgow,London,2023-09-20
Engineer_2209,ENG02210,Newcastle,Wales,2025-01-09
Engineer_2210,ENG02211,Leeds,Yorkshire,2024-10-22
Engineer_2211,ENG02212,Sheffield,South West,2023-05-18
Engineer_2212,ENG02213,Southampton,Wales,2022-12-10
Engineer_2213,ENG02214,Birmingham,Wales,2023-07-25
Engineer_2214,ENG02215,London,Scotland,2025-08-25
Engineer_2215,ENG02216,Liverpool,South East,2025-02-09
Engineer_2216,ENG02217,London,South West,2021-02-28
Engineer_2217,ENG02218,Newcastle,Yorkshire,2022-01-16
Engineer_2218,ENG02219,Newcastle,North West,2022-04-22
Engineer_2219,ENG02220,Newcastle,Wales,2025-07-17
Engineer_2220,ENG02221,Bristol,Scotland,2022-12-18
Engineer_2221,ENG02222,Manchester,Scotland,2025-04-19
Engineer_2222,ENG02223,Glasgow,Midlands,2023-04-14
Engineer_2223,ENG02224,Sheffield,Yorkshire,2022-07-16
Engineer_2224,ENG02225,Sheffield,Yorkshire,2026-04-02
Engineer_2225,ENG02226,London,South West,2023-11-19
Engineer_2226,ENG02227,Sheffield,South West,2025-02-20
Engineer_2227,ENG02228,Glasgow,South West,2022-05-28
Engineer_2228,ENG02229,Sheffield,South East,2023-03-28
Engineer_2229,ENG02230,London,South West,2022-01-11
Engineer_2230,ENG02231,Bristol,North West,2024-02-01
Engineer_2231,ENG02232,Manchester,Wales,2021-12-25
Engineer_2232,ENG02233,Newcastle,North East,2026-04-02
Engineer_2233,ENG02234,Leeds,London,2021-11-03
Engineer_2234,ENG02235,Glasgow,Wales,2023-05-14
Engineer_2235,ENG02236,Sheffield,Midlands,2024-02-26
Engineer_2236,ENG02237,Leeds,South East,2024-07-23
Engineer_2237,ENG02238,Birmingham,North East,2023-06-16
Engineer_2238,ENG02239,Leeds,Midlands,2023-11-16
Engineer_2239,ENG02240,Newcastle,South West,2026-02-27
Engineer_2240,ENG02241,Bristol,Midlands,2023-07-09
Engineer_2241,ENG02242,Birmingham,Midlands,2022-10-29
Engineer_2242,ENG02243,London,North West,2024-04-20
Engineer_2243,ENG02244,Liverpool,North East,2025-10-22
Engineer_2244,ENG02245,Leeds,South West,2023-06-19
Engineer_2245,ENG02246,Newcastle,Scotland,2024-03-12
Engineer_2246,ENG02247,Leeds,London,2024-10-03
Engineer_2247,ENG02248,Birmingham,Wales,2025-10-23
Engineer_2248,ENG02249,Sheffield,London,2023-10-25
Engineer_2249,ENG02250,Southampton,North West,2024-04-03
Engineer_2250,ENG02251,Bristol,North East,2026-03-28
Engineer_2251,ENG02252,Southampton,South East,2024-11-11
Engineer_2252,ENG02253,Sheffield,Midlands,2023-04-30
Engineer_2253,ENG02254,Manchester,North East,2024-03-29
Engineer_2254,ENG02255,Sheffield,South East,2024-10-29
Engineer_2255,ENG02256,Sheffield,Wales,2025-11-06
Engineer_2256,ENG02257,Glasgow,North West,2022-10-02
Engineer_2257,ENG02258,Glasgow,Scotland,2022-11-07
Engineer_2258,ENG02259,Glasgow,London,2024-08-02
Engineer_2259,ENG02260,Bristol,Scotland,2024-10-15
Engineer_2260,ENG02261,Glasgow,Scotland,2025-05-25
Engineer_2261,ENG02262,London,South East,2026-01-22
Engineer_2262,ENG02263,Sheffield,Midlands,2026-04-22
Engineer_2263,ENG02264,Bristol,London,2021-03-06
Engineer_2264,ENG02265,Manchester,Scotland,2022-08-25
Engineer_2265,ENG02266,Manchester,South East,2024-10-25
Engineer_2266,ENG02267,Sheffield,London,2023-11-16
Engineer_2267,ENG02268,Birmingham,North East,2025-04-01
Engineer_2268,ENG02269,Leeds,South West,2021-04-29
Engineer_2269,ENG02270,Newcastle,North East,2022-02-26
Engineer_2270,ENG02271,Newcastle,Yorkshire,2025-07-05
Engineer_2271,ENG02272,Newcastle,North East,2023-04-06
Engineer_2272,ENG02273,Sheffield,London,2024-06-22
Engineer_2273,ENG02274,Southampton,Scotland,2023-12-12
Engineer_2274,ENG02275,London,Yorkshire,2022-09-10
Engineer_2275,ENG02276,Bristol,Yorkshire,2021-11-16
Engineer_2276,ENG02277,Birmingham,North West,2023-03-16
Engineer_2277,ENG02278,Liverpool,South East,2021-06-09
Engineer_2278,ENG02279,Bristol,North East,2021-08-29
Engineer_2279,ENG02280,Liverpool,Midlands,2025-04-07
Engineer_2280,ENG02281,Sheffield,South West,2023-03-06
Engineer_2281,ENG02282,Sheffield,Midlands,2023-12-24
Engineer_2282,ENG02283,Southampton,Yorkshire,2022-06-27
Engineer_2283,ENG02284,Sheffield,North West,2023-12-03
Engineer_2284,ENG02285,Newcastle,London,2021-09-26
Engineer_2285,ENG02286,Leeds,Midlands,2021-12-11
Engineer_2286,ENG02287,Glasgow,North West,2024-11-26
Engineer_2287,ENG02288,London,Scotland,2022-02-27
Engineer_2288,ENG02289,Manchester,Scotland,2023-05-31
Engineer_2289,ENG02290,London,London,2026-01-19
Engineer_2290,ENG02291,Leeds,Midlands,2024-10-14
Engineer_2291,ENG02292,Southampton,Scotland,2023-01-08
Engineer_2292,ENG02293,Leeds,South West,2022-08-12
Engineer_2293,ENG02294,Leeds,North West,2026-03-27
Engineer_2294,ENG02295,London,Yorkshire,2026-04-01
Engineer_2295,ENG02296,Manchester,Scotland,2022-09-11
Engineer_2296,ENG02297,Newcastle,South West,2025-04-05
Engineer_2297,ENG02298,Sheffield,Scotland,2024-11-15
Engineer_2298,ENG02299,London,Wales,2023-12-30
Engineer_2299,ENG02300,Bristol,North West,2023-03-05
Engineer_2300,ENG02301,London,South East,2025-04-14
Engineer_2301,ENG02302,Manchester,North West,2026-01-06
Engineer_2302,ENG02303,Sheffield,North West,2024-01-15
Engineer_2303,ENG02304,Sheffield,London,2025-01-24
Engineer_2304,ENG02305,Southampton,Midlands,2024-12-28
Engineer_2305,ENG02306,Liverpool,North West,2025-12-10
Engineer_2306,ENG02307,Birmingham,Wales,2024-08-10
Engineer_2307,ENG02308,Glasgow,Yorkshire,2023-08-19
Engineer_2308,ENG02309,Manchester,South East,2025-06-18
Engineer_2309,ENG02310,Birmingham,Yorkshire,2025-01-03
Engineer_2310,ENG02311,Newcastle,South East,2024-07-26
Engineer_2311,ENG02312,London,Wales,2021-04-01
Engineer_2312,ENG02313,Leeds,London,2023-07-14
Engineer_2313,ENG02314,Manchester,South East,2024-11-21
Engineer_2314,ENG02315,Liverpool,South West,2022-11-14
Engineer_2315,ENG02316,Manchester,Wales,2024-05-25
Engineer_2316,ENG02317,Leeds,South West,2025-03-30
Engineer_2317,ENG02318,Southampton,South West,2025-08-04
Engineer_2318,ENG02319,Southampton,North East,2022-05-24
Engineer_2319,ENG02320,Liverpool,South West,2024-04-26
Engineer_2320,ENG02321,Southampton,Yorkshire,2023-10-11
Engineer_2321,ENG02322,London,South West,2024-06-18
Engineer_2322,ENG02323,Leeds,Yorkshire,2025-01-17
Engineer_2323,ENG02324,London,Midlands,2022-10-29
Engineer_2324,ENG02325,Manchester,Wales,2022-08-27
Engineer_2325,ENG02326,Glasgow,South West,2026-03-21
Engineer_2326,ENG02327,Liverpool,London,2023-10-24
Engineer_2327,ENG02328,London,South West,2025-12-17
Engineer_2328,ENG02329,Sheffield,London,2025-12-09
Engineer_2329,ENG02330,Leeds,Midlands,2024-08-02
Engineer_2330,ENG02331,Leeds,Scotland,2024-10-16
Engineer_2331,ENG02332,Liverpool,North East,2021-03-23
Engineer_2332,ENG02333,London,North East,2024-05-26
Engineer_2333,ENG02334,Birmingham,North West,2021-10-20
Engineer_2334,ENG02335,Glasgow,North West,2025-12-06
Engineer_2335,ENG02336,London,Midlands,2025-03-14
Engineer_2336,ENG02337,Glasgow,Scotland,2024-12-30
Engineer_2337,ENG02338,Leeds,Wales,2026-03-01
Engineer_2338,ENG02339,Liverpool,Wales,2026-03-23
Engineer_2339,ENG02340,Leeds,Midlands,2022-07-22
Engineer_2340,ENG02341,London,Midlands,2022-09-08
Engineer_2341,ENG02342,Leeds,South East,2025-11-28
Engineer_2342,ENG02343,Liverpool,North East,2022-02-28
Engineer_2343,ENG02344,Glasgow,Yorkshire,2022-10-18
Engineer_2344,ENG02345,Bristol,London,2022-03-07
Engineer_2345,ENG02346,Southampton,North West,2023-03-28
Engineer_2346,ENG02347,Sheffield,North East,2024-08-02
Engineer_2347,ENG02348,London,Scotland,2025-12-29
Engineer_2348,ENG02349,Leeds,South West,2023-02-07
Engineer_2349,ENG02350,Bristol,Midlands,2022-10-22
Engineer_2350,ENG02351,Bristol,Yorkshire,2022-11-03
Engineer_2351,ENG02352,Bristol,Scotland,2023-08-03
Engineer_2352,ENG02353,Newcastle,South West,2022-08-04
Engineer_2353,ENG02354,Birmingham,London,2023-10-23
Engineer_2354,ENG02355,Leeds,Midlands,2021-06-07
Engineer_2355,ENG02356,Sheffield,London,2026-03-24
Engineer_2356,ENG02357,Leeds,Wales,2023-01-22
Engineer_2357,ENG02358,Sheffield,Yorkshire,2023-04-09
Engineer_2358,ENG02359,Birmingham,Scotland,2026-04-02
Engineer_2359,ENG02360,Glasgow,South East,2023-06-01
Engineer_2360,ENG02361,Manchester,South East,2023-03-07
Engineer_2361,ENG02362,Newcastle,Wales,2022-12-15
Engineer_2362,ENG02363,Manchester,North East,2025-10-04
Engineer_2363,ENG02364,Liverpool,Midlands,2025-07-27
Engineer_2364,ENG02365,Glasgow,London,2022-11-18
Engineer_2365,ENG02366,Birmingham,South East,2024-11-06
Engineer_2366,ENG02367,London,South West,2025-09-20
Engineer_2367,ENG02368,Sheffield,North East,2022-02-19
Engineer_2368,ENG02369,Bristol,Yorkshire,2024-07-18
Engineer_2369,ENG02370,London,London,2023-07-23
Engineer_2370,ENG02371,Liverpool,London,2024-01-20
Engineer_2371,ENG02372,Sheffield,South East,2023-09-29
Engineer_2372,ENG02373,Newcastle,North East,2021-10-03
Engineer_2373,ENG02374,Bristol,Midlands,2023-10-11
Engineer_2374,ENG02375,Southampton,Wales,2023-03-22
Engineer_2375,ENG02376,Bristol,South East,2023-12-14
Engineer_2376,ENG02377,Glasgow,Scotland,2023-04-19
Engineer_2377,ENG02378,Birmingham,Yorkshire,2022-01-19
Engineer_2378,ENG02379,London,South East,2023-04-16
Engineer_2379,ENG02380,Newcastle,North West,2025-05-10
Engineer_2380,ENG02381,Southampton,South West,2023-07-07
Engineer_2381,ENG02382,Manchester,Scotland,2024-03-27
Engineer_2382,ENG02383,Glasgow,Scotland,2021-11-24
Engineer_2383,ENG02384,London,North East,2025-10-27
Engineer_2384,ENG02385,Bristol,North East,2022-05-28
Engineer_2385,ENG02386,Newcastle,London,2021-06-26
Engineer_2386,ENG02387,London,Yorkshire,2024-08-06
Engineer_2387,ENG02388,Leeds,Yorkshire,2022-02-01
Engineer_2388,ENG02389,Bristol,Midlands,2025-11-29
Engineer_2389,ENG02390,Liverpool,Yorkshire,2024-02-08
Engineer_2390,ENG02391,Newcastle,London,2022-12-24
Engineer_2391,ENG02392,Manchester,London,2024-08-24
Engineer_2392,ENG02393,Bristol,North West,2022-01-31
Engineer_2393,ENG02394,Manchester,Scotland,2026-04-01
Engineer_2394,ENG02395,Newcastle,South East,2023-07-08
Engineer_2395,ENG02396,Sheffield,South West,2025-06-30
Engineer_2396,ENG02397,London,South West,2022-06-07
Engineer_2397,ENG02398,London,Midlands,2025-11-09
Engineer_2398,ENG02399,Newcastle,Midlands,2024-10-12
Engineer_2399,ENG02400,Newcastle,North East,2026-03-01
Engineer_2400,ENG02401,Liverpool,Yorkshire,2021-11-04
Engineer_2401,ENG02402,Liverpool,Scotland,2025-01-25
Engineer_2402,ENG02403,Manchester,Midlands,2023-05-18
Engineer_2403,ENG02404,Glasgow,South West,2025-12-25
Engineer_2404,ENG02405,Glasgow,South West,2021-07-27
Engineer_2405,ENG02406,Liverpool,North West,2021-05-31
Engineer_2406,ENG02407,Birmingham,Midlands,2024-02-16
Engineer_2407,ENG02408,Sheffield,South East,2022-08-13
Engineer_2408,ENG02409,Glasgow,Scotland,2021-10-17
Engineer_2409,ENG02410,Glasgow,North East,2023-12-11
Engineer_2410,ENG02411,London,North West,2021-06-16
Engineer_2411,ENG02412,London,North East,2022-12-30
Engineer_2412,ENG02413,Manchester,London,2021-07-19
Engineer_2413,ENG02414,Glasgow,London,2024-02-08
Engineer_2414,ENG02415,Newcastle,Wales,2021-05-31
Engineer_2415,ENG02416,Liverpool,Wales,2022-11-16
Engineer_2416,ENG02417,Bristol,Midlands,2024-08-16
Engineer_2417,ENG02418,Bristol,North West,2021-06-25
Engineer_2418,ENG02419,Bristol,North East,2023-02-28
Engineer_2419,ENG02420,Southampton,Midlands,2024-10-27
Engineer_2420,ENG02421,Bristol,North East,2024-06-04
Engineer_2421,ENG02422,Birmingham,London,2022-06-21
Engineer_2422,ENG02423,Liverpool,Wales,2025-08-29
Engineer_2423,ENG02424,Glasgow,South East,2022-09-15
Engineer_2424,ENG02425,Leeds,North East,2021-03-31
Engineer_2425,ENG02426,Bristol,South West,2025-10-15
Engineer_2426,ENG02427,Newcastle,Scotland,2025-05-08
Engineer_2427,ENG02428,London,Yorkshire,2024-03-12
Engineer_2428,ENG02429,Leeds,Scotland,2023-09-02
Engineer_2429,ENG02430,Sheffield,Yorkshire,2021-10-30
Engineer_2430,ENG02431,Southampton,South West,2025-06-18
Engineer_2431,ENG02432,Liverpool,Scotland,2026-02-21
Engineer_2432,ENG02433,Southampton,London,2025-06-06
Engineer_2433,ENG02434,Manchester,Scotland,2025-08-17
Engineer_2434,ENG02435,Manchester,Yorkshire,2023-01-14
Engineer_2435,ENG02436,Bristol,Scotland,2021-06-23
Engineer_2436,ENG02437,Southampton,London,2023-07-17
Engineer_2437,ENG02438,Sheffield,Scotland,2026-02-14
Engineer_2438,ENG02439,Glasgow,South West,2025-04-17
Engineer_2439,ENG02440,Southampton,Scotland,2025-02-15
Engineer_2440,ENG02441,Birmingham,South East,2021-05-09
Engineer_2441,ENG02442,Manchester,South East,2026-03-23
Engineer_2442,ENG02443,Birmingham,South West,2023-06-06
Engineer_2443,ENG02444,Manchester,North West,2023-10-07
Engineer_2444,ENG02445,Liverpool,London,2022-06-23
Engineer_2445,ENG02446,London,Scotland,2023-12-18
Engineer_2446,ENG02447,Birmingham,South East,2026-01-01
Engineer_2447,ENG02448,London,Wales,2025-03-10
Engineer_2448,ENG02449,Bristol,Yorkshire,2022-12-09
Engineer_2449,ENG02450,Bristol,Midlands,2022-05-04
Engineer_2450,ENG02451,Southampton,South West,2025-01-11
Engineer_2451,ENG02452,Sheffield,Wales,2023-09-16
Engineer_2452,ENG02453,Manchester,Wales,2025-12-15
Engineer_2453,ENG02454,Newcastle,Wales,2021-06-25
Engineer_2454,ENG02455,Birmingham,South West,2026-03-14
Engineer_2455,ENG02456,Leeds,Scotland,2022-07-26
Engineer_2456,ENG02457,Southampton,South West,2024-06-01
Engineer_2457,ENG02458,Birmingham,Wales,2024-09-17
Engineer_2458,ENG02459,Sheffield,North East,2022-02-05
Engineer_2459,ENG02460,Sheffield,Wales,2021-08-10
Engineer_2460,ENG02461,Newcastle,Wales,2025-06-07
Engineer_2461,ENG02462,Bristol,Yorkshire,2023-12-24
Engineer_2462,ENG02463,Newcastle,North West,2021-05-05
Engineer_2463,ENG02464,Bristol,South East,2024-12-04
Engineer_2464,ENG02465,London,Wales,2022-08-18
Engineer_2465,ENG02466,Bristol,Yorkshire,2026-03-06
Engineer_2466,ENG02467,Birmingham,London,2024-01-13
Engineer_2467,ENG02468,Newcastle,South East,2021-12-30
Engineer_2468,ENG02469,Sheffield,North West,2024-09-30
Engineer_2469,ENG02470,Manchester,South West,2024-04-04
Engineer_2470,ENG02471,Liverpool,North East,2026-02-28
Engineer_2471,ENG02472,London,South East,2021-10-30
Engineer_2472,ENG02473,Southampton,North West,2021-12-20
Engineer_2473,ENG02474,Liverpool,South West,2023-07-24
Engineer_2474,ENG02475,Birmingham,London,2024-05-21
Engineer_2475,ENG02476,Glasgow,Wales,2021-05-17
Engineer_2476,ENG02477,Leeds,Wales,2022-07-06
Engineer_2477,ENG02478,Manchester,Yorkshire,2025-07-25
Engineer_2478,ENG02479,Southampton,South West,2026-01-02
Engineer_2479,ENG02480,Southampton,South West,2025-04-25
Engineer_2480,ENG02481,Glasgow,Midlands,2023-07-25
Engineer_2481,ENG02482,Bristol,Yorkshire,2025-02-19
Engineer_2482,ENG02483,Newcastle,North West,2022-10-04
Engineer_2483,ENG02484,Glasgow,Midlands,2023-11-09
Engineer_2484,ENG02485,Liverpool,Midlands,2024-01-17
Engineer_2485,ENG02486,Liverpool,Scotland,2021-09-26
Engineer_2486,ENG02487,Liverpool,North East,2021-12-26
Engineer_2487,ENG02488,Bristol,South East,2023-11-28
Engineer_2488,ENG02489,Manchester,Wales,2021-08-08
Engineer_2489,ENG02490,Leeds,South West,2022-09-16
Engineer_2490,ENG02491,Bristol,South East,2023-10-22
Engineer_2491,ENG02492,Sheffield,South West,2022-11-16
Engineer_2492,ENG02493,London,North East,2023-05-23
Engineer_2493,ENG02494,Newcastle,North West,2025-03-17
Engineer_2494,ENG02495,Manchester,Scotland,2026-04-14
Engineer_2495,ENG02496,Southampton,North West,2025-05-03
Engineer_2496,ENG02497,Newcastle,South West,2024-07-02
Engineer_2497,ENG02498,Newcastle,Midlands,2021-03-05
Engineer_2498,ENG02499,Leeds,Scotland,2026-03-02
Engineer_2499,ENG02500,Bristol,Yorkshire,2021-10-19
Engineer_2500,ENG02501,Glasgow,Midlands,2023-11-13
Engineer_2501,ENG02502,Sheffield,South West,2021-11-13
Engineer_2502,ENG02503,Bristol,North West,2023-10-29
Engineer_2503,ENG02504,Leeds,Midlands,2023-09-13
Engineer_2504,ENG02505,Liverpool,Yorkshire,2021-08-09
Engineer_2505,ENG02506,Liverpool,London,2025-01-03
Engineer_2506,ENG02507,Sheffield,Midlands,2025-02-02
Engineer_2507,ENG02508,Leeds,London,2024-10-10
Engineer_2508,ENG02509,Birmingham,South West,2024-02-15
Engineer_2509,ENG02510,Southampton,North West,2025-02-01
Engineer_2510,ENG02511,Southampton,Midlands,2024-05-19
Engineer_2511,ENG02512,Glasgow,South West,2025-12-24
Engineer_2512,ENG02513,Leeds,North East,2022-03-09
Engineer_2513,ENG02514,Bristol,South East,2025-04-01
Engineer_2514,ENG02515,Southampton,Yorkshire,2023-05-10
Engineer_2515,ENG02516,Birmingham,Scotland,2024-11-25
Engineer_2516,ENG02517,Leeds,South East,2022-08-26
Engineer_2517,ENG02518,Sheffield,North East,2024-08-14
Engineer_2518,ENG02519,Southampton,Wales,2021-02-25
Engineer_2519,ENG02520,Glasgow,Scotland,2026-04-18
Engineer_2520,ENG02521,Manchester,North East,2023-01-31
Engineer_2521,ENG02522,Bristol,South East,2023-01-20
Engineer_2522,ENG02523,Bristol,Midlands,2025-11-26
Engineer_2523,ENG02524,Glasgow,London,2021-10-16
Engineer_2524,ENG02525,London,South East,2022-07-25
Engineer_2525,ENG02526,Liverpool,South West,2025-10-13
Engineer_2526,ENG02527,Liverpool,London,2022-08-29
Engineer_2527,ENG02528,Manchester,London,2021-03-25
Engineer_2528,ENG02529,Newcastle,Scotland,2021-07-12
Engineer_2529,ENG02530,Manchester,London,2024-08-25
Engineer_2530,ENG02531,Leeds,Wales,2023-01-19
Engineer_2531,ENG02532,London,Wales,2023-04-04
Engineer_2532,ENG02533,Leeds,North East,2022-01-02
Engineer_2533,ENG02534,Bristol,Yorkshire,2025-10-28
Engineer_2534,ENG02535,Glasgow,Midlands,2023-07-24
Engineer_2535,ENG02536,Birmingham,Yorkshire,2025-05-16
Engineer_2536,ENG02537,Birmingham,Midlands,2021-05-05
Engineer_2537,ENG02538,Bristol,Midlands,2022-09-08
Engineer_2538,ENG02539,Liverpool,South West,2021-10-30
Engineer_2539,ENG02540,Bristol,Wales,2022-01-22
Engineer_2540,ENG02541,Leeds,North West,2025-06-10
Engineer_2541,ENG02542,Manchester,North East,2021-04-17
Engineer_2542,ENG02543,Leeds,Wales,2023-10-30
Engineer_2543,ENG02544,Newcastle,South East,2024-02-24
Engineer_2544,ENG02545,Southampton,London,2025-06-24
Engineer_2545,ENG02546,Leeds,North West,2023-11-29
Engineer_2546,ENG02547,Liverpool,Midlands,2023-07-24
Engineer_2547,ENG02548,Sheffield,South West,2022-02-23
Engineer_2548,ENG02549,London,South East,2024-10-04
Engineer_2549,ENG02550,Glasgow,Scotland,2021-02-27
Engineer_2550,ENG02551,Birmingham,Yorkshire,2024-08-13
Engineer_2551,ENG02552,Liverpool,South West,2024-05-18
Engineer_2552,ENG02553,Southampton,South West,2022-02-04
Engineer_2553,ENG02554,Newcastle,South West,2024-08-29
Engineer_2554,ENG02555,Newcastle,North West,2023-08-01
Engineer_2555,ENG02556,Sheffield,North East,2022-09-25
Engineer_2556,ENG02557,London,North East,2024-01-22
Engineer_2557,ENG02558,Birmingham,Midlands,2022-03-16
Engineer_2558,ENG02559,Southampton,South East,2022-12-13
Engineer_2559,ENG02560,Bristol,North East,2023-01-17
Engineer_2560,ENG02561,Bristol,South West,2022-03-27
Engineer_2561,ENG02562,London,Yorkshire,2025-08-09
Engineer_2562,ENG02563,Glasgow,South West,2023-05-15
Engineer_2563,ENG02564,Newcastle,North East,2025-01-09
Engineer_2564,ENG02565,London,Yorkshire,2024-08-03
Engineer_2565,ENG02566,Leeds,Scotland,2024-11-29
Engineer_2566,ENG02567,London,South East,2025-06-16
Engineer_2567,ENG02568,Liverpool,North West,2022-06-22
Engineer_2568,ENG02569,Liverpool,Midlands,2024-08-26
Engineer_2569,ENG02570,Bristol,London,2026-01-03
Engineer_2570,ENG02571,Liverpool,Wales,2026-02-24
Engineer_2571,ENG02572,Birmingham,London,2021-09-18
Engineer_2572,ENG02573,Newcastle,Yorkshire,2026-02-16
Engineer_2573,ENG02574,Liverpool,North West,2022-07-30
Engineer_2574,ENG02575,Manchester,Yorkshire,2023-02-09
Engineer_2575,ENG02576,Sheffield,Midlands,2022-01-21
Engineer_2576,ENG02577,Sheffield,Yorkshire,2023-11-17
Engineer_2577,ENG02578,Glasgow,Wales,2023-01-30
Engineer_2578,ENG02579,Leeds,South West,2022-09-06
Engineer_2579,ENG02580,Leeds,Midlands,2023-02-19
Engineer_2580,ENG02581,Bristol,North West,2022-09-09
Engineer_2581,ENG02582,Bristol,South East,2023-06-30
Engineer_2582,ENG02583,London,North East,2023-07-16
Engineer_2583,ENG02584,Newcastle,South East,2024-05-07
Engineer_2584,ENG02585,Leeds,North West,2023-05-31
Engineer_2585,ENG02586,Birmingham,Scotland,2025-11-12
Engineer_2586,ENG02587,Birmingham,Midlands,2021-05-25
Engineer_2587,ENG02588,Southampton,Midlands,2021-12-31
Engineer_2588,ENG02589,Bristol,Midlands,2021-09-01
Engineer_2589,ENG02590,Southampton,North West,2025-02-05
Engineer_2590,ENG02591,Newcastle,South West,2025-12-11
Engineer_2591,ENG02592,Birmingham,London,2021-11-02
Engineer_2592,ENG02593,Manchester,Midlands,2024-11-29
Engineer_2593,ENG02594,Bristol,Wales,2023-01-29
Engineer_2594,ENG02595,Sheffield,North West,2024-02-09
Engineer_2595,ENG02596,Southampton,Scotland,2022-05-15
Engineer_2596,ENG02597,Bristol,Midlands,2025-11-08
Engineer_2597,ENG02598,London,South East,2024-05-02
Engineer_2598,ENG02599,Southampton,Yorkshire,2024-04-08
Engineer_2599,ENG02600,Southampton,North West,2024-05-26
Engineer_2600,ENG02601,Leeds,Scotland,2024-03-27
Engineer_2601,ENG02602,Glasgow,North East,2021-09-15
Engineer_2602,ENG02603,Glasgow,Yorkshire,2022-01-06
Engineer_2603,ENG02604,Bristol,London,2025-04-23
Engineer_2604,ENG02605,Leeds,Scotland,2026-01-02
Engineer_2605,ENG02606,Glasgow,South East,2024-11-04
Engineer_2606,ENG02607,Bristol,South West,2026-03-01
Engineer_2607,ENG02608,Sheffield,Midlands,2023-05-23
Engineer_2608,ENG02609,Glasgow,Midlands,2023-09-10
Engineer_2609,ENG02610,Sheffield,South West,2022-07-28
Engineer_2610,ENG02611,Liverpool,South East,2025-06-13
Engineer_2611,ENG02612,Manchester,South East,2024-10-12
Engineer_2612,ENG02613,Birmingham,Scotland,2022-06-15
Engineer_2613,ENG02614,Leeds,North West,2022-04-12
Engineer_2614,ENG02615,Leeds,Wales,2023-11-19
Engineer_2615,ENG02616,Leeds,North East,2023-02-27
Engineer_2616,ENG02617,Bristol,Yorkshire,2021-06-25
Engineer_2617,ENG02618,Glasgow,Wales,2022-09-28
Engineer_2618,ENG02619,Sheffield,South West,2023-08-27
Engineer_2619,ENG02620,Liverpool,Scotland,2022-12-18
Engineer_2620,ENG02621,Sheffield,Wales,2021-11-18
Engineer_2621,ENG02622,Liverpool,Wales,2022-06-20
Engineer_2622,ENG02623,Bristol,Scotland,2021-04-16
Engineer_2623,ENG02624,Sheffield,Scotland,2022-02-05
Engineer_2624,ENG02625,Newcastle,North East,2021-04-15
Engineer_2625,ENG02626,Newcastle,North West,2022-12-22
Engineer_2626,ENG02627,Southampton,Wales,2023-05-07
Engineer_2627,ENG02628,Leeds,Yorkshire,2023-11-22
Engineer_2628,ENG02629,Birmingham,Midlands,2023-06-04
Engineer_2629,ENG02630,Sheffield,South East,2023-03-02
Engineer_2630,ENG02631,Manchester,South East,2025-02-02
Engineer_2631,ENG02632,Manchester,Midlands,2021-02-25
Engineer_2632,ENG02633,Newcastle,Scotland,2022-03-23
Engineer_2633,ENG02634,Leeds,North East,2021-03-12
Engineer_2634,ENG02635,London,North East,2025-05-01
Engineer_2635,ENG02636,Sheffield,South West,2024-02-18
Engineer_2636,ENG02637,Newcastle,Wales,2023-02-07
Engineer_2637,ENG02638,Newcastle,Yorkshire,2025-01-03
Engineer_2638,ENG02639,Leeds,North West,2022-03-19
Engineer_2639,ENG02640,Birmingham,Midlands,2025-06-21
Engineer_2640,ENG02641,Manchester,South East,2024-06-10
Engineer_2641,ENG02642,Liverpool,London,2023-07-05
Engineer_2642,ENG02643,Manchester,Scotland,2023-04-08
Engineer_2643,ENG02644,Glasgow,South West,2025-09-17
Engineer_2644,ENG02645,Bristol,North East,2021-06-20
Engineer_2645,ENG02646,Liverpool,Scotland,2026-01-31
Engineer_2646,ENG02647,Newcastle,North West,2023-02-24
Engineer_2647,ENG02648,Birmingham,North West,2025-05-24
Engineer_2648,ENG02649,Bristol,Yorkshire,2022-02-15
Engineer_2649,ENG02650,Bristol,Wales,2026-01-19
Engineer_2650,ENG02651,Manchester,London,2021-03-19
Engineer_2651,ENG02652,Birmingham,Scotland,2022-10-08
Engineer_2652,ENG02653,Southampton,Wales,2022-08-29
Engineer_2653,ENG02654,Manchester,North East,2024-04-08
Engineer_2654,ENG02655,Birmingham,South West,2021-03-23
Engineer_2655,ENG02656,London,South East,2023-10-14
Engineer_2656,ENG02657,Birmingham,South West,2026-03-07
Engineer_2657,ENG02658,Birmingham,South East,2021-07-14
Engineer_2658,ENG02659,Birmingham,Scotland,2021-11-11
Engineer_2659,ENG02660,Leeds,South East,2022-12-03
Engineer_2660,ENG02661,Leeds,Wales,2024-10-03
Engineer_2661,ENG02662,Leeds,Wales,2022-05-04
Engineer_2662,ENG02663,Bristol,Wales,2024-11-22
Engineer_2663,ENG02664,Southampton,South East,2021-04-14
Engineer_2664,ENG02665,Glasgow,London,2022-12-26
Engineer_2665,ENG02666,Liverpool,North East,2022-12-12
Engineer_2666,ENG02667,Newcastle,Yorkshire,2026-02-03
Engineer_2667,ENG02668,Manchester,Yorkshire,2025-07-29
Engineer_2668,ENG02669,Leeds,Midlands,2025-02-05
Engineer_2669,ENG02670,Glasgow,Yorkshire,2026-01-19
Engineer_2670,ENG02671,Bristol,Yorkshire,2025-05-10
Engineer_2671,ENG02672,Glasgow,Yorkshire,2022-10-06
Engineer_2672,ENG02673,Bristol,London,2023-11-18
Engineer_2673,ENG02674,Southampton,North West,2022-04-13
Engineer_2674,ENG02675,Glasgow,Scotland,2025-01-25
Engineer_2675,ENG02676,Newcastle,Yorkshire,2021-08-11
Engineer_2676,ENG02677,Manchester,Wales,2022-04-16
Engineer_2677,ENG02678,Manchester,London,2024-11-04
Engineer_2678,ENG02679,Birmingham,Midlands,2025-10-06
Engineer_2679,ENG02680,Manchester,Scotland,2023-02-23
Engineer_2680,ENG02681,Sheffield,South West,2022-03-15
Engineer_2681,ENG02682,Manchester,South East,2023-02-27
Engineer_2682,ENG02683,Newcastle,South East,2025-05-05
Engineer_2683,ENG02684,Leeds,London,2023-10-01
Engineer_2684,ENG02685,Liverpool,Wales,2022-12-18
Engineer_2685,ENG02686,Glasgow,London,2025-01-14
Engineer_2686,ENG02687,Bristol,London,2024-06-02
Engineer_2687,ENG02688,Glasgow,London,2025-04-16
Engineer_2688,ENG02689,Manchester,North East,2025-04-27
Engineer_2689,ENG02690,Newcastle,London,2023-07-02
Engineer_2690,ENG02691,Liverpool,South West,2025-01-31
Engineer_2691,ENG02692,Southampton,Scotland,2021-05-27
Engineer_2692,ENG02693,Liverpool,North West,2023-01-01
Engineer_2693,ENG02694,London,South West,2023-12-08
Engineer_2694,ENG02695,Bristol,South West,2022-10-18
Engineer_2695,ENG02696,London,South East,2022-07-08
Engineer_2696,ENG02697,Liverpool,South East,2023-12-14
Engineer_2697,ENG02698,Glasgow,South East,2024-05-22
Engineer_2698,ENG02699,Southampton,Yorkshire,2022-11-11
Engineer_2699,ENG02700,London,Yorkshire,2023-06-03
Engineer_2700,ENG02701,Glasgow,North East,2023-08-02
Engineer_2701,ENG02702,Bristol,South East,2025-02-01
Engineer_2702,ENG02703,Leeds,Midlands,2021-07-23
Engineer_2703,ENG02704,Glasgow,South East,2023-06-16
Engineer_2704,ENG02705,Liverpool,North East,2022-11-25
Engineer_2705,ENG02706,Liverpool,Midlands,2025-06-15
Engineer_2706,ENG02707,Manchester,South East,2021-03-28
Engineer_2707,ENG02708,Sheffield,South East,2021-05-26
Engineer_2708,ENG02709,Newcastle,Yorkshire,2025-10-08
Engineer_2709,ENG02710,Liverpool,Yorkshire,2022-10-28
Engineer_2710,ENG02711,Southampton,Yorkshire,2022-11-13
Engineer_2711,ENG02712,Manchester,Midlands,2022-04-01
Engineer_2712,ENG02713,Liverpool,Wales,2024-12-27
Engineer_2713,ENG02714,Liverpool,South West,2022-06-16
Engineer_2714,ENG02715,Glasgow,Midlands,2022-12-07
Engineer_2715,ENG02716,London,Wales,2022-05-26
Engineer_2716,ENG02717,Sheffield,Wales,2023-08-04
Engineer_2717,ENG02718,Leeds,Midlands,2022-08-14
Engineer_2718,ENG02719,Manchester,Midlands,2026-01-06
Engineer_2719,ENG02720,Liverpool,Midlands,2024-11-08
Engineer_2720,ENG02721,Leeds,Yorkshire,2021-11-08
Engineer_2721,ENG02722,Newcastle,South West,2025-07-07
Engineer_2722,ENG02723,Southampton,Yorkshire,2022-11-26
Engineer_2723,ENG02724,London,Yorkshire,2025-06-20
Engineer_2724,ENG02725,Newcastle,London,2022-02-17
Engineer_2725,ENG02726,Birmingham,Yorkshire,2023-01-17
Engineer_2726,ENG02727,Glasgow,South West,2024-08-03
Engineer_2727,ENG02728,Sheffield,Midlands,2022-09-14
Engineer_2728,ENG02729,Leeds,South West,2021-05-15
Engineer_2729,ENG02730,Birmingham,Wales,2025-10-26
Engineer_2730,ENG02731,Newcastle,South West,2024-02-16
Engineer_2731,ENG02732,Glasgow,Wales,2024-11-30
Engineer_2732,ENG02733,Birmingham,Scotland,2022-11-22
Engineer_2733,ENG02734,London,Scotland,2023-09-10
Engineer_2734,ENG02735,Leeds,London,2024-09-06
Engineer_2735,ENG02736,Birmingham,North East,2022-04-28
Engineer_2736,ENG02737,Newcastle,Scotland,2021-07-03
Engineer_2737,ENG02738,Leeds,Scotland,2023-08-11
Engineer_2738,ENG02739,Leeds,South East,2025-11-06
Engineer_2739,ENG02740,Bristol,Wales,2023-08-21
Engineer_2740,ENG02741,Liverpool,South West,2025-10-16
Engineer_2741,ENG02742,Leeds,London,2023-08-19
Engineer_2742,ENG02743,Southampton,North East,2025-07-20
Engineer_2743,ENG02744,London,Yorkshire,2022-02-07
Engineer_2744,ENG02745,Sheffield,North West,2023-02-14
Engineer_2745,ENG02746,Glasgow,London,2025-03-31
Engineer_2746,ENG02747,Liverpool,South East,2025-07-31
Engineer_2747,ENG02748,Glasgow,London,2025-06-12
Engineer_2748,ENG02749,Sheffield,North East,2022-09-12
Engineer_2749,ENG02750,London,South West,2024-12-14
Engineer_2750,ENG02751,Sheffield,South West,2022-11-30
Engineer_2751,ENG02752,Leeds,South East,2022-07-05
Engineer_2752,ENG02753,Leeds,Midlands,2022-10-25
Engineer_2753,ENG02754,Bristol,Scotland,2025-11-13
Engineer_2754,ENG02755,Bristol,South West,2021-11-21
Engineer_2755,ENG02756,Southampton,London,2025-09-21
Engineer_2756,ENG02757,Manchester,Wales,2022-01-07
Engineer_2757,ENG02758,London,London,2022-01-11
Engineer_2758,ENG02759,Sheffield,North West,2026-02-08
Engineer_2759,ENG02760,Liverpool,Yorkshire,2024-05-07
Engineer_2760,ENG02761,Bristol,South West,2024-07-07
Engineer_2761,ENG02762,Southampton,North West,2025-03-12
Engineer_2762,ENG02763,Liverpool,North East,2021-11-23
Engineer_2763,ENG02764,Manchester,Midlands,2025-05-17
Engineer_2764,ENG02765,Birmingham,South West,2022-01-24
Engineer_2765,ENG02766,Manchester,Scotland,2024-09-30
Engineer_2766,ENG02767,Glasgow,Yorkshire,2023-02-13
Engineer_2767,ENG02768,London,London,2022-01-22
Engineer_2768,ENG02769,Newcastle,Scotland,2021-05-12
Engineer_2769,ENG02770,Newcastle,London,2022-05-13
Engineer_2770,ENG02771,Sheffield,South West,2025-02-12
Engineer_2771,ENG02772,Liverpool,London,2022-04-28
Engineer_2772,ENG02773,Bristol,Midlands,2025-04-08
Engineer_2773,ENG02774,Bristol,South West,2023-04-10
Engineer_2774,ENG02775,Birmingham,Scotland,2025-05-04
Engineer_2775,ENG02776,Birmingham,South West,2021-10-09
Engineer_2776,ENG02777,Liverpool,Yorkshire,2025-02-20
Engineer_2777,ENG02778,Liverpool,North West,2021-09-22
Engineer_2778,ENG02779,Newcastle,Scotland,2024-01-10
Engineer_2779,ENG02780,Bristol,North East,2023-12-31
Engineer_2780,ENG02781,Glasgow,South West,2025-05-20
Engineer_2781,ENG02782,Glasgow,South East,2024-04-15
Engineer_2782,ENG02783,Glasgow,Scotland,2023-10-18
Engineer_2783,ENG02784,London,Midlands,2021-08-08
Engineer_2784,ENG02785,Leeds,South West,2024-03-31
Engineer_2785,ENG02786,Manchester,Scotland,2021-09-08
Engineer_2786,ENG02787,Leeds,Scotland,2023-10-07
Engineer_2787,ENG02788,Leeds,North West,2025-08-17
Engineer_2788,ENG02789,Newcastle,Midlands,2023-01-22
Engineer_2789,ENG02790,Leeds,London,2024-09-20
Engineer_2790,ENG02791,Manchester,North West,2023-07-16
Engineer_2791,ENG02792,London,North East,2026-02-19
Engineer_2792,ENG02793,Manchester,Scotland,2023-03-24
Engineer_2793,ENG02794,Bristol,North East,2021-11-15
Engineer_2794,ENG02795,Newcastle,Wales,2022-11-06
Engineer_2795,ENG02796,Newcastle,South West,2023-03-16
Engineer_2796,ENG02797,Sheffield,Midlands,2026-04-12
Engineer_2797,ENG02798,Newcastle,North East,2025-04-10
Engineer_2798,ENG02799,Leeds,North West,2023-07-04
Engineer_2799,ENG02800,Glasgow,Midlands,2024-05-22
Engineer_2800,ENG02801,Birmingham,North East,2021-12-05
Engineer_2801,ENG02802,Newcastle,Yorkshire,2025-07-02
Engineer_2802,ENG02803,Bristol,Scotland,2022-10-27
Engineer_2803,ENG02804,Glasgow,North West,2024-01-06
Engineer_2804,ENG02805,Manchester,South East,2021-08-30
Engineer_2805,ENG02806,Birmingham,North East,2024-07-31
Engineer_2806,ENG02807,Newcastle,Midlands,2021-06-24
Engineer_2807,ENG02808,Liverpool,Wales,2022-07-31
Engineer_2808,ENG02809,Manchester,Midlands,2026-03-15
Engineer_2809,ENG02810,Southampton,North West,2024-07-30
Engineer_2810,ENG02811,Liverpool,London,2025-10-26
Engineer_2811,ENG02812,Leeds,Midlands,2023-11-14
Engineer_2812,ENG02813,London,Yorkshire,2023-05-08
Engineer_2813,ENG02814,Liverpool,Scotland,2024-03-12
Engineer_2814,ENG02815,Leeds,North West,2024-10-21
Engineer_2815,ENG02816,Manchester,South East,2022-01-31
Engineer_2816,ENG02817,Leeds,South East,2023-04-13
Engineer_2817,ENG02818,Newcastle,North West,2021-09-06
Engineer_2818,ENG02819,Manchester,South East,2026-01-26
Engineer_2819,ENG02820,Newcastle,Yorkshire,2024-03-08
Engineer_2820,ENG02821,Southampton,Scotland,2023-08-16
Engineer_2821,ENG02822,Glasgow,Wales,2022-07-11
Engineer_2822,ENG02823,Liverpool,North West,2025-01-10
Engineer_2823,ENG02824,Liverpool,South East,2021-05-18
Engineer_2824,ENG02825,Glasgow,Wales,2021-09-29
Engineer_2825,ENG02826,Manchester,Wales,2021-08-15
Engineer_2826,ENG02827,London,Scotland,2023-12-05
Engineer_2827,ENG02828,Leeds,Yorkshire,2025-07-19
Engineer_2828,ENG02829,Southampton,Wales,2022-09-21
Engineer_2829,ENG02830,Newcastle,South West,2023-09-18
Engineer_2830,ENG02831,London,London,2025-01-05
Engineer_2831,ENG02832,Southampton,Wales,2025-11-11
Engineer_2832,ENG02833,Newcastle,South East,2021-08-20
Engineer_2833,ENG02834,Bristol,Scotland,2021-06-08
Engineer_2834,ENG02835,Liverpool,Wales,2025-10-27
Engineer_2835,ENG02836,Leeds,Yorkshire,2022-08-16
Engineer_2836,ENG02837,London,North West,2025-08-14
Engineer_2837,ENG02838,Birmingham,Wales,2025-08-13
Engineer_2838,ENG02839,London,North West,2023-09-20
Engineer_2839,ENG02840,Birmingham,South West,2021-10-02
Engineer_2840,ENG02841,Southampton,Yorkshire,2022-07-21
Engineer_2841,ENG02842,Liverpool,Scotland,2022-05-23
Engineer_2842,ENG02843,Southampton,North West,2023-03-11
Engineer_2843,ENG02844,Bristol,Scotland,2022-12-26
Engineer_2844,ENG02845,Sheffield,South West,2025-06-06
Engineer_2845,ENG02846,Liverpool,Wales,2022-12-10
Engineer_2846,ENG02847,Liverpool,Scotland,2023-04-14
Engineer_2847,ENG02848,Leeds,Yorkshire,2023-02-06
Engineer_2848,ENG02849,Glasgow,North East,2023-03-18
Engineer_2849,ENG02850,Southampton,London,2022-05-28
Engineer_2850,ENG02851,Liverpool,South East,2026-01-30
Engineer_2851,ENG02852,Liverpool,Midlands,2024-08-04
Engineer_2852,ENG02853,Leeds,Scotland,2022-01-23
Engineer_2853,ENG02854,Glasgow,London,2022-06-27
Engineer_2854,ENG02855,Bristol,Scotland,2024-03-29
Engineer_2855,ENG02856,Leeds,South East,2025-02-17
Engineer_2856,ENG02857,Liverpool,London,2022-09-21
Engineer_2857,ENG02858,Bristol,North West,2022-02-13
Engineer_2858,ENG02859,Glasgow,South East,2025-01-21
Engineer_2859,ENG02860,Bristol,Midlands,2023-07-31
Engineer_2860,ENG02861,Newcastle,Yorkshire,2022-10-20
Engineer_2861,ENG02862,Birmingham,North East,2026-02-11
Engineer_2862,ENG02863,Birmingham,London,2022-10-09
Engineer_2863,ENG02864,Liverpool,South West,2021-09-30
Engineer_2864,ENG02865,London,South West,2023-02-20
Engineer_2865,ENG02866,Manchester,North East,2024-10-28
Engineer_2866,ENG02867,Bristol,Midlands,2026-04-17
Engineer_2867,ENG02868,Liverpool,Yorkshire,2021-08-25
Engineer_2868,ENG02869,Glasgow,South West,2024-03-17
Engineer_2869,ENG02870,Newcastle,South West,2024-06-04
Engineer_2870,ENG02871,Southampton,Midlands,2023-11-01
Engineer_2871,ENG02872,Sheffield,Wales,2024-11-21
Engineer_2872,ENG02873,Southampton,London,2025-08-30
Engineer_2873,ENG02874,Newcastle,Yorkshire,2021-10-16
Engineer_2874,ENG02875,Bristol,North East,2022-11-01
Engineer_2875,ENG02876,London,Scotland,2025-06-20
Engineer_2876,ENG02877,Sheffield,Scotland,2022-10-31
Engineer_2877,ENG02878,London,South West,2025-06-26
Engineer_2878,ENG02879,Glasgow,South West,2024-10-20
Engineer_2879,ENG02880,Sheffield,South West,2022-01-18
Engineer_2880,ENG02881,Manchester,North West,2023-10-09
Engineer_2881,ENG02882,Glasgow,South East,2022-06-04
Engineer_2882,ENG02883,Bristol,Yorkshire,2022-02-02
Engineer_2883,ENG02884,Sheffield,Yorkshire,2021-06-04
Engineer_2884,ENG02885,Liverpool,Scotland,2026-04-04
Engineer_2885,ENG02886,Newcastle,Yorkshire,2021-06-25
Engineer_2886,ENG02887,Liverpool,Wales,2022-08-23
Engineer_2887,ENG02888,Birmingham,North West,2024-04-17
Engineer_2888,ENG02889,London,Scotland,2022-08-24
Engineer_2889,ENG02890,Bristol,North West,2026-04-06
Engineer_2890,ENG02891,Leeds,London,2025-08-03
Engineer_2891,ENG02892,Southampton,Yorkshire,2021-06-18
Engineer_2892,ENG02893,Liverpool,Scotland,2024-07-21
Engineer_2893,ENG02894,London,Wales,2023-01-21
Engineer_2894,ENG02895,Birmingham,Scotland,2023-07-22
Engineer_2895,ENG02896,Southampton,Scotland,2023-03-28
Engineer_2896,ENG02897,Manchester,London,2025-06-20
Engineer_2897,ENG02898,Liverpool,London,2022-04-12
Engineer_2898,ENG02899,Southampton,Yorkshire,2023-04-06
Engineer_2899,ENG02900,Leeds,North East,2021-08-14
Engineer_2900,ENG02901,Glasgow,South East,2022-06-14
Engineer_2901,ENG02902,Liverpool,South East,2025-04-28
Engineer_2902,ENG02903,Newcastle,North East,2025-10-05
Engineer_2903,ENG02904,Glasgow,North East,2022-02-05
Engineer_2904,ENG02905,Manchester,North East,2023-05-26
Engineer_2905,ENG02906,Birmingham,Midlands,2026-01-29
Engineer_2906,ENG02907,Liverpool,North West,2024-05-15
Engineer_2907,ENG02908,Sheffield,North East,2024-05-19
Engineer_2908,ENG02909,Liverpool,Midlands,2024-07-12
Engineer_2909,ENG02910,Southampton,North East,2024-12-03
Engineer_2910,ENG02911,London,Scotland,2026-04-10
Engineer_2911,ENG02912,London,Midlands,2024-09-18
Engineer_2912,ENG02913,Newcastle,South East,2025-05-29
Engineer_2913,ENG02914,Manchester,South East,2023-05-17
Engineer_2914,ENG02915,Birmingham,Midlands,2025-08-19
Engineer_2915,ENG02916,Liverpool,Midlands,2022-09-04
Engineer_2916,ENG02917,Glasgow,South West,2024-03-05
Engineer_2917,ENG02918,Liverpool,Midlands,2023-01-26
Engineer_2918,ENG02919,Leeds,Scotland,2025-12-16
Engineer_2919,ENG02920,London,London,2021-09-12
Engineer_2920,ENG02921,London,South East,2025-12-14
Engineer_2921,ENG02922,London,London,2023-07-22
Engineer_2922,ENG02923,Glasgow,Wales,2026-03-09
Engineer_2923,ENG02924,Newcastle,London,2022-09-02
Engineer_2924,ENG02925,Manchester,South West,2021-09-26
Engineer_2925,ENG02926,Birmingham,North East,2023-07-29
Engineer_2926,ENG02927,Newcastle,North West,2021-02-27
Engineer_2927,ENG02928,Manchester,North East,2023-01-10
Engineer_2928,ENG02929,Liverpool,London,2025-11-14
Engineer_2929,ENG02930,Glasgow,London,2022-12-22
Engineer_2930,ENG02931,Newcastle,Yorkshire,2024-09-03
Engineer_2931,ENG02932,Glasgow,London,2022-08-12
Engineer_2932,ENG02933,Southampton,London,2022-11-29
Engineer_2933,ENG02934,Birmingham,North West,2024-06-09
Engineer_2934,ENG02935,Birmingham,London,2021-03-02
Engineer_2935,ENG02936,Newcastle,South West,2021-08-03
Engineer_2936,ENG02937,Sheffield,London,2025-09-21
Engineer_2937,ENG02938,Leeds,Wales,2024-10-25
Engineer_2938,ENG02939,Sheffield,North West,2023-11-28
Engineer_2939,ENG02940,London,South East,2022-12-01
Engineer_2940,ENG02941,Newcastle,Scotland,2022-07-04
Engineer_2941,ENG02942,Leeds,Scotland,2026-04-01
Engineer_2942,ENG02943,Southampton,North East,2021-04-27
Engineer_2943,ENG02944,London,North West,2022-11-29
Engineer_2944,ENG02945,Newcastle,Scotland,2023-08-06
Engineer_2945,ENG02946,Liverpool,South West,2021-07-14
Engineer_2946,ENG02947,Bristol,Midlands,2024-11-25
Engineer_2947,ENG02948,Southampton,Yorkshire,2022-02-22
Engineer_2948,ENG02949,Leeds,Midlands,2021-06-09
Engineer_2949,ENG02950,Leeds,Midlands,2025-07-21
Engineer_2950,ENG02951,Leeds,Yorkshire,2024-12-31
Engineer_2951,ENG02952,Glasgow,Wales,2025-07-12
Engineer_2952,ENG02953,London,London,2023-10-31
Engineer_2953,ENG02954,London,Yorkshire,2023-05-18
Engineer_2954,ENG02955,Sheffield,North West,2025-02-13
Engineer_2955,ENG02956,Glasgow,Scotland,2026-02-16
Engineer_2956,ENG02957,London,Wales,2023-08-02
Engineer_2957,ENG02958,Leeds,South West,2024-04-04
Engineer_2958,ENG02959,Sheffield,North West,2026-03-16
Engineer_2959,ENG02960,Glasgow,South East,2023-05-07
Engineer_2960,ENG02961,Sheffield,Scotland,2025-11-14
Engineer_2961,ENG02962,Leeds,Midlands,2021-04-12
Engineer_2962,ENG02963,Leeds,Yorkshire,2021-03-24
Engineer_2963,ENG02964,Birmingham,Scotland,2021-06-03
Engineer_2964,ENG02965,Birmingham,South East,2022-07-09
Engineer_2965,ENG02966,Leeds,Midlands,2024-03-08
Engineer_2966,ENG02967,Newcastle,Wales,2022-05-23
Engineer_2967,ENG02968,Manchester,Yorkshire,2025-09-07
Engineer_2968,ENG02969,Southampton,Midlands,2022-05-24
Engineer_2969,ENG02970,Glasgow,South West,2021-07-17
Engineer_2970,ENG02971,Liverpool,London,2023-02-22
Engineer_2971,ENG02972,Birmingham,London,2023-01-09
Engineer_2972,ENG02973,Newcastle,South West,2022-10-26
Engineer_2973,ENG02974,Manchester,Scotland,2025-05-09
Engineer_2974,ENG02975,Glasgow,South West,2024-07-04
Engineer_2975,ENG02976,Liverpool,South West,2022-05-05
Engineer_2976,ENG02977,Leeds,North West,2022-12-31
Engineer_2977,ENG02978,Sheffield,London,2021-02-26
Engineer_2978,ENG02979,Liverpool,North West,2024-04-17
Engineer_2979,ENG02980,Birmingham,Scotland,2026-03-30
Engineer_2980,ENG02981,Sheffield,Wales,2021-07-15
Engineer_2981,ENG02982,Manchester,Scotland,2023-01-11
Engineer_2982,ENG02983,Bristol,North East,2022-10-23
Engineer_2983,ENG02984,Birmingham,Yorkshire,2022-06-20
Engineer_2984,ENG02985,Southampton,Scotland,2021-12-23
Engineer_2985,ENG02986,Manchester,South East,2022-04-22
Engineer_2986,ENG02987,Leeds,North East,2024-06-16
Engineer_2987,ENG02988,Sheffield,Midlands,2026-02-04
Engineer_2988,ENG02989,Birmingham,South West,2023-11-22
Engineer_2989,ENG02990,Newcastle,South East,2024-05-23
Engineer_2990,ENG02991,London,South West,2022-07-26
Engineer_2991,ENG02992,Liverpool,Midlands,2025-08-27
Engineer_2992,ENG02993,Glasgow,North West,2026-02-28
Engineer_2993,ENG02994,Newcastle,South East,2022-08-24
Engineer_2994,ENG02995,Southampton,Midlands,2024-02-07
Engineer_2995,ENG02996,Birmingham,North East,2022-07-24
Engineer_2996,ENG02997,Sheffield,Midlands,2024-02-03
Engineer_2997,ENG02998,Newcastle,South West,2023-04-30
Engineer_2998,ENG02999,Sheffield,Midlands,2021-08-20
Engineer_2999,ENG03000,London,Yorkshire,2024-01-16
Engineer_3000,ENG03001,Sheffield,Yorkshire,2023-06-20
Engineer_3001,ENG03002,Sheffield,North West,2021-04-11
Engineer_3002,ENG03003,Newcastle,North East,2022-08-20
Engineer_3003,ENG03004,Newcastle,Yorkshire,2022-12-26
Engineer_3004,ENG03005,Glasgow,Wales,2024-07-10
Engineer_3005,ENG03006,Glasgow,North West,2025-04-12
Engineer_3006,ENG03007,Newcastle,Yorkshire,2022-12-17
Engineer_3007,ENG03008,Newcastle,North West,2025-02-22
Engineer_3008,ENG03009,Southampton,Midlands,2021-02-25
Engineer_3009,ENG03010,Southampton,North West,2025-02-20
Engineer_3010,ENG03011,Birmingham,Midlands,2021-12-11
Engineer_3011,ENG03012,Birmingham,Wales,2023-09-01
Engineer_3012,ENG03013,Liverpool,South West,2024-07-20
Engineer_3013,ENG03014,Birmingham,Midlands,2023-09-12
Engineer_3014,ENG03015,Leeds,Yorkshire,2021-03-26
Engineer_3015,ENG03016,Leeds,Scotland,2022-06-06
Engineer_3016,ENG03017,Liverpool,Scotland,2022-02-18
Engineer_3017,ENG03018,Birmingham,Scotland,2025-08-31
Engineer_3018,ENG03019,Bristol,South West,2022-12-17
Engineer_3019,ENG03020,Southampton,South East,2023-07-26
Engineer_3020,ENG03021,Leeds,North West,2025-02-11
Engineer_3021,ENG03022,Liverpool,South West,2025-09-20
Engineer_3022,ENG03023,Leeds,South West,2021-12-27
Engineer_3023,ENG03024,Glasgow,South West,2021-09-23
Engineer_3024,ENG03025,Manchester,London,2026-01-11
Engineer_3025,ENG03026,Sheffield,South West,2024-07-23
Engineer_3026,ENG03027,London,Midlands,2024-10-10
Engineer_3027,ENG03028,Liverpool,South East,2022-01-02
Engineer_3028,ENG03029,Newcastle,London,2023-01-02
Engineer_3029,ENG03030,Newcastle,Midlands,2023-12-02
Engineer_3030,ENG03031,Sheffield,North East,2021-11-19
Engineer_3031,ENG03032,Southampton,South West,2023-11-06
Engineer_3032,ENG03033,Southampton,Wales,2023-11-25
Engineer_3033,ENG03034,Bristol,South West,2024-05-24
Engineer_3034,ENG03035,Liverpool,South East,2025-11-09
Engineer_3035,ENG03036,Leeds,North West,2025-01-14
Engineer_3036,ENG03037,Southampton,Midlands,2026-02-22
Engineer_3037,ENG03038,Liverpool,Wales,2023-05-19
Engineer_3038,ENG03039,Birmingham,North West,2022-03-22
Engineer_3039,ENG03040,Manchester,North West,2026-03-16
Engineer_3040,ENG03041,Leeds,Wales,2024-12-07
Engineer_3041,ENG03042,Bristol,Scotland,2021-10-24
Engineer_3042,ENG03043,Manchester,Midlands,2023-05-16
Engineer_3043,ENG03044,London,Yorkshire,2024-04-22
Engineer_3044,ENG03045,Glasgow,London,2026-04-15
Engineer_3045,ENG03046,Manchester,Yorkshire,2023-06-27
Engineer_3046,ENG03047,Sheffield,North East,2023-09-14
Engineer_3047,ENG03048,Newcastle,Midlands,2023-02-27
Engineer_3048,ENG03049,Liverpool,Scotland,2023-07-12
Engineer_3049,ENG03050,Liverpool,South West,2022-10-14
Engineer_3050,ENG03051,Newcastle,Wales,2021-07-29
Engineer_3051,ENG03052,Glasgow,South West,2021-06-09
Engineer_3052,ENG03053,Southampton,South West,2022-11-03
Engineer_3053,ENG03054,Manchester,North East,2021-06-07
Engineer_3054,ENG03055,Southampton,North West,2025-11-05
Engineer_3055,ENG03056,Southampton,Scotland,2021-11-02
Engineer_3056,ENG03057,Manchester,Midlands,2024-12-22
Engineer_3057,ENG03058,Glasgow,South East,2023-10-14
Engineer_3058,ENG03059,Birmingham,North West,2022-12-29
Engineer_3059,ENG03060,London,London,2024-10-29
Engineer_3060,ENG03061,Leeds,Midlands,2022-05-05
Engineer_3061,ENG03062,Birmingham,North East,2022-06-17
Engineer_3062,ENG03063,Sheffield,Scotland,2025-06-07
Engineer_3063,ENG03064,Leeds,Wales,2021-08-18
Engineer_3064,ENG03065,Manchester,South East,2025-04-21
Engineer_3065,ENG03066,Bristol,London,2023-12-05
Engineer_3066,ENG03067,Southampton,London,2021-10-29
Engineer_3067,ENG03068,London,Yorkshire,2024-01-30
Engineer_3068,ENG03069,Leeds,Midlands,2022-03-03
Engineer_3069,ENG03070,Birmingham,North East,2021-06-30
Engineer_3070,ENG03071,London,North East,2021-03-15
Engineer_3071,ENG03072,Sheffield,South East,2023-04-17
Engineer_3072,ENG03073,Newcastle,Wales,2021-04-15
Engineer_3073,ENG03074,Glasgow,North East,2021-08-03
Engineer_3074,ENG03075,Glasgow,Midlands,2023-02-26
Engineer_3075,ENG03076,Birmingham,Scotland,2023-01-03
Engineer_3076,ENG03077,Newcastle,Midlands,2026-04-10
Engineer_3077,ENG03078,Bristol,South West,2022-11-10
Engineer_3078,ENG03079,Bristol,Yorkshire,2023-07-05
Engineer_3079,ENG03080,Sheffield,London,2024-06-03
Engineer_3080,ENG03081,Liverpool,North West,2025-10-23
Engineer_3081,ENG03082,Glasgow,Yorkshire,2021-02-21
Engineer_3082,ENG03083,Newcastle,Scotland,2024-03-25
Engineer_3083,ENG03084,Bristol,Wales,2023-12-02
Engineer_3084,ENG03085,Newcastle,Wales,2025-07-12
Engineer_3085,ENG03086,Sheffield,Midlands,2023-10-24
Engineer_3086,ENG03087,Birmingham,North West,2022-10-03
Engineer_3087,ENG03088,Glasgow,Yorkshire,2026-04-11
Engineer_3088,ENG03089,Glasgow,North West,2025-01-25
Engineer_3089,ENG03090,Leeds,Midlands,2022-07-20
Engineer_3090,ENG03091,Bristol,London,2021-10-13
Engineer_3091,ENG03092,Bristol,Yorkshire,2021-11-14
Engineer_3092,ENG03093,Manchester,Scotland,2026-04-02
Engineer_3093,ENG03094,Leeds,Wales,2025-02-01
Engineer_3094,ENG03095,Birmingham,South East,2024-06-14
Engineer_3095,ENG03096,Manchester,South West,2022-01-06
Engineer_3096,ENG03097,Birmingham,South West,2024-05-20
Engineer_3097,ENG03098,Liverpool,Wales,2022-09-09
Engineer_3098,ENG03099,Sheffield,Scotland,2024-09-30
Engineer_3099,ENG03100,London,South East,2025-11-02
Engineer_3100,ENG03101,Glasgow,South East,2025-07-31
Engineer_3101,ENG03102,Sheffield,North West,2023-11-28
Engineer_3102,ENG03103,Southampton,Yorkshire,2024-07-05
Engineer_3103,ENG03104,Glasgow,South West,2024-08-23
Engineer_3104,ENG03105,Leeds,South East,2021-12-24
Engineer_3105,ENG03106,Newcastle,North West,2022-04-21
Engineer_3106,ENG03107,Sheffield,North East,2021-11-27
Engineer_3107,ENG03108,Southampton,Scotland,2025-04-01
Engineer_3108,ENG03109,Sheffield,London,2023-04-14
Engineer_3109,ENG03110,Bristol,South West,2024-01-19
Engineer_3110,ENG03111,Liverpool,South East,2021-05-05
Engineer_3111,ENG03112,Liverpool,North West,2024-05-28
Engineer_3112,ENG03113,Sheffield,South West,2025-01-23
Engineer_3113,ENG03114,Southampton,London,2021-07-04
Engineer_3114,ENG03115,London,North West,2025-06-20
Engineer_3115,ENG03116,Birmingham,Scotland,2022-05-12
Engineer_3116,ENG03117,Liverpool,Yorkshire,2025-06-22
Engineer_3117,ENG03118,Liverpool,South East,2022-07-01
Engineer_3118,ENG03119,Birmingham,South East,2022-10-03
Engineer_3119,ENG03120,Newcastle,London,2024-06-08
Engineer_3120,ENG03121,Bristol,Yorkshire,2026-04-27
Engineer_3121,ENG03122,London,Midlands,2021-04-14
Engineer_3122,ENG03123,Southampton,Wales,2026-01-21
Engineer_3123,ENG03124,Glasgow,South East,2021-02-16
Engineer_3124,ENG03125,Sheffield,Scotland,2023-01-07
Engineer_3125,ENG03126,Liverpool,South West,2021-10-04
Engineer_3126,ENG03127,Liverpool,Scotland,2024-05-15
Engineer_3127,ENG03128,Southampton,South West,2026-02-11
Engineer_3128,ENG03129,Glasgow,Midlands,2026-01-03
Engineer_3129,ENG03130,Sheffield,London,2021-08-31
Engineer_3130,ENG03131,Glasgow,North West,2022-01-25
Engineer_3131,ENG03132,Sheffield,South East,2022-08-07
Engineer_3132,ENG03133,Manchester,South West,2023-06-09
Engineer_3133,ENG03134,Leeds,Scotland,2025-08-05
Engineer_3134,ENG03135,London,Yorkshire,2023-03-03
Engineer_3135,ENG03136,Liverpool,London,2021-05-30
Engineer_3136,ENG03137,Liverpool,South East,2022-08-30
Engineer_3137,ENG03138,Manchester,North West,2025-10-19
Engineer_3138,ENG03139,Sheffield,South West,2026-01-18
Engineer_3139,ENG03140,Bristol,South East,2022-01-25
Engineer_3140,ENG03141,Southampton,North West,2024-01-16
Engineer_3141,ENG03142,Southampton,South East,2024-07-22
Engineer_3142,ENG03143,Glasgow,North East,2024-07-31
Engineer_3143,ENG03144,Southampton,Yorkshire,2023-05-23
Engineer_3144,ENG03145,Manchester,Wales,2022-03-02
Engineer_3145,ENG03146,Liverpool,Wales,2023-10-04
Engineer_3146,ENG03147,Glasgow,South West,2022-09-22
Engineer_3147,ENG03148,London,South West,2022-12-01
Engineer_3148,ENG03149,Leeds,South West,2026-04-07
Engineer_3149,ENG03150,Birmingham,Wales,2022-09-10
Engineer_3150,ENG03151,Birmingham,Wales,2025-05-30
Engineer_3151,ENG03152,Sheffield,North East,2022-07-29
Engineer_3152,ENG03153,Liverpool,Wales,2021-09-14
Engineer_3153,ENG03154,Bristol,Yorkshire,2023-11-11
Engineer_3154,ENG03155,Bristol,North East,2024-07-29
Engineer_3155,ENG03156,London,Wales,2025-11-05
Engineer_3156,ENG03157,Liverpool,North West,2021-03-24
Engineer_3157,ENG03158,Liverpool,North East,2026-03-13
Engineer_3158,ENG03159,Birmingham,South West,2023-07-19
Engineer_3159,ENG03160,Bristol,North West,2025-04-24
Engineer_3160,ENG03161,Glasgow,South East,2021-09-01
Engineer_3161,ENG03162,Manchester,South East,2024-11-04
Engineer_3162,ENG03163,Southampton,Midlands,2022-11-17
Engineer_3163,ENG03164,Leeds,London,2021-12-12
Engineer_3164,ENG03165,Liverpool,Wales,2024-11-02
Engineer_3165,ENG03166,Liverpool,South West,2025-07-01
Engineer_3166,ENG03167,Southampton,South West,2023-09-21
Engineer_3167,ENG03168,Manchester,Wales,2025-02-13
Engineer_3168,ENG03169,Glasgow,Scotland,2022-04-13
Engineer_3169,ENG03170,Southampton,Midlands,2022-03-15
Engineer_3170,ENG03171,Manchester,North West,2022-04-14
Engineer_3171,ENG03172,Birmingham,Yorkshire,2025-02-08
Engineer_3172,ENG03173,Leeds,Yorkshire,2021-02-20
Engineer_3173,ENG03174,Liverpool,Midlands,2024-10-02
Engineer_3174,ENG03175,Southampton,Yorkshire,2024-04-07
Engineer_3175,ENG03176,Newcastle,Wales,2021-07-08
Engineer_3176,ENG03177,Southampton,Midlands,2022-06-11
Engineer_3177,ENG03178,Liverpool,North West,2021-11-20
Engineer_3178,ENG03179,Manchester,South East,2025-06-02
Engineer_3179,ENG03180,Birmingham,Wales,2026-03-20
Engineer_3180,ENG03181,Liverpool,Yorkshire,2022-06-05
Engineer_3181,ENG03182,Liverpool,Wales,2021-06-29
Engineer_3182,ENG03183,Bristol,North East,2021-04-13
Engineer_3183,ENG03184,Manchester,Yorkshire,2022-04-29
Engineer_3184,ENG03185,London,North West,2023-03-31
Engineer_3185,ENG03186,Sheffield,London,2024-07-18
Engineer_3186,ENG03187,Birmingham,North East,2021-03-25
Engineer_3187,ENG03188,Birmingham,North West,2024-01-02
Engineer_3188,ENG03189,Glasgow,Midlands,2021-07-28
Engineer_3189,ENG03190,Leeds,Midlands,2023-03-20
Engineer_3190,ENG03191,Sheffield,Yorkshire,2025-06-02
Engineer_3191,ENG03192,London,South East,2021-10-27
Engineer_3192,ENG03193,Manchester,Midlands,2025-06-25
Engineer_3193,ENG03194,Manchester,South East,2021-03-16
Engineer_3194,ENG03195,Newcastle,London,2021-08-09
Engineer_3195,ENG03196,Sheffield,North East,2024-11-30
Engineer_3196,ENG03197,Liverpool,North East,2024-07-02
Engineer_3197,ENG03198,Leeds,Wales,2026-01-31
Engineer_3198,ENG03199,Birmingham,South West,2021-09-20
Engineer_3199,ENG03200,London,Yorkshire,2024-01-20
Engineer_3200,ENG03201,Bristol,South East,2021-05-07
Engineer_3201,ENG03202,Manchester,South West,2024-01-03
Engineer_3202,ENG03203,London,Yorkshire,2026-01-25
Engineer_3203,ENG03204,Leeds,Yorkshire,2023-12-01
Engineer_3204,ENG03205,Bristol,North West,2023-08-24
Engineer_3205,ENG03206,Newcastle,Midlands,2025-09-11
Engineer_3206,ENG03207,Manchester,North West,2024-11-26
Engineer_3207,ENG03208,Manchester,London,2025-05-20
Engineer_3208,ENG03209,Birmingham,Wales,2024-05-15
Engineer_3209,ENG03210,Glasgow,North East,2021-06-23
Engineer_3210,ENG03211,Liverpool,Wales,2022-08-12
Engineer_3211,ENG03212,Glasgow,Midlands,2021-05-21
Engineer_3212,ENG03213,Manchester,Wales,2024-09-02
Engineer_3213,ENG03214,London,South East,2024-09-26
Engineer_3214,ENG03215,Newcastle,Scotland,2026-04-17
Engineer_3215,ENG03216,Newcastle,South East,2023-07-07
Engineer_3216,ENG03217,Southampton,Midlands,2024-06-16
Engineer_3217,ENG03218,Manchester,Midlands,2021-07-19
Engineer_3218,ENG03219,Liverpool,London,2023-10-24
Engineer_3219,ENG03220,Sheffield,Wales,2023-04-10
Engineer_3220,ENG03221,London,South West,2025-12-23
Engineer_3221,ENG03222,London,Midlands,2025-01-20
Engineer_3222,ENG03223,Sheffield,Midlands,2023-07-15
Engineer_3223,ENG03224,Bristol,South East,2025-06-29
Engineer_3224,ENG03225,Bristol,South East,2021-02-15
Engineer_3225,ENG03226,Southampton,North West,2024-01-25
Engineer_3226,ENG03227,Birmingham,North East,2022-08-15
Engineer_3227,ENG03228,Sheffield,London,2025-06-04
Engineer_3228,ENG03229,Leeds,South West,2023-06-18
Engineer_3229,ENG03230,London,North West,2023-01-10
Engineer_3230,ENG03231,Leeds,Yorkshire,2022-10-28
Engineer_3231,ENG03232,Sheffield,Scotland,2025-05-03
Engineer_3232,ENG03233,London,North East,2025-05-14
Engineer_3233,ENG03234,Bristol,Midlands,2024-02-10
Engineer_3234,ENG03235,London,Scotland,2021-02-21
Engineer_3235,ENG03236,Southampton,South East,2025-10-30
Engineer_3236,ENG03237,Leeds,Wales,2023-12-02
Engineer_3237,ENG03238,Manchester,North East,2022-04-12
Engineer_3238,ENG03239,Sheffield,Yorkshire,2025-06-28
Engineer_3239,ENG03240,Manchester,North West,2022-10-17
Engineer_3240,ENG03241,Liverpool,South East,2022-05-19
Engineer_3241,ENG03242,Southampton,North East,2023-03-23
Engineer_3242,ENG03243,Bristol,North East,2026-03-30
Engineer_3243,ENG03244,Newcastle,Wales,2021-08-08
Engineer_3244,ENG03245,Birmingham,Scotland,2025-07-18
Engineer_3245,ENG03246,Birmingham,North West,2026-02-11
Engineer_3246,ENG03247,Sheffield,South West,2022-11-01
Engineer_3247,ENG03248,Sheffield,Midlands,2023-09-21
Engineer_3248,ENG03249,Southampton,Yorkshire,2022-12-11
Engineer_3249,ENG03250,Glasgow,Yorkshire,2025-12-13
Engineer_3250,ENG03251,Newcastle,South West,2025-11-04
Engineer_3251,ENG03252,Birmingham,Wales,2021-05-21
Engineer_3252,ENG03253,Southampton,Scotland,2022-06-24
Engineer_3253,ENG03254,Glasgow,Scotland,2024-01-14
Engineer_3254,ENG03255,Newcastle,North West,2022-12-08
Engineer_3255,ENG03256,Birmingham,Yorkshire,2023-04-19
Engineer_3256,ENG03257,Glasgow,South West,2025-05-15
Engineer_3257,ENG03258,Birmingham,South West,2023-03-25
Engineer_3258,ENG03259,Sheffield,North West,2025-11-08
Engineer_3259,ENG03260,Liverpool,North East,2022-11-13
Engineer_3260,ENG03261,Liverpool,Yorkshire,2025-06-12
Engineer_3261,ENG03262,Liverpool,Midlands,2023-11-12
Engineer_3262,ENG03263,Liverpool,South East,2025-10-18
Engineer_3263,ENG03264,Sheffield,Wales,2023-03-25
Engineer_3264,ENG03265,Sheffield,Midlands,2024-08-19
Engineer_3265,ENG03266,Birmingham,North West,2023-11-05
Engineer_3266,ENG03267,Leeds,North East,2021-05-17
Engineer_3267,ENG03268,Bristol,North West,2025-01-04
Engineer_3268,ENG03269,Bristol,Midlands,2024-08-22
Engineer_3269,ENG03270,Sheffield,North East,2022-10-04
Engineer_3270,ENG03271,Glasgow,Yorkshire,2023-09-06
Engineer_3271,ENG03272,London,Yorkshire,2022-06-20
Engineer_3272,ENG03273,Sheffield,South West,2022-01-27
Engineer_3273,ENG03274,Liverpool,Wales,2025-12-31
Engineer_3274,ENG03275,Newcastle,South West,2022-11-28
Engineer_3275,ENG03276,Glasgow,Midlands,2025-01-06
Engineer_3276,ENG03277,Leeds,South East,2023-01-08
Engineer_3277,ENG03278,Sheffield,Wales,2025-10-11
Engineer_3278,ENG03279,Liverpool,South West,2023-12-03
Engineer_3279,ENG03280,Liverpool,North West,2023-05-01
Engineer_3280,ENG03281,Manchester,North East,2025-11-05
Engineer_3281,ENG03282,Glasgow,North East,2024-04-30
Engineer_3282,ENG03283,Leeds,South East,2024-06-21
Engineer_3283,ENG03284,Bristol,South East,2024-11-29
Engineer_3284,ENG03285,Newcastle,Midlands,2023-10-26
Engineer_3285,ENG03286,Bristol,North West,2022-11-28
Engineer_3286,ENG03287,Liverpool,North West,2022-11-28
Engineer_3287,ENG03288,Leeds,Midlands,2022-10-01
Engineer_3288,ENG03289,Birmingham,London,2023-04-12
Engineer_3289,ENG03290,Birmingham,Wales,2024-05-19
Engineer_3290,ENG03291,Newcastle,North East,2024-05-11
Engineer_3291,ENG03292,Southampton,Yorkshire,2022-10-20
Engineer_3292,ENG03293,Birmingham,South West,2021-10-19
Engineer_3293,ENG03294,Newcastle,North East,2023-03-08
Engineer_3294,ENG03295,Leeds,North East,2022-04-09
Engineer_3295,ENG03296,Southampton,North West,2022-04-18
Engineer_3296,ENG03297,Glasgow,North West,2024-04-02
Engineer_3297,ENG03298,Glasgow,Scotland,2022-04-13
Engineer_3298,ENG03299,Sheffield,Wales,2021-02-14
Engineer_3299,ENG03300,Bristol,North West,2022-02-21
Engineer_3300,ENG03301,Birmingham,North East,2023-01-10
Engineer_3301,ENG03302,Sheffield,South East,2021-10-05
Engineer_3302,ENG03303,Glasgow,South West,2021-04-12
Engineer_3303,ENG03304,London,Scotland,2025-11-02
Engineer_3304,ENG03305,Southampton,Scotland,2022-09-30
Engineer_3305,ENG03306,Sheffield,Yorkshire,2024-07-26
Engineer_3306,ENG03307,Bristol,South West,2024-12-08
Engineer_3307,ENG03308,Sheffield,South East,2023-10-01
Engineer_3308,ENG03309,Leeds,South West,2021-07-13
Engineer_3309,ENG03310,Newcastle,Wales,2023-02-13
Engineer_3310,ENG03311,Liverpool,North West,2025-10-23
Engineer_3311,ENG03312,Manchester,Yorkshire,2022-08-03
Engineer_3312,ENG03313,Sheffield,North East,2022-12-01
Engineer_3313,ENG03314,Bristol,North West,2022-07-10
Engineer_3314,ENG03315,Bristol,Wales,2024-05-06
Engineer_3315,ENG03316,Leeds,South West,2025-10-22
Engineer_3316,ENG03317,Sheffield,North East,2022-06-26
Engineer_3317,ENG03318,Glasgow,South East,2022-10-02
Engineer_3318,ENG03319,Bristol,South West,2021-08-10
Engineer_3319,ENG03320,Glasgow,London,2023-09-12
Engineer_3320,ENG03321,Newcastle,London,2026-04-24
Engineer_3321,ENG03322,Manchester,South West,2026-04-09
Engineer_3322,ENG03323,Birmingham,Scotland,2025-09-28
Engineer_3323,ENG03324,Manchester,Yorkshire,2022-01-11
Engineer_3324,ENG03325,Birmingham,South East,2022-09-04
Engineer_3325,ENG03326,Southampton,Yorkshire,2023-06-28
Engineer_3326,ENG03327,Sheffield,North East,2024-02-18
Engineer_3327,ENG03328,Manchester,North East,2023-07-24
Engineer_3328,ENG03329,Glasgow,South West,2022-06-21
Engineer_3329,ENG03330,Liverpool,Scotland,2026-04-28
Engineer_3330,ENG03331,Sheffield,North East,2025-09-24
Engineer_3331,ENG03332,Liverpool,Wales,2025-04-23
Engineer_3332,ENG03333,Leeds,South East,2022-11-24
Engineer_3333,ENG03334,Newcastle,South East,2026-04-23
Engineer_3334,ENG03335,Manchester,North East,2022-11-21
Engineer_3335,ENG03336,Newcastle,Yorkshire,2025-04-23
Engineer_3336,ENG03337,Liverpool,Scotland,2025-02-28
Engineer_3337,ENG03338,Glasgow,Midlands,2022-06-07
Engineer_3338,ENG03339,Liverpool,North East,2021-11-04
Engineer_3339,ENG03340,Leeds,Scotland,2021-03-07
Engineer_3340,ENG03341,Birmingham,Yorkshire,2026-01-10
Engineer_3341,ENG03342,Newcastle,Scotland,2021-07-31
Engineer_3342,ENG03343,London,North West,2023-12-31
Engineer_3343,ENG03344,Glasgow,North West,2024-05-14
Engineer_3344,ENG03345,Glasgow,Wales,2022-01-04
Engineer_3345,ENG03346,Glasgow,South East,2023-06-12
Engineer_3346,ENG03347,Southampton,North West,2021-10-16
Engineer_3347,ENG03348,Manchester,London,2024-07-18
Engineer_3348,ENG03349,London,Wales,2025-08-28
Engineer_3349,ENG03350,Southampton,North East,2023-12-03
Engineer_3350,ENG03351,Glasgow,North East,2026-02-12
Engineer_3351,ENG03352,Bristol,South West,2026-02-16
Engineer_3352,ENG03353,Birmingham,Wales,2021-10-18
Engineer_3353,ENG03354,Southampton,South West,2021-12-28
Engineer_3354,ENG03355,Sheffield,South West,2025-04-25
Engineer_3355,ENG03356,Newcastle,South East,2024-05-14
Engineer_3356,ENG03357,Manchester,Scotland,2023-08-06
Engineer_3357,ENG03358,London,North East,2025-06-26
Engineer_3358,ENG03359,Leeds,South West,2025-03-16
Engineer_3359,ENG03360,Glasgow,Scotland,2025-04-05
Engineer_3360,ENG03361,London,Scotland,2025-01-30
Engineer_3361,ENG03362,Glasgow,Midlands,2024-12-24
Engineer_3362,ENG03363,Manchester,London,2022-07-28
Engineer_3363,ENG03364,Newcastle,North West,2023-10-21
Engineer_3364,ENG03365,Newcastle,Yorkshire,2026-03-31
Engineer_3365,ENG03366,Southampton,Scotland,2021-02-26
Engineer_3366,ENG03367,Newcastle,North East,2021-10-04
Engineer_3367,ENG03368,Newcastle,London,2022-03-02
Engineer_3368,ENG03369,Sheffield,South West,2023-05-29
Engineer_3369,ENG03370,Bristol,South East,2023-10-24
Engineer_3370,ENG03371,Bristol,North West,2022-02-22
Engineer_3371,ENG03372,Glasgow,Midlands,2022-12-28
Engineer_3372,ENG03373,Manchester,Scotland,2024-12-16
Engineer_3373,ENG03374,Newcastle,North West,2021-05-07
Engineer_3374,ENG03375,Liverpool,Scotland,2024-01-29
Engineer_3375,ENG03376,Bristol,Wales,2024-08-29
Engineer_3376,ENG03377,Leeds,Scotland,2024-12-11
Engineer_3377,ENG03378,Glasgow,South West,2021-07-05
Engineer_3378,ENG03379,Glasgow,Wales,2022-06-08
Engineer_3379,ENG03380,Birmingham,North West,2024-02-05
Engineer_3380,ENG03381,Leeds,Wales,2025-11-27
Engineer_3381,ENG03382,Glasgow,South West,2024-04-10
Engineer_3382,ENG03383,Glasgow,South West,2022-07-02
Engineer_3383,ENG03384,Leeds,Scotland,2025-12-10
Engineer_3384,ENG03385,Manchester,Midlands,2025-05-14
Engineer_3385,ENG03386,Glasgow,South West,2022-08-01
Engineer_3386,ENG03387,Liverpool,London,2024-11-21
Engineer_3387,ENG03388,Newcastle,Scotland,2022-02-08
Engineer_3388,ENG03389,Southampton,Midlands,2022-06-06
Engineer_3389,ENG03390,Southampton,North West,2024-07-02
Engineer_3390,ENG03391,Liverpool,London,2025-06-30
Engineer_3391,ENG03392,Leeds,South East,2023-12-27
Engineer_3392,ENG03393,Bristol,South West,2022-07-30
Engineer_3393,ENG03394,Manchester,South West,2023-09-09
Engineer_3394,ENG03395,Bristol,South East,2022-08-03
Engineer_3395,ENG03396,Southampton,London,2024-03-12
Engineer_3396,ENG03397,Glasgow,London,2021-02-18
Engineer_3397,ENG03398,Newcastle,North East,2023-04-30
Engineer_3398,ENG03399,Bristol,North East,2021-05-19
Engineer_3399,ENG03400,Birmingham,London,2022-02-13
Engineer_3400,ENG03401,London,Wales,2025-09-03
Engineer_3401,ENG03402,Birmingham,North West,2022-05-24
Engineer_3402,ENG03403,Glasgow,North East,2022-02-25
Engineer_3403,ENG03404,Leeds,Wales,2024-11-05
Engineer_3404,ENG03405,Manchester,Scotland,2021-04-19
Engineer_3405,ENG03406,Sheffield,Scotland,2025-09-30
Engineer_3406,ENG03407,Liverpool,South West,2023-07-01
Engineer_3407,ENG03408,Leeds,South West,2025-01-05
Engineer_3408,ENG03409,Birmingham,Scotland,2022-07-18
Engineer_3409,ENG03410,Liverpool,Midlands,2024-01-25
Engineer_3410,ENG03411,Manchester,North East,2023-05-23
Engineer_3411,ENG03412,Liverpool,Midlands,2023-05-05
Engineer_3412,ENG03413,Glasgow,South East,2022-12-30
Engineer_3413,ENG03414,Newcastle,North West,2022-07-29
Engineer_3414,ENG03415,Southampton,South West,2022-11-07
Engineer_3415,ENG03416,Bristol,North West,2024-02-07
Engineer_3416,ENG03417,Newcastle,Midlands,2021-08-06
Engineer_3417,ENG03418,Glasgow,London,2025-04-24
Engineer_3418,ENG03419,Birmingham,North East,2022-05-18
Engineer_3419,ENG03420,Sheffield,London,2023-04-13
Engineer_3420,ENG03421,Newcastle,North East,2024-07-12
Engineer_3421,ENG03422,Bristol,North West,2026-01-02
Engineer_3422,ENG03423,Leeds,Midlands,2025-05-23
Engineer_3423,ENG03424,Bristol,Midlands,2023-04-16
Engineer_3424,ENG03425,Newcastle,North East,2022-09-15
Engineer_3425,ENG03426,Leeds,North West,2026-04-03
Engineer_3426,ENG03427,London,Yorkshire,2024-04-30
Engineer_3427,ENG03428,Sheffield,Wales,2023-12-29
Engineer_3428,ENG03429,Liverpool,Yorkshire,2021-11-22
Engineer_3429,ENG03430,Birmingham,North East,2022-05-03
Engineer_3430,ENG03431,Sheffield,London,2024-10-21
Engineer_3431,ENG03432,Newcastle,North East,2021-09-20
Engineer_3432,ENG03433,Bristol,Midlands,2022-06-05
Engineer_3433,ENG03434,Birmingham,Midlands,2025-02-28
Engineer_3434,ENG03435,Glasgow,Yorkshire,2021-07-16
Engineer_3435,ENG03436,Leeds,Wales,2025-01-29
Engineer_3436,ENG03437,Newcastle,Scotland,2021-03-08
Engineer_3437,ENG03438,Bristol,North East,2025-08-19
Engineer_3438,ENG03439,Newcastle,London,2024-08-30
Engineer_3439,ENG03440,Southampton,Wales,2025-08-27
Engineer_3440,ENG03441,Newcastle,Wales,2024-04-19
Engineer_3441,ENG03442,Southampton,South West,2025-06-03
Engineer_3442,ENG03443,London,Wales,2023-06-04
Engineer_3443,ENG03444,Sheffield,North East,2021-11-18
Engineer_3444,ENG03445,Newcastle,London,2022-12-07
Engineer_3445,ENG03446,Southampton,South West,2021-11-04
Engineer_3446,ENG03447,Southampton,London,2024-06-24
Engineer_3447,ENG03448,London,North East,2025-01-29
Engineer_3448,ENG03449,Liverpool,North West,2025-11-24
Engineer_3449,ENG03450,Sheffield,South West,2025-07-17
Engineer_3450,ENG03451,London,Midlands,2023-11-08
Engineer_3451,ENG03452,Liverpool,London,2025-09-12
Engineer_3452,ENG03453,Manchester,Wales,2023-01-25
Engineer_3453,ENG03454,Leeds,Scotland,2024-01-12
Engineer_3454,ENG03455,London,London,2022-08-19
Engineer_3455,ENG03456,Glasgow,South East,2022-07-03
Engineer_3456,ENG03457,Glasgow,Midlands,2024-07-05
Engineer_3457,ENG03458,Sheffield,Scotland,2023-05-31
Engineer_3458,ENG03459,Newcastle,Midlands,2022-08-03
Engineer_3459,ENG03460,Glasgow,North East,2023-03-11
Engineer_3460,ENG03461,Bristol,North West,2023-05-02
Engineer_3461,ENG03462,Sheffield,North East,2024-08-29
Engineer_3462,ENG03463,Birmingham,Scotland,2022-05-10
Engineer_3463,ENG03464,Sheffield,North West,2025-03-12
Engineer_3464,ENG03465,Birmingham,North West,2024-02-03
Engineer_3465,ENG03466,Liverpool,Wales,2022-07-08
Engineer_3466,ENG03467,Bristol,London,2023-01-14
Engineer_3467,ENG03468,Liverpool,North East,2022-03-22
Engineer_3468,ENG03469,Liverpool,North West,2021-07-14
Engineer_3469,ENG03470,Glasgow,North West,2025-03-09
Engineer_3470,ENG03471,Liverpool,Midlands,2023-05-17
Engineer_3471,ENG03472,London,Yorkshire,2024-10-07
Engineer_3472,ENG03473,London,North West,2021-04-16
Engineer_3473,ENG03474,Bristol,London,2021-08-19
Engineer_3474,ENG03475,Liverpool,Yorkshire,2025-10-03
Engineer_3475,ENG03476,Glasgow,Scotland,2022-02-15
Engineer_3476,ENG03477,Liverpool,London,2024-09-22
Engineer_3477,ENG03478,Bristol,South West,2023-08-06
Engineer_3478,ENG03479,Southampton,North East,2022-01-05
Engineer_3479,ENG03480,Leeds,South East,2022-01-09
Engineer_3480,ENG03481,Liverpool,Wales,2023-05-04
Engineer_3481,ENG03482,Liverpool,South West,2024-09-14
Engineer_3482,ENG03483,Liverpool,North West,2023-03-05
Engineer_3483,ENG03484,London,South East,2024-02-29
Engineer_3484,ENG03485,Glasgow,South West,2024-06-25
Engineer_3485,ENG03486,Birmingham,South West,2021-08-29
Engineer_3486,ENG03487,Manchester,North West,2024-07-13
Engineer_3487,ENG03488,Manchester,North West,2021-04-08
Engineer_3488,ENG03489,Manchester,London,2024-07-28
Engineer_3489,ENG03490,Manchester,Yorkshire,2025-11-02
Engineer_3490,ENG03491,Newcastle,Scotland,2023-09-02
Engineer_3491,ENG03492,Newcastle,North East,2022-11-06
Engineer_3492,ENG03493,Manchester,North West,2024-10-27
Engineer_3493,ENG03494,London,London,2022-08-07
Engineer_3494,ENG03495,Bristol,Scotland,2024-08-13
Engineer_3495,ENG03496,Newcastle,Wales,2024-10-31
Engineer_3496,ENG03497,Glasgow,South East,2025-11-23
Engineer_3497,ENG03498,Glasgow,North West,2025-07-11
Engineer_3498,ENG03499,Southampton,Wales,2021-05-25
Engineer_3499,ENG03500,Liverpool,Midlands,2024-10-16
Engineer_3500,ENG03501,Manchester,South West,2021-04-22
Engineer_3501,ENG03502,Liverpool,Scotland,2021-09-17
Engineer_3502,ENG03503,London,Scotland,2024-06-06
Engineer_3503,ENG03504,Liverpool,Scotland,2024-03-15
Engineer_3504,ENG03505,Bristol,Midlands,2022-12-19
Engineer_3505,ENG03506,Sheffield,Wales,2023-09-17
Engineer_3506,ENG03507,Manchester,Scotland,2023-04-26
Engineer_3507,ENG03508,Glasgow,Scotland,2022-07-25
Engineer_3508,ENG03509,Liverpool,Midlands,2026-03-17
Engineer_3509,ENG03510,Southampton,Midlands,2021-07-20
Engineer_3510,ENG03511,London,Wales,2021-11-20
Engineer_3511,ENG03512,Manchester,Yorkshire,2023-02-15
Engineer_3512,ENG03513,Manchester,North West,2025-08-24
Engineer_3513,ENG03514,Newcastle,South East,2023-03-11
Engineer_3514,ENG03515,Southampton,Yorkshire,2023-05-25
Engineer_3515,ENG03516,London,Midlands,2024-12-07
Engineer_3516,ENG03517,Manchester,Midlands,2023-12-09
Engineer_3517,ENG03518,Manchester,North East,2022-02-04
Engineer_3518,ENG03519,Glasgow,Yorkshire,2022-03-01
Engineer_3519,ENG03520,Sheffield,Yorkshire,2022-03-11
Engineer_3520,ENG03521,Southampton,Midlands,2022-11-07
Engineer_3521,ENG03522,Sheffield,Scotland,2022-03-09
Engineer_3522,ENG03523,Liverpool,North West,2021-10-14
Engineer_3523,ENG03524,Southampton,Wales,2022-08-24
Engineer_3524,ENG03525,Liverpool,Wales,2024-12-17
Engineer_3525,ENG03526,Sheffield,North East,2023-12-31
Engineer_3526,ENG03527,Liverpool,Scotland,2022-07-22
Engineer_3527,ENG03528,Sheffield,Midlands,2023-07-18
Engineer_3528,ENG03529,Birmingham,North East,2021-12-08
Engineer_3529,ENG03530,Bristol,South East,2021-06-23
Engineer_3530,ENG03531,Liverpool,Yorkshire,2021-08-04
Engineer_3531,ENG03532,Bristol,Yorkshire,2025-01-12
Engineer_3532,ENG03533,Newcastle,Yorkshire,2025-10-07
Engineer_3533,ENG03534,London,London,2022-07-09
Engineer_3534,ENG03535,Leeds,London,2025-04-24
Engineer_3535,ENG03536,Bristol,North East,2025-01-13
Engineer_3536,ENG03537,Liverpool,North West,2025-12-23
Engineer_3537,ENG03538,Leeds,Midlands,2022-01-19
Engineer_3538,ENG03539,Manchester,South East,2024-08-22
Engineer_3539,ENG03540,London,North West,2021-07-09
Engineer_3540,ENG03541,Birmingham,Scotland,2022-04-05
Engineer_3541,ENG03542,Leeds,Scotland,2025-04-12
Engineer_3542,ENG03543,Leeds,North East,2025-07-12
Engineer_3543,ENG03544,Manchester,London,2023-03-13
Engineer_3544,ENG03545,Manchester,Midlands,2022-04-13
Engineer_3545,ENG03546,Birmingham,North East,2021-03-09
Engineer_3546,ENG03547,Newcastle,Yorkshire,2025-12-26
Engineer_3547,ENG03548,Liverpool,North East,2024-11-14
Engineer_3548,ENG03549,Glasgow,South East,2025-02-13
Engineer_3549,ENG03550,Bristol,Wales,2025-06-09
Engineer_3550,ENG03551,London,South West,2021-02-19
Engineer_3551,ENG03552,Glasgow,London,2025-08-29
Engineer_3552,ENG03553,Bristol,Scotland,2025-11-15
Engineer_3553,ENG03554,Southampton,London,2023-09-04
Engineer_3554,ENG03555,Bristol,North East,2023-08-05
Engineer_3555,ENG03556,Liverpool,London,2025-07-07
Engineer_3556,ENG03557,Sheffield,North West,2022-11-04
Engineer_3557,ENG03558,Newcastle,South West,2026-02-04
Engineer_3558,ENG03559,Manchester,South East,2021-04-05
Engineer_3559,ENG03560,Newcastle,Midlands,2025-02-03
Engineer_3560,ENG03561,Liverpool,Scotland,2025-03-13
Engineer_3561,ENG03562,Glasgow,Yorkshire,2022-12-11
Engineer_3562,ENG03563,Liverpool,Midlands,2022-06-21
Engineer_3563,ENG03564,Sheffield,South East,2021-11-04
Engineer_3564,ENG03565,Southampton,Yorkshire,2022-09-13
Engineer_3565,ENG03566,Leeds,North East,2024-10-21
Engineer_3566,ENG03567,London,Scotland,2023-07-05
Engineer_3567,ENG03568,Sheffield,South West,2022-04-12
Engineer_3568,ENG03569,Bristol,North East,2025-01-11
Engineer_3569,ENG03570,London,South East,2021-05-10
Engineer_3570,ENG03571,Bristol,North East,2021-05-02
Engineer_3571,ENG03572,Glasgow,South West,2024-04-30
Engineer_3572,ENG03573,Bristol,Yorkshire,2023-03-02
Engineer_3573,ENG03574,Glasgow,Scotland,2022-03-14
Engineer_3574,ENG03575,Liverpool,North East,2021-02-22
Engineer_3575,ENG03576,Southampton,Yorkshire,2023-04-19
Engineer_3576,ENG03577,Southampton,London,2023-06-09
Engineer_3577,ENG03578,London,Yorkshire,2022-12-29
Engineer_3578,ENG03579,Sheffield,London,2021-03-27
Engineer_3579,ENG03580,Liverpool,Midlands,2022-04-05
Engineer_3580,ENG03581,Manchester,Midlands,2023-06-19
Engineer_3581,ENG03582,Liverpool,North East,2023-12-07
Engineer_3582,ENG03583,Manchester,South East,2023-04-07
Engineer_3583,ENG03584,Glasgow,Yorkshire,2022-02-10
Engineer_3584,ENG03585,London,North West,2025-11-22
Engineer_3585,ENG03586,Birmingham,Wales,2022-06-23
Engineer_3586,ENG03587,Leeds,Scotland,2026-02-16
Engineer_3587,ENG03588,Southampton,Midlands,2021-08-30
Engineer_3588,ENG03589,Glasgow,South West,2023-01-31
Engineer_3589,ENG03590,Leeds,Scotland,2023-12-02
Engineer_3590,ENG03591,Southampton,Wales,2022-11-03
Engineer_3591,ENG03592,Liverpool,London,2025-08-16
Engineer_3592,ENG03593,Newcastle,North East,2025-03-04
Engineer_3593,ENG03594,Bristol,South East,2023-03-24
Engineer_3594,ENG03595,Sheffield,North West,2021-04-11
Engineer_3595,ENG03596,Glasgow,South East,2022-10-03
Engineer_3596,ENG03597,Bristol,London,2023-10-12
Engineer_3597,ENG03598,Newcastle,South West,2025-01-17
Engineer_3598,ENG03599,Glasgow,Midlands,2021-10-13
Engineer_3599,ENG03600,Bristol,Yorkshire,2022-04-04
Engineer_3600,ENG03601,Southampton,Yorkshire,2021-05-20
Engineer_3601,ENG03602,Glasgow,South West,2025-11-10
Engineer_3602,ENG03603,London,North East,2024-07-22
Engineer_3603,ENG03604,Sheffield,London,2024-02-17
Engineer_3604,ENG03605,Birmingham,North East,2024-05-13
Engineer_3605,ENG03606,Manchester,Wales,2024-02-09
Engineer_3606,ENG03607,Southampton,Scotland,2025-09-17
Engineer_3607,ENG03608,Liverpool,London,2023-05-21
Engineer_3608,ENG03609,Southampton,North West,2025-02-09
Engineer_3609,ENG03610,Glasgow,Yorkshire,2025-02-12
Engineer_3610,ENG03611,Southampton,Yorkshire,2023-01-09
Engineer_3611,ENG03612,Glasgow,Midlands,2022-05-31
Engineer_3612,ENG03613,Newcastle,Scotland,2025-10-30
Engineer_3613,ENG03614,Bristol,North West,2023-09-19
Engineer_3614,ENG03615,Glasgow,North West,2025-11-23
Engineer_3615,ENG03616,Sheffield,South East,2024-09-17
Engineer_3616,ENG03617,Newcastle,North West,2022-04-15
Engineer_3617,ENG03618,Bristol,London,2025-10-27
Engineer_3618,ENG03619,Manchester,North West,2021-05-18
Engineer_3619,ENG03620,Bristol,South East,2021-07-04
Engineer_3620,ENG03621,Manchester,North West,2026-03-26
Engineer_3621,ENG03622,Manchester,Wales,2021-03-08
Engineer_3622,ENG03623,Liverpool,Midlands,2024-06-20
Engineer_3623,ENG03624,Leeds,London,2022-08-30
Engineer_3624,ENG03625,Leeds,North East,2021-07-26
Engineer_3625,ENG03626,Manchester,South East,2023-07-10
Engineer_3626,ENG03627,London,South West,2023-01-18
Engineer_3627,ENG03628,Glasgow,South East,2023-10-31
Engineer_3628,ENG03629,Liverpool,North East,2026-04-26
Engineer_3629,ENG03630,Liverpool,Yorkshire,2022-07-11
Engineer_3630,ENG03631,Liverpool,South West,2025-09-15
Engineer_3631,ENG03632,Liverpool,Midlands,2022-07-24
Engineer_3632,ENG03633,Liverpool,Yorkshire,2026-01-17
Engineer_3633,ENG03634,Leeds,London,2024-06-23
Engineer_3634,ENG03635,Leeds,London,2022-10-10
Engineer_3635,ENG03636,London,North East,2023-12-27
Engineer_3636,ENG03637,Manchester,Midlands,2023-02-23
Engineer_3637,ENG03638,Glasgow,South West,2024-04-21
Engineer_3638,ENG03639,Leeds,London,2023-12-06
Engineer_3639,ENG03640,Bristol,Scotland,2025-11-02
Engineer_3640,ENG03641,Leeds,North East,2021-07-23
Engineer_3641,ENG03642,Newcastle,Wales,2023-03-09
Engineer_3642,ENG03643,Bristol,South East,2022-02-02
Engineer_3643,ENG03644,Liverpool,South West,2021-07-02
Engineer_3644,ENG03645,Southampton,Midlands,2026-04-06
Engineer_3645,ENG03646,London,Wales,2024-07-05
Engineer_3646,ENG03647,Glasgow,North West,2023-08-05
Engineer_3647,ENG03648,Sheffield,London,2022-01-18
Engineer_3648,ENG03649,Leeds,North West,2026-03-23
Engineer_3649,ENG03650,Newcastle,Scotland,2022-11-29
Engineer_3650,ENG03651,Birmingham,Midlands,2022-10-02
Engineer_3651,ENG03652,Liverpool,Yorkshire,2024-05-01
Engineer_3652,ENG03653,Leeds,Midlands,2021-08-16
Engineer_3653,ENG03654,Southampton,Scotland,2023-08-02
Engineer_3654,ENG03655,Southampton,London,2021-07-25
Engineer_3655,ENG03656,London,Midlands,2024-04-11
Engineer_3656,ENG03657,Glasgow,South East,2022-04-11
Engineer_3657,ENG03658,Birmingham,London,2022-04-13
Engineer_3658,ENG03659,Birmingham,North West,2026-04-07
Engineer_3659,ENG03660,Sheffield,North West,2022-08-04
Engineer_3660,ENG03661,Bristol,South East,2021-08-08
Engineer_3661,ENG03662,Manchester,London,2022-06-15
Engineer_3662,ENG03663,Glasgow,South West,2024-12-30
Engineer_3663,ENG03664,Southampton,Yorkshire,2023-11-05
Engineer_3664,ENG03665,Newcastle,South West,2022-04-22
Engineer_3665,ENG03666,Liverpool,Midlands,2026-04-25
Engineer_3666,ENG03667,Glasgow,North East,2024-04-28
Engineer_3667,ENG03668,Newcastle,South East,2024-01-02
Engineer_3668,ENG03669,Newcastle,London,2022-01-05
Engineer_3669,ENG03670,Birmingham,North West,2025-03-19
Engineer_3670,ENG03671,Bristol,South East,2021-08-21
Engineer_3671,ENG03672,London,Scotland,2021-12-12
Engineer_3672,ENG03673,Birmingham,North East,2023-02-26
Engineer_3673,ENG03674,Bristol,London,2022-07-30
Engineer_3674,ENG03675,Manchester,North East,2025-07-14
Engineer_3675,ENG03676,Leeds,Midlands,2026-03-17
Engineer_3676,ENG03677,Southampton,South East,2025-03-29
Engineer_3677,ENG03678,Birmingham,North West,2024-04-22
Engineer_3678,ENG03679,Birmingham,Wales,2025-04-26
Engineer_3679,ENG03680,Liverpool,Yorkshire,2023-02-18
Engineer_3680,ENG03681,Sheffield,London,2022-09-11
Engineer_3681,ENG03682,Bristol,South West,2023-01-07
Engineer_3682,ENG03683,Bristol,North West,2023-10-02
Engineer_3683,ENG03684,Glasgow,Midlands,2022-12-23
Engineer_3684,ENG03685,Sheffield,South West,2023-07-30
Engineer_3685,ENG03686,Southampton,Midlands,2022-10-06
Engineer_3686,ENG03687,Bristol,Scotland,2023-04-22
Engineer_3687,ENG03688,Liverpool,South East,2025-12-28
Engineer_3688,ENG03689,Leeds,South East,2023-02-19
Engineer_3689,ENG03690,Liverpool,South East,2023-10-20
Engineer_3690,ENG03691,Leeds,North West,2021-09-07
Engineer_3691,ENG03692,London,London,2022-08-27
Engineer_3692,ENG03693,Liverpool,Scotland,2023-06-09
Engineer_3693,ENG03694,London,Yorkshire,2026-01-05
Engineer_3694,ENG03695,Southampton,Wales,2025-07-24
Engineer_3695,ENG03696,London,Wales,2024-01-18
Engineer_3696,ENG03697,Liverpool,London,2024-07-30
Engineer_3697,ENG03698,Leeds,Yorkshire,2022-01-06
Engineer_3698,ENG03699,Newcastle,North West,2021-06-05
Engineer_3699,ENG03700,Bristol,Wales,2021-02-24
Engineer_3700,ENG03701,Southampton,North West,2025-03-25
Engineer_3701,ENG03702,Glasgow,Yorkshire,2023-12-15
Engineer_3702,ENG03703,Bristol,Wales,2021-08-08
Engineer_3703,ENG03704,Liverpool,Midlands,2023-01-09
Engineer_3704,ENG03705,Glasgow,Wales,2022-09-22
Engineer_3705,ENG03706,Birmingham,Midlands,2023-08-08
Engineer_3706,ENG03707,Bristol,North West,2022-03-14
Engineer_3707,ENG03708,Leeds,North East,2022-02-08
Engineer_3708,ENG03709,Leeds,London,2022-09-04
Engineer_3709,ENG03710,Newcastle,North East,2025-10-23
Engineer_3710,ENG03711,Glasgow,South West,2022-06-17
Engineer_3711,ENG03712,London,Wales,2023-10-07
Engineer_3712,ENG03713,Bristol,Yorkshire,2024-01-06
Engineer_3713,ENG03714,Liverpool,Yorkshire,2025-10-30
Engineer_3714,ENG03715,Birmingham,Midlands,2021-11-19
Engineer_3715,ENG03716,Liverpool,South East,2021-05-05
Engineer_3716,ENG03717,Birmingham,London,2021-03-27
Engineer_3717,ENG03718,Leeds,South West,2024-05-20
Engineer_3718,ENG03719,Sheffield,Yorkshire,2025-02-15
Engineer_3719,ENG03720,Bristol,North East,2025-03-14
Engineer_3720,ENG03721,Liverpool,Scotland,2025-04-13
Engineer_3721,ENG03722,Manchester,South East,2021-06-23
Engineer_3722,ENG03723,Sheffield,Wales,2024-09-08
Engineer_3723,ENG03724,Sheffield,Midlands,2023-11-02
Engineer_3724,ENG03725,Leeds,South East,2024-06-01
Engineer_3725,ENG03726,Southampton,London,2022-07-28
Engineer_3726,ENG03727,Newcastle,North East,2025-04-05
Engineer_3727,ENG03728,Glasgow,London,2024-09-18
Engineer_3728,ENG03729,Manchester,Wales,2025-07-20
Engineer_3729,ENG03730,Newcastle,South East,2024-10-31
Engineer_3730,ENG03731,Manchester,Scotland,2021-05-30
Engineer_3731,ENG03732,Leeds,Scotland,2025-12-12
Engineer_3732,ENG03733,Liverpool,Wales,2025-08-06
Engineer_3733,ENG03734,Manchester,Scotland,2024-05-01
Engineer_3734,ENG03735,Sheffield,South East,2023-01-30
Engineer_3735,ENG03736,Bristol,North East,2021-10-18
Engineer_3736,ENG03737,Manchester,North East,2023-12-23
Engineer_3737,ENG03738,Manchester,North West,2024-05-06
Engineer_3738,ENG03739,Manchester,North East,2024-07-19
Engineer_3739,ENG03740,Southampton,Scotland,2022-09-01
Engineer_3740,ENG03741,Glasgow,Wales,2021-09-10
Engineer_3741,ENG03742,Newcastle,South East,2021-09-23
Engineer_3742,ENG03743,Glasgow,London,2021-12-22
Engineer_3743,ENG03744,Sheffield,Yorkshire,2022-07-23
Engineer_3744,ENG03745,Glasgow,North West,2025-02-27
Engineer_3745,ENG03746,Birmingham,Yorkshire,2021-09-02
Engineer_3746,ENG03747,Newcastle,Yorkshire,2022-03-25
Engineer_3747,ENG03748,Southampton,Scotland,2026-03-08
Engineer_3748,ENG03749,Newcastle,Scotland,2023-11-16
Engineer_3749,ENG03750,Southampton,Midlands,2024-09-30
Engineer_3750,ENG03751,Liverpool,Scotland,2022-07-25
Engineer_3751,ENG03752,Manchester,North West,2022-10-03
Engineer_3752,ENG03753,Newcastle,Yorkshire,2023-03-12
Engineer_3753,ENG03754,Liverpool,North West,2023-08-24
Engineer_3754,ENG03755,Birmingham,North West,2021-07-15
Engineer_3755,ENG03756,Southampton,Scotland,2024-09-30
Engineer_3756,ENG03757,Glasgow,London,2024-10-06
Engineer_3757,ENG03758,Liverpool,North East,2025-06-11
Engineer_3758,ENG03759,Liverpool,Yorkshire,2025-01-11
Engineer_3759,ENG03760,Glasgow,Scotland,2024-08-18
Engineer_3760,ENG03761,Manchester,London,2025-01-25
Engineer_3761,ENG03762,Sheffield,North West,2024-01-03
Engineer_3762,ENG03763,Liverpool,Wales,2022-01-08
Engineer_3763,ENG03764,Southampton,Wales,2024-01-06
Engineer_3764,ENG03765,Leeds,Yorkshire,2021-11-09
Engineer_3765,ENG03766,Liverpool,Scotland,2025-12-31
Engineer_3766,ENG03767,Southampton,North West,2023-08-14
Engineer_3767,ENG03768,Southampton,North East,2024-11-14
Engineer_3768,ENG03769,Bristol,Yorkshire,2023-05-11
Engineer_3769,ENG03770,London,South West,2021-10-13
Engineer_3770,ENG03771,Southampton,London,2021-09-24
Engineer_3771,ENG03772,Sheffield,South West,2021-05-11
Engineer_3772,ENG03773,Bristol,North East,2021-09-26
Engineer_3773,ENG03774,Glasgow,Scotland,2024-12-10
Engineer_3774,ENG03775,Sheffield,London,2026-02-22
Engineer_3775,ENG03776,Southampton,North East,2021-05-11
Engineer_3776,ENG03777,Sheffield,Midlands,2024-09-13
Engineer_3777,ENG03778,London,Yorkshire,2025-02-06
Engineer_3778,ENG03779,Glasgow,Scotland,2024-05-26
Engineer_3779,ENG03780,Bristol,North East,2025-07-25
Engineer_3780,ENG03781,Birmingham,South East,2022-05-20
Engineer_3781,ENG03782,Manchester,Scotland,2025-03-11
Engineer_3782,ENG03783,Glasgow,South East,2022-10-01
Engineer_3783,ENG03784,Newcastle,Midlands,2022-05-29
Engineer_3784,ENG03785,Leeds,North West,2024-05-30
Engineer_3785,ENG03786,Sheffield,South East,2023-05-17
Engineer_3786,ENG03787,Southampton,South West,2022-07-28
Engineer_3787,ENG03788,Manchester,North West,2025-02-28
Engineer_3788,ENG03789,Sheffield,North West,2022-04-18
Engineer_3789,ENG03790,Glasgow,South West,2023-02-15
Engineer_3790,ENG03791,Liverpool,Midlands,2025-11-09
Engineer_3791,ENG03792,Birmingham,Scotland,2026-04-27
Engineer_3792,ENG03793,Bristol,South East,2024-04-06
Engineer_3793,ENG03794,Glasgow,North West,2021-12-15
Engineer_3794,ENG03795,Sheffield,South West,2024-10-22
Engineer_3795,ENG03796,Birmingham,Scotland,2023-12-28
Engineer_3796,ENG03797,Birmingham,South East,2022-12-09
Engineer_3797,ENG03798,Glasgow,Yorkshire,2024-09-24
Engineer_3798,ENG03799,Sheffield,Wales,2024-06-17
Engineer_3799,ENG03800,Bristol,North West,2024-11-03
